{"type": "FeatureCollection", "features": [{"type": "Feature", "id": "KRL_PP_CITAYAM-Parung_Panjang", "geometry": {"type": "Point", "coordinates": [106.568689, -6.3442507]}, "properties": {"id": "KRL_PP_CITAYAM-Parung_Panjang", "station_id": "KRL_PP_CITAYAM-Parung_Panjang", "node_id": "KRL_PP_CITAYAM-Parung_Panjang", "name": "Parung Panjang", "station_name": "Parung Panjang", "corridor_id": "KRL_PP_CITAYAM", "corridor_name": "KRL Parung Panjang–Citayam", "mode": "krl", "node_type": "EXISTING_CONNECTION", "station_status": "interchange_existing", "station_confidence": "HIGH", "name_confidence": "high", "location_confidence": "high", "is_terminus": "ya", "is_interchange": "ya", "is_indicative": "tidak", "connected_corridors": "KRL_PP_CITAYAM", "connected_modes": "krl", "status": "MASTERPLAN", "status_label": "Masterplan", "source": "BPTJ Review Trase", "source_year": 2022, "source_type": "BPTJ_STUDY", "station_source": "BPTJ Review Trase", "notes": "KRL Green existing", "coord_source": "existing_krl", "rail_dist_m": 0.0, "color": "#E58A3A", "mode_filter": ",krl,", "status_filter": ",MASTERPLAN,", "conf_filter": ",HIGH,"}}, {"type": "Feature", "id": "KRL_PP_CITAYAM-Rumpin", "geometry": {"type": "Point", "coordinates": [106.63834075904711, -6.37420032398352]}, "properties": {"id": "KRL_PP_CITAYAM-Rumpin", "station_id": "KRL_PP_CITAYAM-Rumpin", "node_id": "KRL_PP_CITAYAM-Rumpin", "name": "Rumpin", "station_name": "Rumpin", "corridor_id": "KRL_PP_CITAYAM", "corridor_name": "KRL Parung Panjang–Citayam", "mode": "krl", "node_type": "STATION", "station_status": "rencana", "station_confidence": "MEDIUM", "name_confidence": "medium", "location_confidence": "high", "is_terminus": "tidak", "is_interchange": "tidak", "is_indicative": "tidak", "connected_corridors": "KRL_PP_CITAYAM", "connected_modes": "krl", "status": "MASTERPLAN", "status_label": "Masterplan", "source": "BPTJ Review Trase", "source_year": 2022, "source_type": "BPTJ_STUDY", "station_source": "BPTJ Review Trase", "notes": "stasiun rencana kawasan Rumpin", "coord_source": "corridor_PP_Citayam", "rail_dist_m": 0.0, "color": "#E58A3A", "mode_filter": ",krl,", "status_filter": ",MASTERPLAN,", "conf_filter": ",MEDIUM,"}}, {"type": "Feature", "id": "KRL_PP_CITAYAM-Gunung_Sindur", "geometry": {"type": "Point", "coordinates": [106.68170454435979, -6.390710226816577]}, "properties": {"id": "KRL_PP_CITAYAM-Gunung_Sindur", "station_id": "KRL_PP_CITAYAM-Gunung_Sindur", "node_id": "KRL_PP_CITAYAM-Gunung_Sindur", "name": "Gunung Sindur", "station_name": "Gunung Sindur", "corridor_id": "KRL_PP_CITAYAM", "corridor_name": "KRL Parung Panjang–Citayam", "mode": "krl", "node_type": "STATION", "station_status": "rencana", "station_confidence": "MEDIUM", "name_confidence": "medium", "location_confidence": "high", "is_terminus": "tidak", "is_interchange": "tidak", "is_indicative": "tidak", "connected_corridors": "KRL_PP_CITAYAM", "connected_modes": "krl", "status": "MASTERPLAN", "status_label": "Masterplan", "source": "BPTJ Review Trase", "source_year": 2022, "source_type": "BPTJ_STUDY", "station_source": "BPTJ Review Trase", "notes": "", "coord_source": "corridor_PP_Citayam", "rail_dist_m": 0.0, "color": "#E58A3A", "mode_filter": ",krl,", "status_filter": ",MASTERPLAN,", "conf_filter": ",MEDIUM,"}}, {"type": "Feature", "id": "KRL_PP_CITAYAM-Cogreg", "geometry": {"type": "Point", "coordinates": [106.70977615024478, -6.405368836423297]}, "properties": {"id": "KRL_PP_CITAYAM-Cogreg", "station_id": "KRL_PP_CITAYAM-Cogreg", "node_id": "KRL_PP_CITAYAM-Cogreg", "name": "Cogreg", "station_name": "Cogreg", "corridor_id": "KRL_PP_CITAYAM", "corridor_name": "KRL Parung Panjang–Citayam", "mode": "krl", "node_type": "STATION", "station_status": "rencana", "station_confidence": "MEDIUM", "name_confidence": "medium", "location_confidence": "high", "is_terminus": "tidak", "is_interchange": "tidak", "is_indicative": "tidak", "connected_corridors": "KRL_PP_CITAYAM", "connected_modes": "krl", "status": "MASTERPLAN", "status_label": "Masterplan", "source": "BPTJ Review Trase", "source_year": 2022, "source_type": "BPTJ_STUDY", "station_source": "BPTJ Review Trase", "notes": "", "coord_source": "corridor_PP_Citayam", "rail_dist_m": 0.0, "color": "#E58A3A", "mode_filter": ",krl,", "status_filter": ",MASTERPLAN,", "conf_filter": ",MEDIUM,"}}, {"type": "Feature", "id": "KRL_PP_CITAYAM-Parung", "geometry": {"type": "Point", "coordinates": [106.73356032331917, -6.418792272396454]}, "properties": {"id": "KRL_PP_CITAYAM-Parung", "station_id": "KRL_PP_CITAYAM-Parung", "node_id": "KRL_PP_CITAYAM-Parung", "name": "Parung", "station_name": "Parung", "corridor_id": "KRL_PP_CITAYAM", "corridor_name": "KRL Parung Panjang–Citayam", "mode": "krl", "node_type": "STATION", "station_status": "rencana", "station_confidence": "HIGH", "name_confidence": "high", "location_confidence": "high", "is_terminus": "tidak", "is_interchange": "tidak", "is_indicative": "tidak", "connected_corridors": "KRL_PP_CITAYAM", "connected_modes": "krl", "status": "MASTERPLAN", "status_label": "Masterplan", "source": "BPTJ Review Trase", "source_year": 2022, "source_type": "BPTJ_STUDY", "station_source": "BPTJ Review Trase", "notes": "", "coord_source": "corridor_PP_Citayam", "rail_dist_m": 0.0, "color": "#E58A3A", "mode_filter": ",krl,", "status_filter": ",MASTERPLAN,", "conf_filter": ",HIGH,"}}, {"type": "Feature", "id": "KRL_PP_CITAYAM-Arco", "geometry": {"type": "Point", "coordinates": [106.7448806841781, -6.414797777531126]}, "properties": {"id": "KRL_PP_CITAYAM-Arco", "station_id": "KRL_PP_CITAYAM-Arco", "node_id": "KRL_PP_CITAYAM-Arco", "name": "Arco", "station_name": "Arco", "corridor_id": "KRL_PP_CITAYAM", "corridor_name": "KRL Parung Panjang–Citayam", "mode": "krl", "node_type": "STATION", "station_status": "rencana", "station_confidence": "MEDIUM", "name_confidence": "medium", "location_confidence": "high", "is_terminus": "tidak", "is_interchange": "tidak", "is_indicative": "tidak", "connected_corridors": "KRL_PP_CITAYAM", "connected_modes": "krl", "status": "MASTERPLAN", "status_label": "Masterplan", "source": "BPTJ Review Trase", "source_year": 2022, "source_type": "BPTJ_STUDY", "station_source": "BPTJ Review Trase", "notes": "", "coord_source": "corridor_PP_Citayam", "rail_dist_m": 0.0, "color": "#E58A3A", "mode_filter": ",krl,", "status_filter": ",MASTERPLAN,", "conf_filter": ",MEDIUM,"}}, {"type": "Feature", "id": "KRL_PP_CITAYAM-Citayam", "geometry": {"type": "Point", "coordinates": [106.8020558, -6.4500288]}, "properties": {"id": "KRL_PP_CITAYAM-Citayam", "station_id": "KRL_PP_CITAYAM-Citayam", "node_id": "KRL_PP_CITAYAM-Citayam", "name": "Citayam", "station_name": "Citayam", "corridor_id": "KRL_PP_CITAYAM", "corridor_name": "KRL Parung Panjang–Citayam", "mode": "krl", "node_type": "EXISTING_CONNECTION", "station_status": "interchange_existing", "station_confidence": "HIGH", "name_confidence": "high", "location_confidence": "high", "is_terminus": "ya", "is_interchange": "ya", "is_indicative": "tidak", "connected_corridors": "KRL_PP_CITAYAM", "connected_modes": "krl", "status": "MASTERPLAN", "status_label": "Masterplan", "source": "BPTJ Review Trase", "source_year": 2022, "source_type": "BPTJ_STUDY", "station_source": "BPTJ Review Trase", "notes": "KRL Bogor existing", "coord_source": "existing_krl", "rail_dist_m": 0.0, "color": "#E58A3A", "mode_filter": ",krl,", "status_filter": ",MASTERPLAN,", "conf_filter": ",HIGH,"}}, {"type": "Feature", "id": "OUTER_RING_RAIL-Nambo", "geometry": {"type": "Point", "coordinates": [106.9055193, -6.4668163]}, "properties": {"id": "OUTER_RING_RAIL-Nambo", "station_id": "OUTER_RING_RAIL-Nambo", "node_id": "OUTER_RING_RAIL-Nambo", "name": "Nambo", "station_name": "Nambo", "corridor_id": "OUTER_RING_RAIL", "corridor_name": "Outer Ring Railway Nambo–Cikarang–Tanjung Priok", "mode": "rail", "node_type": "EXISTING_CONNECTION", "station_status": "interchange_existing", "station_confidence": "HIGH", "name_confidence": "high", "location_confidence": "high", "is_terminus": "ya", "is_interchange": "ya", "is_indicative": "tidak", "connected_corridors": "OUTER_RING_RAIL", "connected_modes": "rail", "status": "PLANNED", "status_label": "Masterplan", "source": "RTRW / BPTJ Review Trase", "source_year": 2022, "source_type": "RTRW", "station_source": "RTRW / BPTJ Review Trase", "notes": "KRL Nambo existing; terminus / interchange", "coord_source": "existing_krl", "rail_dist_m": 0.0, "color": "#E58A3A", "mode_filter": ",rail,", "status_filter": ",PLANNED,", "conf_filter": ",HIGH,"}}, {"type": "Feature", "id": "OUTER_RING_RAIL-Klapanunggal", "geometry": {"type": "Point", "coordinates": [106.92209669044614, -6.45210913370392]}, "properties": {"id": "OUTER_RING_RAIL-Klapanunggal", "station_id": "OUTER_RING_RAIL-Klapanunggal", "node_id": "OUTER_RING_RAIL-Klapanunggal", "name": "Klapanunggal", "station_name": "Klapanunggal", "corridor_id": "OUTER_RING_RAIL", "corridor_name": "Outer Ring Railway Nambo–Cikarang–Tanjung Priok", "mode": "rail", "node_type": "STATION", "station_status": "rencana", "station_confidence": "LOW", "name_confidence": "low", "location_confidence": "high", "is_terminus": "tidak", "is_interchange": "tidak", "is_indicative": "ya", "connected_corridors": "OUTER_RING_RAIL", "connected_modes": "rail", "status": "PLANNED", "status_label": "Masterplan", "source": "RTRW / BPTJ Review Trase", "source_year": 2022, "source_type": "RTRW", "station_source": "RTRW / BPTJ Review Trase", "notes": "indikatif: kawasan Klapanunggal sepanjang trase Nambo–Cileungsi", "coord_source": "corridor_outer_ring", "rail_dist_m": 0.0, "color": "#E58A3A", "mode_filter": ",rail,", "status_filter": ",PLANNED,", "conf_filter": ",LOW,", "indicative_note": "Posisi stasiun merupakan rekonstruksi/indikasi spasial berdasarkan sumber perencanaan dan bukan penetapan stasiun resmi."}}, {"type": "Feature", "id": "OUTER_RING_RAIL-Kembang_Kuning", "geometry": {"type": "Point", "coordinates": [106.93853609999734, -6.438716295447923]}, "properties": {"id": "OUTER_RING_RAIL-Kembang_Kuning", "station_id": "OUTER_RING_RAIL-Kembang_Kuning", "node_id": "OUTER_RING_RAIL-Kembang_Kuning", "name": "Kembang Kuning", "station_name": "Kembang Kuning", "corridor_id": "OUTER_RING_RAIL", "corridor_name": "Outer Ring Railway Nambo–Cikarang–Tanjung Priok", "mode": "rail", "node_type": "STATION", "station_status": "rencana", "station_confidence": "MEDIUM", "name_confidence": "medium", "location_confidence": "high", "is_terminus": "tidak", "is_interchange": "tidak", "is_indicative": "tidak", "connected_corridors": "OUTER_RING_RAIL", "connected_modes": "rail", "status": "PLANNED", "status_label": "Masterplan", "source": "RTRW / BPTJ Review Trase", "source_year": 2022, "source_type": "RTRW", "station_source": "RTRW / BPTJ Review Trase", "notes": "disebut dalam trase outer ring; bukan stasiun KRL existing", "coord_source": "corridor_outer_ring", "rail_dist_m": 0.0, "color": "#E58A3A", "mode_filter": ",rail,", "status_filter": ",PLANNED,", "conf_filter": ",MEDIUM,"}}, {"type": "Feature", "id": "OUTER_RING_RAIL-Cileungsi", "geometry": {"type": "Point", "coordinates": [106.99047682037613, -6.400293448451638]}, "properties": {"id": "OUTER_RING_RAIL-Cileungsi", "station_id": "OUTER_RING_RAIL-Cileungsi", "node_id": "OUTER_RING_RAIL-Cileungsi", "name": "Cileungsi", "station_name": "Cileungsi", "corridor_id": "OUTER_RING_RAIL", "corridor_name": "Outer Ring Railway Nambo–Cikarang–Tanjung Priok", "mode": "rail", "node_type": "STATION", "station_status": "rencana", "station_confidence": "MEDIUM", "name_confidence": "medium", "location_confidence": "high", "is_terminus": "tidak", "is_interchange": "ya", "is_indicative": "tidak", "connected_corridors": "LRT_09,OUTER_RING_RAIL", "connected_modes": "lrt,rail", "status": "PLANNED", "status_label": "Masterplan", "source": "RTRW / BPTJ Review Trase", "source_year": 2022, "source_type": "RTRW", "station_source": "RTRW / BPTJ Review Trase", "notes": "kawasan Cileungsi — simpul trase", "coord_source": "corridor_outer_ring", "rail_dist_m": 0.0, "color": "#E58A3A", "mode_filter": ",rail,", "status_filter": ",PLANNED,", "conf_filter": ",MEDIUM,"}}, {"type": "Feature", "id": "OUTER_RING_RAIL-Mekarsari", "geometry": {"type": "Point", "coordinates": [107.01118891415122, -6.381101479893594]}, "properties": {"id": "OUTER_RING_RAIL-Mekarsari", "station_id": "OUTER_RING_RAIL-Mekarsari", "node_id": "OUTER_RING_RAIL-Mekarsari", "name": "Mekarsari", "station_name": "Mekarsari", "corridor_id": "OUTER_RING_RAIL", "corridor_name": "Outer Ring Railway Nambo–Cikarang–Tanjung Priok", "mode": "rail", "node_type": "STATION", "station_status": "rencana", "station_confidence": "LOW", "name_confidence": "low", "location_confidence": "high", "is_terminus": "tidak", "is_interchange": "tidak", "is_indicative": "ya", "connected_corridors": "OUTER_RING_RAIL", "connected_modes": "rail", "status": "PLANNED", "status_label": "Masterplan", "source": "RTRW / BPTJ Review Trase", "source_year": 2022, "source_type": "RTRW", "station_source": "RTRW / BPTJ Review Trase", "notes": "indikatif: kawasan Mekarsari (peta JUTPI / koridor Cileungsi)", "coord_source": "corridor_outer_ring", "rail_dist_m": 0.0, "color": "#E58A3A", "mode_filter": ",rail,", "status_filter": ",PLANNED,", "conf_filter": ",LOW,", "indicative_note": "Posisi stasiun merupakan rekonstruksi/indikasi spasial berdasarkan sumber perencanaan dan bukan penetapan stasiun resmi."}}, {"type": "Feature", "id": "OUTER_RING_RAIL-Narogong", "geometry": {"type": "Point", "coordinates": [107.03102352570129, -6.360975267852481]}, "properties": {"id": "OUTER_RING_RAIL-Narogong", "station_id": "OUTER_RING_RAIL-Narogong", "node_id": "OUTER_RING_RAIL-Narogong", "name": "Narogong", "station_name": "Narogong", "corridor_id": "OUTER_RING_RAIL", "corridor_name": "Outer Ring Railway Nambo–Cikarang–Tanjung Priok", "mode": "rail", "node_type": "STATION", "station_status": "rencana", "station_confidence": "LOW", "name_confidence": "low", "location_confidence": "high", "is_terminus": "tidak", "is_interchange": "tidak", "is_indicative": "ya", "connected_corridors": "OUTER_RING_RAIL", "connected_modes": "rail", "status": "PLANNED", "status_label": "Masterplan", "source": "RTRW / BPTJ Review Trase", "source_year": 2022, "source_type": "RTRW", "station_source": "RTRW / BPTJ Review Trase", "notes": "indikatif: koridor Jalan Raya Narogong", "coord_source": "corridor_outer_ring", "rail_dist_m": 0.0, "color": "#E58A3A", "mode_filter": ",rail,", "status_filter": ",PLANNED,", "conf_filter": ",LOW,", "indicative_note": "Posisi stasiun merupakan rekonstruksi/indikasi spasial berdasarkan sumber perencanaan dan bukan penetapan stasiun resmi."}}, {"type": "Feature", "id": "OUTER_RING_RAIL-Setu", "geometry": {"type": "Point", "coordinates": [107.05073903448702, -6.3407387146290715]}, "properties": {"id": "OUTER_RING_RAIL-Setu", "station_id": "OUTER_RING_RAIL-Setu", "node_id": "OUTER_RING_RAIL-Setu", "name": "Setu", "station_name": "Setu", "corridor_id": "OUTER_RING_RAIL", "corridor_name": "Outer Ring Railway Nambo–Cikarang–Tanjung Priok", "mode": "rail", "node_type": "STATION", "station_status": "rencana", "station_confidence": "LOW", "name_confidence": "low", "location_confidence": "high", "is_terminus": "tidak", "is_interchange": "tidak", "is_indicative": "ya", "connected_corridors": "OUTER_RING_RAIL", "connected_modes": "rail", "status": "PLANNED", "status_label": "Masterplan", "source": "RTRW / BPTJ Review Trase", "source_year": 2022, "source_type": "RTRW", "station_source": "RTRW / BPTJ Review Trase", "notes": "indikatif: kawasan Setu antara Cileungsi dan Cikarang", "coord_source": "corridor_outer_ring", "rail_dist_m": 0.0, "color": "#E58A3A", "mode_filter": ",rail,", "status_filter": ",PLANNED,", "conf_filter": ",LOW,", "indicative_note": "Posisi stasiun merupakan rekonstruksi/indikasi spasial berdasarkan sumber perencanaan dan bukan penetapan stasiun resmi."}}, {"type": "Feature", "id": "OUTER_RING_RAIL-Jatisari", "geometry": {"type": "Point", "coordinates": [107.07096144600776, -6.321011324350698]}, "properties": {"id": "OUTER_RING_RAIL-Jatisari", "station_id": "OUTER_RING_RAIL-Jatisari", "node_id": "OUTER_RING_RAIL-Jatisari", "name": "Jatisari", "station_name": "Jatisari", "corridor_id": "OUTER_RING_RAIL", "corridor_name": "Outer Ring Railway Nambo–Cikarang–Tanjung Priok", "mode": "rail", "node_type": "STATION", "station_status": "rencana", "station_confidence": "LOW", "name_confidence": "low", "location_confidence": "high", "is_terminus": "tidak", "is_interchange": "tidak", "is_indicative": "tidak", "connected_corridors": "OUTER_RING_RAIL", "connected_modes": "rail", "status": "PLANNED", "status_label": "Masterplan", "source": "RTRW / BPTJ Review Trase", "source_year": 2022, "source_type": "RTRW", "station_source": "RTRW / BPTJ Review Trase", "notes": "kawasan antara Cileungsi dan Cikarang", "coord_source": "corridor_outer_ring", "rail_dist_m": 0.0, "color": "#E58A3A", "mode_filter": ",rail,", "status_filter": ",PLANNED,", "conf_filter": ",LOW,"}}, {"type": "Feature", "id": "OUTER_RING_RAIL-Cikarang", "geometry": {"type": "Point", "coordinates": [107.13864523412256, -6.251390670075598]}, "properties": {"id": "OUTER_RING_RAIL-Cikarang", "station_id": "OUTER_RING_RAIL-Cikarang", "node_id": "OUTER_RING_RAIL-Cikarang", "name": "Cikarang", "station_name": "Cikarang", "corridor_id": "OUTER_RING_RAIL", "corridor_name": "Outer Ring Railway Nambo–Cikarang–Tanjung Priok", "mode": "rail", "node_type": "EXISTING_CONNECTION", "station_status": "interchange_existing", "station_confidence": "HIGH", "name_confidence": "high", "location_confidence": "high", "is_terminus": "tidak", "is_interchange": "ya", "is_indicative": "tidak", "connected_corridors": "MRT_3,OUTER_RING_RAIL", "connected_modes": "mrt,rail", "status": "PLANNED", "status_label": "Masterplan", "source": "RTRW / BPTJ Review Trase", "source_year": 2022, "source_type": "RTRW", "station_source": "RTRW / BPTJ Review Trase", "notes": "KRL Cikarang — interchange", "coord_source": "existing_krl", "rail_dist_m": 0.0, "color": "#E58A3A", "mode_filter": ",rail,", "status_filter": ",PLANNED,", "conf_filter": ",HIGH,"}}, {"type": "Feature", "id": "OUTER_RING_RAIL-Cikarang_Utara", "geometry": {"type": "Point", "coordinates": [107.14290436090496, -6.228009938935951]}, "properties": {"id": "OUTER_RING_RAIL-Cikarang_Utara", "station_id": "OUTER_RING_RAIL-Cikarang_Utara", "node_id": "OUTER_RING_RAIL-Cikarang_Utara", "name": "Cikarang Utara", "station_name": "Cikarang Utara", "corridor_id": "OUTER_RING_RAIL", "corridor_name": "Outer Ring Railway Nambo–Cikarang–Tanjung Priok", "mode": "rail", "node_type": "STATION", "station_status": "rencana", "station_confidence": "LOW", "name_confidence": "low", "location_confidence": "high", "is_terminus": "tidak", "is_interchange": "tidak", "is_indicative": "ya", "connected_corridors": "OUTER_RING_RAIL", "connected_modes": "rail", "status": "PLANNED", "status_label": "Masterplan", "source": "RTRW / BPTJ Review Trase", "source_year": 2022, "source_type": "RTRW", "station_source": "RTRW / BPTJ Review Trase", "notes": "indikatif: kawasan industri Cikarang Utara / Jababeka", "coord_source": "corridor_outer_ring", "rail_dist_m": 0.0, "color": "#E58A3A", "mode_filter": ",rail,", "status_filter": ",PLANNED,", "conf_filter": ",LOW,", "indicative_note": "Posisi stasiun merupakan rekonstruksi/indikasi spasial berdasarkan sumber perencanaan dan bukan penetapan stasiun resmi."}}, {"type": "Feature", "id": "OUTER_RING_RAIL-Sukadanau", "geometry": {"type": "Point", "coordinates": [107.11, -6.169999999999998]}, "properties": {"id": "OUTER_RING_RAIL-Sukadanau", "station_id": "OUTER_RING_RAIL-Sukadanau", "node_id": "OUTER_RING_RAIL-Sukadanau", "name": "Sukadanau", "station_name": "Sukadanau", "corridor_id": "OUTER_RING_RAIL", "corridor_name": "Outer Ring Railway Nambo–Cikarang–Tanjung Priok", "mode": "rail", "node_type": "STATION", "station_status": "rencana", "station_confidence": "LOW", "name_confidence": "low", "location_confidence": "high", "is_terminus": "tidak", "is_interchange": "tidak", "is_indicative": "ya", "connected_corridors": "OUTER_RING_RAIL", "connected_modes": "rail", "status": "PLANNED", "status_label": "Masterplan", "source": "RTRW / BPTJ Review Trase", "source_year": 2022, "source_type": "RTRW", "station_source": "RTRW / BPTJ Review Trase", "notes": "indikatif: kawasan Sukadanau / Cibitung utara (tol Cibitung–Cilincing)", "coord_source": "corridor_outer_ring", "rail_dist_m": 0.0, "color": "#E58A3A", "mode_filter": ",rail,", "status_filter": ",PLANNED,", "conf_filter": ",LOW,", "indicative_note": "Posisi stasiun merupakan rekonstruksi/indikasi spasial berdasarkan sumber perencanaan dan bukan penetapan stasiun resmi."}}, {"type": "Feature", "id": "OUTER_RING_RAIL-Babelan", "geometry": {"type": "Point", "coordinates": [107.04871212725861, -6.136590910791485]}, "properties": {"id": "OUTER_RING_RAIL-Babelan", "station_id": "OUTER_RING_RAIL-Babelan", "node_id": "OUTER_RING_RAIL-Babelan", "name": "Babelan", "station_name": "Babelan", "corridor_id": "OUTER_RING_RAIL", "corridor_name": "Outer Ring Railway Nambo–Cikarang–Tanjung Priok", "mode": "rail", "node_type": "STATION", "station_status": "rencana", "station_confidence": "LOW", "name_confidence": "low", "location_confidence": "high", "is_terminus": "tidak", "is_interchange": "tidak", "is_indicative": "ya", "connected_corridors": "OUTER_RING_RAIL", "connected_modes": "rail", "status": "PLANNED", "status_label": "Masterplan", "source": "RTRW / BPTJ Review Trase", "source_year": 2022, "source_type": "RTRW", "station_source": "RTRW / BPTJ Review Trase", "notes": "indikatif: kawasan Babelan", "coord_source": "corridor_outer_ring", "rail_dist_m": 0.0, "color": "#E58A3A", "mode_filter": ",rail,", "status_filter": ",PLANNED,", "conf_filter": ",LOW,", "indicative_note": "Posisi stasiun merupakan rekonstruksi/indikasi spasial berdasarkan sumber perencanaan dan bukan penetapan stasiun resmi."}}, {"type": "Feature", "id": "OUTER_RING_RAIL-Kebalen", "geometry": {"type": "Point", "coordinates": [107.01977806281437, -6.129246082645422]}, "properties": {"id": "OUTER_RING_RAIL-Kebalen", "station_id": "OUTER_RING_RAIL-Kebalen", "node_id": "OUTER_RING_RAIL-Kebalen", "name": "Kebalen", "station_name": "Kebalen", "corridor_id": "OUTER_RING_RAIL", "corridor_name": "Outer Ring Railway Nambo–Cikarang–Tanjung Priok", "mode": "rail", "node_type": "STATION", "station_status": "rencana", "station_confidence": "LOW", "name_confidence": "low", "location_confidence": "high", "is_terminus": "tidak", "is_interchange": "tidak", "is_indicative": "ya", "connected_corridors": "OUTER_RING_RAIL", "connected_modes": "rail", "status": "PLANNED", "status_label": "Masterplan", "source": "RTRW / BPTJ Review Trase", "source_year": 2022, "source_type": "RTRW", "station_source": "RTRW / BPTJ Review Trase", "notes": "indikatif: kawasan Kebalen", "coord_source": "corridor_outer_ring", "rail_dist_m": 0.0, "color": "#E58A3A", "mode_filter": ",rail,", "status_filter": ",PLANNED,", "conf_filter": ",LOW,", "indicative_note": "Posisi stasiun merupakan rekonstruksi/indikasi spasial berdasarkan sumber perencanaan dan bukan penetapan stasiun resmi."}}, {"type": "Feature", "id": "OUTER_RING_RAIL-Tarumajaya", "geometry": {"type": "Point", "coordinates": [106.98968428825277, -6.123907827005679]}, "properties": {"id": "OUTER_RING_RAIL-Tarumajaya", "station_id": "OUTER_RING_RAIL-Tarumajaya", "node_id": "OUTER_RING_RAIL-Tarumajaya", "name": "Tarumajaya", "station_name": "Tarumajaya", "corridor_id": "OUTER_RING_RAIL", "corridor_name": "Outer Ring Railway Nambo–Cikarang–Tanjung Priok", "mode": "rail", "node_type": "STATION", "station_status": "rencana", "station_confidence": "LOW", "name_confidence": "low", "location_confidence": "high", "is_terminus": "tidak", "is_interchange": "tidak", "is_indicative": "ya", "connected_corridors": "OUTER_RING_RAIL", "connected_modes": "rail", "status": "PLANNED", "status_label": "Masterplan", "source": "RTRW / BPTJ Review Trase", "source_year": 2022, "source_type": "RTRW", "station_source": "RTRW / BPTJ Review Trase", "notes": "indikatif: kawasan Tarumajaya", "coord_source": "corridor_outer_ring", "rail_dist_m": 0.0, "color": "#E58A3A", "mode_filter": ",rail,", "status_filter": ",PLANNED,", "conf_filter": ",LOW,", "indicative_note": "Posisi stasiun merupakan rekonstruksi/indikasi spasial berdasarkan sumber perencanaan dan bukan penetapan stasiun resmi."}}, {"type": "Feature", "id": "OUTER_RING_RAIL-Marunda", "geometry": {"type": "Point", "coordinates": [106.96470811530003, -6.119763868194352]}, "properties": {"id": "OUTER_RING_RAIL-Marunda", "station_id": "OUTER_RING_RAIL-Marunda", "node_id": "OUTER_RING_RAIL-Marunda", "name": "Marunda", "station_name": "Marunda", "corridor_id": "OUTER_RING_RAIL", "corridor_name": "Outer Ring Railway Nambo–Cikarang–Tanjung Priok", "mode": "rail", "node_type": "STATION", "station_status": "rencana", "station_confidence": "LOW", "name_confidence": "low", "location_confidence": "high", "is_terminus": "tidak", "is_interchange": "tidak", "is_indicative": "ya", "connected_corridors": "OUTER_RING_RAIL", "connected_modes": "rail", "status": "PLANNED", "status_label": "Masterplan", "source": "RTRW / BPTJ Review Trase", "source_year": 2022, "source_type": "RTRW", "station_source": "RTRW / BPTJ Review Trase", "notes": "indikatif: kawasan Marunda", "coord_source": "corridor_outer_ring", "rail_dist_m": 0.0, "color": "#E58A3A", "mode_filter": ",rail,", "status_filter": ",PLANNED,", "conf_filter": ",LOW,", "indicative_note": "Posisi stasiun merupakan rekonstruksi/indikasi spasial berdasarkan sumber perencanaan dan bukan penetapan stasiun resmi."}}, {"type": "Feature", "id": "OUTER_RING_RAIL-Cilincing", "geometry": {"type": "Point", "coordinates": [106.93984572040357, -6.116044698335698]}, "properties": {"id": "OUTER_RING_RAIL-Cilincing", "station_id": "OUTER_RING_RAIL-Cilincing", "node_id": "OUTER_RING_RAIL-Cilincing", "name": "Cilincing", "station_name": "Cilincing", "corridor_id": "OUTER_RING_RAIL", "corridor_name": "Outer Ring Railway Nambo–Cikarang–Tanjung Priok", "mode": "rail", "node_type": "STATION", "station_status": "rencana", "station_confidence": "LOW", "name_confidence": "low", "location_confidence": "high", "is_terminus": "tidak", "is_interchange": "tidak", "is_indicative": "ya", "connected_corridors": "OUTER_RING_RAIL", "connected_modes": "rail", "status": "PLANNED", "status_label": "Masterplan", "source": "RTRW / BPTJ Review Trase", "source_year": 2022, "source_type": "RTRW", "station_source": "RTRW / BPTJ Review Trase", "notes": "indikatif: kawasan Cilincing", "coord_source": "corridor_outer_ring", "rail_dist_m": 0.0, "color": "#E58A3A", "mode_filter": ",rail,", "status_filter": ",PLANNED,", "conf_filter": ",LOW,", "indicative_note": "Posisi stasiun merupakan rekonstruksi/indikasi spasial berdasarkan sumber perencanaan dan bukan penetapan stasiun resmi."}}, {"type": "Feature", "id": "OUTER_RING_RAIL-Semper", "geometry": {"type": "Point", "coordinates": [106.91993017591454, -6.1135785270121525]}, "properties": {"id": "OUTER_RING_RAIL-Semper", "station_id": "OUTER_RING_RAIL-Semper", "node_id": "OUTER_RING_RAIL-Semper", "name": "Semper", "station_name": "Semper", "corridor_id": "OUTER_RING_RAIL", "corridor_name": "Outer Ring Railway Nambo–Cikarang–Tanjung Priok", "mode": "rail", "node_type": "STATION", "station_status": "rencana", "station_confidence": "LOW", "name_confidence": "low", "location_confidence": "high", "is_terminus": "tidak", "is_interchange": "tidak", "is_indicative": "ya", "connected_corridors": "OUTER_RING_RAIL", "connected_modes": "rail", "status": "PLANNED", "status_label": "Masterplan", "source": "RTRW / BPTJ Review Trase", "source_year": 2022, "source_type": "RTRW", "station_source": "RTRW / BPTJ Review Trase", "notes": "indikatif: kawasan Semper", "coord_source": "corridor_outer_ring", "rail_dist_m": 0.0, "color": "#E58A3A", "mode_filter": ",rail,", "status_filter": ",PLANNED,", "conf_filter": ",LOW,", "indicative_note": "Posisi stasiun merupakan rekonstruksi/indikasi spasial berdasarkan sumber perencanaan dan bukan penetapan stasiun resmi."}}, {"type": "Feature", "id": "OUTER_RING_RAIL-Koja", "geometry": {"type": "Point", "coordinates": [106.89992589414804, -6.111988884426323]}, "properties": {"id": "OUTER_RING_RAIL-Koja", "station_id": "OUTER_RING_RAIL-Koja", "node_id": "OUTER_RING_RAIL-Koja", "name": "Koja", "station_name": "Koja", "corridor_id": "OUTER_RING_RAIL", "corridor_name": "Outer Ring Railway Nambo–Cikarang–Tanjung Priok", "mode": "rail", "node_type": "STATION", "station_status": "rencana", "station_confidence": "LOW", "name_confidence": "low", "location_confidence": "high", "is_terminus": "tidak", "is_interchange": "tidak", "is_indicative": "ya", "connected_corridors": "OUTER_RING_RAIL", "connected_modes": "rail", "status": "PLANNED", "status_label": "Masterplan", "source": "RTRW / BPTJ Review Trase", "source_year": 2022, "source_type": "RTRW", "station_source": "RTRW / BPTJ Review Trase", "notes": "indikatif: kawasan Koja", "coord_source": "corridor_outer_ring", "rail_dist_m": 0.0, "color": "#E58A3A", "mode_filter": ",rail,", "status_filter": ",PLANNED,", "conf_filter": ",LOW,", "indicative_note": "Posisi stasiun merupakan rekonstruksi/indikasi spasial berdasarkan sumber perencanaan dan bukan penetapan stasiun resmi."}}, {"type": "Feature", "id": "OUTER_RING_RAIL-Tanjung_Priok", "geometry": {"type": "Point", "coordinates": [106.8814496, -6.1106006]}, "properties": {"id": "OUTER_RING_RAIL-Tanjung_Priok", "station_id": "OUTER_RING_RAIL-Tanjung_Priok", "node_id": "OUTER_RING_RAIL-Tanjung_Priok", "name": "Tanjung Priok", "station_name": "Tanjung Priok", "corridor_id": "OUTER_RING_RAIL", "corridor_name": "Outer Ring Railway Nambo–Cikarang–Tanjung Priok", "mode": "rail", "node_type": "EXISTING_CONNECTION", "station_status": "interchange_existing", "station_confidence": "HIGH", "name_confidence": "high", "location_confidence": "high", "is_terminus": "ya", "is_interchange": "ya", "is_indicative": "tidak", "connected_corridors": "OUTER_RING_RAIL", "connected_modes": "rail", "status": "PLANNED", "status_label": "Masterplan", "source": "RTRW / BPTJ Review Trase", "source_year": 2022, "source_type": "RTRW", "station_source": "RTRW / BPTJ Review Trase", "notes": "KRL Tanjung Priok — terminus / interchange", "coord_source": "existing_krl", "rail_dist_m": 0.0, "color": "#E58A3A", "mode_filter": ",rail,", "status_filter": ",PLANNED,", "conf_filter": ",HIGH,"}}, {"type": "Feature", "id": "MRT_2A-Bundaran_HI", "geometry": {"type": "Point", "coordinates": [106.8230619, -6.1918487]}, "properties": {"id": "MRT_2A-Bundaran_HI", "station_id": "MRT_2A-Bundaran_HI", "node_id": "MRT_2A-Bundaran_HI", "name": "Bundaran HI", "station_name": "Bundaran HI", "corridor_id": "MRT_2A", "corridor_name": "MRT North-South Fase 2A Bundaran HI–Kota", "mode": "mrt", "node_type": "EXISTING_CONNECTION", "station_status": "interchange_existing", "station_confidence": "HIGH", "name_confidence": "high", "location_confidence": "high", "is_terminus": "ya", "is_interchange": "ya", "is_indicative": "tidak", "connected_corridors": "MRT_2A", "connected_modes": "mrt", "status": "CONSTRUCTION", "status_label": "Masterplan", "source": "PT MRT Jakarta (Perseroda)", "source_year": 2026, "source_type": "OFFICIAL_OPERATOR", "station_source": "PT MRT Jakarta (Perseroda)", "notes": "MRT existing terminus", "coord_source": "existing_mrt", "rail_dist_m": 0.0, "color": "#E58A3A", "mode_filter": ",mrt,", "status_filter": ",CONSTRUCTION,", "conf_filter": ",HIGH,"}}, {"type": "Feature", "id": "MRT_2A-Thamrin", "geometry": {"type": "Point", "coordinates": [106.82283490482091, -6.186550648295413]}, "properties": {"id": "MRT_2A-Thamrin", "station_id": "MRT_2A-Thamrin", "node_id": "MRT_2A-Thamrin", "name": "Thamrin", "station_name": "Thamrin", "corridor_id": "MRT_2A", "corridor_name": "MRT North-South Fase 2A Bundaran HI–Kota", "mode": "mrt", "node_type": "STATION", "station_status": "rencana", "station_confidence": "HIGH", "name_confidence": "high", "location_confidence": "high", "is_terminus": "tidak", "is_interchange": "ya", "is_indicative": "tidak", "connected_corridors": "MRT_2A,MRT_3", "connected_modes": "mrt", "status": "CONSTRUCTION", "status_label": "Masterplan", "source": "PT MRT Jakarta (Perseroda)", "source_year": 2026, "source_type": "OFFICIAL_OPERATOR", "station_source": "PT MRT Jakarta (Perseroda)", "notes": "simpul MRT 2A / MRT 3", "coord_source": "construction_MH_Thamrin", "rail_dist_m": 0.0, "color": "#E58A3A", "mode_filter": ",mrt,", "status_filter": ",CONSTRUCTION,", "conf_filter": ",HIGH,"}}, {"type": "Feature", "id": "MRT_2A-Monas", "geometry": {"type": "Point", "coordinates": [106.82203213374751, -6.176451612790973]}, "properties": {"id": "MRT_2A-Monas", "station_id": "MRT_2A-Monas", "node_id": "MRT_2A-Monas", "name": "Monas", "station_name": "Monas", "corridor_id": "MRT_2A", "corridor_name": "MRT North-South Fase 2A Bundaran HI–Kota", "mode": "mrt", "node_type": "STATION", "station_status": "rencana", "station_confidence": "HIGH", "name_confidence": "high", "location_confidence": "high", "is_terminus": "tidak", "is_interchange": "tidak", "is_indicative": "tidak", "connected_corridors": "MRT_2A", "connected_modes": "mrt", "status": "CONSTRUCTION", "status_label": "Masterplan", "source": "PT MRT Jakarta (Perseroda)", "source_year": 2026, "source_type": "OFFICIAL_OPERATOR", "station_source": "PT MRT Jakarta (Perseroda)", "notes": "", "coord_source": "construction_Medan_Merdeka_Barat", "rail_dist_m": 0.0, "color": "#E58A3A", "mode_filter": ",mrt,", "status_filter": ",CONSTRUCTION,", "conf_filter": ",HIGH,"}}, {"type": "Feature", "id": "MRT_2A-Harmoni", "geometry": {"type": "Point", "coordinates": [106.81984699508936, -6.166348466853099]}, "properties": {"id": "MRT_2A-Harmoni", "station_id": "MRT_2A-Harmoni", "node_id": "MRT_2A-Harmoni", "name": "Harmoni", "station_name": "Harmoni", "corridor_id": "MRT_2A", "corridor_name": "MRT North-South Fase 2A Bundaran HI–Kota", "mode": "mrt", "node_type": "STATION", "station_status": "rencana", "station_confidence": "HIGH", "name_confidence": "high", "location_confidence": "high", "is_terminus": "tidak", "is_interchange": "tidak", "is_indicative": "tidak", "connected_corridors": "MRT_2A", "connected_modes": "mrt", "status": "CONSTRUCTION", "status_label": "Masterplan", "source": "PT MRT Jakarta (Perseroda)", "source_year": 2026, "source_type": "OFFICIAL_OPERATOR", "station_source": "PT MRT Jakarta (Perseroda)", "notes": "", "coord_source": "construction_Majapahit", "rail_dist_m": 0.0, "color": "#E58A3A", "mode_filter": ",mrt,", "status_filter": ",CONSTRUCTION,", "conf_filter": ",HIGH,"}}, {"type": "Feature", "id": "MRT_2A-Sawah_Besar", "geometry": {"type": "Point", "coordinates": [106.81881305111226, -6.15579257727363]}, "properties": {"id": "MRT_2A-Sawah_Besar", "station_id": "MRT_2A-Sawah_Besar", "node_id": "MRT_2A-Sawah_Besar", "name": "Sawah Besar", "station_name": "Sawah Besar", "corridor_id": "MRT_2A", "corridor_name": "MRT North-South Fase 2A Bundaran HI–Kota", "mode": "mrt", "node_type": "STATION", "station_status": "rencana", "station_confidence": "HIGH", "name_confidence": "high", "location_confidence": "high", "is_terminus": "tidak", "is_interchange": "tidak", "is_indicative": "tidak", "connected_corridors": "MRT_2A", "connected_modes": "mrt", "status": "CONSTRUCTION", "status_label": "Masterplan", "source": "PT MRT Jakarta (Perseroda)", "source_year": 2026, "source_type": "OFFICIAL_OPERATOR", "station_source": "PT MRT Jakarta (Perseroda)", "notes": "", "coord_source": "construction_Gajah_Mada", "rail_dist_m": 0.0, "color": "#E58A3A", "mode_filter": ",mrt,", "status_filter": ",CONSTRUCTION,", "conf_filter": ",HIGH,"}}, {"type": "Feature", "id": "MRT_2A-Mangga_Besar", "geometry": {"type": "Point", "coordinates": [106.81826211799218, -6.149413471571939]}, "properties": {"id": "MRT_2A-Mangga_Besar", "station_id": "MRT_2A-Mangga_Besar", "node_id": "MRT_2A-Mangga_Besar", "name": "Mangga Besar", "station_name": "Mangga Besar", "corridor_id": "MRT_2A", "corridor_name": "MRT North-South Fase 2A Bundaran HI–Kota", "mode": "mrt", "node_type": "STATION", "station_status": "rencana", "station_confidence": "HIGH", "name_confidence": "high", "location_confidence": "high", "is_terminus": "tidak", "is_interchange": "tidak", "is_indicative": "tidak", "connected_corridors": "MRT_2A", "connected_modes": "mrt", "status": "CONSTRUCTION", "status_label": "Masterplan", "source": "PT MRT Jakarta (Perseroda)", "source_year": 2026, "source_type": "OFFICIAL_OPERATOR", "station_source": "PT MRT Jakarta (Perseroda)", "notes": "", "coord_source": "construction_Hayam_Wuruk", "rail_dist_m": 0.0, "color": "#E58A3A", "mode_filter": ",mrt,", "status_filter": ",CONSTRUCTION,", "conf_filter": ",HIGH,"}}, {"type": "Feature", "id": "MRT_2A-Glodok", "geometry": {"type": "Point", "coordinates": [106.81701036562694, -6.142860636022217]}, "properties": {"id": "MRT_2A-Glodok", "station_id": "MRT_2A-Glodok", "node_id": "MRT_2A-Glodok", "name": "Glodok", "station_name": "Glodok", "corridor_id": "MRT_2A", "corridor_name": "MRT North-South Fase 2A Bundaran HI–Kota", "mode": "mrt", "node_type": "STATION", "station_status": "rencana", "station_confidence": "HIGH", "name_confidence": "high", "location_confidence": "high", "is_terminus": "tidak", "is_interchange": "tidak", "is_indicative": "tidak", "connected_corridors": "MRT_2A", "connected_modes": "mrt", "status": "CONSTRUCTION", "status_label": "Masterplan", "source": "PT MRT Jakarta (Perseroda)", "source_year": 2026, "source_type": "OFFICIAL_OPERATOR", "station_source": "PT MRT Jakarta (Perseroda)", "notes": "", "coord_source": "construction_Hayam_Wuruk", "rail_dist_m": 0.0, "color": "#E58A3A", "mode_filter": ",mrt,", "status_filter": ",CONSTRUCTION,", "conf_filter": ",HIGH,"}}, {"type": "Feature", "id": "MRT_2A-Kota", "geometry": {"type": "Point", "coordinates": [106.8148, -6.1377]}, "properties": {"id": "MRT_2A-Kota", "station_id": "MRT_2A-Kota", "node_id": "MRT_2A-Kota", "name": "Kota", "station_name": "Kota", "corridor_id": "MRT_2A", "corridor_name": "MRT North-South Fase 2A Bundaran HI–Kota", "mode": "mrt", "node_type": "STATION", "station_status": "rencana", "station_confidence": "HIGH", "name_confidence": "high", "location_confidence": "high", "is_terminus": "ya", "is_interchange": "ya", "is_indicative": "tidak", "connected_corridors": "MRT_2A,MRT_2B", "connected_modes": "mrt", "status": "CONSTRUCTION", "status_label": "Masterplan", "source": "PT MRT Jakarta (Perseroda)", "source_year": 2026, "source_type": "OFFICIAL_OPERATOR", "station_source": "PT MRT Jakarta (Perseroda)", "notes": "near Jakarta Kota KRL", "coord_source": "construction_near_Jakarta_Kota", "rail_dist_m": 0.0, "color": "#E58A3A", "mode_filter": ",mrt,", "status_filter": ",CONSTRUCTION,", "conf_filter": ",HIGH,"}}, {"type": "Feature", "id": "MRT_2B-Kota", "geometry": {"type": "Point", "coordinates": [106.8148, -6.1377]}, "properties": {"id": "MRT_2B-Kota", "station_id": "MRT_2B-Kota", "node_id": "MRT_2B-Kota", "name": "Kota", "station_name": "Kota", "corridor_id": "MRT_2B", "corridor_name": "MRT North-South Fase 2B Kota–Ancol Barat", "mode": "mrt", "node_type": "EXISTING_CONNECTION", "station_status": "interchange_existing", "station_confidence": "HIGH", "name_confidence": "high", "location_confidence": "high", "is_terminus": "ya", "is_interchange": "ya", "is_indicative": "tidak", "connected_corridors": "MRT_2A,MRT_2B", "connected_modes": "mrt", "status": "FS", "status_label": "Masterplan", "source": "PT MRT Jakarta (Perseroda)", "source_year": 2026, "source_type": "OFFICIAL_OPERATOR", "station_source": "PT MRT Jakarta (Perseroda)", "notes": "lanjutan 2A", "coord_source": "construction_near_Jakarta_Kota", "rail_dist_m": 0.0, "color": "#E58A3A", "mode_filter": ",mrt,", "status_filter": ",FS,", "conf_filter": ",HIGH,"}}, {"type": "Feature", "id": "MRT_2B-Mangga_Dua", "geometry": {"type": "Point", "coordinates": [106.82587834748391, -6.1337128768624405]}, "properties": {"id": "MRT_2B-Mangga_Dua", "station_id": "MRT_2B-Mangga_Dua", "node_id": "MRT_2B-Mangga_Dua", "name": "Mangga Dua", "station_name": "Mangga Dua", "corridor_id": "MRT_2B", "corridor_name": "MRT North-South Fase 2B Kota–Ancol Barat", "mode": "mrt", "node_type": "STATION", "station_status": "rencana", "station_confidence": "HIGH", "name_confidence": "high", "location_confidence": "high", "is_terminus": "tidak", "is_interchange": "tidak", "is_indicative": "tidak", "connected_corridors": "MRT_2B", "connected_modes": "mrt", "status": "FS", "status_label": "Masterplan", "source": "PT MRT Jakarta (Perseroda)", "source_year": 2026, "source_type": "OFFICIAL_OPERATOR", "station_source": "PT MRT Jakarta (Perseroda)", "notes": "", "coord_source": "corridor_2B_Mangga_Dua", "rail_dist_m": 0.0, "color": "#E58A3A", "mode_filter": ",mrt,", "status_filter": ",FS,", "conf_filter": ",HIGH,"}}, {"type": "Feature", "id": "MRT_2B-Ancol_Marina", "geometry": {"type": "Point", "coordinates": [106.82760474983937, -6.120512120776022]}, "properties": {"id": "MRT_2B-Ancol_Marina", "station_id": "MRT_2B-Ancol_Marina", "node_id": "MRT_2B-Ancol_Marina", "name": "Ancol Marina", "station_name": "Ancol Marina", "corridor_id": "MRT_2B", "corridor_name": "MRT North-South Fase 2B Kota–Ancol Barat", "mode": "mrt", "node_type": "STATION", "station_status": "rencana", "station_confidence": "MEDIUM", "name_confidence": "medium", "location_confidence": "high", "is_terminus": "tidak", "is_interchange": "tidak", "is_indicative": "tidak", "connected_corridors": "MRT_2B", "connected_modes": "mrt", "status": "FS", "status_label": "Masterplan", "source": "PT MRT Jakarta (Perseroda)", "source_year": 2026, "source_type": "OFFICIAL_OPERATOR", "station_source": "PT MRT Jakarta (Perseroda)", "notes": "nomenklatur PASS 16; operator juga menyebut Ancol / Gunung Sahari", "coord_source": "corridor_2B", "rail_dist_m": 0.0, "color": "#E58A3A", "mode_filter": ",mrt,", "status_filter": ",FS,", "conf_filter": ",MEDIUM,"}}, {"type": "Feature", "id": "MRT_2B-Ancol_Barat", "geometry": {"type": "Point", "coordinates": [106.812, -6.1165]}, "properties": {"id": "MRT_2B-Ancol_Barat", "station_id": "MRT_2B-Ancol_Barat", "node_id": "MRT_2B-Ancol_Barat", "name": "Ancol Barat", "station_name": "Ancol Barat", "corridor_id": "MRT_2B", "corridor_name": "MRT North-South Fase 2B Kota–Ancol Barat", "mode": "mrt", "node_type": "DEPOT", "station_status": "rencana", "station_confidence": "MEDIUM", "name_confidence": "medium", "location_confidence": "high", "is_terminus": "ya", "is_interchange": "tidak", "is_indicative": "tidak", "connected_corridors": "MRT_2B", "connected_modes": "mrt", "status": "FS", "status_label": "Masterplan", "source": "PT MRT Jakarta (Perseroda)", "source_year": 2026, "source_type": "OFFICIAL_OPERATOR", "station_source": "PT MRT Jakarta (Perseroda)", "notes": "depot / terminus", "coord_source": "corridor_2B_depot", "rail_dist_m": 0.0, "color": "#E58A3A", "mode_filter": ",mrt,", "status_filter": ",FS,", "conf_filter": ",MEDIUM,"}}, {"type": "Feature", "id": "MRT_3-Balaraja", "geometry": {"type": "Point", "coordinates": [106.4627867, -6.1911184]}, "properties": {"id": "MRT_3-Balaraja", "station_id": "MRT_3-Balaraja", "node_id": "MRT_3-Balaraja", "name": "Balaraja", "station_name": "Balaraja", "corridor_id": "MRT_3", "corridor_name": "MRT East-West Fase 3 Balaraja–Cikarang", "mode": "mrt", "node_type": "STATION", "station_status": "rencana", "station_confidence": "MEDIUM", "name_confidence": "medium", "location_confidence": "high", "is_terminus": "ya", "is_interchange": "tidak", "is_indicative": "tidak", "connected_corridors": "MRT_3", "connected_modes": "mrt", "status": "MASTERPLAN", "status_label": "Masterplan", "source": "JICA / MRT Jakarta East-West Line", "source_year": 2024, "source_type": "JICA_STUDY", "station_source": "JICA / MRT Jakarta East-West Line", "notes": "", "coord_source": "nominatim", "rail_dist_m": 0.0, "color": "#E58A3A", "mode_filter": ",mrt,", "status_filter": ",MASTERPLAN,", "conf_filter": ",MEDIUM,"}}, {"type": "Feature", "id": "MRT_3-Kembangan", "geometry": {"type": "Point", "coordinates": [106.74008952863373, -6.167181044233835]}, "properties": {"id": "MRT_3-Kembangan", "station_id": "MRT_3-Kembangan", "node_id": "MRT_3-Kembangan", "name": "Kembangan", "station_name": "Kembangan", "corridor_id": "MRT_3", "corridor_name": "MRT East-West Fase 3 Balaraja–Cikarang", "mode": "mrt", "node_type": "STATION", "station_status": "rencana", "station_confidence": "HIGH", "name_confidence": "high", "location_confidence": "high", "is_terminus": "tidak", "is_interchange": "tidak", "is_indicative": "tidak", "connected_corridors": "MRT_3", "connected_modes": "mrt", "status": "MASTERPLAN", "status_label": "Masterplan", "source": "JICA / MRT Jakarta East-West Line", "source_year": 2024, "source_type": "JICA_STUDY", "station_source": "JICA / MRT Jakarta East-West Line", "notes": "", "coord_source": "corridor_EW_Daan_Mogot", "rail_dist_m": 0.0, "color": "#E58A3A", "mode_filter": ",mrt,", "status_filter": ",MASTERPLAN,", "conf_filter": ",HIGH,"}}, {"type": "Feature", "id": "MRT_3-Grogol", "geometry": {"type": "Point", "coordinates": [106.7871454703955, -6.162586751696698]}, "properties": {"id": "MRT_3-Grogol", "station_id": "MRT_3-Grogol", "node_id": "MRT_3-Grogol", "name": "Grogol", "station_name": "Grogol", "corridor_id": "MRT_3", "corridor_name": "MRT East-West Fase 3 Balaraja–Cikarang", "mode": "mrt", "node_type": "STATION", "station_status": "rencana", "station_confidence": "HIGH", "name_confidence": "high", "location_confidence": "high", "is_terminus": "tidak", "is_interchange": "tidak", "is_indicative": "tidak", "connected_corridors": "MRT_3", "connected_modes": "mrt", "status": "MASTERPLAN", "status_label": "Masterplan", "source": "JICA / MRT Jakarta East-West Line", "source_year": 2024, "source_type": "JICA_STUDY", "station_source": "JICA / MRT Jakarta East-West Line", "notes": "KRL + MRT EW", "coord_source": "existing_krl", "rail_dist_m": 0.0, "color": "#E58A3A", "mode_filter": ",mrt,", "status_filter": ",MASTERPLAN,", "conf_filter": ",HIGH,"}}, {"type": "Feature", "id": "MRT_3-Roxy", "geometry": {"type": "Point", "coordinates": [106.79709233728391, -6.166226273477657]}, "properties": {"id": "MRT_3-Roxy", "station_id": "MRT_3-Roxy", "node_id": "MRT_3-Roxy", "name": "Roxy", "station_name": "Roxy", "corridor_id": "MRT_3", "corridor_name": "MRT East-West Fase 3 Balaraja–Cikarang", "mode": "mrt", "node_type": "STATION", "station_status": "rencana", "station_confidence": "MEDIUM", "name_confidence": "medium", "location_confidence": "high", "is_terminus": "tidak", "is_interchange": "tidak", "is_indicative": "tidak", "connected_corridors": "MRT_3", "connected_modes": "mrt", "status": "MASTERPLAN", "status_label": "Masterplan", "source": "JICA / MRT Jakarta East-West Line", "source_year": 2024, "source_type": "JICA_STUDY", "station_source": "JICA / MRT Jakarta East-West Line", "notes": "", "coord_source": "corridor_EW", "rail_dist_m": 0.0, "color": "#E58A3A", "mode_filter": ",mrt,", "status_filter": ",MASTERPLAN,", "conf_filter": ",MEDIUM,"}}, {"type": "Feature", "id": "MRT_3-Cideng", "geometry": {"type": "Point", "coordinates": [106.81386565331937, -6.175113953922897]}, "properties": {"id": "MRT_3-Cideng", "station_id": "MRT_3-Cideng", "node_id": "MRT_3-Cideng", "name": "Cideng", "station_name": "Cideng", "corridor_id": "MRT_3", "corridor_name": "MRT East-West Fase 3 Balaraja–Cikarang", "mode": "mrt", "node_type": "STATION", "station_status": "rencana", "station_confidence": "MEDIUM", "name_confidence": "medium", "location_confidence": "high", "is_terminus": "tidak", "is_interchange": "tidak", "is_indicative": "tidak", "connected_corridors": "MRT_3", "connected_modes": "mrt", "status": "MASTERPLAN", "status_label": "Masterplan", "source": "JICA / MRT Jakarta East-West Line", "source_year": 2024, "source_type": "JICA_STUDY", "station_source": "JICA / MRT Jakarta East-West Line", "notes": "", "coord_source": "corridor_EW", "rail_dist_m": 0.0, "color": "#E58A3A", "mode_filter": ",mrt,", "status_filter": ",MASTERPLAN,", "conf_filter": ",MEDIUM,"}}, {"type": "Feature", "id": "MRT_3-Thamrin", "geometry": {"type": "Point", "coordinates": [106.82349700785974, -6.18542051672575]}, "properties": {"id": "MRT_3-Thamrin", "station_id": "MRT_3-Thamrin", "node_id": "MRT_3-Thamrin", "name": "Thamrin", "station_name": "Thamrin", "corridor_id": "MRT_3", "corridor_name": "MRT East-West Fase 3 Balaraja–Cikarang", "mode": "mrt", "node_type": "STATION", "station_status": "rencana", "station_confidence": "HIGH", "name_confidence": "high", "location_confidence": "high", "is_terminus": "tidak", "is_interchange": "ya", "is_indicative": "tidak", "connected_corridors": "MRT_2A,MRT_3", "connected_modes": "mrt", "status": "MASTERPLAN", "status_label": "Masterplan", "source": "JICA / MRT Jakarta East-West Line", "source_year": 2024, "source_type": "JICA_STUDY", "station_source": "JICA / MRT Jakarta East-West Line", "notes": "interchange MRT 2A", "coord_source": "construction_MH_Thamrin", "rail_dist_m": 0.0, "color": "#E58A3A", "mode_filter": ",mrt,", "status_filter": ",MASTERPLAN,", "conf_filter": ",HIGH,"}}, {"type": "Feature", "id": "MRT_3-Kebon_Sirih", "geometry": {"type": "Point", "coordinates": [106.83098282587204, -6.185403200063571]}, "properties": {"id": "MRT_3-Kebon_Sirih", "station_id": "MRT_3-Kebon_Sirih", "node_id": "MRT_3-Kebon_Sirih", "name": "Kebon Sirih", "station_name": "Kebon Sirih", "corridor_id": "MRT_3", "corridor_name": "MRT East-West Fase 3 Balaraja–Cikarang", "mode": "mrt", "node_type": "STATION", "station_status": "rencana", "station_confidence": "MEDIUM", "name_confidence": "medium", "location_confidence": "high", "is_terminus": "tidak", "is_interchange": "tidak", "is_indicative": "tidak", "connected_corridors": "MRT_3", "connected_modes": "mrt", "status": "MASTERPLAN", "status_label": "Masterplan", "source": "JICA / MRT Jakarta East-West Line", "source_year": 2024, "source_type": "JICA_STUDY", "station_source": "JICA / MRT Jakarta East-West Line", "notes": "", "coord_source": "corridor_EW", "rail_dist_m": 0.0, "color": "#E58A3A", "mode_filter": ",mrt,", "status_filter": ",MASTERPLAN,", "conf_filter": ",MEDIUM,"}}, {"type": "Feature", "id": "MRT_3-Kwitang", "geometry": {"type": "Point", "coordinates": [106.83949095380717, -6.182774884357916]}, "properties": {"id": "MRT_3-Kwitang", "station_id": "MRT_3-Kwitang", "node_id": "MRT_3-Kwitang", "name": "Kwitang", "station_name": "Kwitang", "corridor_id": "MRT_3", "corridor_name": "MRT East-West Fase 3 Balaraja–Cikarang", "mode": "mrt", "node_type": "STATION", "station_status": "rencana", "station_confidence": "MEDIUM", "name_confidence": "medium", "location_confidence": "high", "is_terminus": "tidak", "is_interchange": "tidak", "is_indicative": "tidak", "connected_corridors": "MRT_3", "connected_modes": "mrt", "status": "MASTERPLAN", "status_label": "Masterplan", "source": "JICA / MRT Jakarta East-West Line", "source_year": 2024, "source_type": "JICA_STUDY", "station_source": "JICA / MRT Jakarta East-West Line", "notes": "", "coord_source": "corridor_EW", "rail_dist_m": 0.0, "color": "#E58A3A", "mode_filter": ",mrt,", "status_filter": ",MASTERPLAN,", "conf_filter": ",MEDIUM,"}}, {"type": "Feature", "id": "MRT_3-Senen", "geometry": {"type": "Point", "coordinates": [106.84502983201536, -6.1769372618579705]}, "properties": {"id": "MRT_3-Senen", "station_id": "MRT_3-Senen", "node_id": "MRT_3-Senen", "name": "Senen", "station_name": "Senen", "corridor_id": "MRT_3", "corridor_name": "MRT East-West Fase 3 Balaraja–Cikarang", "mode": "mrt", "node_type": "STATION", "station_status": "rencana", "station_confidence": "HIGH", "name_confidence": "high", "location_confidence": "high", "is_terminus": "tidak", "is_interchange": "tidak", "is_indicative": "tidak", "connected_corridors": "MRT_3", "connected_modes": "mrt", "status": "MASTERPLAN", "status_label": "Masterplan", "source": "JICA / MRT Jakarta East-West Line", "source_year": 2024, "source_type": "JICA_STUDY", "station_source": "JICA / MRT Jakarta East-West Line", "notes": "", "coord_source": "corridor_EW", "rail_dist_m": 0.0, "color": "#E58A3A", "mode_filter": ",mrt,", "status_filter": ",MASTERPLAN,", "conf_filter": ",HIGH,"}}, {"type": "Feature", "id": "MRT_3-Galur", "geometry": {"type": "Point", "coordinates": [106.854641503782, -6.174213883985363]}, "properties": {"id": "MRT_3-Galur", "station_id": "MRT_3-Galur", "node_id": "MRT_3-Galur", "name": "Galur", "station_name": "Galur", "corridor_id": "MRT_3", "corridor_name": "MRT East-West Fase 3 Balaraja–Cikarang", "mode": "mrt", "node_type": "STATION", "station_status": "rencana", "station_confidence": "MEDIUM", "name_confidence": "medium", "location_confidence": "high", "is_terminus": "tidak", "is_interchange": "tidak", "is_indicative": "tidak", "connected_corridors": "MRT_3", "connected_modes": "mrt", "status": "MASTERPLAN", "status_label": "Masterplan", "source": "JICA / MRT Jakarta East-West Line", "source_year": 2024, "source_type": "JICA_STUDY", "station_source": "JICA / MRT Jakarta East-West Line", "notes": "", "coord_source": "corridor_EW", "rail_dist_m": 0.0, "color": "#E58A3A", "mode_filter": ",mrt,", "status_filter": ",MASTERPLAN,", "conf_filter": ",MEDIUM,"}}, {"type": "Feature", "id": "MRT_3-Cempaka_Baru", "geometry": {"type": "Point", "coordinates": [106.86224209767147, -6.168343813408378]}, "properties": {"id": "MRT_3-Cempaka_Baru", "station_id": "MRT_3-Cempaka_Baru", "node_id": "MRT_3-Cempaka_Baru", "name": "Cempaka Baru", "station_name": "Cempaka Baru", "corridor_id": "MRT_3", "corridor_name": "MRT East-West Fase 3 Balaraja–Cikarang", "mode": "mrt", "node_type": "STATION", "station_status": "rencana", "station_confidence": "MEDIUM", "name_confidence": "medium", "location_confidence": "high", "is_terminus": "tidak", "is_interchange": "tidak", "is_indicative": "tidak", "connected_corridors": "MRT_3", "connected_modes": "mrt", "status": "MASTERPLAN", "status_label": "Masterplan", "source": "JICA / MRT Jakarta East-West Line", "source_year": 2024, "source_type": "JICA_STUDY", "station_source": "JICA / MRT Jakarta East-West Line", "notes": "", "coord_source": "corridor_EW", "rail_dist_m": 0.0, "color": "#E58A3A", "mode_filter": ",mrt,", "status_filter": ",MASTERPLAN,", "conf_filter": ",MEDIUM,"}}, {"type": "Feature", "id": "MRT_3-Sumur_Batu", "geometry": {"type": "Point", "coordinates": [106.8720964417287, -6.163251368565881]}, "properties": {"id": "MRT_3-Sumur_Batu", "station_id": "MRT_3-Sumur_Batu", "node_id": "MRT_3-Sumur_Batu", "name": "Sumur Batu", "station_name": "Sumur Batu", "corridor_id": "MRT_3", "corridor_name": "MRT East-West Fase 3 Balaraja–Cikarang", "mode": "mrt", "node_type": "STATION", "station_status": "rencana", "station_confidence": "MEDIUM", "name_confidence": "medium", "location_confidence": "high", "is_terminus": "tidak", "is_interchange": "tidak", "is_indicative": "tidak", "connected_corridors": "MRT_3", "connected_modes": "mrt", "status": "MASTERPLAN", "status_label": "Masterplan", "source": "JICA / MRT Jakarta East-West Line", "source_year": 2024, "source_type": "JICA_STUDY", "station_source": "JICA / MRT Jakarta East-West Line", "notes": "", "coord_source": "corridor_EW", "rail_dist_m": 0.0, "color": "#E58A3A", "mode_filter": ",mrt,", "status_filter": ",MASTERPLAN,", "conf_filter": ",MEDIUM,"}}, {"type": "Feature", "id": "MRT_3-Kelapa_Gading_Barat", "geometry": {"type": "Point", "coordinates": [106.88809436587583, -6.158567605687362]}, "properties": {"id": "MRT_3-Kelapa_Gading_Barat", "station_id": "MRT_3-Kelapa_Gading_Barat", "node_id": "MRT_3-Kelapa_Gading_Barat", "name": "Kelapa Gading Barat", "station_name": "Kelapa Gading Barat", "corridor_id": "MRT_3", "corridor_name": "MRT East-West Fase 3 Balaraja–Cikarang", "mode": "mrt", "node_type": "STATION", "station_status": "rencana", "station_confidence": "MEDIUM", "name_confidence": "medium", "location_confidence": "high", "is_terminus": "tidak", "is_interchange": "tidak", "is_indicative": "tidak", "connected_corridors": "MRT_3", "connected_modes": "mrt", "status": "MASTERPLAN", "status_label": "Masterplan", "source": "JICA / MRT Jakarta East-West Line", "source_year": 2024, "source_type": "JICA_STUDY", "station_source": "JICA / MRT Jakarta East-West Line", "notes": "", "coord_source": "corridor_EW", "rail_dist_m": 0.0, "color": "#E58A3A", "mode_filter": ",mrt,", "status_filter": ",MASTERPLAN,", "conf_filter": ",MEDIUM,"}}, {"type": "Feature", "id": "MRT_3-Kelapa_Gading_Timur", "geometry": {"type": "Point", "coordinates": [106.9042267668071, -6.159205348548679]}, "properties": {"id": "MRT_3-Kelapa_Gading_Timur", "station_id": "MRT_3-Kelapa_Gading_Timur", "node_id": "MRT_3-Kelapa_Gading_Timur", "name": "Kelapa Gading Timur", "station_name": "Kelapa Gading Timur", "corridor_id": "MRT_3", "corridor_name": "MRT East-West Fase 3 Balaraja–Cikarang", "mode": "mrt", "node_type": "STATION", "station_status": "rencana", "station_confidence": "MEDIUM", "name_confidence": "medium", "location_confidence": "high", "is_terminus": "tidak", "is_interchange": "tidak", "is_indicative": "tidak", "connected_corridors": "MRT_3", "connected_modes": "mrt", "status": "MASTERPLAN", "status_label": "Masterplan", "source": "JICA / MRT Jakarta East-West Line", "source_year": 2024, "source_type": "JICA_STUDY", "station_source": "JICA / MRT Jakarta East-West Line", "notes": "", "coord_source": "corridor_EW", "rail_dist_m": 0.0, "color": "#E58A3A", "mode_filter": ",mrt,", "status_filter": ",MASTERPLAN,", "conf_filter": ",MEDIUM,"}}, {"type": "Feature", "id": "MRT_3-Pulo_Gadung", "geometry": {"type": "Point", "coordinates": [106.91009001021051, -6.180695463827731]}, "properties": {"id": "MRT_3-Pulo_Gadung", "station_id": "MRT_3-Pulo_Gadung", "node_id": "MRT_3-Pulo_Gadung", "name": "Pulo Gadung", "station_name": "Pulo Gadung", "corridor_id": "MRT_3", "corridor_name": "MRT East-West Fase 3 Balaraja–Cikarang", "mode": "mrt", "node_type": "STATION", "station_status": "rencana", "station_confidence": "HIGH", "name_confidence": "high", "location_confidence": "high", "is_terminus": "tidak", "is_interchange": "tidak", "is_indicative": "tidak", "connected_corridors": "MRT_3", "connected_modes": "mrt", "status": "MASTERPLAN", "status_label": "Masterplan", "source": "JICA / MRT Jakarta East-West Line", "source_year": 2024, "source_type": "JICA_STUDY", "station_source": "JICA / MRT Jakarta East-West Line", "notes": "", "coord_source": "corridor_EW", "rail_dist_m": 0.0, "color": "#E58A3A", "mode_filter": ",mrt,", "status_filter": ",MASTERPLAN,", "conf_filter": ",HIGH,"}}, {"type": "Feature", "id": "MRT_3-Penggilingan", "geometry": {"type": "Point", "coordinates": [106.93204977257722, -6.187077014733903]}, "properties": {"id": "MRT_3-Penggilingan", "station_id": "MRT_3-Penggilingan", "node_id": "MRT_3-Penggilingan", "name": "Penggilingan", "station_name": "Penggilingan", "corridor_id": "MRT_3", "corridor_name": "MRT East-West Fase 3 Balaraja–Cikarang", "mode": "mrt", "node_type": "STATION", "station_status": "rencana", "station_confidence": "MEDIUM", "name_confidence": "medium", "location_confidence": "high", "is_terminus": "tidak", "is_interchange": "tidak", "is_indicative": "tidak", "connected_corridors": "MRT_3", "connected_modes": "mrt", "status": "MASTERPLAN", "status_label": "Masterplan", "source": "JICA / MRT Jakarta East-West Line", "source_year": 2024, "source_type": "JICA_STUDY", "station_source": "JICA / MRT Jakarta East-West Line", "notes": "", "coord_source": "corridor_EW", "rail_dist_m": 0.0, "color": "#E58A3A", "mode_filter": ",mrt,", "status_filter": ",MASTERPLAN,", "conf_filter": ",MEDIUM,"}}, {"type": "Feature", "id": "MRT_3-Pulo_Gebang", "geometry": {"type": "Point", "coordinates": [106.95796501252521, -6.184677955558703]}, "properties": {"id": "MRT_3-Pulo_Gebang", "station_id": "MRT_3-Pulo_Gebang", "node_id": "MRT_3-Pulo_Gebang", "name": "Pulo Gebang", "station_name": "Pulo Gebang", "corridor_id": "MRT_3", "corridor_name": "MRT East-West Fase 3 Balaraja–Cikarang", "mode": "mrt", "node_type": "STATION", "station_status": "rencana", "station_confidence": "MEDIUM", "name_confidence": "medium", "location_confidence": "high", "is_terminus": "tidak", "is_interchange": "tidak", "is_indicative": "tidak", "connected_corridors": "MRT_3", "connected_modes": "mrt", "status": "MASTERPLAN", "status_label": "Masterplan", "source": "JICA / MRT Jakarta East-West Line", "source_year": 2024, "source_type": "JICA_STUDY", "station_source": "JICA / MRT Jakarta East-West Line", "notes": "", "coord_source": "corridor_EW", "rail_dist_m": 0.0, "color": "#E58A3A", "mode_filter": ",mrt,", "status_filter": ",MASTERPLAN,", "conf_filter": ",MEDIUM,"}}, {"type": "Feature", "id": "MRT_3-Ujung_Menteng", "geometry": {"type": "Point", "coordinates": [106.96488840330176, -6.183745760495264]}, "properties": {"id": "MRT_3-Ujung_Menteng", "station_id": "MRT_3-Ujung_Menteng", "node_id": "MRT_3-Ujung_Menteng", "name": "Ujung Menteng", "station_name": "Ujung Menteng", "corridor_id": "MRT_3", "corridor_name": "MRT East-West Fase 3 Balaraja–Cikarang", "mode": "mrt", "node_type": "STATION", "station_status": "rencana", "station_confidence": "HIGH", "name_confidence": "high", "location_confidence": "high", "is_terminus": "tidak", "is_interchange": "tidak", "is_indicative": "tidak", "connected_corridors": "MRT_3", "connected_modes": "mrt", "status": "MASTERPLAN", "status_label": "Masterplan", "source": "JICA / MRT Jakarta East-West Line", "source_year": 2024, "source_type": "JICA_STUDY", "station_source": "JICA / MRT Jakarta East-West Line", "notes": "", "coord_source": "corridor_EW", "rail_dist_m": 0.0, "color": "#E58A3A", "mode_filter": ",mrt,", "status_filter": ",MASTERPLAN,", "conf_filter": ",HIGH,"}}, {"type": "Feature", "id": "MRT_3-Medan_Satria", "geometry": {"type": "Point", "coordinates": [106.9897302183953, -6.190665508132777]}, "properties": {"id": "MRT_3-Medan_Satria", "station_id": "MRT_3-Medan_Satria", "node_id": "MRT_3-Medan_Satria", "name": "Medan Satria", "station_name": "Medan Satria", "corridor_id": "MRT_3", "corridor_name": "MRT East-West Fase 3 Balaraja–Cikarang", "mode": "mrt", "node_type": "STATION", "station_status": "rencana", "station_confidence": "HIGH", "name_confidence": "high", "location_confidence": "high", "is_terminus": "tidak", "is_interchange": "tidak", "is_indicative": "tidak", "connected_corridors": "MRT_3", "connected_modes": "mrt", "status": "MASTERPLAN", "status_label": "Masterplan", "source": "JICA / MRT Jakarta East-West Line", "source_year": 2024, "source_type": "JICA_STUDY", "station_source": "JICA / MRT Jakarta East-West Line", "notes": "", "coord_source": "corridor_EW_east", "rail_dist_m": 0.0, "color": "#E58A3A", "mode_filter": ",mrt,", "status_filter": ",MASTERPLAN,", "conf_filter": ",HIGH,"}}, {"type": "Feature", "id": "MRT_3-Cikarang", "geometry": {"type": "Point", "coordinates": [107.1457636, -6.2555519]}, "properties": {"id": "MRT_3-Cikarang", "station_id": "MRT_3-Cikarang", "node_id": "MRT_3-Cikarang", "name": "Cikarang", "station_name": "Cikarang", "corridor_id": "MRT_3", "corridor_name": "MRT East-West Fase 3 Balaraja–Cikarang", "mode": "mrt", "node_type": "EXISTING_CONNECTION", "station_status": "interchange_existing", "station_confidence": "HIGH", "name_confidence": "high", "location_confidence": "high", "is_terminus": "ya", "is_interchange": "ya", "is_indicative": "tidak", "connected_corridors": "MRT_3,OUTER_RING_RAIL", "connected_modes": "mrt,rail", "status": "MASTERPLAN", "status_label": "Masterplan", "source": "JICA / MRT Jakarta East-West Line", "source_year": 2024, "source_type": "JICA_STUDY", "station_source": "JICA / MRT Jakarta East-West Line", "notes": "KRL Cikarang", "coord_source": "existing_krl", "rail_dist_m": 0.0, "color": "#E58A3A", "mode_filter": ",mrt,", "status_filter": ",MASTERPLAN,", "conf_filter": ",HIGH,"}}, {"type": "Feature", "id": "MRT_4-Fatmawati", "geometry": {"type": "Point", "coordinates": [106.7924632, -6.2924711]}, "properties": {"id": "MRT_4-Fatmawati", "station_id": "MRT_4-Fatmawati", "node_id": "MRT_4-Fatmawati", "name": "Fatmawati", "station_name": "Fatmawati", "corridor_id": "MRT_4", "corridor_name": "MRT Fase 4 Fatmawati–TMII", "mode": "mrt", "node_type": "EXISTING_CONNECTION", "station_status": "interchange_existing", "station_confidence": "HIGH", "name_confidence": "high", "location_confidence": "high", "is_terminus": "ya", "is_interchange": "ya", "is_indicative": "tidak", "connected_corridors": "MRT_4", "connected_modes": "mrt", "status": "MASTERPLAN", "status_label": "Masterplan", "source": "MRT Jakarta Fase 4 concept", "source_year": 2024, "source_type": "OFFICIAL_MASTERPLAN", "station_source": "MRT Jakarta Fase 4 concept", "notes": "MRT existing", "coord_source": "existing_mrt", "rail_dist_m": 0.0, "color": "#E58A3A", "mode_filter": ",mrt,", "status_filter": ",MASTERPLAN,", "conf_filter": ",HIGH,"}}, {"type": "Feature", "id": "MRT_4-Antasari", "geometry": {"type": "Point", "coordinates": [106.80796747853532, -6.290784731478048]}, "properties": {"id": "MRT_4-Antasari", "station_id": "MRT_4-Antasari", "node_id": "MRT_4-Antasari", "name": "Antasari", "station_name": "Antasari", "corridor_id": "MRT_4", "corridor_name": "MRT Fase 4 Fatmawati–TMII", "mode": "mrt", "node_type": "STATION", "station_status": "rencana", "station_confidence": "HIGH", "name_confidence": "high", "location_confidence": "high", "is_terminus": "tidak", "is_interchange": "tidak", "is_indicative": "tidak", "connected_corridors": "MRT_4", "connected_modes": "mrt", "status": "MASTERPLAN", "status_label": "Masterplan", "source": "MRT Jakarta Fase 4 concept", "source_year": 2024, "source_type": "OFFICIAL_MASTERPLAN", "station_source": "MRT Jakarta Fase 4 concept", "notes": "", "coord_source": "corridor_F4_Antasari", "rail_dist_m": 0.0, "color": "#E58A3A", "mode_filter": ",mrt,", "status_filter": ",MASTERPLAN,", "conf_filter": ",HIGH,"}}, {"type": "Feature", "id": "MRT_4-Ampera", "geometry": {"type": "Point", "coordinates": [106.82152087460213, -6.287113692923853]}, "properties": {"id": "MRT_4-Ampera", "station_id": "MRT_4-Ampera", "node_id": "MRT_4-Ampera", "name": "Ampera", "station_name": "Ampera", "corridor_id": "MRT_4", "corridor_name": "MRT Fase 4 Fatmawati–TMII", "mode": "mrt", "node_type": "STATION", "station_status": "rencana", "station_confidence": "HIGH", "name_confidence": "high", "location_confidence": "high", "is_terminus": "tidak", "is_interchange": "tidak", "is_indicative": "tidak", "connected_corridors": "MRT_4", "connected_modes": "mrt", "status": "MASTERPLAN", "status_label": "Masterplan", "source": "MRT Jakarta Fase 4 concept", "source_year": 2024, "source_type": "OFFICIAL_MASTERPLAN", "station_source": "MRT Jakarta Fase 4 concept", "notes": "", "coord_source": "corridor_F4", "rail_dist_m": 0.0, "color": "#E58A3A", "mode_filter": ",mrt,", "status_filter": ",MASTERPLAN,", "conf_filter": ",HIGH,"}}, {"type": "Feature", "id": "MRT_4-Warung_Jati", "geometry": {"type": "Point", "coordinates": [106.83066307453487, -6.28201514034003]}, "properties": {"id": "MRT_4-Warung_Jati", "station_id": "MRT_4-Warung_Jati", "node_id": "MRT_4-Warung_Jati", "name": "Warung Jati", "station_name": "Warung Jati", "corridor_id": "MRT_4", "corridor_name": "MRT Fase 4 Fatmawati–TMII", "mode": "mrt", "node_type": "STATION", "station_status": "rencana", "station_confidence": "MEDIUM", "name_confidence": "medium", "location_confidence": "high", "is_terminus": "tidak", "is_interchange": "tidak", "is_indicative": "tidak", "connected_corridors": "MRT_4", "connected_modes": "mrt", "status": "MASTERPLAN", "status_label": "Masterplan", "source": "MRT Jakarta Fase 4 concept", "source_year": 2024, "source_type": "OFFICIAL_MASTERPLAN", "station_source": "MRT Jakarta Fase 4 concept", "notes": "", "coord_source": "corridor_F4", "rail_dist_m": 0.0, "color": "#E58A3A", "mode_filter": ",mrt,", "status_filter": ",MASTERPLAN,", "conf_filter": ",MEDIUM,"}}, {"type": "Feature", "id": "MRT_4-Tanjung_Barat", "geometry": {"type": "Point", "coordinates": [106.84087612911343, -6.307471521563165]}, "properties": {"id": "MRT_4-Tanjung_Barat", "station_id": "MRT_4-Tanjung_Barat", "node_id": "MRT_4-Tanjung_Barat", "name": "Tanjung Barat", "station_name": "Tanjung Barat", "corridor_id": "MRT_4", "corridor_name": "MRT Fase 4 Fatmawati–TMII", "mode": "mrt", "node_type": "STATION", "station_status": "rencana", "station_confidence": "HIGH", "name_confidence": "high", "location_confidence": "high", "is_terminus": "tidak", "is_interchange": "tidak", "is_indicative": "tidak", "connected_corridors": "MRT_4", "connected_modes": "mrt", "status": "MASTERPLAN", "status_label": "Masterplan", "source": "MRT Jakarta Fase 4 concept", "source_year": 2024, "source_type": "OFFICIAL_MASTERPLAN", "station_source": "MRT Jakarta Fase 4 concept", "notes": "dekat KRL Tanjung Barat", "coord_source": "existing_krl", "rail_dist_m": 0.0, "color": "#E58A3A", "mode_filter": ",mrt,", "status_filter": ",MASTERPLAN,", "conf_filter": ",HIGH,"}}, {"type": "Feature", "id": "MRT_4-Ranco", "geometry": {"type": "Point", "coordinates": [106.8520105784226, -6.308115640342189]}, "properties": {"id": "MRT_4-Ranco", "station_id": "MRT_4-Ranco", "node_id": "MRT_4-Ranco", "name": "Ranco", "station_name": "Ranco", "corridor_id": "MRT_4", "corridor_name": "MRT Fase 4 Fatmawati–TMII", "mode": "mrt", "node_type": "STATION", "station_status": "rencana", "station_confidence": "MEDIUM", "name_confidence": "medium", "location_confidence": "high", "is_terminus": "tidak", "is_interchange": "tidak", "is_indicative": "tidak", "connected_corridors": "MRT_4", "connected_modes": "mrt", "status": "MASTERPLAN", "status_label": "Masterplan", "source": "MRT Jakarta Fase 4 concept", "source_year": 2024, "source_type": "OFFICIAL_MASTERPLAN", "station_source": "MRT Jakarta Fase 4 concept", "notes": "", "coord_source": "corridor_F4", "rail_dist_m": 0.0, "color": "#E58A3A", "mode_filter": ",mrt,", "status_filter": ",MASTERPLAN,", "conf_filter": ",MEDIUM,"}}, {"type": "Feature", "id": "MRT_4-Raya_Bogor", "geometry": {"type": "Point", "coordinates": [106.86798270216728, -6.307415945923636]}, "properties": {"id": "MRT_4-Raya_Bogor", "station_id": "MRT_4-Raya_Bogor", "node_id": "MRT_4-Raya_Bogor", "name": "Raya Bogor", "station_name": "Raya Bogor", "corridor_id": "MRT_4", "corridor_name": "MRT Fase 4 Fatmawati–TMII", "mode": "mrt", "node_type": "STATION", "station_status": "rencana", "station_confidence": "MEDIUM", "name_confidence": "medium", "location_confidence": "high", "is_terminus": "tidak", "is_interchange": "tidak", "is_indicative": "tidak", "connected_corridors": "MRT_4", "connected_modes": "mrt", "status": "MASTERPLAN", "status_label": "Masterplan", "source": "MRT Jakarta Fase 4 concept", "source_year": 2024, "source_type": "OFFICIAL_MASTERPLAN", "station_source": "MRT Jakarta Fase 4 concept", "notes": "nomenklatur koridor, bukan Pasar Minggu", "coord_source": "corridor_F4", "rail_dist_m": 0.0, "color": "#E58A3A", "mode_filter": ",mrt,", "status_filter": ",MASTERPLAN,", "conf_filter": ",MEDIUM,"}}, {"type": "Feature", "id": "MRT_4-Tanah_Merdeka", "geometry": {"type": "Point", "coordinates": [106.87602864360895, -6.308815429341634]}, "properties": {"id": "MRT_4-Tanah_Merdeka", "station_id": "MRT_4-Tanah_Merdeka", "node_id": "MRT_4-Tanah_Merdeka", "name": "Tanah Merdeka", "station_name": "Tanah Merdeka", "corridor_id": "MRT_4", "corridor_name": "MRT Fase 4 Fatmawati–TMII", "mode": "mrt", "node_type": "STATION", "station_status": "rencana", "station_confidence": "MEDIUM", "name_confidence": "medium", "location_confidence": "high", "is_terminus": "tidak", "is_interchange": "tidak", "is_indicative": "tidak", "connected_corridors": "MRT_4", "connected_modes": "mrt", "status": "MASTERPLAN", "status_label": "Masterplan", "source": "MRT Jakarta Fase 4 concept", "source_year": 2024, "source_type": "OFFICIAL_MASTERPLAN", "station_source": "MRT Jakarta Fase 4 concept", "notes": "", "coord_source": "corridor_F4", "rail_dist_m": 0.0, "color": "#E58A3A", "mode_filter": ",mrt,", "status_filter": ",MASTERPLAN,", "conf_filter": ",MEDIUM,"}}, {"type": "Feature", "id": "MRT_4-Kampung_Rambutan", "geometry": {"type": "Point", "coordinates": [106.88265934456784, -6.308149067765508]}, "properties": {"id": "MRT_4-Kampung_Rambutan", "station_id": "MRT_4-Kampung_Rambutan", "node_id": "MRT_4-Kampung_Rambutan", "name": "Kampung Rambutan", "station_name": "Kampung Rambutan", "corridor_id": "MRT_4", "corridor_name": "MRT Fase 4 Fatmawati–TMII", "mode": "mrt", "node_type": "EXISTING_CONNECTION", "station_status": "interchange_existing", "station_confidence": "HIGH", "name_confidence": "high", "location_confidence": "high", "is_terminus": "tidak", "is_interchange": "ya", "is_indicative": "tidak", "connected_corridors": "MRT_4", "connected_modes": "mrt", "status": "MASTERPLAN", "status_label": "Masterplan", "source": "MRT Jakarta Fase 4 concept", "source_year": 2024, "source_type": "OFFICIAL_MASTERPLAN", "station_source": "MRT Jakarta Fase 4 concept", "notes": "interchange LRT Jabodebek", "coord_source": "existing_lrt", "rail_dist_m": 0.0, "color": "#E58A3A", "mode_filter": ",mrt,", "status_filter": ",MASTERPLAN,", "conf_filter": ",HIGH,"}}, {"type": "Feature", "id": "MRT_4-TMII", "geometry": {"type": "Point", "coordinates": [106.8805779, -6.2929044]}, "properties": {"id": "MRT_4-TMII", "station_id": "MRT_4-TMII", "node_id": "MRT_4-TMII", "name": "TMII", "station_name": "TMII", "corridor_id": "MRT_4", "corridor_name": "MRT Fase 4 Fatmawati–TMII", "mode": "mrt", "node_type": "EXISTING_CONNECTION", "station_status": "interchange_existing", "station_confidence": "HIGH", "name_confidence": "high", "location_confidence": "high", "is_terminus": "ya", "is_interchange": "ya", "is_indicative": "tidak", "connected_corridors": "MRT_4", "connected_modes": "mrt", "status": "MASTERPLAN", "status_label": "Masterplan", "source": "MRT Jakarta Fase 4 concept", "source_year": 2024, "source_type": "OFFICIAL_MASTERPLAN", "station_source": "MRT Jakarta Fase 4 concept", "notes": "LRT Jabodebek", "coord_source": "existing_lrt", "rail_dist_m": 0.0, "color": "#E58A3A", "mode_filter": ",mrt,", "status_filter": ",MASTERPLAN,", "conf_filter": ",HIGH,"}}, {"type": "Feature", "id": "LRT_JKT_1B-Velodrome", "geometry": {"type": "Point", "coordinates": [106.891218, -6.1919263]}, "properties": {"id": "LRT_JKT_1B-Velodrome", "station_id": "LRT_JKT_1B-Velodrome", "node_id": "LRT_JKT_1B-Velodrome", "name": "Velodrome", "station_name": "Velodrome", "corridor_id": "LRT_JKT_1B", "corridor_name": "LRT Jakarta 1B Velodrome–Manggarai", "mode": "lrt", "node_type": "EXISTING_CONNECTION", "station_status": "interchange_existing", "station_confidence": "HIGH", "name_confidence": "high", "location_confidence": "high", "is_terminus": "ya", "is_interchange": "ya", "is_indicative": "tidak", "connected_corridors": "LRT_JKT_1B,LRT_JKT_2B", "connected_modes": "lrt", "status": "CONSTRUCTION", "status_label": "Masterplan", "source": "PT LRT Jakarta", "source_year": 2025, "source_type": "OFFICIAL_OPERATOR", "station_source": "PT LRT Jakarta", "notes": "LRT Jakarta S existing", "coord_source": "osm_lrt_jakarta", "rail_dist_m": 0.0, "color": "#E58A3A", "mode_filter": ",lrt,", "status_filter": ",CONSTRUCTION,", "conf_filter": ",HIGH,"}}, {"type": "Feature", "id": "LRT_JKT_1B-Rawamangun", "geometry": {"type": "Point", "coordinates": [106.88596922370658, -6.1948065139738295]}, "properties": {"id": "LRT_JKT_1B-Rawamangun", "station_id": "LRT_JKT_1B-Rawamangun", "node_id": "LRT_JKT_1B-Rawamangun", "name": "Rawamangun", "station_name": "Rawamangun", "corridor_id": "LRT_JKT_1B", "corridor_name": "LRT Jakarta 1B Velodrome–Manggarai", "mode": "lrt", "node_type": "STATION", "station_status": "rencana", "station_confidence": "HIGH", "name_confidence": "high", "location_confidence": "high", "is_terminus": "tidak", "is_interchange": "tidak", "is_indicative": "tidak", "connected_corridors": "LRT_JKT_1B", "connected_modes": "lrt", "status": "CONSTRUCTION", "status_label": "Masterplan", "source": "PT LRT Jakarta", "source_year": 2025, "source_type": "OFFICIAL_OPERATOR", "station_source": "PT LRT Jakarta", "notes": "Pemuda Barat / Rawamangun", "coord_source": "corridor_1B_Pemuda", "rail_dist_m": 0.0, "color": "#E58A3A", "mode_filter": ",lrt,", "status_filter": ",CONSTRUCTION,", "conf_filter": ",HIGH,"}}, {"type": "Feature", "id": "LRT_JKT_1B-Pramuka_BPKP", "geometry": {"type": "Point", "coordinates": [106.8720174777484, -6.196151829490569]}, "properties": {"id": "LRT_JKT_1B-Pramuka_BPKP", "station_id": "LRT_JKT_1B-Pramuka_BPKP", "node_id": "LRT_JKT_1B-Pramuka_BPKP", "name": "Pramuka BPKP", "station_name": "Pramuka BPKP", "corridor_id": "LRT_JKT_1B", "corridor_name": "LRT Jakarta 1B Velodrome–Manggarai", "mode": "lrt", "node_type": "STATION", "station_status": "rencana", "station_confidence": "HIGH", "name_confidence": "high", "location_confidence": "high", "is_terminus": "tidak", "is_interchange": "tidak", "is_indicative": "tidak", "connected_corridors": "LRT_JKT_1B", "connected_modes": "lrt", "status": "CONSTRUCTION", "status_label": "Masterplan", "source": "PT LRT Jakarta", "source_year": 2025, "source_type": "OFFICIAL_OPERATOR", "station_source": "PT LRT Jakarta", "notes": "", "coord_source": "corridor_1B_Pramuka", "rail_dist_m": 0.0, "color": "#E58A3A", "mode_filter": ",lrt,", "status_filter": ",CONSTRUCTION,", "conf_filter": ",HIGH,"}}, {"type": "Feature", "id": "LRT_JKT_1B-Pasar_Pramuka", "geometry": {"type": "Point", "coordinates": [106.86077582579107, -6.1990886958635185]}, "properties": {"id": "LRT_JKT_1B-Pasar_Pramuka", "station_id": "LRT_JKT_1B-Pasar_Pramuka", "node_id": "LRT_JKT_1B-Pasar_Pramuka", "name": "Pasar Pramuka", "station_name": "Pasar Pramuka", "corridor_id": "LRT_JKT_1B", "corridor_name": "LRT Jakarta 1B Velodrome–Manggarai", "mode": "lrt", "node_type": "STATION", "station_status": "rencana", "station_confidence": "HIGH", "name_confidence": "high", "location_confidence": "high", "is_terminus": "tidak", "is_interchange": "tidak", "is_indicative": "tidak", "connected_corridors": "LRT_JKT_1B", "connected_modes": "lrt", "status": "CONSTRUCTION", "status_label": "Masterplan", "source": "PT LRT Jakarta", "source_year": 2025, "source_type": "OFFICIAL_OPERATOR", "station_source": "PT LRT Jakarta", "notes": "", "coord_source": "corridor_1B_Pramuka", "rail_dist_m": 0.0, "color": "#E58A3A", "mode_filter": ",lrt,", "status_filter": ",CONSTRUCTION,", "conf_filter": ",HIGH,"}}, {"type": "Feature", "id": "LRT_JKT_1B-Matraman", "geometry": {"type": "Point", "coordinates": [106.85736397438049, -6.205525155418672]}, "properties": {"id": "LRT_JKT_1B-Matraman", "station_id": "LRT_JKT_1B-Matraman", "node_id": "LRT_JKT_1B-Matraman", "name": "Matraman", "station_name": "Matraman", "corridor_id": "LRT_JKT_1B", "corridor_name": "LRT Jakarta 1B Velodrome–Manggarai", "mode": "lrt", "node_type": "STATION", "station_status": "rencana", "station_confidence": "HIGH", "name_confidence": "high", "location_confidence": "high", "is_terminus": "tidak", "is_interchange": "tidak", "is_indicative": "tidak", "connected_corridors": "LRT_JKT_1B", "connected_modes": "lrt", "status": "CONSTRUCTION", "status_label": "Masterplan", "source": "PT LRT Jakarta", "source_year": 2025, "source_type": "OFFICIAL_OPERATOR", "station_source": "PT LRT Jakarta", "notes": "dekat KRL Matraman", "coord_source": "corridor_1B_Pramuka", "rail_dist_m": 0.0, "color": "#E58A3A", "mode_filter": ",lrt,", "status_filter": ",CONSTRUCTION,", "conf_filter": ",HIGH,"}}, {"type": "Feature", "id": "LRT_JKT_1B-Manggarai", "geometry": {"type": "Point", "coordinates": [106.8502457, -6.2110955]}, "properties": {"id": "LRT_JKT_1B-Manggarai", "station_id": "LRT_JKT_1B-Manggarai", "node_id": "LRT_JKT_1B-Manggarai", "name": "Manggarai", "station_name": "Manggarai", "corridor_id": "LRT_JKT_1B", "corridor_name": "LRT Jakarta 1B Velodrome–Manggarai", "mode": "lrt", "node_type": "EXISTING_CONNECTION", "station_status": "interchange_existing", "station_confidence": "HIGH", "name_confidence": "high", "location_confidence": "high", "is_terminus": "ya", "is_interchange": "ya", "is_indicative": "tidak", "connected_corridors": "LRT_JKT_1B,LRT_JKT_1C", "connected_modes": "lrt", "status": "CONSTRUCTION", "status_label": "Masterplan", "source": "PT LRT Jakarta", "source_year": 2025, "source_type": "OFFICIAL_OPERATOR", "station_source": "PT LRT Jakarta", "notes": "KRL Manggarai", "coord_source": "existing_krl", "rail_dist_m": 0.0, "color": "#E58A3A", "mode_filter": ",lrt,", "status_filter": ",CONSTRUCTION,", "conf_filter": ",HIGH,"}}, {"type": "Feature", "id": "LRT_JKT_1C-Manggarai", "geometry": {"type": "Point", "coordinates": [106.8502457, -6.2110955]}, "properties": {"id": "LRT_JKT_1C-Manggarai", "station_id": "LRT_JKT_1C-Manggarai", "node_id": "LRT_JKT_1C-Manggarai", "name": "Manggarai", "station_name": "Manggarai", "corridor_id": "LRT_JKT_1C", "corridor_name": "LRT Jakarta 1C Manggarai–Dukuh Atas", "mode": "lrt", "node_type": "EXISTING_CONNECTION", "station_status": "interchange_existing", "station_confidence": "HIGH", "name_confidence": "high", "location_confidence": "high", "is_terminus": "ya", "is_interchange": "ya", "is_indicative": "tidak", "connected_corridors": "LRT_JKT_1B,LRT_JKT_1C", "connected_modes": "lrt", "status": "PLANNED", "status_label": "Masterplan", "source": "PT LRT Jakarta", "source_year": 2024, "source_type": "OFFICIAL_MASTERPLAN", "station_source": "PT LRT Jakarta", "notes": "", "coord_source": "existing_krl", "rail_dist_m": 0.0, "color": "#E58A3A", "mode_filter": ",lrt,", "status_filter": ",PLANNED,", "conf_filter": ",HIGH,"}}, {"type": "Feature", "id": "LRT_JKT_1C-Dukuh_Atas_BNI", "geometry": {"type": "Point", "coordinates": [106.8255355, -6.2048049]}, "properties": {"id": "LRT_JKT_1C-Dukuh_Atas_BNI", "station_id": "LRT_JKT_1C-Dukuh_Atas_BNI", "node_id": "LRT_JKT_1C-Dukuh_Atas_BNI", "name": "Dukuh Atas BNI", "station_name": "Dukuh Atas BNI", "corridor_id": "LRT_JKT_1C", "corridor_name": "LRT Jakarta 1C Manggarai–Dukuh Atas", "mode": "lrt", "node_type": "EXISTING_CONNECTION", "station_status": "interchange_existing", "station_confidence": "HIGH", "name_confidence": "high", "location_confidence": "high", "is_terminus": "ya", "is_interchange": "ya", "is_indicative": "tidak", "connected_corridors": "LRT_JKT_1C", "connected_modes": "lrt", "status": "PLANNED", "status_label": "Masterplan", "source": "PT LRT Jakarta", "source_year": 2024, "source_type": "OFFICIAL_MASTERPLAN", "station_source": "PT LRT Jakarta", "notes": "LRT Jabodebek existing; jangan invent stasiun antara", "coord_source": "existing_lrt", "rail_dist_m": 0.0, "color": "#E58A3A", "mode_filter": ",lrt,", "status_filter": ",PLANNED,", "conf_filter": ",HIGH,"}}, {"type": "Feature", "id": "LRT_JKT_2A-Kelapa_Gading", "geometry": {"type": "Point", "coordinates": [106.9141377, -6.1572054]}, "properties": {"id": "LRT_JKT_2A-Kelapa_Gading", "station_id": "LRT_JKT_2A-Kelapa_Gading", "node_id": "LRT_JKT_2A-Kelapa_Gading", "name": "Kelapa Gading", "station_name": "Kelapa Gading", "corridor_id": "LRT_JKT_2A", "corridor_name": "LRT Jakarta 2A Kelapa Gading–JIS", "mode": "lrt", "node_type": "EXISTING_CONNECTION", "station_status": "interchange_existing", "station_confidence": "HIGH", "name_confidence": "high", "location_confidence": "high", "is_terminus": "ya", "is_interchange": "ya", "is_indicative": "tidak", "connected_corridors": "LRT_JKT_2A", "connected_modes": "lrt", "status": "PLANNED", "status_label": "Masterplan", "source": "PT LRT Jakarta", "source_year": 2024, "source_type": "OFFICIAL_MASTERPLAN", "station_source": "PT LRT Jakarta", "notes": "LRT Jakarta S terminus", "coord_source": "osm_lrt_jakarta", "rail_dist_m": 0.0, "color": "#E58A3A", "mode_filter": ",lrt,", "status_filter": ",PLANNED,", "conf_filter": ",HIGH,"}}, {"type": "Feature", "id": "LRT_JKT_2A-Kelapa_Nias", "geometry": {"type": "Point", "coordinates": [106.90616896688115, -6.152756047422499]}, "properties": {"id": "LRT_JKT_2A-Kelapa_Nias", "station_id": "LRT_JKT_2A-Kelapa_Nias", "node_id": "LRT_JKT_2A-Kelapa_Nias", "name": "Kelapa Nias", "station_name": "Kelapa Nias", "corridor_id": "LRT_JKT_2A", "corridor_name": "LRT Jakarta 2A Kelapa Gading–JIS", "mode": "lrt", "node_type": "STATION", "station_status": "rencana", "station_confidence": "MEDIUM", "name_confidence": "medium", "location_confidence": "high", "is_terminus": "tidak", "is_interchange": "tidak", "is_indicative": "tidak", "connected_corridors": "LRT_JKT_2A", "connected_modes": "lrt", "status": "PLANNED", "status_label": "Masterplan", "source": "PT LRT Jakarta", "source_year": 2024, "source_type": "OFFICIAL_MASTERPLAN", "station_source": "PT LRT Jakarta", "notes": "", "coord_source": "corridor_2A_boulevard", "rail_dist_m": 0.0, "color": "#E58A3A", "mode_filter": ",lrt,", "status_filter": ",PLANNED,", "conf_filter": ",MEDIUM,"}}, {"type": "Feature", "id": "LRT_JKT_2A-Boulevard_Gading", "geometry": {"type": "Point", "coordinates": [106.89824799796072, -6.145778997705823]}, "properties": {"id": "LRT_JKT_2A-Boulevard_Gading", "station_id": "LRT_JKT_2A-Boulevard_Gading", "node_id": "LRT_JKT_2A-Boulevard_Gading", "name": "Boulevard Gading", "station_name": "Boulevard Gading", "corridor_id": "LRT_JKT_2A", "corridor_name": "LRT Jakarta 2A Kelapa Gading–JIS", "mode": "lrt", "node_type": "STATION", "station_status": "rencana", "station_confidence": "MEDIUM", "name_confidence": "medium", "location_confidence": "high", "is_terminus": "tidak", "is_interchange": "tidak", "is_indicative": "tidak", "connected_corridors": "LRT_JKT_2A", "connected_modes": "lrt", "status": "PLANNED", "status_label": "Masterplan", "source": "PT LRT Jakarta", "source_year": 2024, "source_type": "OFFICIAL_MASTERPLAN", "station_source": "PT LRT Jakarta", "notes": "", "coord_source": "corridor_2A", "rail_dist_m": 0.0, "color": "#E58A3A", "mode_filter": ",lrt,", "status_filter": ",PLANNED,", "conf_filter": ",MEDIUM,"}}, {"type": "Feature", "id": "LRT_JKT_2A-Sunter_Timur", "geometry": {"type": "Point", "coordinates": [106.88985040225403, -6.135122713866038]}, "properties": {"id": "LRT_JKT_2A-Sunter_Timur", "station_id": "LRT_JKT_2A-Sunter_Timur", "node_id": "LRT_JKT_2A-Sunter_Timur", "name": "Sunter Timur", "station_name": "Sunter Timur", "corridor_id": "LRT_JKT_2A", "corridor_name": "LRT Jakarta 2A Kelapa Gading–JIS", "mode": "lrt", "node_type": "STATION", "station_status": "rencana", "station_confidence": "MEDIUM", "name_confidence": "medium", "location_confidence": "high", "is_terminus": "tidak", "is_interchange": "tidak", "is_indicative": "tidak", "connected_corridors": "LRT_JKT_2A", "connected_modes": "lrt", "status": "PLANNED", "status_label": "Masterplan", "source": "PT LRT Jakarta", "source_year": 2024, "source_type": "OFFICIAL_MASTERPLAN", "station_source": "PT LRT Jakarta", "notes": "", "coord_source": "corridor_2A_Yos_Sudarso", "rail_dist_m": 0.0, "color": "#E58A3A", "mode_filter": ",lrt,", "status_filter": ",PLANNED,", "conf_filter": ",MEDIUM,"}}, {"type": "Feature", "id": "LRT_JKT_2A-Gelanggang_Remaja", "geometry": {"type": "Point", "coordinates": [106.87969205024514, -6.124363242708367]}, "properties": {"id": "LRT_JKT_2A-Gelanggang_Remaja", "station_id": "LRT_JKT_2A-Gelanggang_Remaja", "node_id": "LRT_JKT_2A-Gelanggang_Remaja", "name": "Gelanggang Remaja", "station_name": "Gelanggang Remaja", "corridor_id": "LRT_JKT_2A", "corridor_name": "LRT Jakarta 2A Kelapa Gading–JIS", "mode": "lrt", "node_type": "STATION", "station_status": "rencana", "station_confidence": "MEDIUM", "name_confidence": "medium", "location_confidence": "high", "is_terminus": "tidak", "is_interchange": "tidak", "is_indicative": "tidak", "connected_corridors": "LRT_JKT_2A", "connected_modes": "lrt", "status": "PLANNED", "status_label": "Masterplan", "source": "PT LRT Jakarta", "source_year": 2024, "source_type": "OFFICIAL_MASTERPLAN", "station_source": "PT LRT Jakarta", "notes": "", "coord_source": "corridor_2A", "rail_dist_m": 0.0, "color": "#E58A3A", "mode_filter": ",lrt,", "status_filter": ",PLANNED,", "conf_filter": ",MEDIUM,"}}, {"type": "Feature", "id": "LRT_JKT_2A-Sunter_Barat", "geometry": {"type": "Point", "coordinates": [106.87009166026017, -6.119635342621934]}, "properties": {"id": "LRT_JKT_2A-Sunter_Barat", "station_id": "LRT_JKT_2A-Sunter_Barat", "node_id": "LRT_JKT_2A-Sunter_Barat", "name": "Sunter Barat", "station_name": "Sunter Barat", "corridor_id": "LRT_JKT_2A", "corridor_name": "LRT Jakarta 2A Kelapa Gading–JIS", "mode": "lrt", "node_type": "STATION", "station_status": "rencana", "station_confidence": "MEDIUM", "name_confidence": "medium", "location_confidence": "high", "is_terminus": "tidak", "is_interchange": "tidak", "is_indicative": "tidak", "connected_corridors": "LRT_JKT_2A", "connected_modes": "lrt", "status": "PLANNED", "status_label": "Masterplan", "source": "PT LRT Jakarta", "source_year": 2024, "source_type": "OFFICIAL_MASTERPLAN", "station_source": "PT LRT Jakarta", "notes": "", "coord_source": "corridor_2A", "rail_dist_m": 0.0, "color": "#E58A3A", "mode_filter": ",lrt,", "status_filter": ",PLANNED,", "conf_filter": ",MEDIUM,"}}, {"type": "Feature", "id": "LRT_JKT_2A-JIS", "geometry": {"type": "Point", "coordinates": [106.86096, -6.12507]}, "properties": {"id": "LRT_JKT_2A-JIS", "station_id": "LRT_JKT_2A-JIS", "node_id": "LRT_JKT_2A-JIS", "name": "JIS", "station_name": "JIS", "corridor_id": "LRT_JKT_2A", "corridor_name": "LRT Jakarta 2A Kelapa Gading–JIS", "mode": "lrt", "node_type": "STATION", "station_status": "rencana", "station_confidence": "HIGH", "name_confidence": "high", "location_confidence": "high", "is_terminus": "ya", "is_interchange": "ya", "is_indicative": "tidak", "connected_corridors": "LRT_JKT_2A,LRT_JKT_3A", "connected_modes": "lrt", "status": "PLANNED", "status_label": "Masterplan", "source": "PT LRT Jakarta", "source_year": 2024, "source_type": "OFFICIAL_MASTERPLAN", "station_source": "PT LRT Jakarta", "notes": "Danau Sunter Barat / JIS", "coord_source": "JIS_stadium", "rail_dist_m": 0.0, "color": "#E58A3A", "mode_filter": ",lrt,", "status_filter": ",PLANNED,", "conf_filter": ",HIGH,"}}, {"type": "Feature", "id": "LRT_JKT_2B-Velodrome", "geometry": {"type": "Point", "coordinates": [106.891218, -6.1919263]}, "properties": {"id": "LRT_JKT_2B-Velodrome", "station_id": "LRT_JKT_2B-Velodrome", "node_id": "LRT_JKT_2B-Velodrome", "name": "Velodrome", "station_name": "Velodrome", "corridor_id": "LRT_JKT_2B", "corridor_name": "LRT Jakarta 2B Velodrome–Klender", "mode": "lrt", "node_type": "EXISTING_CONNECTION", "station_status": "interchange_existing", "station_confidence": "HIGH", "name_confidence": "high", "location_confidence": "high", "is_terminus": "ya", "is_interchange": "ya", "is_indicative": "tidak", "connected_corridors": "LRT_JKT_1B,LRT_JKT_2B", "connected_modes": "lrt", "status": "PLANNED", "status_label": "Masterplan", "source": "PT LRT Jakarta", "source_year": 2024, "source_type": "OFFICIAL_MASTERPLAN", "station_source": "PT LRT Jakarta", "notes": "", "coord_source": "osm_lrt_jakarta", "rail_dist_m": 0.0, "color": "#E58A3A", "mode_filter": ",lrt,", "status_filter": ",PLANNED,", "conf_filter": ",HIGH,"}}, {"type": "Feature", "id": "LRT_JKT_2B-Kayu_Putih", "geometry": {"type": "Point", "coordinates": [106.90418079285948, -6.196059674507881]}, "properties": {"id": "LRT_JKT_2B-Kayu_Putih", "station_id": "LRT_JKT_2B-Kayu_Putih", "node_id": "LRT_JKT_2B-Kayu_Putih", "name": "Kayu Putih", "station_name": "Kayu Putih", "corridor_id": "LRT_JKT_2B", "corridor_name": "LRT Jakarta 2B Velodrome–Klender", "mode": "lrt", "node_type": "STATION", "station_status": "rencana", "station_confidence": "LOW", "name_confidence": "low", "location_confidence": "high", "is_terminus": "tidak", "is_interchange": "tidak", "is_indicative": "ya", "connected_corridors": "LRT_JKT_2B", "connected_modes": "lrt", "status": "PLANNED", "status_label": "Masterplan", "source": "PT LRT Jakarta", "source_year": 2024, "source_type": "OFFICIAL_MASTERPLAN", "station_source": "PT LRT Jakarta", "notes": "indikatif: kawasan Kayu Putih sepanjang Pemuda / Ngurah Rai; nama 4 stasiun resmi belum lengkap", "coord_source": "corridor_2B", "rail_dist_m": 0.0, "color": "#E58A3A", "mode_filter": ",lrt,", "status_filter": ",PLANNED,", "conf_filter": ",LOW,", "indicative_note": "Posisi stasiun merupakan rekonstruksi/indikasi spasial berdasarkan sumber perencanaan dan bukan penetapan stasiun resmi."}}, {"type": "Feature", "id": "LRT_JKT_2B-Pulogadung", "geometry": {"type": "Point", "coordinates": [106.90689918372982, -6.198861604370116]}, "properties": {"id": "LRT_JKT_2B-Pulogadung", "station_id": "LRT_JKT_2B-Pulogadung", "node_id": "LRT_JKT_2B-Pulogadung", "name": "Pulogadung", "station_name": "Pulogadung", "corridor_id": "LRT_JKT_2B", "corridor_name": "LRT Jakarta 2B Velodrome–Klender", "mode": "lrt", "node_type": "STATION", "station_status": "rencana", "station_confidence": "MEDIUM", "name_confidence": "low", "location_confidence": "high", "is_terminus": "tidak", "is_interchange": "tidak", "is_indicative": "ya", "connected_corridors": "LRT_JKT_2B", "connected_modes": "lrt", "status": "PLANNED", "status_label": "Masterplan", "source": "PT LRT Jakarta", "source_year": 2024, "source_type": "OFFICIAL_MASTERPLAN", "station_source": "PT LRT Jakarta", "notes": "indikatif: simpul Terminal Pulogadung / I Gusti Ngurah Rai", "coord_source": "corridor_2B_Ngurah_Rai", "rail_dist_m": 0.0, "color": "#E58A3A", "mode_filter": ",lrt,", "status_filter": ",PLANNED,", "conf_filter": ",MEDIUM,", "indicative_note": "Posisi stasiun merupakan rekonstruksi/indikasi spasial berdasarkan sumber perencanaan dan bukan penetapan stasiun resmi."}}, {"type": "Feature", "id": "LRT_JKT_2B-Klender", "geometry": {"type": "Point", "coordinates": [106.8986471, -6.2132396]}, "properties": {"id": "LRT_JKT_2B-Klender", "station_id": "LRT_JKT_2B-Klender", "node_id": "LRT_JKT_2B-Klender", "name": "Klender", "station_name": "Klender", "corridor_id": "LRT_JKT_2B", "corridor_name": "LRT Jakarta 2B Velodrome–Klender", "mode": "lrt", "node_type": "STATION", "station_status": "rencana", "station_confidence": "MEDIUM", "name_confidence": "medium", "location_confidence": "high", "is_terminus": "ya", "is_interchange": "ya", "is_indicative": "tidak", "connected_corridors": "LRT_JKT_2B,LRT_JKT_3B", "connected_modes": "lrt", "status": "PLANNED", "status_label": "Masterplan", "source": "PT LRT Jakarta", "source_year": 2024, "source_type": "OFFICIAL_MASTERPLAN", "station_source": "PT LRT Jakarta", "notes": "dekat KRL Klender; nama 4 stasiun belum lengkap", "coord_source": "existing_krl", "rail_dist_m": 0.0, "color": "#E58A3A", "mode_filter": ",lrt,", "status_filter": ",PLANNED,", "conf_filter": ",MEDIUM,"}}, {"type": "Feature", "id": "LRT_JKT_3A-JIS", "geometry": {"type": "Point", "coordinates": [106.86096, -6.12507]}, "properties": {"id": "LRT_JKT_3A-JIS", "station_id": "LRT_JKT_3A-JIS", "node_id": "LRT_JKT_3A-JIS", "name": "JIS", "station_name": "JIS", "corridor_id": "LRT_JKT_3A", "corridor_name": "LRT Jakarta 3A JIS–Rajawali", "mode": "lrt", "node_type": "EXISTING_CONNECTION", "station_status": "interchange_existing", "station_confidence": "HIGH", "name_confidence": "high", "location_confidence": "high", "is_terminus": "ya", "is_interchange": "ya", "is_indicative": "tidak", "connected_corridors": "LRT_JKT_2A,LRT_JKT_3A", "connected_modes": "lrt", "status": "PLANNED", "status_label": "Masterplan", "source": "PT LRT Jakarta", "source_year": 2024, "source_type": "OFFICIAL_MASTERPLAN", "station_source": "PT LRT Jakarta", "notes": "", "coord_source": "JIS_stadium", "rail_dist_m": 0.0, "color": "#E58A3A", "mode_filter": ",lrt,", "status_filter": ",PLANNED,", "conf_filter": ",HIGH,"}}, {"type": "Feature", "id": "LRT_JKT_3A-Pademangan", "geometry": {"type": "Point", "coordinates": [106.83577924755654, -6.12697660195476]}, "properties": {"id": "LRT_JKT_3A-Pademangan", "station_id": "LRT_JKT_3A-Pademangan", "node_id": "LRT_JKT_3A-Pademangan", "name": "Pademangan", "station_name": "Pademangan", "corridor_id": "LRT_JKT_3A", "corridor_name": "LRT Jakarta 3A JIS–Rajawali", "mode": "lrt", "node_type": "STATION", "station_status": "rencana", "station_confidence": "LOW", "name_confidence": "low", "location_confidence": "high", "is_terminus": "tidak", "is_interchange": "tidak", "is_indicative": "ya", "connected_corridors": "LRT_JKT_3A", "connected_modes": "lrt", "status": "PLANNED", "status_label": "Masterplan", "source": "PT LRT Jakarta", "source_year": 2024, "source_type": "OFFICIAL_MASTERPLAN", "station_source": "PT LRT Jakarta", "notes": "indikatif: kawasan Sunter / Pademangan — bukan nama station final", "coord_source": "corridor_3A", "rail_dist_m": 0.0, "color": "#E58A3A", "mode_filter": ",lrt,", "status_filter": ",PLANNED,", "conf_filter": ",LOW,", "indicative_note": "Posisi stasiun merupakan rekonstruksi/indikasi spasial berdasarkan sumber perencanaan dan bukan penetapan stasiun resmi."}}, {"type": "Feature", "id": "LRT_JKT_3A-Gunung_Sahari", "geometry": {"type": "Point", "coordinates": [106.83093397061805, -6.1329718769996635]}, "properties": {"id": "LRT_JKT_3A-Gunung_Sahari", "station_id": "LRT_JKT_3A-Gunung_Sahari", "node_id": "LRT_JKT_3A-Gunung_Sahari", "name": "Gunung Sahari", "station_name": "Gunung Sahari", "corridor_id": "LRT_JKT_3A", "corridor_name": "LRT Jakarta 3A JIS–Rajawali", "mode": "lrt", "node_type": "STATION", "station_status": "rencana", "station_confidence": "LOW", "name_confidence": "low", "location_confidence": "high", "is_terminus": "tidak", "is_interchange": "tidak", "is_indicative": "ya", "connected_corridors": "LRT_JKT_3A", "connected_modes": "lrt", "status": "PLANNED", "status_label": "Masterplan", "source": "PT LRT Jakarta", "source_year": 2024, "source_type": "OFFICIAL_MASTERPLAN", "station_source": "PT LRT Jakarta", "notes": "indikatif: koridor Jalan Gunung Sahari Raya", "coord_source": "corridor_3A", "rail_dist_m": 0.0, "color": "#E58A3A", "mode_filter": ",lrt,", "status_filter": ",PLANNED,", "conf_filter": ",LOW,", "indicative_note": "Posisi stasiun merupakan rekonstruksi/indikasi spasial berdasarkan sumber perencanaan dan bukan penetapan stasiun resmi."}}, {"type": "Feature", "id": "LRT_JKT_3A-Rajawali", "geometry": {"type": "Point", "coordinates": [106.8371821, -6.1463115]}, "properties": {"id": "LRT_JKT_3A-Rajawali", "station_id": "LRT_JKT_3A-Rajawali", "node_id": "LRT_JKT_3A-Rajawali", "name": "Rajawali", "station_name": "Rajawali", "corridor_id": "LRT_JKT_3A", "corridor_name": "LRT Jakarta 3A JIS–Rajawali", "mode": "lrt", "node_type": "STATION", "station_status": "rencana", "station_confidence": "MEDIUM", "name_confidence": "medium", "location_confidence": "high", "is_terminus": "ya", "is_interchange": "tidak", "is_indicative": "tidak", "connected_corridors": "LRT_JKT_3A", "connected_modes": "lrt", "status": "PLANNED", "status_label": "Masterplan", "source": "PT LRT Jakarta", "source_year": 2024, "source_type": "OFFICIAL_MASTERPLAN", "station_source": "PT LRT Jakarta", "notes": "dekat KRL Rajawali", "coord_source": "existing_krl", "rail_dist_m": 0.0, "color": "#E58A3A", "mode_filter": ",lrt,", "status_filter": ",PLANNED,", "conf_filter": ",MEDIUM,"}}, {"type": "Feature", "id": "LRT_JKT_3B-Klender", "geometry": {"type": "Point", "coordinates": [106.8986471, -6.2132396]}, "properties": {"id": "LRT_JKT_3B-Klender", "station_id": "LRT_JKT_3B-Klender", "node_id": "LRT_JKT_3B-Klender", "name": "Klender", "station_name": "Klender", "corridor_id": "LRT_JKT_3B", "corridor_name": "LRT Jakarta 3B Klender–Halim", "mode": "lrt", "node_type": "EXISTING_CONNECTION", "station_status": "interchange_existing", "station_confidence": "HIGH", "name_confidence": "high", "location_confidence": "high", "is_terminus": "ya", "is_interchange": "ya", "is_indicative": "tidak", "connected_corridors": "LRT_JKT_2B,LRT_JKT_3B", "connected_modes": "lrt", "status": "PLANNED", "status_label": "Masterplan", "source": "PT LRT Jakarta", "source_year": 2024, "source_type": "OFFICIAL_MASTERPLAN", "station_source": "PT LRT Jakarta", "notes": "", "coord_source": "existing_krl", "rail_dist_m": 0.0, "color": "#E58A3A", "mode_filter": ",lrt,", "status_filter": ",PLANNED,", "conf_filter": ",HIGH,"}}, {"type": "Feature", "id": "LRT_JKT_3B-Pondok_Bambu", "geometry": {"type": "Point", "coordinates": [106.89987330435282, -6.2370125487679395]}, "properties": {"id": "LRT_JKT_3B-Pondok_Bambu", "station_id": "LRT_JKT_3B-Pondok_Bambu", "node_id": "LRT_JKT_3B-Pondok_Bambu", "name": "Pondok Bambu", "station_name": "Pondok Bambu", "corridor_id": "LRT_JKT_3B", "corridor_name": "LRT Jakarta 3B Klender–Halim", "mode": "lrt", "node_type": "STATION", "station_status": "rencana", "station_confidence": "MEDIUM", "name_confidence": "medium", "location_confidence": "high", "is_terminus": "tidak", "is_interchange": "tidak", "is_indicative": "tidak", "connected_corridors": "LRT_JKT_3B", "connected_modes": "lrt", "status": "PLANNED", "status_label": "Masterplan", "source": "PT LRT Jakarta", "source_year": 2024, "source_type": "OFFICIAL_MASTERPLAN", "station_source": "PT LRT Jakarta", "notes": "", "coord_source": "corridor_3B", "rail_dist_m": 0.0, "color": "#E58A3A", "mode_filter": ",lrt,", "status_filter": ",PLANNED,", "conf_filter": ",MEDIUM,"}}, {"type": "Feature", "id": "LRT_JKT_3B-Halim", "geometry": {"type": "Point", "coordinates": [106.8872795, -6.245852]}, "properties": {"id": "LRT_JKT_3B-Halim", "station_id": "LRT_JKT_3B-Halim", "node_id": "LRT_JKT_3B-Halim", "name": "Halim", "station_name": "Halim", "corridor_id": "LRT_JKT_3B", "corridor_name": "LRT Jakarta 3B Klender–Halim", "mode": "lrt", "node_type": "EXISTING_CONNECTION", "station_status": "interchange_existing", "station_confidence": "HIGH", "name_confidence": "high", "location_confidence": "high", "is_terminus": "ya", "is_interchange": "ya", "is_indicative": "tidak", "connected_corridors": "LRT_JKT_3B", "connected_modes": "lrt", "status": "PLANNED", "status_label": "Masterplan", "source": "PT LRT Jakarta", "source_year": 2024, "source_type": "OFFICIAL_MASTERPLAN", "station_source": "PT LRT Jakarta", "notes": "LRT Jabodebek Halim — interchange candidate", "coord_source": "existing_lrt", "rail_dist_m": 0.0, "color": "#E58A3A", "mode_filter": ",lrt,", "status_filter": ",PLANNED,", "conf_filter": ",HIGH,"}}, {"type": "Feature", "id": "LRT_BOGOR-Harjamukti", "geometry": {"type": "Point", "coordinates": [106.8956864, -6.3738897]}, "properties": {"id": "LRT_BOGOR-Harjamukti", "station_id": "LRT_BOGOR-Harjamukti", "node_id": "LRT_BOGOR-Harjamukti", "name": "Harjamukti", "station_name": "Harjamukti", "corridor_id": "LRT_BOGOR", "corridor_name": "LRT Jabodebek perpanjangan Harjamukti–Baranangsiang", "mode": "lrt", "node_type": "EXISTING_CONNECTION", "station_status": "interchange_existing", "station_confidence": "HIGH", "name_confidence": "high", "location_confidence": "high", "is_terminus": "ya", "is_interchange": "ya", "is_indicative": "tidak", "connected_corridors": "LRT_09,LRT_BOGOR", "connected_modes": "lrt", "status": "UNDER_STUDY", "status_label": "Masterplan", "source": "Studi trase LRT Jabodebek Bogor", "source_year": 2022, "source_type": "OFFICIAL_MASTERPLAN", "station_source": "Studi trase LRT Jabodebek Bogor", "notes": "LRT Jabodebek existing terminus; jangan ulang Cawang–Harjamukti", "coord_source": "existing_lrt", "rail_dist_m": 0.0, "color": "#E58A3A", "mode_filter": ",lrt,", "status_filter": ",UNDER_STUDY,", "conf_filter": ",HIGH,"}}, {"type": "Feature", "id": "LRT_BOGOR-Cisalak", "geometry": {"type": "Point", "coordinates": [106.89210204000553, -6.379070709945715]}, "properties": {"id": "LRT_BOGOR-Cisalak", "station_id": "LRT_BOGOR-Cisalak", "node_id": "LRT_BOGOR-Cisalak", "name": "Cisalak", "station_name": "Cisalak", "corridor_id": "LRT_BOGOR", "corridor_name": "LRT Jabodebek perpanjangan Harjamukti–Baranangsiang", "mode": "lrt", "node_type": "STATION", "station_status": "rencana", "station_confidence": "LOW", "name_confidence": "low", "location_confidence": "high", "is_terminus": "tidak", "is_interchange": "tidak", "is_indicative": "ya", "connected_corridors": "LRT_BOGOR", "connected_modes": "lrt", "status": "UNDER_STUDY", "status_label": "Masterplan", "source": "Studi trase LRT Jabodebek Bogor", "source_year": 2022, "source_type": "OFFICIAL_MASTERPLAN", "station_source": "Studi trase LRT Jabodebek Bogor", "notes": "indikatif: simpang Jagorawi Cisalak", "coord_source": "corridor_bogor_jagorawi", "rail_dist_m": 0.0, "color": "#E58A3A", "mode_filter": ",lrt,", "status_filter": ",UNDER_STUDY,", "conf_filter": ",LOW,", "indicative_note": "Posisi stasiun merupakan rekonstruksi/indikasi spasial berdasarkan sumber perencanaan dan bukan penetapan stasiun resmi."}}, {"type": "Feature", "id": "LRT_BOGOR-Cimanggis", "geometry": {"type": "Point", "coordinates": [106.88955537202354, -6.38519212144459]}, "properties": {"id": "LRT_BOGOR-Cimanggis", "station_id": "LRT_BOGOR-Cimanggis", "node_id": "LRT_BOGOR-Cimanggis", "name": "Cimanggis", "station_name": "Cimanggis", "corridor_id": "LRT_BOGOR", "corridor_name": "LRT Jabodebek perpanjangan Harjamukti–Baranangsiang", "mode": "lrt", "node_type": "STATION", "station_status": "rencana", "station_confidence": "MEDIUM", "name_confidence": "medium", "location_confidence": "high", "is_terminus": "tidak", "is_interchange": "tidak", "is_indicative": "tidak", "connected_corridors": "LRT_BOGOR", "connected_modes": "lrt", "status": "UNDER_STUDY", "status_label": "Masterplan", "source": "Studi trase LRT Jabodebek Bogor", "source_year": 2022, "source_type": "OFFICIAL_MASTERPLAN", "station_source": "Studi trase LRT Jabodebek Bogor", "notes": "kawasan Cimanggis; nomenklatur dapat berubah", "coord_source": "corridor_bogor_jagorawi", "rail_dist_m": 0.0, "color": "#E58A3A", "mode_filter": ",lrt,", "status_filter": ",UNDER_STUDY,", "conf_filter": ",MEDIUM,"}}, {"type": "Feature", "id": "LRT_BOGOR-Gunung_Putri", "geometry": {"type": "Point", "coordinates": [106.88754180226839, -6.419409157215044]}, "properties": {"id": "LRT_BOGOR-Gunung_Putri", "station_id": "LRT_BOGOR-Gunung_Putri", "node_id": "LRT_BOGOR-Gunung_Putri", "name": "Gunung Putri", "station_name": "Gunung Putri", "corridor_id": "LRT_BOGOR", "corridor_name": "LRT Jabodebek perpanjangan Harjamukti–Baranangsiang", "mode": "lrt", "node_type": "STATION", "station_status": "rencana", "station_confidence": "MEDIUM", "name_confidence": "medium", "location_confidence": "high", "is_terminus": "tidak", "is_interchange": "tidak", "is_indicative": "tidak", "connected_corridors": "LRT_BOGOR", "connected_modes": "lrt", "status": "UNDER_STUDY", "status_label": "Masterplan", "source": "Studi trase LRT Jabodebek Bogor", "source_year": 2022, "source_type": "OFFICIAL_MASTERPLAN", "station_source": "Studi trase LRT Jabodebek Bogor", "notes": "kawasan Gunung Putri di koridor Jagorawi, bukan stasiun KRL existing", "coord_source": "corridor_bogor_jagorawi", "rail_dist_m": 0.0, "color": "#E58A3A", "mode_filter": ",lrt,", "status_filter": ",UNDER_STUDY,", "conf_filter": ",MEDIUM,"}}, {"type": "Feature", "id": "LRT_BOGOR-Cibinong", "geometry": {"type": "Point", "coordinates": [106.86962586460277, -6.468473590427965]}, "properties": {"id": "LRT_BOGOR-Cibinong", "station_id": "LRT_BOGOR-Cibinong", "node_id": "LRT_BOGOR-Cibinong", "name": "Cibinong", "station_name": "Cibinong", "corridor_id": "LRT_BOGOR", "corridor_name": "LRT Jabodebek perpanjangan Harjamukti–Baranangsiang", "mode": "lrt", "node_type": "STATION", "station_status": "rencana", "station_confidence": "MEDIUM", "name_confidence": "medium", "location_confidence": "high", "is_terminus": "tidak", "is_interchange": "tidak", "is_indicative": "tidak", "connected_corridors": "LRT_BOGOR", "connected_modes": "lrt", "status": "UNDER_STUDY", "status_label": "Masterplan", "source": "Studi trase LRT Jabodebek Bogor", "source_year": 2022, "source_type": "OFFICIAL_MASTERPLAN", "station_source": "Studi trase LRT Jabodebek Bogor", "notes": "kawasan Cibinong di Jagorawi; pertukaran kandidat dengan KRL cabang Nambo", "coord_source": "corridor_bogor_jagorawi", "rail_dist_m": 0.0, "color": "#E58A3A", "mode_filter": ",lrt,", "status_filter": ",UNDER_STUDY,", "conf_filter": ",MEDIUM,"}}, {"type": "Feature", "id": "LRT_BOGOR-Sirkuit_Sentul", "geometry": {"type": "Point", "coordinates": [106.85958981455319, -6.530127318085166]}, "properties": {"id": "LRT_BOGOR-Sirkuit_Sentul", "station_id": "LRT_BOGOR-Sirkuit_Sentul", "node_id": "LRT_BOGOR-Sirkuit_Sentul", "name": "Sirkuit Sentul", "station_name": "Sirkuit Sentul", "corridor_id": "LRT_BOGOR", "corridor_name": "LRT Jabodebek perpanjangan Harjamukti–Baranangsiang", "mode": "lrt", "node_type": "STATION", "station_status": "rencana", "station_confidence": "LOW", "name_confidence": "low", "location_confidence": "high", "is_terminus": "tidak", "is_interchange": "tidak", "is_indicative": "ya", "connected_corridors": "LRT_BOGOR", "connected_modes": "lrt", "status": "UNDER_STUDY", "status_label": "Masterplan", "source": "Studi trase LRT Jabodebek Bogor", "source_year": 2022, "source_type": "OFFICIAL_MASTERPLAN", "station_source": "Studi trase LRT Jabodebek Bogor", "notes": "indikatif: kawasan Sirkuit Sentul", "coord_source": "corridor_bogor", "rail_dist_m": 0.0, "color": "#E58A3A", "mode_filter": ",lrt,", "status_filter": ",UNDER_STUDY,", "conf_filter": ",LOW,", "indicative_note": "Posisi stasiun merupakan rekonstruksi/indikasi spasial berdasarkan sumber perencanaan dan bukan penetapan stasiun resmi."}}, {"type": "Feature", "id": "LRT_BOGOR-Sentul_City", "geometry": {"type": "Point", "coordinates": [106.85887994548942, -6.558977944337936]}, "properties": {"id": "LRT_BOGOR-Sentul_City", "station_id": "LRT_BOGOR-Sentul_City", "node_id": "LRT_BOGOR-Sentul_City", "name": "Sentul City", "station_name": "Sentul City", "corridor_id": "LRT_BOGOR", "corridor_name": "LRT Jabodebek perpanjangan Harjamukti–Baranangsiang", "mode": "lrt", "node_type": "STATION", "station_status": "rencana", "station_confidence": "LOW", "name_confidence": "low", "location_confidence": "high", "is_terminus": "tidak", "is_interchange": "tidak", "is_indicative": "ya", "connected_corridors": "LRT_BOGOR", "connected_modes": "lrt", "status": "UNDER_STUDY", "status_label": "Masterplan", "source": "Studi trase LRT Jabodebek Bogor", "source_year": 2022, "source_type": "OFFICIAL_MASTERPLAN", "station_source": "Studi trase LRT Jabodebek Bogor", "notes": "indikatif: kawasan Sentul City", "coord_source": "corridor_bogor", "rail_dist_m": 0.0, "color": "#E58A3A", "mode_filter": ",lrt,", "status_filter": ",UNDER_STUDY,", "conf_filter": ",LOW,", "indicative_note": "Posisi stasiun merupakan rekonstruksi/indikasi spasial berdasarkan sumber perencanaan dan bukan penetapan stasiun resmi."}}, {"type": "Feature", "id": "LRT_BOGOR-Baranangsiang", "geometry": {"type": "Point", "coordinates": [106.816, -6.601]}, "properties": {"id": "LRT_BOGOR-Baranangsiang", "station_id": "LRT_BOGOR-Baranangsiang", "node_id": "LRT_BOGOR-Baranangsiang", "name": "Baranangsiang", "station_name": "Baranangsiang", "corridor_id": "LRT_BOGOR", "corridor_name": "LRT Jabodebek perpanjangan Harjamukti–Baranangsiang", "mode": "lrt", "node_type": "STATION", "station_status": "rencana", "station_confidence": "MEDIUM", "name_confidence": "medium", "location_confidence": "high", "is_terminus": "ya", "is_interchange": "tidak", "is_indicative": "tidak", "connected_corridors": "LRT_BOGOR", "connected_modes": "lrt", "status": "UNDER_STUDY", "status_label": "Masterplan", "source": "Studi trase LRT Jabodebek Bogor", "source_year": 2022, "source_type": "OFFICIAL_MASTERPLAN", "station_source": "Studi trase LRT Jabodebek Bogor", "notes": "terminus Terminal Baranangsiang; UNDER STUDY", "coord_source": "terminus_terminal_baranangsiang", "rail_dist_m": 0.0, "color": "#E58A3A", "mode_filter": ",lrt,", "status_filter": ",UNDER_STUDY,", "conf_filter": ",MEDIUM,"}}, {"type": "Feature", "id": "LRT_09-Jagakarsa", "geometry": {"type": "Point", "coordinates": [106.8282, -6.33]}, "properties": {"id": "LRT_09-Jagakarsa", "station_id": "LRT_09-Jagakarsa", "node_id": "LRT_09-Jagakarsa", "name": "Jagakarsa", "station_name": "Jagakarsa", "corridor_id": "LRT_09", "corridor_name": "LRT 09 Jagakarsa–Cileungsi", "mode": "lrt", "node_type": "STATION", "station_status": "rencana", "station_confidence": "MEDIUM", "name_confidence": "medium", "location_confidence": "high", "is_terminus": "ya", "is_interchange": "tidak", "is_indicative": "tidak", "connected_corridors": "LRT_09", "connected_modes": "lrt", "status": "MASTERPLAN", "status_label": "Masterplan", "source": "Masterplan LRT koridor 09", "source_year": 2020, "source_type": "SECONDARY_REFERENCE", "station_source": "Masterplan LRT koridor 09", "notes": "terminus kawasan Jagakarsa", "coord_source": "corridor_09", "rail_dist_m": 0.0, "color": "#E58A3A", "mode_filter": ",lrt,", "status_filter": ",MASTERPLAN,", "conf_filter": ",MEDIUM,"}}, {"type": "Feature", "id": "LRT_09-Harjamukti", "geometry": {"type": "Point", "coordinates": [106.89699501912092, -6.370907618294909]}, "properties": {"id": "LRT_09-Harjamukti", "station_id": "LRT_09-Harjamukti", "node_id": "LRT_09-Harjamukti", "name": "Harjamukti", "station_name": "Harjamukti", "corridor_id": "LRT_09", "corridor_name": "LRT 09 Jagakarsa–Cileungsi", "mode": "lrt", "node_type": "EXISTING_CONNECTION", "station_status": "interchange_existing", "station_confidence": "HIGH", "name_confidence": "high", "location_confidence": "high", "is_terminus": "tidak", "is_interchange": "ya", "is_indicative": "tidak", "connected_corridors": "LRT_09,LRT_BOGOR", "connected_modes": "lrt", "status": "MASTERPLAN", "status_label": "Masterplan", "source": "Masterplan LRT koridor 09", "source_year": 2020, "source_type": "SECONDARY_REFERENCE", "station_source": "Masterplan LRT koridor 09", "notes": "kawasan Cibubur / Harjamukti — interchange LRT Jabodebek", "coord_source": "existing_lrt", "rail_dist_m": 0.0, "color": "#E58A3A", "mode_filter": ",lrt,", "status_filter": ",MASTERPLAN,", "conf_filter": ",HIGH,"}}, {"type": "Feature", "id": "LRT_09-Transyogi", "geometry": {"type": "Point", "coordinates": [106.9440026211858, -6.3879910048959925]}, "properties": {"id": "LRT_09-Transyogi", "station_id": "LRT_09-Transyogi", "node_id": "LRT_09-Transyogi", "name": "Transyogi", "station_name": "Transyogi", "corridor_id": "LRT_09", "corridor_name": "LRT 09 Jagakarsa–Cileungsi", "mode": "lrt", "node_type": "STATION", "station_status": "rencana", "station_confidence": "LOW", "name_confidence": "low", "location_confidence": "high", "is_terminus": "tidak", "is_interchange": "tidak", "is_indicative": "ya", "connected_corridors": "LRT_09", "connected_modes": "lrt", "status": "MASTERPLAN", "status_label": "Masterplan", "source": "Masterplan LRT koridor 09", "source_year": 2020, "source_type": "SECONDARY_REFERENCE", "station_source": "Masterplan LRT koridor 09", "notes": "indikatif: koridor Transyogi antara Cibubur dan Cileungsi", "coord_source": "corridor_09", "rail_dist_m": 0.0, "color": "#E58A3A", "mode_filter": ",lrt,", "status_filter": ",MASTERPLAN,", "conf_filter": ",LOW,", "indicative_note": "Posisi stasiun merupakan rekonstruksi/indikasi spasial berdasarkan sumber perencanaan dan bukan penetapan stasiun resmi."}}, {"type": "Feature", "id": "LRT_09-Nagrak", "geometry": {"type": "Point", "coordinates": [106.96800131062575, -6.394995502457583]}, "properties": {"id": "LRT_09-Nagrak", "station_id": "LRT_09-Nagrak", "node_id": "LRT_09-Nagrak", "name": "Nagrak", "station_name": "Nagrak", "corridor_id": "LRT_09", "corridor_name": "LRT 09 Jagakarsa–Cileungsi", "mode": "lrt", "node_type": "STATION", "station_status": "rencana", "station_confidence": "LOW", "name_confidence": "low", "location_confidence": "high", "is_terminus": "tidak", "is_interchange": "tidak", "is_indicative": "ya", "connected_corridors": "LRT_09", "connected_modes": "lrt", "status": "MASTERPLAN", "status_label": "Masterplan", "source": "Masterplan LRT koridor 09", "source_year": 2020, "source_type": "SECONDARY_REFERENCE", "station_source": "Masterplan LRT koridor 09", "notes": "indikatif: kawasan Nagrak (peta JUTPI koridor Depok–Cileungsi)", "coord_source": "corridor_09", "rail_dist_m": 0.0, "color": "#E58A3A", "mode_filter": ",lrt,", "status_filter": ",MASTERPLAN,", "conf_filter": ",LOW,", "indicative_note": "Posisi stasiun merupakan rekonstruksi/indikasi spasial berdasarkan sumber perencanaan dan bukan penetapan stasiun resmi."}}, {"type": "Feature", "id": "LRT_09-Cileungsi", "geometry": {"type": "Point", "coordinates": [106.992, -6.402]}, "properties": {"id": "LRT_09-Cileungsi", "station_id": "LRT_09-Cileungsi", "node_id": "LRT_09-Cileungsi", "name": "Cileungsi", "station_name": "Cileungsi", "corridor_id": "LRT_09", "corridor_name": "LRT 09 Jagakarsa–Cileungsi", "mode": "lrt", "node_type": "STATION", "station_status": "rencana", "station_confidence": "MEDIUM", "name_confidence": "medium", "location_confidence": "high", "is_terminus": "ya", "is_interchange": "ya", "is_indicative": "tidak", "connected_corridors": "LRT_09,OUTER_RING_RAIL", "connected_modes": "lrt,rail", "status": "MASTERPLAN", "status_label": "Masterplan", "source": "Masterplan LRT koridor 09", "source_year": 2020, "source_type": "SECONDARY_REFERENCE", "station_source": "Masterplan LRT koridor 09", "notes": "terminus kawasan Cileungsi", "coord_source": "corridor_outer_ring", "rail_dist_m": 0.0, "color": "#E58A3A", "mode_filter": ",lrt,", "status_filter": ",MASTERPLAN,", "conf_filter": ",MEDIUM,"}}]}