{"type": "FeatureCollection", "features": [{"type": "Feature", "id": "KRL_PP_CITAYAM-s01", "geometry": {"type": "LineString", "coordinates": [[106.568689, -6.3442507], [106.56933105645949, -6.344471122774739], [106.56997311291896, -6.3446915455494795], [106.57061516937844, -6.344911968324219], [106.57125722690604, -6.345132391465654], [106.57189928448742, -6.345352814625546], [106.57254134206877, -6.345573237785438], [106.57318339965013, -6.34579366094533], [106.57382545723151, -6.346014084105223], [106.57446751481287, -6.346234507265114], [106.5751095739956, -6.346454930974767], [106.57575163344718, -6.346675354776718], [106.57639369289876, -6.346895778578668], [106.57703575235034, -6.347116202380619], [106.57767781180192, -6.347336626182569], [106.5783198712535, -6.347557049984521], [106.57896193070508, -6.347777473786471], [106.57960399015666, -6.347997897588422], [106.58024604960823, -6.348218321390372], [106.58088811092603, -6.348438745833007], [106.58153017299675, -6.348659170534129], [106.58217223506747, -6.3488795952352515], [106.58281429713821, -6.349100019936374], [106.58345635920894, -6.349320444637497], [106.58409842127966, -6.349540869338619], [106.58474048335039, -6.349761294039742], [106.58538254542111, -6.349981718740865], [106.58602460749184, -6.3502021434419875], [106.58666666956256, -6.3504225681431095], [106.58730873163329, -6.350642992844232], [106.58795079370401, -6.350863417545355], [106.58858711401108, -6.351099199208232], [106.5892181543163, -6.351349102801441], [106.58984919462151, -6.351599006394651], [106.59048023492673, -6.351848909987861], [106.59111127523194, -6.35209881358107], [106.59174231553716, -6.35234871717428], [106.59237335584237, -6.352598620767489], [106.59300439614759, -6.352848524360699], [106.5936354364528, -6.353098427953908], [106.59426647675802, -6.353348331547118], [106.59489751706323, -6.3535982351403275], [106.59552855736845, -6.353848138733537], [106.59615959767366, -6.354098042326747], [106.59678576320707, -6.354359425179024], [106.59740606456184, -6.354634617175219], [106.59802636591661, -6.3549098091714145], [106.59864666727138, -6.35518500116761], [106.59926696862615, -6.355460193163805], [106.59970928682715, -6.355656424282354]]}, "properties": {"corridor_id": "KRL_PP_CITAYAM", "mode": "krl", "status": "MASTERPLAN", "status_label": "Masterplan", "source": "BPTJ Review Trase", "source_year": 2022, "source_type": "BPTJ_STUDY", "source_url": "https://bptj.dephub.go.id", "geometry_confidence": "MEDIUM", "alignment_confidence": "MEDIUM", "digitization_level": "L3", "digitization_method": "DOCUMENT_RECONSTRUCTION + ROAD_REFERENCE (DOCUMENT_RECONSTRUCTION)", "passenger_status": "PASSENGER_PROPOSED", "structure": "NOT_SPECIFIED", "color": "#E58A3A", "crs": "EPSG:4326", "geometry_source": "DOCUMENT", "disclaimer": "Geometri hasil digitasi/rekonstruksi spasial dari dokumen perencanaan. Bukan gambar DED.", "id": "KRL_PP_CITAYAM-s01", "segment_id": "KRL_PP_CITAYAM-s01", "sequence": 1, "from_node": "Parung Panjang", "to_node": "Dangdang", "name": "Parung Panjang–Citayam · Parung Panjang–Dangdang", "length_km": 3.657, "mode_filter": ",krl,", "status_filter": ",MASTERPLAN,", "conf_filter": ",MEDIUM,"}}, {"type": "Feature", "id": "KRL_PP_CITAYAM-s02", "geometry": {"type": "LineString", "coordinates": [[106.59970928682715, -6.355656424282354], [106.59988726998093, -6.35573538516], [106.6005075713357, -6.356010577156194], [106.60112787269047, -6.3562857691523895], [106.60174817404524, -6.356560961148585], [106.6023684754, -6.35683615314478], [106.60298877675477, -6.357111345140975], [106.60360907810954, -6.35738653713717], [106.60422937946431, -6.3576617291333655], [106.60484968081909, -6.357936921129561], [106.60546498355724, -6.358222734247146], [106.60607501513189, -6.358519747597026], [106.60668504670653, -6.3588167609469055], [106.60729507828118, -6.359113774296786], [106.60790510985584, -6.359410787646665], [106.60851514143049, -6.359707800996544], [106.60912517300514, -6.360004814346424], [106.60973520457979, -6.360301827696303], [106.61034523615444, -6.3605988410461825], [106.6109552677291, -6.3608958543960625], [106.61156529930373, -6.361192867745942], [106.61217533087839, -6.361489881095822], [106.61278536245304, -6.361786894445701], [106.61339539402769, -6.36208390779558], [106.61400542560234, -6.36238092114546], [106.61460964084526, -6.362689284655398], [106.61520996363258, -6.363005244017146], [106.6158102864199, -6.363321203378895], [106.61641060920722, -6.363637162740644], [106.61701093199454, -6.363953122102393], [106.61761125478186, -6.364269081464141], [106.61821157756918, -6.36458504082589], [106.61881190035652, -6.364901000187638], [106.61941222314384, -6.365216959549387], [106.62001254593116, -6.365532918911136], [106.62061286871848, -6.365848878272884], [106.6212131915058, -6.366164837634633], [106.62181351429312, -6.366480796996381], [106.62241383708044, -6.36679675635813], [106.62301415986776, -6.367112715719879], [106.6236144826551, -6.367428675081627], [106.62422460780472, -6.3677252885149], [106.62483759090307, -6.368016261504618], [106.6254505740014, -6.3683072344943366], [106.62606355709974, -6.368598207484054], [106.62667654019808, -6.368889180473772], [106.62728952329643, -6.369180153463491], [106.62790250639476, -6.369471126453209], [106.6285154894931, -6.3697620994429265], [106.62912847259143, -6.370053072432645], [106.62974145568978, -6.370344045422363], [106.63035443878812, -6.370635018412081], [106.63096742188645, -6.3709259914017995], [106.63158040498479, -6.371216964391517], [106.63219338808314, -6.371507937381235], [106.63280637118147, -6.371798910370954], [106.63341935427981, -6.372089883360672], [106.63403978313052, -6.372364541580104], [106.63466397099573, -6.372630963229888], [106.63528815886094, -6.372897384879672], [106.63591234672616, -6.3731638065294565], [106.63653653459136, -6.373430228179241], [106.63716072245657, -6.373696649829025], [106.63778491032178, -6.373963071478809], [106.63834075904711, -6.37420032398352]]}, "properties": {"corridor_id": "KRL_PP_CITAYAM", "mode": "krl", "status": "MASTERPLAN", "status_label": "Masterplan", "source": "BPTJ Review Trase", "source_year": 2022, "source_type": "BPTJ_STUDY", "source_url": "https://bptj.dephub.go.id", "geometry_confidence": "MEDIUM", "alignment_confidence": "MEDIUM", "digitization_level": "L3", "digitization_method": "DOCUMENT_RECONSTRUCTION + ROAD_REFERENCE (DOCUMENT_RECONSTRUCTION)", "passenger_status": "PASSENGER_PROPOSED", "structure": "NOT_SPECIFIED", "color": "#E58A3A", "crs": "EPSG:4326", "geometry_source": "DOCUMENT", "disclaimer": "Geometri hasil digitasi/rekonstruksi spasial dari dokumen perencanaan. Bukan gambar DED.", "id": "KRL_PP_CITAYAM-s02", "segment_id": "KRL_PP_CITAYAM-s02", "sequence": 2, "from_node": "Dangdang", "to_node": "Rumpin", "name": "Parung Panjang–Citayam · Dangdang–Rumpin", "length_km": 4.743, "mode_filter": ",krl,", "status_filter": ",MASTERPLAN,", "conf_filter": ",MEDIUM,"}}, {"type": "Feature", "id": "KRL_PP_CITAYAM-s03", "geometry": {"type": "LineString", "coordinates": [[106.63834075904711, -6.37420032398352], [106.638409098187, -6.374229493128594], [106.6390332860522, -6.374495914778378], [106.63965747391741, -6.374762336428162], [106.64028166178262, -6.3750287580779466], [106.64090584964784, -6.375295179727731], [106.64153003751304, -6.375561601377515], [106.64215422537825, -6.3758280230272995], [106.64277841324346, -6.376094444677085], [106.64340260110868, -6.376360866326869], [106.64402918018605, -6.376621451247606], [106.6446632012136, -6.376863871052258], [106.64529722224115, -6.3771062908569105], [106.6459312432687, -6.377348710661563], [106.64656526429626, -6.377591130466215], [106.64719928532381, -6.377833550270868], [106.64783330635136, -6.378075970075519], [106.64846732737891, -6.378318389880172], [106.64910134840646, -6.378560809684824], [106.64973536943401, -6.378803229489477], [106.65036939046156, -6.379045649294129], [106.65100341148913, -6.379288069098782], [106.65163743251668, -6.379530488903433], [106.65227145354423, -6.379772908708086], [106.65290547457178, -6.380015328512738], [106.65353949559933, -6.380257748317391], [106.65417351662688, -6.380500168122043], [106.65481168726721, -6.380731257022916], [106.65545426315536, -6.3809503169847845], [106.65609683904351, -6.381169376946654], [106.65673941493166, -6.381388436908523], [106.65738199081981, -6.381607496870392], [106.65802456670797, -6.381826556832261], [106.65866714259612, -6.38204561679413], [106.65930971848427, -6.382264676755999], [106.65995229437242, -6.382483736717869], [106.66059487026057, -6.382702796679737], [106.6612374461487, -6.382921856641607], [106.66188002203685, -6.383140916603476], [106.662522597925, -6.383359976565345], [106.66316517381316, -6.383579036527214], [106.6638077497013, -6.383798096489083], [106.66445032558946, -6.384017156450953], [106.6650929014776, -6.3842362164128215], [106.66573291808324, -6.3844623442812125], [106.66636851014414, -6.384700691304053], [106.66700410220504, -6.384939038326893], [106.66763969426596, -6.385177385349733], [106.66827528632686, -6.385415732372573], [106.66891087838776, -6.385654079395413], [106.66954647044868, -6.385892426418253], [106.67018206250958, -6.386130773441093], [106.67081765457048, -6.386369120463933], [106.6714532466314, -6.386607467486773], [106.6720888386923, -6.386845814509614], [106.6727244307532, -6.387084161532454], [106.67336002281412, -6.387322508555294], [106.67399561487503, -6.387560855578133], [106.67463120693593, -6.387799202600974], [106.67526679899684, -6.388037549623814], [106.67589663720355, -6.38829026550148], [106.67652314083176, -6.388551308679903], [106.67714964445999, -6.388812351858325], [106.6777761480882, -6.389073395036748], [106.67840265171641, -6.3893344382151716], [106.67902915534462, -6.389595481393594], [106.67965565897283, -6.389856524572017], [106.68028216260106, -6.39011756775044], [106.68090866622927, -6.390378610928862], [106.68153516985748, -6.390639654107285], [106.68170454435979, -6.390710226816577]]}, "properties": {"corridor_id": "KRL_PP_CITAYAM", "mode": "krl", "status": "MASTERPLAN", "status_label": "Masterplan", "source": "BPTJ Review Trase", "source_year": 2022, "source_type": "BPTJ_STUDY", "source_url": "https://bptj.dephub.go.id", "geometry_confidence": "MEDIUM", "alignment_confidence": "MEDIUM", "digitization_level": "L3", "digitization_method": "DOCUMENT_RECONSTRUCTION + ROAD_REFERENCE (DOCUMENT_RECONSTRUCTION)", "passenger_status": "PASSENGER_PROPOSED", "structure": "NOT_SPECIFIED", "color": "#E58A3A", "crs": "EPSG:4326", "geometry_source": "DOCUMENT", "disclaimer": "Geometri hasil digitasi/rekonstruksi spasial dari dokumen perencanaan. Bukan gambar DED.", "id": "KRL_PP_CITAYAM-s03", "segment_id": "KRL_PP_CITAYAM-s03", "sequence": 3, "from_node": "Rumpin", "to_node": "Gunung Sindur", "name": "Parung Panjang–Citayam · Rumpin–Gunung Sindur", "length_km": 5.133, "mode_filter": ",krl,", "status_filter": ",MASTERPLAN,", "conf_filter": ",MEDIUM,"}}, {"type": "Feature", "id": "KRL_PP_CITAYAM-s04", "geometry": {"type": "LineString", "coordinates": [[106.68170454435979, -6.390710226816577], [106.6821616734857, -6.390900697285708], [106.68278817711392, -6.391161740464131], [106.68341468074213, -6.391422783642554], [106.68404118437034, -6.391683826820977], [106.68466445530768, -6.391952088425474], [106.6852788811928, -6.392240100559128], [106.68589330707793, -6.392528112692782], [106.68650773296307, -6.392816124826435], [106.68712215884818, -6.39310413696009], [106.68773658473332, -6.393392149093743], [106.68835101061845, -6.393680161227397], [106.68896543650358, -6.393968173361051], [106.6895798623887, -6.394256185494704], [106.69019428827383, -6.394544197628358], [106.69080871415896, -6.394832209762012], [106.69142314004408, -6.395120221895666], [106.69203756592921, -6.39540823402932], [106.69264792780602, -6.395704247038939], [106.69324592496488, -6.396024602659758], [106.69384392212375, -6.3963449582805785], [106.69444191928261, -6.396665313901399], [106.69503991644147, -6.396985669522219], [106.69563791360034, -6.397306025143039], [106.6962359107592, -6.397626380763859], [106.69683390791806, -6.39794673638468], [106.69743190507693, -6.398267092005499], [106.6980299022358, -6.398587447626319], [106.69862789939467, -6.398907803247139], [106.69922589655353, -6.39922815886796], [106.69981917053651, -6.3995569570348385], [106.70040844740956, -6.3998928999250735], [106.70099772428259, -6.400228842815308], [106.70158700115563, -6.4005647857055425], [106.70217627802866, -6.4009007285957775], [106.7027655549017, -6.401236671486012], [106.70335483177473, -6.401572614376247], [106.70394410864778, -6.401908557266482], [106.7045333855208, -6.402244500156716], [106.70512266239385, -6.402580443046951], [106.70571193926688, -6.402916385937186], [106.70629933814588, -6.40325548004945], [106.70687888325655, -6.4036077525677], [106.70745842836722, -6.403960025085951], [106.70803797347789, -6.404312297604201], [106.70861751858855, -6.404664570122451], [106.70919706369922, -6.405016842640701], [106.70977615024478, -6.405368836423297]]}, "properties": {"corridor_id": "KRL_PP_CITAYAM", "mode": "krl", "status": "MASTERPLAN", "status_label": "Masterplan", "source": "BPTJ Review Trase", "source_year": 2022, "source_type": "BPTJ_STUDY", "source_url": "https://bptj.dephub.go.id", "geometry_confidence": "MEDIUM", "alignment_confidence": "MEDIUM", "digitization_level": "L3", "digitization_method": "DOCUMENT_RECONSTRUCTION + ROAD_REFERENCE (DOCUMENT_RECONSTRUCTION)", "passenger_status": "PASSENGER_PROPOSED", "structure": "NOT_SPECIFIED", "color": "#E58A3A", "crs": "EPSG:4326", "geometry_source": "DOCUMENT", "disclaimer": "Geometri hasil digitasi/rekonstruksi spasial dari dokumen perencanaan. Bukan gambar DED.", "id": "KRL_PP_CITAYAM-s04", "segment_id": "KRL_PP_CITAYAM-s04", "sequence": 4, "from_node": "Gunung Sindur", "to_node": "Cogreg", "name": "Parung Panjang–Citayam · Gunung Sindur–Cogreg", "length_km": 3.508, "mode_filter": ",krl,", "status_filter": ",MASTERPLAN,", "conf_filter": ",MEDIUM,"}}, {"type": "Feature", "id": "KRL_PP_CITAYAM-s05", "geometry": {"type": "LineString", "coordinates": [[106.70977615024478, -6.405368836423297], [106.71035615392056, -6.405721387677201], [106.71093569903122, -6.406073660195451], [106.71151524414189, -6.406425932713701], [106.71209478925256, -6.4067782052319515], [106.71267223804013, -6.407133773160088], [106.71324091964009, -6.407503123065215], [106.71380960124004, -6.407872472970342], [106.71437828284, -6.4082418228754685], [106.71494696443996, -6.408611172780596], [106.71551564603992, -6.408980522685723], [106.71608432763988, -6.409349872590849], [106.71665300923983, -6.409719222495976], [106.71722169083979, -6.410088572401103], [106.71779037243975, -6.410457922306231], [106.71835905403971, -6.410827272211357], [106.71892128001723, -6.411206107838065], [106.71947783488606, -6.411593276442474], [106.7200343897549, -6.4119804450468845], [106.72059094462374, -6.412367613651294], [106.72114749949257, -6.412754782255703], [106.72170405436141, -6.413141950860113], [106.72226060923025, -6.413529119464522], [106.72281716409908, -6.413916288068932], [106.72337371896792, -6.414303456673341], [106.72393027383676, -6.414690625277752], [106.72449602293754, -6.415062752634282], [106.72509833613401, -6.4153750631805995], [106.72570064933048, -6.415687373726916], [106.72630296252694, -6.415999684273234], [106.72690527572341, -6.4163119948195515], [106.72750758891988, -6.416624305365869], [106.72810990211634, -6.416936615912187], [106.72871221531283, -6.417248926458504], [106.72931452850929, -6.417561237004822], [106.72995712244102, -6.41777346355458], [106.73061005009086, -6.417960014311675], [106.73126297774068, -6.418146565068771], [106.73191590539052, -6.418333115825865], [106.73256883304036, -6.41851966658296], [106.73322176069018, -6.4187062173400555], [106.73356032331917, -6.418792272396454]]}, "properties": {"corridor_id": "KRL_PP_CITAYAM", "mode": "krl", "status": "MASTERPLAN", "status_label": "Masterplan", "source": "BPTJ Review Trase", "source_year": 2022, "source_type": "BPTJ_STUDY", "source_url": "https://bptj.dephub.go.id", "geometry_confidence": "MEDIUM", "alignment_confidence": "MEDIUM", "digitization_level": "L3", "digitization_method": "DOCUMENT_RECONSTRUCTION + ROAD_REFERENCE (DOCUMENT_RECONSTRUCTION)", "passenger_status": "PASSENGER_PROPOSED", "structure": "NOT_SPECIFIED", "color": "#E58A3A", "crs": "EPSG:4326", "geometry_source": "DOCUMENT", "disclaimer": "Geometri hasil digitasi/rekonstruksi spasial dari dokumen perencanaan. Bukan gambar DED.", "id": "KRL_PP_CITAYAM-s05", "segment_id": "KRL_PP_CITAYAM-s05", "sequence": 5, "from_node": "Cogreg", "to_node": "Parung", "name": "Parung Panjang–Citayam · Cogreg–Parung", "length_km": 3.041, "mode_filter": ",krl,", "status_filter": ",MASTERPLAN,", "conf_filter": ",MEDIUM,"}}, {"type": "Feature", "id": "KRL_PP_CITAYAM-s06", "geometry": {"type": "LineString", "coordinates": [[106.73356032331917, -6.418792272396454], [106.73387717018265, -6.41887280779042], [106.73455615518783, -6.418849791349565], [106.73523514019301, -6.418826774908712], [106.7359141251982, -6.418803758467858], [106.73659311020339, -6.418780742027004], [106.73727209520857, -6.4187577255861505], [106.73790318260662, -6.418548408696696], [106.73851007010889, -6.418244964945563], [106.73911695761115, -6.417941521194431], [106.7397238451134, -6.417638077443298], [106.74033073261567, -6.417334633692165], [106.74092981128857, -6.417016406908385], [106.74152586957904, -6.416692462185309], [106.74212192786949, -6.416368517462233], [106.74271798615995, -6.416044572739158], [106.74331404445041, -6.415720628016082], [106.74389922129578, -6.415377732870676], [106.74448315859514, -6.415032679011961], [106.7448806841781, -6.414797777531126]]}, "properties": {"corridor_id": "KRL_PP_CITAYAM", "mode": "krl", "status": "MASTERPLAN", "status_label": "Masterplan", "source": "BPTJ Review Trase", "source_year": 2022, "source_type": "BPTJ_STUDY", "source_url": "https://bptj.dephub.go.id", "geometry_confidence": "MEDIUM", "alignment_confidence": "MEDIUM", "digitization_level": "L3", "digitization_method": "DOCUMENT_RECONSTRUCTION + ROAD_REFERENCE (DOCUMENT_RECONSTRUCTION)", "passenger_status": "PASSENGER_PROPOSED", "structure": "NOT_SPECIFIED", "color": "#E58A3A", "crs": "EPSG:4326", "geometry_source": "DOCUMENT", "disclaimer": "Geometri hasil digitasi/rekonstruksi spasial dari dokumen perencanaan. Bukan gambar DED.", "id": "KRL_PP_CITAYAM-s06", "segment_id": "KRL_PP_CITAYAM-s06", "sequence": 6, "from_node": "Parung", "to_node": "Arco", "name": "Parung Panjang–Citayam · Parung–Arco", "length_km": 1.362, "mode_filter": ",krl,", "status_filter": ",MASTERPLAN,", "conf_filter": ",MEDIUM,"}}, {"type": "Feature", "id": "KRL_PP_CITAYAM-s07", "geometry": {"type": "LineString", "coordinates": [[106.7448806841781, -6.414797777531126], [106.74506709589451, -6.414687625153246], [106.74565103319388, -6.414342571294532], [106.74623242498322, -6.41399344108222], [106.74680284576372, -6.413626742009041], [106.74737326654422, -6.41326004293586], [106.74794368732472, -6.412893343862681], [106.74851410810523, -6.412526644789501], [106.7490757255141, -6.412146992140126], [106.74963113525573, -6.411758205320989], [106.75018654499736, -6.4113694185018515], [106.75074195473898, -6.410980631682714], [106.75129860892355, -6.410593674249267], [106.75186861136686, -6.41022633934136], [106.75243861381016, -6.409859004433454], [106.75300861625347, -6.409491669525547], [106.75357861869676, -6.40912433461764], [106.75415037052352, -6.408759777685889], [106.75473195145777, -6.408410829125338], [106.7551101702551, -6.408183897846944]]}, "properties": {"corridor_id": "KRL_PP_CITAYAM", "mode": "krl", "status": "MASTERPLAN", "status_label": "Masterplan", "source": "BPTJ Review Trase", "source_year": 2022, "source_type": "BPTJ_STUDY", "source_url": "https://bptj.dephub.go.id", "geometry_confidence": "MEDIUM", "alignment_confidence": "MEDIUM", "digitization_level": "L3", "digitization_method": "DOCUMENT_RECONSTRUCTION + ROAD_REFERENCE (DOCUMENT_RECONSTRUCTION)", "passenger_status": "PASSENGER_PROPOSED", "structure": "NOT_SPECIFIED", "color": "#E58A3A", "crs": "EPSG:4326", "geometry_source": "DOCUMENT", "disclaimer": "Geometri hasil digitasi/rekonstruksi spasial dari dokumen perencanaan. Bukan gambar DED.", "id": "KRL_PP_CITAYAM-s07", "segment_id": "KRL_PP_CITAYAM-s07", "sequence": 7, "from_node": "Arco", "to_node": "Rawa", "name": "Parung Panjang–Citayam · Arco–Rawa", "length_km": 1.349, "mode_filter": ",krl,", "status_filter": ",MASTERPLAN,", "conf_filter": ",MEDIUM,"}}, {"type": "Feature", "id": "KRL_PP_CITAYAM-s08", "geometry": {"type": "LineString", "coordinates": [[106.7551101702551, -6.408183897846944], [106.75531353239202, -6.408061880564787], [106.75589511332628, -6.4077129320042365], [106.75647669426053, -6.407363983443686], [106.75705827519478, -6.407015034883135], [106.7576471287776, -6.406678436507167], [106.75823805994166, -6.406345366214702], [106.75882899110572, -6.406012295922238], [106.75941992226976, -6.4056792256297745], [106.76001085343381, -6.405346155337311], [106.76060178459785, -6.405013085044846], [106.76120008435232, -6.404693288345432], [106.76179868542798, -6.404374034438416], [106.76239728650363, -6.404054780531401], [106.76299588757928, -6.403735526624386], [106.76359448865493, -6.4034162727173705], [106.76419308973058, -6.403097018810355], [106.76482274804731, -6.403151245517841], [106.76546596469313, -6.403368518681328], [106.76610918133896, -6.403585791844813], [106.76675239798479, -6.4038030650083], [106.76739561463062, -6.404020338171787], [106.76803883127644, -6.404237611335273], [106.76851637991399, -6.4043989232414065]]}, "properties": {"corridor_id": "KRL_PP_CITAYAM", "mode": "krl", "status": "MASTERPLAN", "status_label": "Masterplan", "source": "BPTJ Review Trase", "source_year": 2022, "source_type": "BPTJ_STUDY", "source_url": "https://bptj.dephub.go.id", "geometry_confidence": "MEDIUM", "alignment_confidence": "MEDIUM", "digitization_level": "L3", "digitization_method": "DOCUMENT_RECONSTRUCTION + ROAD_REFERENCE (DOCUMENT_RECONSTRUCTION)", "passenger_status": "PASSENGER_PROPOSED", "structure": "NOT_SPECIFIED", "color": "#E58A3A", "crs": "EPSG:4326", "geometry_source": "DOCUMENT", "disclaimer": "Geometri hasil digitasi/rekonstruksi spasial dari dokumen perencanaan. Bukan gambar DED.", "id": "KRL_PP_CITAYAM-s08", "segment_id": "KRL_PP_CITAYAM-s08", "sequence": 8, "from_node": "Rawa", "to_node": "Sawangan", "name": "Parung Panjang–Citayam · Rawa–Sawangan", "length_km": 1.653, "mode_filter": ",krl,", "status_filter": ",MASTERPLAN,", "conf_filter": ",MEDIUM,"}}, {"type": "Feature", "id": "KRL_PP_CITAYAM-s09", "geometry": {"type": "LineString", "coordinates": [[106.76851637991399, -6.4043989232414065], [106.76868204792228, -6.404454884498759], [106.76929646768123, -6.404721011668719], [106.7698017409146, -6.405172306252401], [106.77030701414797, -6.405623600836083], [106.77081228738135, -6.406074895419765], [106.77131756061472, -6.406526190003448], [106.7718228338481, -6.40697748458713], [106.77232810708148, -6.407428779170813], [106.77283338031485, -6.4078800737544945], [106.77333865354822, -6.408331368338176], [106.7738439267816, -6.408782662921859], [106.77434920001498, -6.409233957505541], [106.77485447324835, -6.409685252089224], [106.77530964465193, -6.410182910582335], [106.77572664547417, -6.410715891884671], [106.7761436462964, -6.411248873187008], [106.77656064711864, -6.411781854489344], [106.77697764794088, -6.41231483579168], [106.77739464876313, -6.412847817094016], [106.77781164958537, -6.413380798396352], [106.77822865040761, -6.413913779698688], [106.77864565122985, -6.414446761001024], [106.77906265205209, -6.41497974230336], [106.77947965287433, -6.415512723605696], [106.77989665369658, -6.416045704908032], [106.78031365451882, -6.416578686210368], [106.78073065534106, -6.417111667512704], [106.7811476561633, -6.41764464881504], [106.78156465698554, -6.418177630117376], [106.78198165780778, -6.418710611419712], [106.78235145780614, -6.419276655466153], [106.78271635105627, -6.419846136540767], [106.78308124430637, -6.4204156176153795], [106.7834461375565, -6.420985098689993], [106.78381103080662, -6.421554579764606], [106.78417592405674, -6.422124060839219], [106.78454081730686, -6.422693541913832], [106.78490571055698, -6.423263022988445], [106.78527060380709, -6.423832504063058], [106.78563549705721, -6.4244019851376715], [106.78600039030734, -6.424971466212284], [106.78636528355746, -6.425540947286898], [106.78673017680758, -6.42611042836151], [106.7870950700577, -6.426679909436124], [106.78745996330781, -6.427249390510736], [106.78782485655793, -6.42781887158535], [106.78818974980805, -6.428388352659963], [106.78855464305818, -6.428957833734576], [106.7889195363083, -6.42952731480919], [106.78928442955842, -6.430096795883802], [106.78964932280854, -6.430666276958416], [106.79001421605865, -6.431235758033028], [106.79037911144636, -6.431805242443712], [106.79074400696234, -6.432374727054608], [106.79110890247831, -6.432944211665504], [106.7914737979943, -6.433513696276399], [106.79183869351029, -6.434083180887295], [106.79220358902626, -6.434652665498191], [106.79256848454224, -6.435222150109086], [106.79293338005823, -6.4357916347199815], [106.7932982755742, -6.4363611193308765], [106.79366317109019, -6.436930603941772], [106.79402806660617, -6.437500088552668], [106.79439296212215, -6.438069573163563], [106.79475785763813, -6.438639057774459], [106.79512275315412, -6.439208542385354], [106.7954876486701, -6.43977802699625], [106.79585254418608, -6.440347511607146], [106.79621744046652, -6.440916997411112], [106.79658233760333, -6.441486484551587], [106.79694723474012, -6.442055971692062], [106.79731213187692, -6.442625458832536], [106.79767702901373, -6.443194945973011], [106.79804192615052, -6.443764433113485], [106.79840682328732, -6.4443339202539605], [106.79877172042413, -6.444903407394435], [106.79913661756093, -6.44547289453491], [106.79950151469772, -6.446042381675384], [106.79986641183453, -6.446611868815859], [106.80023130944883, -6.4471813567015674], [106.80059620755907, -6.447750845361254], [106.8009611056693, -6.4483203340209405], [106.80132600377954, -6.448889822680627], [106.80169090188977, -6.449459311340314], [106.8020558, -6.4500288]]}, "properties": {"corridor_id": "KRL_PP_CITAYAM", "mode": "krl", "status": "MASTERPLAN", "status_label": "Masterplan", "source": "BPTJ Review Trase", "source_year": 2022, "source_type": "BPTJ_STUDY", "source_url": "https://bptj.dephub.go.id", "geometry_confidence": "MEDIUM", "alignment_confidence": "MEDIUM", "digitization_level": "L3", "digitization_method": "DOCUMENT_RECONSTRUCTION + ROAD_REFERENCE (DOCUMENT_RECONSTRUCTION)", "passenger_status": "PASSENGER_PROPOSED", "structure": "NOT_SPECIFIED", "color": "#E58A3A", "crs": "EPSG:4326", "geometry_source": "DOCUMENT", "disclaimer": "Geometri hasil digitasi/rekonstruksi spasial dari dokumen perencanaan. Bukan gambar DED.", "id": "KRL_PP_CITAYAM-s09", "segment_id": "KRL_PP_CITAYAM-s09", "sequence": 9, "from_node": "Sawangan", "to_node": "Citayam", "name": "Parung Panjang–Citayam · Sawangan–Citayam", "length_km": 6.324, "mode_filter": ",krl,", "status_filter": ",MASTERPLAN,", "conf_filter": ",MEDIUM,"}}, {"type": "Feature", "id": "OUTER_RING_RAIL-s01", "geometry": {"type": "LineString", "coordinates": [[106.9055193, -6.4668163], [106.90639709634145, -6.466037534680463], [106.9072748926829, -6.465258769360925], [106.90815268723082, -6.464480005632584], [106.9090304809629, -6.46370124262805], [106.90990827469496, -6.462922479623516], [106.91078606842703, -6.462143716618982], [106.91166386188958, -6.461364953853565], [106.91254165127509, -6.460586194705209], [106.91341944066062, -6.4598074355568516], [106.91429723004615, -6.459028676408495], [106.91517501943166, -6.458249917260138], [106.91605280881718, -6.457471158111782], [106.91693059820271, -6.456692398963425], [106.91780838683445, -6.4559136404838116], [106.91868617013992, -6.455134886729569], [106.91956395344539, -6.454356132975327], [106.92044173675086, -6.453577379221086], [106.92131952005633, -6.452798625466843], [106.92209669044614, -6.45210913370392]]}, "properties": {"corridor_id": "OUTER_RING_RAIL", "mode": "rail", "status": "PLANNED", "status_label": "Rencana", "source": "RTRW / BPTJ Review Trase", "source_year": 2022, "source_type": "RTRW", "source_url": "", "geometry_confidence": "LOW", "alignment_confidence": "LOW", "digitization_level": "L2", "digitization_method": "DOCUMENT_RECONSTRUCTION (DOCUMENT_RECONSTRUCTION)", "passenger_status": "UNCERTAIN", "structure": "NOT_SPECIFIED", "color": "#E58A3A", "crs": "EPSG:4326", "geometry_source": "DOCUMENT", "disclaimer": "Geometri hasil digitasi/rekonstruksi spasial dari dokumen perencanaan. Bukan gambar DED.", "id": "OUTER_RING_RAIL-s01", "segment_id": "OUTER_RING_RAIL-s01", "sequence": 1, "from_node": "Nambo", "to_node": "Klapanunggal", "name": "Outer Ring · Nambo–Klapanunggal", "length_km": 2.455, "mode_filter": ",rail,", "status_filter": ",PLANNED,", "conf_filter": ",LOW,"}}, {"type": "Feature", "id": "OUTER_RING_RAIL-s02", "geometry": {"type": "LineString", "coordinates": [[106.92209669044614, -6.45210913370392], [106.9221973033618, -6.452019871712602], [106.92307508666727, -6.451241117958359], [106.92395286997274, -6.4504623642041174], [106.9248306532782, -6.449683610449875], [106.92570843658368, -6.448904856695633], [106.92661674168083, -6.448161692716881], [106.92752947884769, -6.447423696729826], [106.92844221601455, -6.446685700742772], [106.9293549531814, -6.445947704755718], [106.93026769034826, -6.4452097087686635], [106.93118042751513, -6.444471712781609], [106.93209316468199, -6.443733716794554], [106.93300590184884, -6.442995720807501], [106.9339186390157, -6.442257724820446], [106.93483137618256, -6.441519728833391], [106.93575755229266, -6.440798785316653], [106.93669699902341, -6.440094680688284], [106.93763644575417, -6.439390576059914], [106.93853609999734, -6.438716295447923]]}, "properties": {"corridor_id": "OUTER_RING_RAIL", "mode": "rail", "status": "PLANNED", "status_label": "Rencana", "source": "RTRW / BPTJ Review Trase", "source_year": 2022, "source_type": "RTRW", "source_url": "", "geometry_confidence": "LOW", "alignment_confidence": "LOW", "digitization_level": "L2", "digitization_method": "DOCUMENT_RECONSTRUCTION (DOCUMENT_RECONSTRUCTION)", "passenger_status": "UNCERTAIN", "structure": "NOT_SPECIFIED", "color": "#E58A3A", "crs": "EPSG:4326", "geometry_source": "DOCUMENT", "disclaimer": "Geometri hasil digitasi/rekonstruksi spasial dari dokumen perencanaan. Bukan gambar DED.", "id": "OUTER_RING_RAIL-s02", "segment_id": "OUTER_RING_RAIL-s02", "sequence": 2, "from_node": "Klapanunggal", "to_node": "Kembang Kuning", "name": "Outer Ring · Klapanunggal–Kembang Kuning", "length_km": 2.35, "mode_filter": ",rail,", "status_filter": ",PLANNED,", "conf_filter": ",LOW,"}}, {"type": "Feature", "id": "OUTER_RING_RAIL-s03", "geometry": {"type": "LineString", "coordinates": [[106.93853609999734, -6.438716295447923], [106.93857589248492, -6.438686471431545], [106.93951533921567, -6.437982366803176], [106.94045478594643, -6.437278262174807], [106.94139423267718, -6.436574157546438], [106.94233367940794, -6.4358700529180695], [106.94327312613869, -6.435165948289701], [106.94421257286945, -6.434461843661332], [106.9451520196002, -6.433757739032963], [106.94609146633096, -6.433053634404594], [106.94705176762245, -6.432377906241782], [106.94801214667474, -6.431702283886809], [106.94897252572703, -6.4310266615318366], [106.9499329047793, -6.4303510391768635], [106.95089328383159, -6.42967541682189], [106.95185366288388, -6.428999794466917], [106.95281404193615, -6.428324172111945], [106.95377442098844, -6.427648549756972], [106.95473480004073, -6.426972927401999], [106.955695179093, -6.426297305047026], [106.95665555814529, -6.425621682692054], [106.95761593719756, -6.4249460603370805], [106.95858201233189, -6.4242786584454095], [106.95955915548305, -6.423627229677973], [106.9605362986342, -6.422975800910537], [106.96151344178536, -6.422324372143101], [106.9624905849365, -6.421672943375665], [106.96346772808766, -6.421021514608229], [106.96444487123881, -6.420370085840792], [106.96542201438997, -6.419718657073356], [106.96639915754112, -6.41906722830592], [106.96737630069228, -6.418415799538484], [106.96835344384343, -6.417764370771048], [106.96933058699459, -6.4171129420036115], [106.97030773014573, -6.416461513236175], [106.9712848732969, -6.415810084468739], [106.97223223416856, -6.41511823128322], [106.97315254017995, -6.414389655690872], [106.97407284619133, -6.4136610800985245], [106.97499315220273, -6.412932504506178], [106.97591345821411, -6.41220392891383], [106.97683376422549, -6.4114753533214826], [106.97775407023688, -6.410746777729135], [106.97867437624826, -6.410018202136787], [106.97959468225966, -6.409289626544441], [106.98051498827104, -6.408561050952093], [106.98143529428242, -6.407832475359745], [106.98235560029381, -6.407103899767398], [106.9832759063052, -6.40637532417505], [106.98419621231659, -6.405646748582703], [106.98511651832797, -6.404918172990356], [106.98603682433935, -6.404189597398008], [106.98694688130337, -6.403449000046988], [106.98782164951753, -6.4026670102797825], [106.98869641773169, -6.401885020512577], [106.98957118594586, -6.40110303074537], [106.99044595416002, -6.400321040978164], [106.99047682037613, -6.400293448451638]]}, "properties": {"corridor_id": "OUTER_RING_RAIL", "mode": "rail", "status": "PLANNED", "status_label": "Rencana", "source": "RTRW / BPTJ Review Trase", "source_year": 2022, "source_type": "RTRW", "source_url": "", "geometry_confidence": "LOW", "alignment_confidence": "LOW", "digitization_level": "L2", "digitization_method": "DOCUMENT_RECONSTRUCTION (DOCUMENT_RECONSTRUCTION)", "passenger_status": "UNCERTAIN", "structure": "NOT_SPECIFIED", "color": "#E58A3A", "crs": "EPSG:4326", "geometry_source": "DOCUMENT", "disclaimer": "Geometri hasil digitasi/rekonstruksi spasial dari dokumen perencanaan. Bukan gambar DED.", "id": "OUTER_RING_RAIL-s03", "segment_id": "OUTER_RING_RAIL-s03", "sequence": 3, "from_node": "Kembang Kuning", "to_node": "Cileungsi", "name": "Outer Ring · Kembang Kuning–Cileungsi", "length_km": 7.161, "mode_filter": ",rail,", "status_filter": ",PLANNED,", "conf_filter": ",LOW,"}}, {"type": "Feature", "id": "OUTER_RING_RAIL-s04", "geometry": {"type": "LineString", "coordinates": [[106.99047682037613, -6.400293448451638], [106.99132072237418, -6.399539051210957], [106.99219549058834, -6.398757061443751], [106.9930702588025, -6.397975071676545], [106.99394502701666, -6.3971930819093386], [106.99481979523084, -6.396411092142133], [106.995694563445, -6.395629102374926], [106.99656933165916, -6.39484711260772], [106.99744409987332, -6.394065122840514], [106.99831886808748, -6.393283133073307], [106.99919363630164, -6.392501143306101], [107.0000684045158, -6.391719153538895], [107.00094317272998, -6.390937163771689], [107.00181794094414, -6.390155174004483], [107.0026927091583, -6.389373184237276], [107.0035541742672, -6.388577162696695], [107.00439228747966, -6.387756510176166], [107.00523040069211, -6.386935857655637], [107.00606851390457, -6.386115205135109], [107.00690662711702, -6.38529455261458], [107.00774474032947, -6.384473900094052], [107.00858285354192, -6.383653247573523], [107.00942096675438, -6.382832595052995], [107.01025907996684, -6.382011942532466], [107.0110971931793, -6.381191290011937], [107.01118891415122, -6.381101479893594]]}, "properties": {"corridor_id": "OUTER_RING_RAIL", "mode": "rail", "status": "PLANNED", "status_label": "Rencana", "source": "RTRW / BPTJ Review Trase", "source_year": 2022, "source_type": "RTRW", "source_url": "", "geometry_confidence": "LOW", "alignment_confidence": "LOW", "digitization_level": "L2", "digitization_method": "DOCUMENT_RECONSTRUCTION (DOCUMENT_RECONSTRUCTION)", "passenger_status": "UNCERTAIN", "structure": "NOT_SPECIFIED", "color": "#E58A3A", "crs": "EPSG:4326", "geometry_source": "DOCUMENT", "disclaimer": "Geometri hasil digitasi/rekonstruksi spasial dari dokumen perencanaan. Bukan gambar DED.", "id": "OUTER_RING_RAIL-s04", "segment_id": "OUTER_RING_RAIL-s04", "sequence": 4, "from_node": "Cileungsi", "to_node": "Mekarsari", "name": "Outer Ring · Cileungsi–Mekarsari", "length_km": 3.13, "mode_filter": ",rail,", "status_filter": ",PLANNED,", "conf_filter": ",LOW,"}}, {"type": "Feature", "id": "OUTER_RING_RAIL-s05", "geometry": {"type": "LineString", "coordinates": [[107.01118891415122, -6.381101479893594], [107.01193530639175, -6.380370637491409], [107.0127734196042, -6.37954998497088], [107.01361153281665, -6.378729332450352], [107.0144496460291, -6.377908679929823], [107.01528775924157, -6.377088027409294], [107.01612587245403, -6.376267374888766], [107.01696398566648, -6.375446722368237], [107.01780209887893, -6.374626069847708], [107.01864021209138, -6.37380541732718], [107.01947832530384, -6.3729847648066515], [107.02031643851629, -6.372164112286123], [107.02115455172876, -6.371343459765594], [107.02196620093548, -6.370497070811415], [107.02277444895353, -6.369647374177063], [107.02358269697156, -6.368797677542712], [107.0243909449896, -6.367947980908361], [107.02519919300765, -6.36709828427401], [107.02600744102568, -6.366248587639658], [107.02681568904373, -6.365398891005307], [107.02762393706178, -6.364549194370956], [107.02843218507981, -6.363699497736604], [107.02924043309785, -6.362849801102254], [107.0300486811159, -6.362000104467902], [107.03085692913393, -6.361150407833551], [107.03102352570129, -6.360975267852481]]}, "properties": {"corridor_id": "OUTER_RING_RAIL", "mode": "rail", "status": "PLANNED", "status_label": "Rencana", "source": "RTRW / BPTJ Review Trase", "source_year": 2022, "source_type": "RTRW", "source_url": "", "geometry_confidence": "LOW", "alignment_confidence": "LOW", "digitization_level": "L2", "digitization_method": "DOCUMENT_RECONSTRUCTION (DOCUMENT_RECONSTRUCTION)", "passenger_status": "UNCERTAIN", "structure": "NOT_SPECIFIED", "color": "#E58A3A", "crs": "EPSG:4326", "geometry_source": "DOCUMENT", "disclaimer": "Geometri hasil digitasi/rekonstruksi spasial dari dokumen perencanaan. Bukan gambar DED.", "id": "OUTER_RING_RAIL-s05", "segment_id": "OUTER_RING_RAIL-s05", "sequence": 5, "from_node": "Mekarsari", "to_node": "Narogong", "name": "Outer Ring · Mekarsari–Narogong", "length_km": 3.133, "mode_filter": ",rail,", "status_filter": ",PLANNED,", "conf_filter": ",LOW,"}}, {"type": "Feature", "id": "OUTER_RING_RAIL-s06", "geometry": {"type": "LineString", "coordinates": [[107.03102352570129, -6.360975267852481], [107.03166517715198, -6.3603007111992], [107.03247342517002, -6.359451014564849], [107.03328167318806, -6.358601317930497], [107.0340899212061, -6.3577516212961465], [107.03489816922415, -6.356901924661795], [107.03570641724218, -6.356052228027444], [107.03651466526023, -6.355202531393092], [107.03732291327827, -6.354352834758742], [107.03813116129632, -6.35350313812439], [107.03893940931435, -6.352653441490039], [107.0397476573324, -6.351803744855688], [107.04055590535044, -6.350954048221337], [107.04137947699385, -6.350119120826634], [107.04220789145643, -6.3492888610451725], [107.043036305919, -6.348458601263711], [107.04386472038158, -6.347628341482248], [107.04469313484415, -6.346798081700786], [107.04552154930671, -6.3459678219193245], [107.04634996376929, -6.345137562137862], [107.04717837823186, -6.3443073023564], [107.04800679269444, -6.343477042574938], [107.04883520715701, -6.342646782793476], [107.04966362161959, -6.341816523012014], [107.05049203608215, -6.340986263230552], [107.05073903448702, -6.3407387146290715]]}, "properties": {"corridor_id": "OUTER_RING_RAIL", "mode": "rail", "status": "PLANNED", "status_label": "Rencana", "source": "RTRW / BPTJ Review Trase", "source_year": 2022, "source_type": "RTRW", "source_url": "", "geometry_confidence": "LOW", "alignment_confidence": "LOW", "digitization_level": "L2", "digitization_method": "DOCUMENT_RECONSTRUCTION (DOCUMENT_RECONSTRUCTION)", "passenger_status": "UNCERTAIN", "structure": "NOT_SPECIFIED", "color": "#E58A3A", "crs": "EPSG:4326", "geometry_source": "DOCUMENT", "disclaimer": "Geometri hasil digitasi/rekonstruksi spasial dari dokumen perencanaan. Bukan gambar DED.", "id": "OUTER_RING_RAIL-s06", "segment_id": "OUTER_RING_RAIL-s06", "sequence": 6, "from_node": "Narogong", "to_node": "Setu", "name": "Outer Ring · Narogong–Setu", "length_km": 3.132, "mode_filter": ",rail,", "status_filter": ",PLANNED,", "conf_filter": ",LOW,"}}, {"type": "Feature", "id": "OUTER_RING_RAIL-s07", "geometry": {"type": "LineString", "coordinates": [[107.05073903448702, -6.3407387146290715], [107.05132045054472, -6.340156003449089], [107.0521488650073, -6.339325743667628], [107.05297727946987, -6.338495483886166], [107.05380569393245, -6.337665224104703], [107.05463410839502, -6.336834964323241], [107.05546252285758, -6.3360047045417796], [107.05629093732016, -6.335174444760317], [107.05711935178273, -6.334344184978855], [107.0579477662453, -6.333513925197393], [107.05877618070788, -6.332683665415931], [107.05960459517046, -6.331853405634469], [107.0604411907833, -6.331031429564165], [107.06129058723066, -6.330222414802744], [107.06213998367802, -6.329413400041323], [107.06298938012537, -6.3286043852799025], [107.06383877657274, -6.327795370518483], [107.0646881730201, -6.326986355757062], [107.06553756946747, -6.326177340995641], [107.06638696591482, -6.32536832623422], [107.06723636236218, -6.324559311472799], [107.06808575880954, -6.3237502967113794], [107.06893515525691, -6.322941281949959], [107.06978455170427, -6.322132267188538], [107.07063394815162, -6.321323252427117], [107.07096144600776, -6.321011324350698]]}, "properties": {"corridor_id": "OUTER_RING_RAIL", "mode": "rail", "status": "PLANNED", "status_label": "Rencana", "source": "RTRW / BPTJ Review Trase", "source_year": 2022, "source_type": "RTRW", "source_url": "", "geometry_confidence": "LOW", "alignment_confidence": "LOW", "digitization_level": "L2", "digitization_method": "DOCUMENT_RECONSTRUCTION (DOCUMENT_RECONSTRUCTION)", "passenger_status": "UNCERTAIN", "structure": "NOT_SPECIFIED", "color": "#E58A3A", "crs": "EPSG:4326", "geometry_source": "DOCUMENT", "disclaimer": "Geometri hasil digitasi/rekonstruksi spasial dari dokumen perencanaan. Bukan gambar DED.", "id": "OUTER_RING_RAIL-s07", "segment_id": "OUTER_RING_RAIL-s07", "sequence": 7, "from_node": "Setu", "to_node": "Jatisari", "name": "Outer Ring · Setu–Jatisari", "length_km": 3.132, "mode_filter": ",rail,", "status_filter": ",PLANNED,", "conf_filter": ",LOW,"}}, {"type": "Feature", "id": "OUTER_RING_RAIL-s08", "geometry": {"type": "LineString", "coordinates": [[107.07096144600776, -6.321011324350698], [107.07148334459899, -6.320514237665696], [107.07233274104635, -6.319705222904276], [107.07318213749372, -6.3188962081428555], [107.07403153394107, -6.318087193381435], [107.07488093038843, -6.317278178620014], [107.0757303268358, -6.316469163858593], [107.07657972328316, -6.315660149097173], [107.07742911973052, -6.314851134335752], [107.07827851617787, -6.3140421195743315], [107.07912791262524, -6.313233104812911], [107.07999390882334, -6.312441806556248], [107.08086508739906, -6.311656039323463], [107.08173626597478, -6.3108702720906775], [107.0826074445505, -6.310084504857892], [107.08347862312623, -6.309298737625107], [107.08434980170195, -6.308512970392321], [107.08522098027767, -6.307727203159535], [107.08609215885339, -6.30694143592675], [107.08696333742911, -6.306155668693965], [107.08783451600483, -6.305369901461179], [107.08870569458055, -6.304584134228394], [107.08957687315628, -6.303798366995609], [107.090448051732, -6.303012599762823], [107.09131923030772, -6.302226832530037], [107.09219040888344, -6.301441065297252], [107.09306158745916, -6.300655298064466], [107.09393276603488, -6.299869530831681], [107.0948039446106, -6.299083763598896], [107.09567512318633, -6.29829799636611], [107.09654630176205, -6.297512229133325], [107.09741748033777, -6.29672646190054], [107.09828865891349, -6.295940694667753], [107.09917924525062, -6.295176843236502], [107.10007297221341, -6.294416538289932], [107.10096669917621, -6.293656233343362], [107.10186042613901, -6.292895928396792], [107.1027541531018, -6.292135623450222], [107.1036478800646, -6.291375318503652], [107.10454160702739, -6.290615013557082], [107.10543533399019, -6.2898547086105125], [107.10632906095297, -6.289094403663943], [107.10722278791577, -6.288334098717373], [107.10811651487856, -6.287573793770804], [107.10901024184136, -6.286813488824234], [107.10990396880416, -6.286053183877664], [107.11079769576695, -6.285292878931094], [107.11169142272975, -6.284532573984524], [107.11258514969253, -6.2837722690379545], [107.11347887665534, -6.283011964091385], [107.11437260361812, -6.282251659144815], [107.11526633058092, -6.281491354198245], [107.11616005754371, -6.280731049251675], [107.11705378450651, -6.279970744305105], [107.1178710969861, -6.27913324512531], [107.11865052709017, -6.278257477009999], [107.11942995719424, -6.277381708894688], [107.12020938729832, -6.276505940779377], [107.12098881740238, -6.275630172664067], [107.12176824750645, -6.274754404548756], [107.12254767761053, -6.2738786364334445], [107.1233271077146, -6.273002868318134], [107.12410653781868, -6.272127100202823], [107.12488596792275, -6.2712513320875125], [107.12566539802683, -6.270375563972202], [107.12644482813089, -6.26949979585689], [107.12722425823496, -6.26862402774158], [107.12800368833904, -6.267748259626269], [107.12878311844311, -6.266872491510958], [107.12956254854718, -6.265996723395648], [107.13034197865126, -6.265120955280336], [107.13112140875533, -6.2642451871650255], [107.13172934827999, -6.263246474377143], [107.13231940807897, -6.26223494329319], [107.13290946787794, -6.261223412209236], [107.13349952767692, -6.260211881125281], [107.13408958747588, -6.259200350041327], [107.13467964727487, -6.258188818957374], [107.13526970707383, -6.25717728787342], [107.13585976687281, -6.256165756789465], [107.13644982667178, -6.255154225705511], [107.13703988647076, -6.2541426946215575], [107.13762994626973, -6.253131163537603], [107.1382200060687, -6.252119632453649], [107.13864523412256, -6.251390670075598]]}, "properties": {"corridor_id": "OUTER_RING_RAIL", "mode": "rail", "status": "PLANNED", "status_label": "Rencana", "source": "RTRW / BPTJ Review Trase", "source_year": 2022, "source_type": "RTRW", "source_url": "", "geometry_confidence": "LOW", "alignment_confidence": "LOW", "digitization_level": "L2", "digitization_method": "DOCUMENT_RECONSTRUCTION (DOCUMENT_RECONSTRUCTION)", "passenger_status": "UNCERTAIN", "structure": "NOT_SPECIFIED", "color": "#E58A3A", "crs": "EPSG:4326", "geometry_source": "DOCUMENT", "disclaimer": "Geometri hasil digitasi/rekonstruksi spasial dari dokumen perencanaan. Bukan gambar DED.", "id": "OUTER_RING_RAIL-s08", "segment_id": "OUTER_RING_RAIL-s08", "sequence": 8, "from_node": "Jatisari", "to_node": "Cikarang", "name": "Outer Ring · Jatisari–Cikarang", "length_km": 10.835, "mode_filter": ",rail,", "status_filter": ",PLANNED,", "conf_filter": ",LOW,"}}, {"type": "Feature", "id": "OUTER_RING_RAIL-s09", "geometry": {"type": "LineString", "coordinates": [[107.13864523412256, -6.251390670075598], [107.13881006586767, -6.251108101369695], [107.13940012566665, -6.250096570285741], [107.13996697392665, -6.249075663911639], [107.14025392307188, -6.2479417044816685], [107.14054087221712, -6.246807745051699], [107.14082782136235, -6.2456737856217295], [107.1411147705076, -6.24453982619176], [107.14140171965283, -6.24340586676179], [107.14168866879807, -6.242271907331821], [107.1419756179433, -6.241137947901851], [107.14226256708855, -6.240003988471882], [107.14254951623379, -6.238870029041912], [107.14283646537902, -6.237736069611943], [107.14312341452425, -6.236602110181973], [107.1434103636695, -6.235468150752004], [107.14355909943373, -6.23432430096259], [107.14343849473684, -6.233161177540231], [107.14331789003994, -6.231998054117873], [107.14319728534304, -6.230834930695513], [107.14307668064615, -6.229671807273155], [107.14295607594924, -6.228508683850796], [107.14290436090496, -6.228009938935951]]}, "properties": {"corridor_id": "OUTER_RING_RAIL", "mode": "rail", "status": "PLANNED", "status_label": "Rencana", "source": "RTRW / BPTJ Review Trase", "source_year": 2022, "source_type": "RTRW", "source_url": "", "geometry_confidence": "LOW", "alignment_confidence": "LOW", "digitization_level": "L2", "digitization_method": "DOCUMENT_RECONSTRUCTION (DOCUMENT_RECONSTRUCTION)", "passenger_status": "UNCERTAIN", "structure": "NOT_SPECIFIED", "color": "#E58A3A", "crs": "EPSG:4326", "geometry_source": "DOCUMENT", "disclaimer": "Geometri hasil digitasi/rekonstruksi spasial dari dokumen perencanaan. Bukan gambar DED.", "id": "OUTER_RING_RAIL-s09", "segment_id": "OUTER_RING_RAIL-s09", "sequence": 9, "from_node": "Cikarang", "to_node": "Cikarang Utara", "name": "Outer Ring · Cikarang–Cikarang Utara", "length_km": 2.69, "mode_filter": ",rail,", "status_filter": ",PLANNED,", "conf_filter": ",LOW,"}}, {"type": "Feature", "id": "OUTER_RING_RAIL-s10", "geometry": {"type": "LineString", "coordinates": [[107.14290436090496, -6.228009938935951], [107.14283547125234, -6.227345560428437], [107.14271486655545, -6.226182437006078], [107.14259426185855, -6.225019313583719], [107.14247365716164, -6.22385619016136], [107.14235305246474, -6.2226930667390015], [107.14223244776785, -6.221529943316642], [107.14200923183957, -6.220389070864874], [107.14163164654398, -6.219281672996791], [107.14125406124839, -6.218174275128709], [107.1408764759528, -6.217066877260626], [107.14049889065721, -6.215959479392543], [107.14012130536162, -6.21485208152446], [107.13974372006604, -6.213744683656377], [107.13936613477044, -6.212637285788294], [107.13898854947485, -6.211529887920212], [107.13861096417926, -6.210422490052129], [107.13823337888367, -6.209315092184046], [107.13785579358809, -6.208207694315964], [107.13747820829249, -6.207100296447881], [107.13697816126042, -6.206047392543185], [107.1363989875303, -6.2050296990438705], [107.13581981380018, -6.204012005544556], [107.13524064007007, -6.202994312045241], [107.13466146633995, -6.201976618545926], [107.13408229260983, -6.200958925046611], [107.13350311887972, -6.199941231547296], [107.13292394514959, -6.198923538047981], [107.13234477141947, -6.197905844548666], [107.13176559768935, -6.196888151049351], [107.13118642395924, -6.195870457550036], [107.13060725022912, -6.194852764050722], [107.130028076499, -6.193835070551407], [107.12944890276889, -6.1928173770520925], [107.12880895210745, -6.191840136029872], [107.12808327543813, -6.19091995332392], [107.12735759876881, -6.18999977061797], [107.12663192209949, -6.189079587912018], [107.12590624543019, -6.188159405206067], [107.12518056876087, -6.187239222500116], [107.12445489209155, -6.1863190397941645], [107.12372921542223, -6.185398857088214], [107.12300353875291, -6.184478674382262], [107.1222778620836, -6.183558491676311], [107.12155218541429, -6.18263830897036], [107.12082650874497, -6.181718126264409], [107.12010083207565, -6.180797943558458], [107.11937515540633, -6.179877760852507], [107.11864947873703, -6.178957578146556], [107.11792380206771, -6.1780373954406045], [107.11715505717343, -6.177155057173423], [107.11632584875326, -6.176325848753258], [107.11549664033309, -6.175496640333093], [107.11466743191293, -6.174667431912928], [107.11383822349276, -6.173838223492763], [107.1130090150726, -6.173009015072598], [107.11217980665243, -6.172179806652433], [107.11135059823226, -6.171350598232268], [107.1105213898121, -6.1705213898121025], [107.11, -6.169999999999998]]}, "properties": {"corridor_id": "OUTER_RING_RAIL", "mode": "rail", "status": "PLANNED", "status_label": "Rencana", "source": "RTRW / BPTJ Review Trase", "source_year": 2022, "source_type": "RTRW", "source_url": "", "geometry_confidence": "LOW", "alignment_confidence": "LOW", "digitization_level": "L2", "digitization_method": "DOCUMENT_RECONSTRUCTION (DOCUMENT_RECONSTRUCTION)", "passenger_status": "UNCERTAIN", "structure": "NOT_SPECIFIED", "color": "#E58A3A", "crs": "EPSG:4326", "geometry_source": "DOCUMENT", "disclaimer": "Geometri hasil digitasi/rekonstruksi spasial dari dokumen perencanaan. Bukan gambar DED.", "id": "OUTER_RING_RAIL-s10", "segment_id": "OUTER_RING_RAIL-s10", "sequence": 10, "from_node": "Cikarang Utara", "to_node": "Sukadanau", "name": "Outer Ring · Cikarang Utara–Sukadanau", "length_km": 7.565, "mode_filter": ",rail,", "status_filter": ",PLANNED,", "conf_filter": ",LOW,"}}, {"type": "Feature", "id": "OUTER_RING_RAIL-s11", "geometry": {"type": "LineString", "coordinates": [[107.11, -6.169999999999998], [107.10969218139194, -6.169692181391937], [107.10886297297176, -6.168862972971772], [107.1080337645516, -6.168033764551607], [107.10720455613144, -6.167204556131442], [107.10637534771128, -6.166375347711277], [107.1055461392911, -6.165546139291112], [107.10471693087094, -6.164716930870947], [107.10388772245078, -6.163887722450782], [107.10305851403061, -6.163058514030617], [107.10217726728386, -6.162293249353733], [107.10118865172328, -6.161659917510231], [107.10020003616269, -6.161026585666728], [107.0992114206021, -6.160393253823226], [107.09822280504152, -6.159759921979723], [107.09723418948093, -6.15912659013622], [107.09624557392033, -6.158493258292718], [107.09525695835974, -6.157859926449215], [107.09426834279915, -6.157226594605713], [107.09327972723857, -6.15659326276221], [107.09229111167798, -6.155959930918708], [107.0913024961174, -6.155326599075205], [107.0903138805568, -6.1546932672317025], [107.0893252649962, -6.1540599353882], [107.08833664943562, -6.153426603544697], [107.08734803387503, -6.152793271701195], [107.08635941831444, -6.152159939857692], [107.08537080275386, -6.15152660801419], [107.08438218719327, -6.150893276170687], [107.08339357163267, -6.150259944327185], [107.0823960369046, -6.149643315684457], [107.0813146471084, -6.149183725021073], [107.08023325731222, -6.148724134357689], [107.07915186751602, -6.148264543694306], [107.07807047771982, -6.147804953030922], [107.07698908792362, -6.147345362367537], [107.07590769812742, -6.146885771704153], [107.07482630833123, -6.14642618104077], [107.07374491853503, -6.145966590377386], [107.07266352873883, -6.1455069997140015], [107.07158213894263, -6.145047409050618], [107.07050074914643, -6.144587818387234], [107.06941935935023, -6.14412822772385], [107.06833796955404, -6.1436686370604665], [107.06725657975784, -6.143209046397082], [107.06617518996164, -6.142749455733698], [107.06509380016544, -6.142289865070314], [107.06401241036926, -6.141830274406931], [107.06293102057306, -6.141370683743546], [107.06184963077686, -6.140911093080162], [107.06076824098066, -6.140451502416779], [107.05968685118447, -6.139991911753395], [107.05860546138827, -6.139532321090011], [107.05752407159207, -6.139072730426626], [107.0563935708338, -6.138751316797006], [107.05526195198352, -6.138433048995364], [107.05413033313324, -6.138114781193722], [107.05299871428296, -6.13779651339208], [107.05186709543267, -6.137478245590438], [107.05073547658239, -6.137159977788796], [107.04960385773211, -6.136841709987154], [107.04871212725861, -6.136590910791485]]}, "properties": {"corridor_id": "OUTER_RING_RAIL", "mode": "rail", "status": "PLANNED", "status_label": "Rencana", "source": "RTRW / BPTJ Review Trase", "source_year": 2022, "source_type": "RTRW", "source_url": "", "geometry_confidence": "LOW", "alignment_confidence": "LOW", "digitization_level": "L2", "digitization_method": "DOCUMENT_RECONSTRUCTION (DOCUMENT_RECONSTRUCTION)", "passenger_status": "UNCERTAIN", "structure": "NOT_SPECIFIED", "color": "#E58A3A", "crs": "EPSG:4326", "geometry_source": "DOCUMENT", "disclaimer": "Geometri hasil digitasi/rekonstruksi spasial dari dokumen perencanaan. Bukan gambar DED.", "id": "OUTER_RING_RAIL-s11", "segment_id": "OUTER_RING_RAIL-s11", "sequence": 11, "from_node": "Sukadanau", "to_node": "Babelan", "name": "Outer Ring · Sukadanau–Babelan", "length_km": 7.821, "mode_filter": ",rail,", "status_filter": ",PLANNED,", "conf_filter": ",LOW,"}}, {"type": "Feature", "id": "OUTER_RING_RAIL-s12", "geometry": {"type": "LineString", "coordinates": [[107.04871212725861, -6.136590910791485], [107.04847223888183, -6.136523442185513], [107.04734062003155, -6.13620517438387], [107.04620900118127, -6.135886906582228], [107.04507738233097, -6.135568638780587], [107.04394576348069, -6.1352503709789445], [107.04281414463041, -6.134932103177302], [107.04168252578013, -6.134613835375661], [107.04055090692985, -6.134295567574019], [107.03941928807957, -6.1339772997723765], [107.03828766922929, -6.133659031970735], [107.037156050379, -6.133340764169093], [107.03602443152872, -6.133022496367451], [107.03489281267844, -6.132704228565809], [107.03376119382816, -6.132385960764167], [107.03262957497788, -6.132067692962525], [107.0314979561276, -6.1317494251608835], [107.03036633727731, -6.131431157359241], [107.02923471842702, -6.131112889557599], [107.02810309957674, -6.130794621755958], [107.02695939971078, -6.130528464234067], [107.02580191405534, -6.130321770367024], [107.0246444283999, -6.1301150764999806], [107.02348694274446, -6.129908382632937], [107.02232945708901, -6.129701688765894], [107.02117197143357, -6.129494994898851], [107.02001448577813, -6.129288301031808], [107.01977806281437, -6.129246082645422]]}, "properties": {"corridor_id": "OUTER_RING_RAIL", "mode": "rail", "status": "PLANNED", "status_label": "Rencana", "source": "RTRW / BPTJ Review Trase", "source_year": 2022, "source_type": "RTRW", "source_url": "", "geometry_confidence": "LOW", "alignment_confidence": "LOW", "digitization_level": "L2", "digitization_method": "DOCUMENT_RECONSTRUCTION (DOCUMENT_RECONSTRUCTION)", "passenger_status": "UNCERTAIN", "structure": "NOT_SPECIFIED", "color": "#E58A3A", "crs": "EPSG:4326", "geometry_source": "DOCUMENT", "disclaimer": "Geometri hasil digitasi/rekonstruksi spasial dari dokumen perencanaan. Bukan gambar DED.", "id": "OUTER_RING_RAIL-s12", "segment_id": "OUTER_RING_RAIL-s12", "sequence": 12, "from_node": "Babelan", "to_node": "Kebalen", "name": "Outer Ring · Babelan–Kebalen", "length_km": 3.304, "mode_filter": ",rail,", "status_filter": ",PLANNED,", "conf_filter": ",LOW,"}}, {"type": "Feature", "id": "OUTER_RING_RAIL-s13", "geometry": {"type": "LineString", "coordinates": [[107.01977806281437, -6.129246082645422], [107.01885700012268, -6.129081607164765], [107.01769951446724, -6.128874913297722], [107.0165420288118, -6.128668219430678], [107.01538454315636, -6.128461525563635], [107.01422705750092, -6.128254831696592], [107.01306957184548, -6.128048137829548], [107.01191208619004, -6.127841443962505], [107.01075460053458, -6.127634750095462], [107.00959711487914, -6.127428056228419], [107.0084396292237, -6.127221362361376], [107.00728214356826, -6.127014668494333], [107.00612465791282, -6.126807974627289], [107.00496717225738, -6.126601280760246], [107.00380968660194, -6.126394586893203], [107.00265220094649, -6.1261878930261595], [107.00149471529105, -6.125981199159116], [107.0003372296356, -6.125774505292073], [106.99917974398016, -6.1255678114250305], [106.99802225832472, -6.125361117557987], [106.99686477266928, -6.125154423690944], [106.99570728701384, -6.124947729823901], [106.99454980135839, -6.124741035956857], [106.99339231570295, -6.124534342089814], [106.99223426454768, -6.1243309101079575], [106.99107431044534, -6.124138454601175], [106.989914356343, -6.123945999094392], [106.98968428825277, -6.123907827005679]]}, "properties": {"corridor_id": "OUTER_RING_RAIL", "mode": "rail", "status": "PLANNED", "status_label": "Rencana", "source": "RTRW / BPTJ Review Trase", "source_year": 2022, "source_type": "RTRW", "source_url": "", "geometry_confidence": "LOW", "alignment_confidence": "LOW", "digitization_level": "L2", "digitization_method": "DOCUMENT_RECONSTRUCTION (DOCUMENT_RECONSTRUCTION)", "passenger_status": "UNCERTAIN", "structure": "NOT_SPECIFIED", "color": "#E58A3A", "crs": "EPSG:4326", "geometry_source": "DOCUMENT", "disclaimer": "Geometri hasil digitasi/rekonstruksi spasial dari dokumen perencanaan. Bukan gambar DED.", "id": "OUTER_RING_RAIL-s13", "segment_id": "OUTER_RING_RAIL-s13", "sequence": 13, "from_node": "Kebalen", "to_node": "Tarumajaya", "name": "Outer Ring · Kebalen–Tarumajaya", "length_km": 3.38, "mode_filter": ",rail,", "status_filter": ",PLANNED,", "conf_filter": ",LOW,"}}, {"type": "Feature", "id": "OUTER_RING_RAIL-s14", "geometry": {"type": "LineString", "coordinates": [[106.98968428825277, -6.123907827005679], [106.98875440224066, -6.1237535435876085], [106.98759444813832, -6.123561088080826], [106.98643449403598, -6.123368632574042], [106.98527453993364, -6.1231761770672595], [106.9841145858313, -6.122983721560477], [106.98295463172896, -6.122791266053693], [106.98179467762662, -6.1225988105469105], [106.98063472352429, -6.122406355040127], [106.97947476942194, -6.122213899533344], [106.9783148153196, -6.1220214440265615], [106.97715486121727, -6.121828988519778], [106.97599490711492, -6.121636533012995], [106.97483495301259, -6.121444077506212], [106.97367499891025, -6.121251621999429], [106.9725150448079, -6.121059166492646], [106.97135509070557, -6.1208667109858625], [106.97019513660324, -6.12067425547908], [106.96903518250089, -6.120481799972296], [106.96787522839855, -6.1202893444655135], [106.96671527429622, -6.120096888958731], [106.96555532019387, -6.119904433451947], [106.96470811530003, -6.119763868194352]]}, "properties": {"corridor_id": "OUTER_RING_RAIL", "mode": "rail", "status": "PLANNED", "status_label": "Rencana", "source": "RTRW / BPTJ Review Trase", "source_year": 2022, "source_type": "RTRW", "source_url": "", "geometry_confidence": "LOW", "alignment_confidence": "LOW", "digitization_level": "L2", "digitization_method": "DOCUMENT_RECONSTRUCTION (DOCUMENT_RECONSTRUCTION)", "passenger_status": "UNCERTAIN", "structure": "NOT_SPECIFIED", "color": "#E58A3A", "crs": "EPSG:4326", "geometry_source": "DOCUMENT", "disclaimer": "Geometri hasil digitasi/rekonstruksi spasial dari dokumen perencanaan. Bukan gambar DED.", "id": "OUTER_RING_RAIL-s14", "segment_id": "OUTER_RING_RAIL-s14", "sequence": 14, "from_node": "Tarumajaya", "to_node": "Marunda", "name": "Outer Ring · Tarumajaya–Marunda", "length_km": 2.8, "mode_filter": ",rail,", "status_filter": ",PLANNED,", "conf_filter": ",LOW,"}}, {"type": "Feature", "id": "OUTER_RING_RAIL-s15", "geometry": {"type": "LineString", "coordinates": [[106.96470811530003, -6.119763868194352], [106.96439536609154, -6.1197119779451645], [106.9632354119892, -6.119519522438381], [106.96207403571856, -6.11933604971687], [106.96091087929608, -6.119163820897755], [106.9597477228736, -6.118991592078639], [106.95858456645114, -6.118819363259523], [106.95742141002866, -6.118647134440408], [106.95625825360618, -6.118474905621293], [106.95509509718372, -6.118302676802177], [106.95393194076124, -6.118130447983061], [106.95276878433876, -6.117958219163945], [106.9516056279163, -6.11778599034483], [106.95044247149382, -6.117613761525715], [106.94927931507134, -6.117441532706599], [106.94811615864886, -6.1172693038874835], [106.9469530022264, -6.117097075068368], [106.94578984580392, -6.116924846249252], [106.94462668938144, -6.116752617430137], [106.94346353295897, -6.1165803886110215], [106.9423003765365, -6.116408159791906], [106.94113722011402, -6.11623593097279], [106.93997406369155, -6.116063702153674], [106.93984572040357, -6.116044698335698]]}, "properties": {"corridor_id": "OUTER_RING_RAIL", "mode": "rail", "status": "PLANNED", "status_label": "Rencana", "source": "RTRW / BPTJ Review Trase", "source_year": 2022, "source_type": "RTRW", "source_url": "", "geometry_confidence": "LOW", "alignment_confidence": "LOW", "digitization_level": "L2", "digitization_method": "DOCUMENT_RECONSTRUCTION (DOCUMENT_RECONSTRUCTION)", "passenger_status": "UNCERTAIN", "structure": "NOT_SPECIFIED", "color": "#E58A3A", "crs": "EPSG:4326", "geometry_source": "DOCUMENT", "disclaimer": "Geometri hasil digitasi/rekonstruksi spasial dari dokumen perencanaan. Bukan gambar DED.", "id": "OUTER_RING_RAIL-s15", "segment_id": "OUTER_RING_RAIL-s15", "sequence": 15, "from_node": "Marunda", "to_node": "Cilincing", "name": "Outer Ring · Marunda–Cilincing", "length_km": 2.78, "mode_filter": ",rail,", "status_filter": ",PLANNED,", "conf_filter": ",LOW,"}}, {"type": "Feature", "id": "OUTER_RING_RAIL-s16", "geometry": {"type": "LineString", "coordinates": [[106.93984572040357, -6.116044698335698], [106.93881090726907, -6.1158914733345595], [106.93764730227085, -6.11572254653745], [106.93647993974339, -6.1155812793815], [106.93531257721594, -6.11544001222555], [106.93414521468848, -6.1152987450696], [106.93297785216103, -6.11515747791365], [106.93181048963358, -6.1150162107577], [106.93064312710612, -6.11487494360175], [106.92947576457867, -6.1147336764458], [106.92830840205121, -6.11459240928985], [106.92714103952376, -6.1144511421339], [106.9259736769963, -6.11430987497795], [106.92480631446885, -6.114168607822], [106.9236389519414, -6.11402734066605], [106.92247158941395, -6.1138860735101], [106.92130422688649, -6.11374480635415], [106.92013686435904, -6.1136035391982], [106.91993017591454, -6.1135785270121525]]}, "properties": {"corridor_id": "OUTER_RING_RAIL", "mode": "rail", "status": "PLANNED", "status_label": "Rencana", "source": "RTRW / BPTJ Review Trase", "source_year": 2022, "source_type": "RTRW", "source_url": "", "geometry_confidence": "LOW", "alignment_confidence": "LOW", "digitization_level": "L2", "digitization_method": "DOCUMENT_RECONSTRUCTION (DOCUMENT_RECONSTRUCTION)", "passenger_status": "UNCERTAIN", "structure": "NOT_SPECIFIED", "color": "#E58A3A", "crs": "EPSG:4326", "geometry_source": "DOCUMENT", "disclaimer": "Geometri hasil digitasi/rekonstruksi spasial dari dokumen perencanaan. Bukan gambar DED.", "id": "OUTER_RING_RAIL-s16", "segment_id": "OUTER_RING_RAIL-s16", "sequence": 16, "from_node": "Cilincing", "to_node": "Semper", "name": "Outer Ring · Cilincing–Semper", "length_km": 2.219, "mode_filter": ",rail,", "status_filter": ",PLANNED,", "conf_filter": ",LOW,"}}, {"type": "Feature", "id": "OUTER_RING_RAIL-s17", "geometry": {"type": "LineString", "coordinates": [[106.91993017591454, -6.1135785270121525], [106.91896950183158, -6.11346227204225], [106.91780104992462, -6.1133320001065465], [106.91662842069816, -6.1132438902897235], [106.9154557914717, -6.113155780472901], [106.91428316224523, -6.113067670656078], [106.91311053301877, -6.112979560839255], [106.9119379037923, -6.112891451022433], [106.91076527456583, -6.11280334120561], [106.90959264533937, -6.112715231388787], [106.90842001611291, -6.112627121571965], [106.90724738688644, -6.112539011755142], [106.90607475765998, -6.112450901938319], [106.90490212843352, -6.1123627921214965], [106.90372949920705, -6.112274682304673], [106.90255687149924, -6.112186572601961], [106.90138424437, -6.112098462942721], [106.90021161724077, -6.112010353283481], [106.89992589414804, -6.111988884426323]]}, "properties": {"corridor_id": "OUTER_RING_RAIL", "mode": "rail", "status": "PLANNED", "status_label": "Rencana", "source": "RTRW / BPTJ Review Trase", "source_year": 2022, "source_type": "RTRW", "source_url": "", "geometry_confidence": "LOW", "alignment_confidence": "LOW", "digitization_level": "L2", "digitization_method": "DOCUMENT_RECONSTRUCTION (DOCUMENT_RECONSTRUCTION)", "passenger_status": "UNCERTAIN", "structure": "NOT_SPECIFIED", "color": "#E58A3A", "crs": "EPSG:4326", "geometry_source": "DOCUMENT", "disclaimer": "Geometri hasil digitasi/rekonstruksi spasial dari dokumen perencanaan. Bukan gambar DED.", "id": "OUTER_RING_RAIL-s17", "segment_id": "OUTER_RING_RAIL-s17", "sequence": 17, "from_node": "Semper", "to_node": "Koja", "name": "Outer Ring · Semper–Koja", "length_km": 2.219, "mode_filter": ",rail,", "status_filter": ",PLANNED,", "conf_filter": ",LOW,"}}, {"type": "Feature", "id": "OUTER_RING_RAIL-s18", "geometry": {"type": "LineString", "coordinates": [[106.89992589414804, -6.111988884426323], [106.89903899011155, -6.1119222436242415], [106.89786636298231, -6.111834133965002], [106.89669373585308, -6.111746024305762], [106.89552110872384, -6.111657914646522], [106.89434848159462, -6.111569804987282], [106.89317585446538, -6.111481695328043], [106.89200322787846, -6.111393585709552], [106.89083060224705, -6.1113054761628565], [106.88965797661564, -6.11121736661616], [106.88848535098421, -6.111129257069464], [106.8873127253528, -6.111041147522769], [106.88614009972139, -6.110953037976073], [106.88496747419842, -6.110864928437526], [106.88379484946562, -6.110776818958351], [106.8826222247328, -6.1106887094791755], [106.8814496, -6.1106006]]}, "properties": {"corridor_id": "OUTER_RING_RAIL", "mode": "rail", "status": "PLANNED", "status_label": "Rencana", "source": "RTRW / BPTJ Review Trase", "source_year": 2022, "source_type": "RTRW", "source_url": "", "geometry_confidence": "LOW", "alignment_confidence": "LOW", "digitization_level": "L2", "digitization_method": "DOCUMENT_RECONSTRUCTION (DOCUMENT_RECONSTRUCTION)", "passenger_status": "UNCERTAIN", "structure": "NOT_SPECIFIED", "color": "#E58A3A", "crs": "EPSG:4326", "geometry_source": "DOCUMENT", "disclaimer": "Geometri hasil digitasi/rekonstruksi spasial dari dokumen perencanaan. Bukan gambar DED.", "id": "OUTER_RING_RAIL-s18", "segment_id": "OUTER_RING_RAIL-s18", "sequence": 18, "from_node": "Koja", "to_node": "Tanjung Priok", "name": "Outer Ring · Koja–Tanjung Priok", "length_km": 2.049, "mode_filter": ",rail,", "status_filter": ",PLANNED,", "conf_filter": ",LOW,"}}, {"type": "Feature", "id": "MRT_2A-s01", "geometry": {"type": "LineString", "coordinates": [[106.8230619, -6.1918487], [106.82302721585366, -6.191039174434774], [106.82299253170746, -6.190229648872793], [106.8229578475613, -6.189420123311588], [106.82292316341524, -6.188610597753207], [106.82288847926935, -6.187801072198699], [106.82285379512346, -6.18699154664419], [106.82283490482091, -6.186550648295413]]}, "properties": {"corridor_id": "MRT_2A", "mode": "mrt", "status": "CONSTRUCTION", "status_label": "Konstruksi", "source": "PT MRT Jakarta (Perseroda)", "source_year": 2026, "source_type": "OFFICIAL_OPERATOR", "source_url": "https://jakartamrt.co.id", "geometry_confidence": "HIGH", "alignment_confidence": "HIGH", "digitization_level": "L4", "digitization_method": "DOCUMENT_RECONSTRUCTION + ROAD_REFERENCE (DOCUMENT_RECONSTRUCTION)", "passenger_status": "PASSENGER_CONFIRMED", "structure": "UNDERGROUND", "color": "#E58A3A", "crs": "EPSG:4326", "geometry_source": "DOCUMENT", "disclaimer": "Geometri hasil digitasi/rekonstruksi spasial dari dokumen perencanaan. Bukan gambar DED.", "id": "MRT_2A-s01", "segment_id": "MRT_2A-s01", "sequence": 1, "from_node": "Bundaran HI", "to_node": "Thamrin", "name": "MRT 2A · Bundaran HI–Thamrin", "length_km": 0.59, "mode_filter": ",mrt,", "status_filter": ",CONSTRUCTION,", "conf_filter": ",HIGH,"}}, {"type": "Feature", "id": "MRT_2A-s02", "geometry": {"type": "LineString", "coordinates": [[106.82283490482091, -6.186550648295413], [106.82281911097758, -6.1861820210896825], [106.82278442683203, -6.185372495543081], [106.82274974268654, -6.184562969997945], [106.82271505854106, -6.183753444452809], [106.82268037439557, -6.182943918907673], [106.82264312228028, -6.182134557702527], [106.82257312528243, -6.181327292041356], [106.82250312828458, -6.180520026380185], [106.82243313128673, -6.179712760719014], [106.82236313428888, -6.178905495057843], [106.82226307175995, -6.17810159515909], [106.82215074690653, -6.1772990679974695], [106.82203842205313, -6.176496540835848], [106.82203213374751, -6.176451612790973]]}, "properties": {"corridor_id": "MRT_2A", "mode": "mrt", "status": "CONSTRUCTION", "status_label": "Konstruksi", "source": "PT MRT Jakarta (Perseroda)", "source_year": 2026, "source_type": "OFFICIAL_OPERATOR", "source_url": "https://jakartamrt.co.id", "geometry_confidence": "HIGH", "alignment_confidence": "HIGH", "digitization_level": "L4", "digitization_method": "DOCUMENT_RECONSTRUCTION + ROAD_REFERENCE (DOCUMENT_RECONSTRUCTION)", "passenger_status": "PASSENGER_CONFIRMED", "structure": "UNDERGROUND", "color": "#E58A3A", "crs": "EPSG:4326", "geometry_source": "DOCUMENT", "disclaimer": "Geometri hasil digitasi/rekonstruksi spasial dari dokumen perencanaan. Bukan gambar DED.", "id": "MRT_2A-s02", "segment_id": "MRT_2A-s02", "sequence": 2, "from_node": "Thamrin", "to_node": "Monas", "name": "MRT 2A · Thamrin–Monas", "length_km": 1.127, "mode_filter": ",mrt,", "status_filter": ",CONSTRUCTION,", "conf_filter": ",HIGH,"}}, {"type": "Feature", "id": "MRT_2A-s03", "geometry": {"type": "LineString", "coordinates": [[106.82203213374751, -6.176451612790973], [106.82192609719971, -6.175694013674227], [106.82177556422951, -6.1748980123957695], [106.82161205386393, -6.1741042276349845], [106.82144854349835, -6.1733104428741985], [106.8212745732068, -6.172519217954473], [106.82104879486182, -6.171740671937303], [106.82082301651684, -6.170962125920133], [106.82059723817187, -6.170183579902964], [106.8204292047949, -6.1693908291183615], [106.82026377431542, -6.168597438043277], [106.82009834383594, -6.167804046968194], [106.81994478736455, -6.167008564710586], [106.81984699508936, -6.166348466853099]]}, "properties": {"corridor_id": "MRT_2A", "mode": "mrt", "status": "CONSTRUCTION", "status_label": "Konstruksi", "source": "PT MRT Jakarta (Perseroda)", "source_year": 2026, "source_type": "OFFICIAL_OPERATOR", "source_url": "https://jakartamrt.co.id", "geometry_confidence": "HIGH", "alignment_confidence": "HIGH", "digitization_level": "L4", "digitization_method": "DOCUMENT_RECONSTRUCTION + ROAD_REFERENCE (DOCUMENT_RECONSTRUCTION)", "passenger_status": "PASSENGER_CONFIRMED", "structure": "UNDERGROUND", "color": "#E58A3A", "crs": "EPSG:4326", "geometry_source": "DOCUMENT", "disclaimer": "Geometri hasil digitasi/rekonstruksi spasial dari dokumen perencanaan. Bukan gambar DED.", "id": "MRT_2A-s03", "segment_id": "MRT_2A-s03", "sequence": 3, "from_node": "Monas", "to_node": "Harmoni", "name": "MRT 2A · Monas–Harmoni", "length_km": 1.15, "mode_filter": ",mrt,", "status_filter": ",CONSTRUCTION,", "conf_filter": ",HIGH,"}}, {"type": "Feature", "id": "MRT_2A-s04", "geometry": {"type": "LineString", "coordinates": [[106.81984699508936, -6.166348466853099], [106.81982603019246, -6.166206953799034], [106.81970727302037, -6.1654053428874835], [106.81958851584828, -6.164603731975932], [106.8194713837285, -6.163801920554662], [106.81938944676128, -6.162995766522326], [106.81930750979406, -6.16218961248999], [106.81922557282684, -6.161383458457654], [106.81914363585962, -6.160577304425319], [106.81907102484259, -6.15977038393086], [106.81901870443626, -6.158961795833184], [106.81896638402995, -6.158153207735508], [106.81891406362362, -6.157344619637832], [106.81886174321731, -6.156536031540155], [106.81881305111226, -6.15579257727363]]}, "properties": {"corridor_id": "MRT_2A", "mode": "mrt", "status": "CONSTRUCTION", "status_label": "Konstruksi", "source": "PT MRT Jakarta (Perseroda)", "source_year": 2026, "source_type": "OFFICIAL_OPERATOR", "source_url": "https://jakartamrt.co.id", "geometry_confidence": "HIGH", "alignment_confidence": "HIGH", "digitization_level": "L4", "digitization_method": "DOCUMENT_RECONSTRUCTION + ROAD_REFERENCE (DOCUMENT_RECONSTRUCTION)", "passenger_status": "PASSENGER_CONFIRMED", "structure": "UNDERGROUND", "color": "#E58A3A", "crs": "EPSG:4326", "geometry_source": "DOCUMENT", "disclaimer": "Geometri hasil digitasi/rekonstruksi spasial dari dokumen perencanaan. Bukan gambar DED.", "id": "MRT_2A-s04", "segment_id": "MRT_2A-s04", "sequence": 4, "from_node": "Harmoni", "to_node": "Sawah Besar", "name": "MRT 2A · Harmoni–Sawah Besar", "length_km": 1.18, "mode_filter": ",mrt,", "status_filter": ",CONSTRUCTION,", "conf_filter": ",HIGH,"}}, {"type": "Feature", "id": "MRT_2A-s05", "geometry": {"type": "LineString", "coordinates": [[106.81881305111226, -6.15579257727363], [106.81880878814424, -6.155727488246082], [106.8187456767132, -6.154919661928945], [106.81868256528217, -6.1541118356118085], [106.81861945385116, -6.153304009294671], [106.81855634242012, -6.152496182977535], [106.81848390179306, -6.1516891662244415], [106.8184053039278, -6.150882683780912], [106.81832670606254, -6.150076201337383], [106.81826211799218, -6.149413471571939]]}, "properties": {"corridor_id": "MRT_2A", "mode": "mrt", "status": "CONSTRUCTION", "status_label": "Konstruksi", "source": "PT MRT Jakarta (Perseroda)", "source_year": 2026, "source_type": "OFFICIAL_OPERATOR", "source_url": "https://jakartamrt.co.id", "geometry_confidence": "HIGH", "alignment_confidence": "HIGH", "digitization_level": "L4", "digitization_method": "DOCUMENT_RECONSTRUCTION + ROAD_REFERENCE (DOCUMENT_RECONSTRUCTION)", "passenger_status": "PASSENGER_CONFIRMED", "structure": "UNDERGROUND", "color": "#E58A3A", "crs": "EPSG:4326", "geometry_source": "DOCUMENT", "disclaimer": "Geometri hasil digitasi/rekonstruksi spasial dari dokumen perencanaan. Bukan gambar DED.", "id": "MRT_2A-s05", "segment_id": "MRT_2A-s05", "sequence": 5, "from_node": "Sawah Besar", "to_node": "Mangga Besar", "name": "MRT 2A · Sawah Besar–Mangga Besar", "length_km": 0.712, "mode_filter": ",mrt,", "status_filter": ",CONSTRUCTION,", "conf_filter": ",HIGH,"}}, {"type": "Feature", "id": "MRT_2A-s06", "geometry": {"type": "LineString", "coordinates": [[106.81826211799218, -6.149413471571939], [106.81824810819728, -6.149269718893853], [106.81814678254202, -6.148465765435425], [106.81804412266484, -6.147661960439622], [106.81793794425121, -6.146858693381725], [106.81779297401506, -6.146061357082869], [106.81764738551249, -6.1452641498768275], [106.81745751532523, -6.1444761885996995], [106.8172657651205, -6.143688736641635], [106.81702736115152, -6.142913923742462], [106.81701036562694, -6.142860636022217]]}, "properties": {"corridor_id": "MRT_2A", "mode": "mrt", "status": "CONSTRUCTION", "status_label": "Konstruksi", "source": "PT MRT Jakarta (Perseroda)", "source_year": 2026, "source_type": "OFFICIAL_OPERATOR", "source_url": "https://jakartamrt.co.id", "geometry_confidence": "HIGH", "alignment_confidence": "HIGH", "digitization_level": "L4", "digitization_method": "DOCUMENT_RECONSTRUCTION + ROAD_REFERENCE (DOCUMENT_RECONSTRUCTION)", "passenger_status": "PASSENGER_CONFIRMED", "structure": "UNDERGROUND", "color": "#E58A3A", "crs": "EPSG:4326", "geometry_source": "DOCUMENT", "disclaimer": "Geometri hasil digitasi/rekonstruksi spasial dari dokumen perencanaan. Bukan gambar DED.", "id": "MRT_2A-s06", "segment_id": "MRT_2A-s06", "sequence": 6, "from_node": "Mangga Besar", "to_node": "Glodok", "name": "MRT 2A · Mangga Besar–Glodok", "length_km": 0.743, "mode_filter": ",mrt,", "status_filter": ",CONSTRUCTION,", "conf_filter": ",HIGH,"}}, {"type": "Feature", "id": "MRT_2A-s07", "geometry": {"type": "LineString", "coordinates": [[106.81701036562694, -6.142860636022217], [106.81678109850886, -6.1421417925409685], [106.8164907136147, -6.141384717638309], [106.81618145759553, -6.1406355973905224], [106.81583609307575, -6.139901697785957], [106.81549072863469, -6.139167798348683], [106.81514536427292, -6.138433899079936], [106.8148, -6.1377]]}, "properties": {"corridor_id": "MRT_2A", "mode": "mrt", "status": "CONSTRUCTION", "status_label": "Konstruksi", "source": "PT MRT Jakarta (Perseroda)", "source_year": 2026, "source_type": "OFFICIAL_OPERATOR", "source_url": "https://jakartamrt.co.id", "geometry_confidence": "HIGH", "alignment_confidence": "HIGH", "digitization_level": "L4", "digitization_method": "DOCUMENT_RECONSTRUCTION + ROAD_REFERENCE (DOCUMENT_RECONSTRUCTION)", "passenger_status": "PASSENGER_CONFIRMED", "structure": "UNDERGROUND", "color": "#E58A3A", "crs": "EPSG:4326", "geometry_source": "DOCUMENT", "disclaimer": "Geometri hasil digitasi/rekonstruksi spasial dari dokumen perencanaan. Bukan gambar DED.", "id": "MRT_2A-s07", "segment_id": "MRT_2A-s07", "sequence": 7, "from_node": "Glodok", "to_node": "Kota", "name": "MRT 2A · Glodok–Kota", "length_km": 0.624, "mode_filter": ",mrt,", "status_filter": ",CONSTRUCTION,", "conf_filter": ",HIGH,"}}, {"type": "Feature", "id": "MRT_2B-s01", "geometry": {"type": "LineString", "coordinates": [[106.8148, -6.1377], [106.81546804938388, -6.137557973753034], [106.81613609852138, -6.1374159475584475], [106.81680414760177, -6.137273921376001], [106.81747219646189, -6.137131895240385], [106.8181402450365, -6.136989869165467], [106.81880829361111, -6.13684784309055], [106.81947634218574, -6.136705817015631], [106.82014439014362, -6.136563791071827], [106.82081243801021, -6.136421765147436], [106.82148048587679, -6.1362797392230455], [106.82214853374336, -6.1361377132986545], [106.82280655657196, -6.135970657840638], [106.82338991717374, -6.135617193042514], [106.82397327777552, -6.135263728244389], [106.8245566383773, -6.1349102634462644], [106.8251399989791, -6.1345567986481395], [106.8255997507351, -6.134064788545157], [106.82587834748391, -6.1337128768624405]]}, "properties": {"corridor_id": "MRT_2B", "mode": "mrt", "status": "FS", "status_label": "Studi kelayakan", "source": "PT MRT Jakarta (Perseroda)", "source_year": 2026, "source_type": "OFFICIAL_OPERATOR", "source_url": "", "geometry_confidence": "MEDIUM", "alignment_confidence": "MEDIUM", "digitization_level": "L3", "digitization_method": "DOCUMENT_RECONSTRUCTION + ROAD_REFERENCE (DOCUMENT_RECONSTRUCTION)", "passenger_status": "PASSENGER_PROPOSED", "structure": "UNDER_REVIEW", "color": "#E58A3A", "crs": "EPSG:4326", "geometry_source": "DOCUMENT", "disclaimer": "Geometri hasil digitasi/rekonstruksi spasial dari dokumen perencanaan. Bukan gambar DED.", "id": "MRT_2B-s01", "segment_id": "MRT_2B-s01", "sequence": 1, "from_node": "Kota", "to_node": "Mangga Dua", "name": "MRT 2B · Kota–Mangga Dua", "length_km": 1.332, "mode_filter": ",mrt,", "status_filter": ",FS,", "conf_filter": ",MEDIUM,"}}, {"type": "Feature", "id": "MRT_2B-s02", "geometry": {"type": "LineString", "coordinates": [[106.82587834748391, -6.1337128768624405], [106.82602228388109, -6.1335310624659884], [106.8264448170271, -6.13299733638682], [106.8268673501731, -6.132463610307651], [106.82724169884943, -6.131902639606907], [106.8274870127462, -6.131268709636045], [106.82773232664297, -6.130634779665184], [106.82797764053974, -6.130000849694322], [106.82822295443653, -6.129366919723459], [106.82845026393608, -6.128728258021981], [106.82855202995844, -6.128056602274258], [106.82865379598083, -6.127384946526534], [106.82875556200321, -6.12671329077881], [106.82885732802559, -6.126041635031086], [106.82895909404797, -6.125369979283363], [106.82906086007036, -6.12469832353564], [106.82892896315228, -6.1240325335564805], [106.82879323915208, -6.123366839650657], [106.82865751515186, -6.122701145744834], [106.82852179115164, -6.122035451839011], [106.8283412295655, -6.121391144965269], [106.82790398536606, -6.120869272856269], [106.82760474983937, -6.120512120776022]]}, "properties": {"corridor_id": "MRT_2B", "mode": "mrt", "status": "FS", "status_label": "Studi kelayakan", "source": "PT MRT Jakarta (Perseroda)", "source_year": 2026, "source_type": "OFFICIAL_OPERATOR", "source_url": "", "geometry_confidence": "MEDIUM", "alignment_confidence": "MEDIUM", "digitization_level": "L3", "digitization_method": "DOCUMENT_RECONSTRUCTION + ROAD_REFERENCE (DOCUMENT_RECONSTRUCTION)", "passenger_status": "PASSENGER_PROPOSED", "structure": "UNDER_REVIEW", "color": "#E58A3A", "crs": "EPSG:4326", "geometry_source": "DOCUMENT", "disclaimer": "Geometri hasil digitasi/rekonstruksi spasial dari dokumen perencanaan. Bukan gambar DED.", "id": "MRT_2B-s02", "segment_id": "MRT_2B-s02", "sequence": 2, "from_node": "Mangga Dua", "to_node": "Ancol Marina", "name": "MRT 2B · Mangga Dua–Ancol Marina", "length_km": 1.586, "mode_filter": ",mrt,", "status_filter": ",FS,", "conf_filter": ",MEDIUM,"}}, {"type": "Feature", "id": "MRT_2B-s03", "geometry": {"type": "LineString", "coordinates": [[106.82760474983937, -6.120512120776022], [106.82746674116663, -6.120347400747268], [106.8270294969672, -6.119825528638268], [106.82659225276777, -6.119303656529267], [106.82601998820806, -6.118960189022937], [106.8253945735492, -6.118686949608875], [106.82476915889035, -6.1184137101948135], [106.8241437442315, -6.1181404707807525], [106.82351832957265, -6.117867231366691], [106.82286237758767, -6.117706930843074], [106.82218347850132, -6.117631497611258], [106.82150457941498, -6.117556064379442], [106.82082568032862, -6.117480631147625], [106.82014678124227, -6.117405197915809], [106.81946788215593, -6.117329764683992], [106.81878898306958, -6.117254331452177], [106.81811008450046, -6.11717889827783], [106.81743118596285, -6.117103465106984], [106.81675228742523, -6.1170280319361385], [106.81607338888762, -6.116952598765293], [106.81539449035, -6.116877165594446], [106.81471559219307, -6.116801732465898], [106.81403669404739, -6.1167262993386], [106.81335779590171, -6.116650866211302], [106.81267889791053, -6.116575433101172], [106.812, -6.1165]]}, "properties": {"corridor_id": "MRT_2B", "mode": "mrt", "status": "FS", "status_label": "Studi kelayakan", "source": "PT MRT Jakarta (Perseroda)", "source_year": 2026, "source_type": "OFFICIAL_OPERATOR", "source_url": "", "geometry_confidence": "MEDIUM", "alignment_confidence": "MEDIUM", "digitization_level": "L3", "digitization_method": "DOCUMENT_RECONSTRUCTION + ROAD_REFERENCE (DOCUMENT_RECONSTRUCTION)", "passenger_status": "PASSENGER_PROPOSED", "structure": "UNDER_REVIEW", "color": "#E58A3A", "crs": "EPSG:4326", "geometry_source": "DOCUMENT", "disclaimer": "Geometri hasil digitasi/rekonstruksi spasial dari dokumen perencanaan. Bukan gambar DED.", "id": "MRT_2B-s03", "segment_id": "MRT_2B-s03", "sequence": 3, "from_node": "Ancol Marina", "to_node": "Ancol Barat", "name": "MRT 2B · Ancol Marina–Ancol Barat", "length_km": 1.834, "mode_filter": ",mrt,", "status_filter": ",FS,", "conf_filter": ",MEDIUM,"}}, {"type": "Feature", "id": "MRT_3-s01", "geometry": {"type": "LineString", "coordinates": [[106.4627867, -6.1911184], [106.46345963802473, -6.191206675274204], [106.46413257604947, -6.191294950548407], [106.4648055140742, -6.191383225822611], [106.46547845241058, -6.1914715011376975], [106.46615139100847, -6.191559776487086], [106.46682432960634, -6.1916480518364745], [106.46749726820421, -6.191736327185862], [106.46817020680209, -6.191824602535251], [106.46884314539996, -6.191912877884639], [106.46951608399783, -6.1920011532340276], [106.47018902319881, -6.19208942866253], [106.47086196275201, -6.1921777041372374], [106.47153490230522, -6.192265979611944], [106.47220784185842, -6.192354255086652], [106.47288078141163, -6.192442530561359], [106.47355372096484, -6.192530806036067], [106.47422666051804, -6.192619081510774], [106.47489960007125, -6.192707356985482], [106.47557253962445, -6.1927956324601885], [106.47624547917766, -6.192883907934896], [106.47691841908217, -6.192972183455687], [106.47759135997303, -6.193060459105868], [106.47826430086391, -6.193148734756048], [106.47893724175478, -6.193237010406229], [106.47961018264564, -6.193325286056409], [106.48028312353651, -6.19341356170659], [106.48095606442739, -6.193501837356771], [106.48162900531825, -6.193590113006952], [106.48230194620912, -6.193678388657132], [106.48297488709999, -6.193766664307312], [106.48364782799086, -6.193854939957493], [106.48432076888173, -6.193943215607674], [106.4849937097726, -6.194031491257855], [106.48566665066346, -6.1941197669080355], [106.48633974489346, -6.19420687429267], [106.48701303607457, -6.194292481139192], [106.48768632725567, -6.194378087985716], [106.48835961843679, -6.19446369483224], [106.48903290961789, -6.194549301678763], [106.489706200799, -6.194634908525287], [106.49037949198011, -6.19472051537181], [106.49105278316122, -6.194806122218334], [106.49172607434232, -6.1948917290648575], [106.49239936552344, -6.19497733591138], [106.49307265670454, -6.195062942757904], [106.49374594788566, -6.195148549604427], [106.49441923906676, -6.195234156450951], [106.49509253024787, -6.195319763297475], [106.49576611041338, -6.195403095915121], [106.49643975165806, -6.19548594785623], [106.49711339290275, -6.195568799797337], [106.49778703414744, -6.195651651738445], [106.49846067539212, -6.195734503679554], [106.49913431663681, -6.195817355620662], [106.4998079578815, -6.1959002075617695], [106.50000920769324, -6.195924959516437]]}, "properties": {"corridor_id": "MRT_3", "mode": "mrt", "status": "MASTERPLAN", "status_label": "Masterplan", "source": "JICA / MRT Jakarta East-West Line", "source_year": 2024, "source_type": "JICA_STUDY", "source_url": "", "geometry_confidence": "MEDIUM", "alignment_confidence": "MEDIUM", "digitization_level": "L3", "digitization_method": "DOCUMENT_RECONSTRUCTION + ROAD_REFERENCE (DOCUMENT_RECONSTRUCTION)", "passenger_status": "PASSENGER_PROPOSED", "structure": "UNDER_REVIEW", "color": "#E58A3A", "crs": "EPSG:4326", "geometry_source": "DOCUMENT", "disclaimer": "Geometri hasil digitasi/rekonstruksi spasial dari dokumen perencanaan. Bukan gambar DED.", "id": "MRT_3-s01", "segment_id": "MRT_3-s01", "sequence": 1, "from_node": "Balaraja", "to_node": "Cibadak Tangerang", "name": "MRT East-West · Balaraja–Cibadak Tangerang", "length_km": 4.149, "mode_filter": ",mrt,", "status_filter": ",MASTERPLAN,", "conf_filter": ",MEDIUM,"}}, {"type": "Feature", "id": "MRT_3-s02", "geometry": {"type": "LineString", "coordinates": [[106.50000920769324, -6.195924959516437], [106.50048159912619, -6.195983059502877], [106.50115524037088, -6.196065911443986], [106.50182888161557, -6.196148763385094], [106.50250252286024, -6.196231615326202], [106.50317616410493, -6.19631446726731], [106.50384980534962, -6.196397319208418], [106.50452359527856, -6.196478959957012], [106.50519758578257, -6.1965589668065295], [106.50587157628658, -6.196638973656048], [106.5065455667906, -6.196718980505566], [106.50721955729462, -6.196798987355085], [106.50789354779863, -6.196878994204603], [106.50856753830266, -6.196959001054122], [106.50924152880667, -6.19703900790364], [106.5099155193107, -6.1971190147531585], [106.51058950981471, -6.197199021602676], [106.51126350031872, -6.197279028452195], [106.51193749082275, -6.197359035301713], [106.51261148132676, -6.197439042151232], [106.51328555463984, -6.197518349101695], [106.51395989294643, -6.197595416336735], [106.51463423125303, -6.1976724835717745], [106.51530856955964, -6.197749550806814], [106.51598290786623, -6.197826618041855], [106.51665724617283, -6.197903685276895], [106.51733158447942, -6.197980752511935], [106.51800592278603, -6.198057819746975], [106.51868026109263, -6.1981348869820145], [106.51935459939922, -6.198211954217054], [106.52002893770583, -6.198289021452095], [106.52070327601243, -6.198366088687135], [106.52137761431902, -6.198443155922175], [106.52205295759751, -6.198507519335107], [106.5227311256921, -6.198536174325018], [106.52340929378668, -6.198564829314931], [106.52408746188128, -6.198593484304843], [106.52476562997586, -6.198622139294755], [106.52544379807046, -6.198650794284667], [106.52612196616504, -6.19867944927458], [106.52680013425963, -6.198708104264491], [106.52747830235423, -6.198736759254404], [106.5281564704488, -6.198765414244316], [106.5288346385434, -6.198794069234228], [106.52951280663798, -6.19882272422414], [106.53019097473258, -6.1988513792140525], [106.5308692038812, -6.198871688781078], [106.53154771949899, -6.198852841125029], [106.53222623511678, -6.198833993468979], [106.53290475073457, -6.198815145812929], [106.53358326635238, -6.1987962981568785], [106.53426178197017, -6.198777450500828], [106.53494029758797, -6.198758602844779], [106.53496557766553, -6.198757900620403]]}, "properties": {"corridor_id": "MRT_3", "mode": "mrt", "status": "MASTERPLAN", "status_label": "Masterplan", "source": "JICA / MRT Jakarta East-West Line", "source_year": 2024, "source_type": "JICA_STUDY", "source_url": "", "geometry_confidence": "MEDIUM", "alignment_confidence": "MEDIUM", "digitization_level": "L3", "digitization_method": "DOCUMENT_RECONSTRUCTION + ROAD_REFERENCE (DOCUMENT_RECONSTRUCTION)", "passenger_status": "PASSENGER_PROPOSED", "structure": "UNDER_REVIEW", "color": "#E58A3A", "crs": "EPSG:4326", "geometry_source": "DOCUMENT", "disclaimer": "Geometri hasil digitasi/rekonstruksi spasial dari dokumen perencanaan. Bukan gambar DED.", "id": "MRT_3-s02", "segment_id": "MRT_3-s02", "sequence": 2, "from_node": "Cibadak Tangerang", "to_node": "Pasir Gadung", "name": "MRT East-West · Cibadak Tangerang–Pasir Gadung", "length_km": 3.882, "mode_filter": ",mrt,", "status_filter": ",MASTERPLAN,", "conf_filter": ",MEDIUM,"}}, {"type": "Feature", "id": "MRT_3-s03", "geometry": {"type": "LineString", "coordinates": [[106.53496557766553, -6.198757900620403], [106.53561881320576, -6.198739755188729], [106.53629732882355, -6.198720907532679], [106.53697584444134, -6.198702059876629], [106.53765436005914, -6.19868321222058], [106.53833287567694, -6.19866436456453], [106.53901139129474, -6.1986455169084795], [106.53968990691253, -6.1986266692524294], [106.5403658053106, -6.198565950175696], [106.54104144938933, -6.198501162387325], [106.54171709346805, -6.198436374598954], [106.54239273754678, -6.198371586810583], [106.5430683816255, -6.198306799022212], [106.54374402570423, -6.198242011233841], [106.54441966978295, -6.19817722344547], [106.54509531386168, -6.198112435657099], [106.5457709579404, -6.198047647868728], [106.54644660201913, -6.197982860080358], [106.54712224609786, -6.197918072291986], [106.54779789017658, -6.197853284503616], [106.54847353425531, -6.197788496715245], [106.54914685730157, -6.197705915032178], [106.54981678177504, -6.197597278631074], [106.5504867062485, -6.19748864222997], [106.55115663072198, -6.197380005828867], [106.55182655519546, -6.197271369427763], [106.55249647966893, -6.197162733026659], [106.5531664041424, -6.197054096625556], [106.55383632861587, -6.196945460224452], [106.55450625308934, -6.196836823823348], [106.55517617756281, -6.196728187422245], [106.55584610203628, -6.196619551021141], [106.55651602650975, -6.1965109146200374], [106.55718595098324, -6.196402278218934], [106.55785587545671, -6.19629364181783], [106.55852428545751, -6.1961763728943575], [106.55919167853757, -6.196053307503709], [106.55985907161762, -6.19593024211306], [106.56052646469769, -6.195807176722411], [106.56119385777774, -6.195684111331762], [106.5618612508578, -6.195561045941113], [106.56252864393787, -6.195437980550464], [106.56319603701792, -6.195314915159815], [106.56386343009798, -6.195191849769166], [106.56453082317803, -6.195068784378517], [106.5651982162581, -6.194945718987868], [106.56586560933816, -6.194822653597218], [106.56653300241821, -6.19469958820657], [106.56719916141446, -6.19457032448056], [106.56786342161851, -6.194431523840907], [106.56852768182257, -6.1942927232012535], [106.56919194202662, -6.1941539225616005], [106.56985620223068, -6.1940151219219475], [106.57052046243473, -6.1938763212822945], [106.57118472263879, -6.1937375206426415], [106.57184898284284, -6.193598720002988], [106.57191353574069, -6.1935852313377655]]}, "properties": {"corridor_id": "MRT_3", "mode": "mrt", "status": "MASTERPLAN", "status_label": "Masterplan", "source": "JICA / MRT Jakarta East-West Line", "source_year": 2024, "source_type": "JICA_STUDY", "source_url": "", "geometry_confidence": "MEDIUM", "alignment_confidence": "MEDIUM", "digitization_level": "L3", "digitization_method": "DOCUMENT_RECONSTRUCTION + ROAD_REFERENCE (DOCUMENT_RECONSTRUCTION)", "passenger_status": "PASSENGER_PROPOSED", "structure": "UNDER_REVIEW", "color": "#E58A3A", "crs": "EPSG:4326", "geometry_source": "DOCUMENT", "disclaimer": "Geometri hasil digitasi/rekonstruksi spasial dari dokumen perencanaan. Bukan gambar DED.", "id": "MRT_3-s03", "segment_id": "MRT_3-s03", "sequence": 3, "from_node": "Pasir Gadung", "to_node": "Kadu", "name": "MRT East-West · Pasir Gadung–Kadu", "length_km": 4.131, "mode_filter": ",mrt,", "status_filter": ",MASTERPLAN,", "conf_filter": ",MEDIUM,"}}, {"type": "Feature", "id": "MRT_3-s04", "geometry": {"type": "LineString", "coordinates": [[106.57191353574069, -6.1935852313377655], [106.5725132430469, -6.193459919363335], [106.57317750325095, -6.193321118723682], [106.57384176345501, -6.193182318084029], [106.57450602365905, -6.193043517444376], [106.57517028386312, -6.192904716804722], [106.5758314992627, -6.192752401748964], [106.57649188519147, -6.192596405072878], [106.57715227112024, -6.192440408396791], [106.57781265704901, -6.1922844117207045], [106.57847304297778, -6.192128415044618], [106.57913342890654, -6.191972418368531], [106.57979381483531, -6.191816421692445], [106.58045420076408, -6.191660425016358], [106.58111458669285, -6.191504428340271], [106.58177497262162, -6.191348431664184], [106.58243535855038, -6.191192434988097], [106.58309574447915, -6.191036438312011], [106.58375245821681, -6.190866011142181], [106.58440805276516, -6.190691185929291], [106.58506364731349, -6.1905163607163995], [106.58571924186184, -6.190341535503509], [106.58637483641017, -6.190166710290619], [106.58703043095852, -6.1899918850777285], [106.58768602550686, -6.189817059864838], [106.58834162005519, -6.189642234651948], [106.58899721460354, -6.189467409439057], [106.58965280915187, -6.189292584226166], [106.59030840370022, -6.189117759013276], [106.59096449205883, -6.188944799837802], [106.59162159942012, -6.188775691325705], [106.59227870678141, -6.188606582813608], [106.5929358141427, -6.188437474301511], [106.593592921504, -6.188268365789414], [106.59425002886529, -6.188099257277317], [106.59490713622658, -6.18793014876522], [106.59556424358787, -6.187761040253123], [106.59622135094916, -6.187591931741026], [106.59687845831046, -6.187422823228929], [106.59753556567175, -6.187253714716832], [106.59819267303304, -6.187084606204735], [106.59884978039433, -6.186915497692638], [106.59950734227148, -6.1867481644321325], [106.60016561226395, -6.186583596934014], [106.60082388225644, -6.186419029435896], [106.6014821522489, -6.186254461937778], [106.60202934586428, -6.186117663533933]]}, "properties": {"corridor_id": "MRT_3", "mode": "mrt", "status": "MASTERPLAN", "status_label": "Masterplan", "source": "JICA / MRT Jakarta East-West Line", "source_year": 2024, "source_type": "JICA_STUDY", "source_url": "", "geometry_confidence": "MEDIUM", "alignment_confidence": "MEDIUM", "digitization_level": "L3", "digitization_method": "DOCUMENT_RECONSTRUCTION + ROAD_REFERENCE (DOCUMENT_RECONSTRUCTION)", "passenger_status": "PASSENGER_PROPOSED", "structure": "UNDER_REVIEW", "color": "#E58A3A", "crs": "EPSG:4326", "geometry_source": "DOCUMENT", "disclaimer": "Geometri hasil digitasi/rekonstruksi spasial dari dokumen perencanaan. Bukan gambar DED.", "id": "MRT_3-s04", "segment_id": "MRT_3-s04", "sequence": 4, "from_node": "Kadu", "to_node": "Bencongan", "name": "MRT East-West · Kadu–Bencongan", "length_km": 3.432, "mode_filter": ",mrt,", "status_filter": ",MASTERPLAN,", "conf_filter": ",MEDIUM,"}}, {"type": "Feature", "id": "MRT_3-s05", "geometry": {"type": "LineString", "coordinates": [[106.60202934586428, -6.186117663533933], [106.60214042224138, -6.186089894439659], [106.60279869223385, -6.185925326941541], [106.60345696222632, -6.185760759443423], [106.6041152322188, -6.185596191945304], [106.60477350221127, -6.185431624447186], [106.60543177220374, -6.185267056949067], [106.60609004219621, -6.18510248945095], [106.60674831218869, -6.184937921952831], [106.60740658218116, -6.1847733544547125], [106.60806485217364, -6.184608786956594], [106.60872312216611, -6.184444219458476], [106.60938227466139, -6.1842831948743076], [106.61004146472406, -6.18412232110901], [106.61070065478675, -6.183961447343712], [106.61135984484943, -6.183800573578416], [106.61201903491211, -6.183639699813118], [106.61267822497479, -6.18347882604782], [106.61333741503746, -6.183317952282523], [106.61399660510016, -6.183157078517226], [106.61465579516283, -6.1829962047519285], [106.61531498522551, -6.182835330986631], [106.61597417528819, -6.182674457221334], [106.61663336535088, -6.1825135834560365], [106.61729255541356, -6.182352709690739], [106.61795174547623, -6.182191835925442], [106.61861093553891, -6.182030962160145], [106.61927014835867, -6.18187018191423], [106.61993008380203, -6.181712371264732], [106.62059001924538, -6.181554560615233], [106.62124995468875, -6.181396749965733], [106.6219098901321, -6.181238939316235], [106.62256982557547, -6.181081128666736], [106.62322976101882, -6.1809233180172365], [106.62388969646219, -6.180765507367738], [106.62454963190555, -6.180607696718239], [106.6252095673489, -6.1804498860687405], [106.62586950279227, -6.180292075419241], [106.62652943823562, -6.180134264769742], [106.62718937367899, -6.1799764541202435], [106.62784930912234, -6.179818643470744], [106.62795093883476, -6.1797943407134275]]}, "properties": {"corridor_id": "MRT_3", "mode": "mrt", "status": "MASTERPLAN", "status_label": "Masterplan", "source": "JICA / MRT Jakarta East-West Line", "source_year": 2024, "source_type": "JICA_STUDY", "source_url": "", "geometry_confidence": "MEDIUM", "alignment_confidence": "MEDIUM", "digitization_level": "L3", "digitization_method": "DOCUMENT_RECONSTRUCTION + ROAD_REFERENCE (DOCUMENT_RECONSTRUCTION)", "passenger_status": "PASSENGER_PROPOSED", "structure": "UNDER_REVIEW", "color": "#E58A3A", "crs": "EPSG:4326", "geometry_source": "DOCUMENT", "disclaimer": "Geometri hasil digitasi/rekonstruksi spasial dari dokumen perencanaan. Bukan gambar DED.", "id": "MRT_3-s05", "segment_id": "MRT_3-s05", "sequence": 5, "from_node": "Bencongan", "to_node": "Kelapa Dua Tangerang", "name": "MRT East-West · Bencongan–Kelapa Dua Tangerang", "length_km": 2.951, "mode_filter": ",mrt,", "status_filter": ",MASTERPLAN,", "conf_filter": ",MEDIUM,"}}, {"type": "Feature", "id": "MRT_3-s06", "geometry": {"type": "LineString", "coordinates": [[106.62795093883476, -6.1797943407134275], [106.6285092445657, -6.179660832821245], [106.62916918000906, -6.179503022171747], [106.62982911545242, -6.179345211522247], [106.63048905089579, -6.179187400872749], [106.63114922471827, -6.179030588749059], [106.63180955444788, -6.178874429691379], [106.63246988417751, -6.178718270633698], [106.63313021390714, -6.178562111576016], [106.63379054363675, -6.178405952518335], [106.63445087336638, -6.178249793460654], [106.635111203096, -6.178093634402972], [106.63577153282561, -6.177937475345291], [106.63643186255524, -6.17778131628761], [106.63709219228487, -6.177625157229929], [106.63775252201448, -6.177468998172248], [106.6384128517441, -6.177312839114567], [106.63907318147373, -6.177156680056886], [106.63973351120335, -6.177000520999204], [106.64039422397043, -6.1768459837211465], [106.64105519591624, -6.176692543805155], [106.64171616786206, -6.176539103889163], [106.64237713980786, -6.176385663973171], [106.64303811175367, -6.17623222405718], [106.64369908369949, -6.176078784141188], [106.6443600556453, -6.175925344225196], [106.6450210275911, -6.1757719043092045], [106.64568199953692, -6.175618464393213], [106.64634297148272, -6.175465024477221], [106.64700395073295, -6.175311616283415], [106.64766614699798, -6.1751634934346615], [106.648018876387, -6.17508459343975]]}, "properties": {"corridor_id": "MRT_3", "mode": "mrt", "status": "MASTERPLAN", "status_label": "Masterplan", "source": "JICA / MRT Jakarta East-West Line", "source_year": 2024, "source_type": "JICA_STUDY", "source_url": "", "geometry_confidence": "MEDIUM", "alignment_confidence": "MEDIUM", "digitization_level": "L3", "digitization_method": "DOCUMENT_RECONSTRUCTION + ROAD_REFERENCE (DOCUMENT_RECONSTRUCTION)", "passenger_status": "PASSENGER_PROPOSED", "structure": "UNDER_REVIEW", "color": "#E58A3A", "crs": "EPSG:4326", "geometry_source": "DOCUMENT", "disclaimer": "Geometri hasil digitasi/rekonstruksi spasial dari dokumen perencanaan. Bukan gambar DED.", "id": "MRT_3-s06", "segment_id": "MRT_3-s06", "sequence": 6, "from_node": "Kelapa Dua Tangerang", "to_node": "Danau Ranau", "name": "MRT East-West · Kelapa Dua Tangerang–Danau Ranau", "length_km": 2.279, "mode_filter": ",mrt,", "status_filter": ",MASTERPLAN,", "conf_filter": ",MEDIUM,"}}, {"type": "Feature", "id": "MRT_3-s07", "geometry": {"type": "LineString", "coordinates": [[106.648018876387, -6.17508459343975], [106.64832834326299, -6.175015370585909], [106.648990539528, -6.174867247737155], [106.64965273579303, -6.1747191248884015], [106.65031493205804, -6.174571002039648], [106.65097712832305, -6.174422879190894], [106.65163932458806, -6.174274756342141], [106.652304204192, -6.174139159161598], [106.65296962226994, -6.1740060755460116], [106.65363504034787, -6.173872991930424], [106.65430061584794, -6.173740720427876], [106.65496810992279, -6.173618346514153], [106.65563560399765, -6.17349597260043], [106.6563030980725, -6.173373598686707], [106.65697225935605, -6.1732607578546395], [106.65764211822162, -6.173151905788988], [106.65801480730724, -6.173091343812574]]}, "properties": {"corridor_id": "MRT_3", "mode": "mrt", "status": "MASTERPLAN", "status_label": "Masterplan", "source": "JICA / MRT Jakarta East-West Line", "source_year": 2024, "source_type": "JICA_STUDY", "source_url": "", "geometry_confidence": "MEDIUM", "alignment_confidence": "MEDIUM", "digitization_level": "L3", "digitization_method": "DOCUMENT_RECONSTRUCTION + ROAD_REFERENCE (DOCUMENT_RECONSTRUCTION)", "passenger_status": "PASSENGER_PROPOSED", "structure": "UNDER_REVIEW", "color": "#E58A3A", "crs": "EPSG:4326", "geometry_source": "DOCUMENT", "disclaimer": "Geometri hasil digitasi/rekonstruksi spasial dari dokumen perencanaan. Bukan gambar DED.", "id": "MRT_3-s07", "segment_id": "MRT_3-s07", "sequence": 7, "from_node": "Danau Ranau", "to_node": "Kebon Nanas", "name": "MRT East-West · Danau Ranau–Kebon Nanas", "length_km": 1.127, "mode_filter": ",mrt,", "status_filter": ",MASTERPLAN,", "conf_filter": ",MEDIUM,"}}, {"type": "Feature", "id": "MRT_3-s08", "geometry": {"type": "LineString", "coordinates": [[106.65801480730724, -6.173091343812574], [106.65831197708717, -6.173043053723336], [106.65898374324742, -6.1729468491307085], [106.6596562536757, -6.172855579858297], [106.66032909542979, -6.172767090457022], [106.66100443481227, -6.172699556518773], [106.66167977419474, -6.172632022580525], [106.66235671778153, -6.172583288152518], [106.66303384754254, -6.17253673548145], [106.66371097730355, -6.172490182810381], [106.66438882339297, -6.172455558830351], [106.66506671328861, -6.17242166433557], [106.66574460318425, -6.172387769840787], [106.66642258831484, -6.172356027938194], [106.66710085247941, -6.172330593032022], [106.66777911664398, -6.172305158125851], [106.66845738080856, -6.172279723219679], [106.66913564497312, -6.172254288313508], [106.6698140771377, -6.172233883510351], [106.67049254337097, -6.172214498760829], [106.67117100960422, -6.172195114011307], [106.67184947583749, -6.172175729261786], [106.67252794207074, -6.172156344512264], [106.67320591868125, -6.1721252722071185], [106.67388365707389, -6.172088513514637], [106.67456139546651, -6.172051754822155], [106.67523913385915, -6.172014996129673], [106.67591687225178, -6.171978237437191], [106.67659436928713, -6.171937855280996], [106.67727106652116, -6.1718854658177165], [106.67794776375518, -6.171833076354437], [106.67798687448456, -6.171830048427002]]}, "properties": {"corridor_id": "MRT_3", "mode": "mrt", "status": "MASTERPLAN", "status_label": "Masterplan", "source": "JICA / MRT Jakarta East-West Line", "source_year": 2024, "source_type": "JICA_STUDY", "source_url": "", "geometry_confidence": "MEDIUM", "alignment_confidence": "MEDIUM", "digitization_level": "L3", "digitization_method": "DOCUMENT_RECONSTRUCTION + ROAD_REFERENCE (DOCUMENT_RECONSTRUCTION)", "passenger_status": "PASSENGER_PROPOSED", "structure": "UNDER_REVIEW", "color": "#E58A3A", "crs": "EPSG:4326", "geometry_source": "DOCUMENT", "disclaimer": "Geometri hasil digitasi/rekonstruksi spasial dari dokumen perencanaan. Bukan gambar DED.", "id": "MRT_3-s08", "segment_id": "MRT_3-s08", "sequence": 8, "from_node": "Kebon Nanas", "to_node": "Kunciran", "name": "MRT East-West · Kebon Nanas–Kunciran", "length_km": 2.214, "mode_filter": ",mrt,", "status_filter": ",MASTERPLAN,", "conf_filter": ",MEDIUM,"}}, {"type": "Feature", "id": "MRT_3-s09", "geometry": {"type": "LineString", "coordinates": [[106.67798687448456, -6.171830048427002], [106.67862446098921, -6.171780686891157], [106.67930115822324, -6.171728297427877], [106.67997785545727, -6.171675907964597], [106.6806539177427, -6.171616383483794], [106.6813293588312, -6.17154987851508], [106.68200479991971, -6.171483373546366], [106.68268024100821, -6.171416868577651], [106.68335568209672, -6.171350363608938], [106.68403112318522, -6.171283858640224], [106.68470587749349, -6.1712110732360586], [106.68537991951814, -6.171131774174334], [106.68605396154281, -6.17105247511261], [106.68672800356747, -6.170973176050885], [106.68740204559214, -6.170893876989161], [106.68807608761679, -6.170814577927436], [106.68874925104878, -6.170729185294395], [106.68941856031479, -6.170617061690855], [106.69008786958081, -6.1705049380873165], [106.69075717884684, -6.170392814483778], [106.69142648811285, -6.170280690880238], [106.69209579737887, -6.1701685672767], [106.6927585812803, -6.170024499125477], [106.69341886413937, -6.169868187264964], [106.69407914699843, -6.16971187540445], [106.6947394298575, -6.169555563543937], [106.69488269453362, -6.169520434114092]]}, "properties": {"corridor_id": "MRT_3", "mode": "mrt", "status": "MASTERPLAN", "status_label": "Masterplan", "source": "JICA / MRT Jakarta East-West Line", "source_year": 2024, "source_type": "JICA_STUDY", "source_url": "", "geometry_confidence": "MEDIUM", "alignment_confidence": "MEDIUM", "digitization_level": "L3", "digitization_method": "DOCUMENT_RECONSTRUCTION + ROAD_REFERENCE (DOCUMENT_RECONSTRUCTION)", "passenger_status": "PASSENGER_PROPOSED", "structure": "UNDER_REVIEW", "color": "#E58A3A", "crs": "EPSG:4326", "geometry_source": "DOCUMENT", "disclaimer": "Geometri hasil digitasi/rekonstruksi spasial dari dokumen perencanaan. Bukan gambar DED.", "id": "MRT_3-s09", "segment_id": "MRT_3-s09", "sequence": 9, "from_node": "Kunciran", "to_node": "Karang Tengah", "name": "MRT East-West · Kunciran–Karang Tengah", "length_km": 1.888, "mode_filter": ",mrt,", "status_filter": ",MASTERPLAN,", "conf_filter": ",MEDIUM,"}}, {"type": "Feature", "id": "MRT_3-s10", "geometry": {"type": "LineString", "coordinates": [[106.66394732852605, -6.172478110128786], [106.66438882339297, -6.172455558830351], [106.66506671328861, -6.17242166433557], [106.66574460318425, -6.172387769840787], [106.66642258831484, -6.172356027938194], [106.66710085247941, -6.172330593032022], [106.66777911664398, -6.172305158125851], [106.66845738080856, -6.172279723219679], [106.66913564497312, -6.172254288313508], [106.6698140771377, -6.172233883510351], [106.67049254337097, -6.172214498760829], [106.67117100960422, -6.172195114011307], [106.67184947583749, -6.172175729261786], [106.67252794207074, -6.172156344512264], [106.67320591868125, -6.1721252722071185], [106.67388365707389, -6.172088513514637], [106.67456139546651, -6.172051754822155], [106.67523913385915, -6.172014996129673], [106.67591687225178, -6.171978237437191], [106.67659436928713, -6.171937855280996], [106.67727106652116, -6.1718854658177165], [106.67794776375518, -6.171833076354437], [106.67862446098921, -6.171780686891157], [106.67930115822324, -6.171728297427877], [106.67997785545727, -6.171675907964597], [106.6806539177427, -6.171616383483794], [106.6813293588312, -6.17154987851508], [106.68200479991971, -6.171483373546366], [106.68268024100821, -6.171416868577651], [106.68335568209672, -6.171350363608938], [106.68403112318522, -6.171283858640224], [106.68470587749349, -6.1712110732360586], [106.68537991951814, -6.171131774174334], [106.68605396154281, -6.17105247511261], [106.68672800356747, -6.170973176050885], [106.68740204559214, -6.170893876989161], [106.68807608761679, -6.170814577927436], [106.68874925104878, -6.170729185294395], [106.68941856031479, -6.170617061690855], [106.69008786958081, -6.1705049380873165], [106.69075717884684, -6.170392814483778], [106.69142648811285, -6.170280690880238], [106.69209579737887, -6.1701685672767], [106.6927585812803, -6.170024499125477], [106.69341886413937, -6.169868187264964], [106.69407914699843, -6.16971187540445], [106.6947394298575, -6.169555563543937], [106.69488269453362, -6.169520434114092]]}, "properties": {"corridor_id": "MRT_3", "mode": "mrt", "status": "MASTERPLAN", "status_label": "Masterplan", "source": "JICA / MRT Jakarta East-West Line", "source_year": 2024, "source_type": "JICA_STUDY", "source_url": "", "geometry_confidence": "MEDIUM", "alignment_confidence": "MEDIUM", "digitization_level": "L3", "digitization_method": "DOCUMENT_RECONSTRUCTION + ROAD_REFERENCE (DOCUMENT_RECONSTRUCTION)", "passenger_status": "PASSENGER_PROPOSED", "structure": "UNDER_REVIEW", "color": "#E58A3A", "crs": "EPSG:4326", "geometry_source": "DOCUMENT", "disclaimer": "Geometri hasil digitasi/rekonstruksi spasial dari dokumen perencanaan. Bukan gambar DED.", "id": "MRT_3-s10", "segment_id": "MRT_3-s10", "sequence": 10, "from_node": "Karang Tengah", "to_node": "Batu Ceper", "name": "MRT East-West · Karang Tengah–Batu Ceper", "length_km": 3.442, "mode_filter": ",mrt,", "status_filter": ",MASTERPLAN,", "conf_filter": ",MEDIUM,"}}, {"type": "Feature", "id": "MRT_3-s11", "geometry": {"type": "LineString", "coordinates": [[106.66394732852605, -6.172478110128786], [106.66438882339297, -6.172455558830351], [106.66506671328861, -6.17242166433557], [106.66574460318425, -6.172387769840787], [106.66642258831484, -6.172356027938194], [106.66710085247941, -6.172330593032022], [106.66777911664398, -6.172305158125851], [106.66845738080856, -6.172279723219679], [106.66913564497312, -6.172254288313508], [106.6698140771377, -6.172233883510351], [106.67049254337097, -6.172214498760829], [106.67117100960422, -6.172195114011307], [106.67184947583749, -6.172175729261786], [106.67252794207074, -6.172156344512264], [106.67320591868125, -6.1721252722071185], [106.67388365707389, -6.172088513514637], [106.67456139546651, -6.172051754822155], [106.67523913385915, -6.172014996129673], [106.67591687225178, -6.171978237437191], [106.67659436928713, -6.171937855280996], [106.67727106652116, -6.1718854658177165], [106.67794776375518, -6.171833076354437], [106.67862446098921, -6.171780686891157], [106.67930115822324, -6.171728297427877], [106.67997785545727, -6.171675907964597], [106.6806539177427, -6.171616383483794], [106.6813293588312, -6.17154987851508], [106.68200479991971, -6.171483373546366], [106.68268024100821, -6.171416868577651], [106.68335568209672, -6.171350363608938], [106.68403112318522, -6.171283858640224], [106.68470587749349, -6.1712110732360586], [106.68537991951814, -6.171131774174334], [106.68605396154281, -6.17105247511261], [106.68672800356747, -6.170973176050885], [106.68740204559214, -6.170893876989161], [106.68807608761679, -6.170814577927436], [106.68874925104878, -6.170729185294395], [106.68941856031479, -6.170617061690855], [106.69008786958081, -6.1705049380873165], [106.69075717884684, -6.170392814483778], [106.69142648811285, -6.170280690880238], [106.69209579737887, -6.1701685672767], [106.6927585812803, -6.170024499125477], [106.69341886413937, -6.169868187264964], [106.69407914699843, -6.16971187540445], [106.6947394298575, -6.169555563543937], [106.69539819501911, -6.169394030044147], [106.69604057114178, -6.1691761100430424], [106.69668294726443, -6.168958190041938], [106.69732532338709, -6.168740270040833], [106.69795860662835, -6.168500972641639], [106.69856334700128, -6.168194570852683], [106.69916808737422, -6.167888169063727], [106.69977795398718, -6.167593721518451], [106.70041902538259, -6.167372042624709], [106.70106009677801, -6.1671503637309675], [106.70170116817343, -6.166928684837226], [106.70234223956885, -6.166707005943484], [106.70299856046057, -6.166535264916689], [106.70365537902612, -6.166365153633526], [106.70431219759166, -6.166195042350363], [106.70496901615721, -6.1660249310671995], [106.70562583472275, -6.165854819784037], [106.70628805996058, -6.165707780125025], [106.70695285600902, -6.165571710758386], [106.70761765205746, -6.165435641391746], [106.7082824481059, -6.165299572025107], [106.70894724415434, -6.1651635026584675], [106.70920587135929, -6.165110567265644]]}, "properties": {"corridor_id": "MRT_3", "mode": "mrt", "status": "MASTERPLAN", "status_label": "Masterplan", "source": "JICA / MRT Jakarta East-West Line", "source_year": 2024, "source_type": "JICA_STUDY", "source_url": "", "geometry_confidence": "MEDIUM", "alignment_confidence": "MEDIUM", "digitization_level": "L3", "digitization_method": "DOCUMENT_RECONSTRUCTION + ROAD_REFERENCE (DOCUMENT_RECONSTRUCTION)", "passenger_status": "PASSENGER_PROPOSED", "structure": "UNDER_REVIEW", "color": "#E58A3A", "crs": "EPSG:4326", "geometry_source": "DOCUMENT", "disclaimer": "Geometri hasil digitasi/rekonstruksi spasial dari dokumen perencanaan. Bukan gambar DED.", "id": "MRT_3-s11", "segment_id": "MRT_3-s11", "sequence": 11, "from_node": "Batu Ceper", "to_node": "Hasyim Asy'ari", "name": "MRT East-West · Batu Ceper–Hasyim Asy'ari", "length_km": 5.105, "mode_filter": ",mrt,", "status_filter": ",MASTERPLAN,", "conf_filter": ",MEDIUM,"}}, {"type": "Feature", "id": "MRT_3-s12", "geometry": {"type": "LineString", "coordinates": [[106.70920587135929, -6.165110567265644], [106.70961204020279, -6.1650274332918285], [106.71027795102438, -6.164897288990993], [106.71094725670947, -6.16478518853142], [106.71161656239457, -6.164673088071847], [106.71228586807966, -6.1645609876122744], [106.71295517376477, -6.164448887152701], [106.71362447944986, -6.164336786693128], [106.71429378513496, -6.164224686233555], [106.71496309082006, -6.1641125857739825], [106.71563773232566, -6.1640461759074485], [106.7163150652597, -6.16400281272345], [106.71699239819374, -6.163959449539453], [106.71766973112778, -6.163916086355456], [106.71834706406183, -6.163872723171458], [106.71902439699586, -6.16382935998746], [106.71970172992991, -6.163785996803463], [106.72037934375109, -6.163777408500051], [106.72105728978933, -6.163809949909886], [106.72173523582757, -6.163842491319722], [106.7224131818658, -6.163875032729558], [106.72309112790403, -6.163907574139393], [106.72376907394226, -6.163940115549228], [106.7244470199805, -6.163972656959063], [106.72512013439854, -6.164049243945231], [106.72578919669536, -6.164162770510198], [106.72645825899218, -6.164276297075166], [106.727127321289, -6.164389823640135], [106.72779638358583, -6.164503350205103], [106.72846544588263, -6.16461687677007], [106.72913450817946, -6.164730403335039], [106.72978728419282, -6.1649124347559665], [106.73043666238674, -6.16510875839599], [106.73108604058066, -6.165305082036012], [106.73173541877458, -6.165501405676035], [106.73238479696849, -6.165697729316057], [106.73303417516242, -6.16589405295608], [106.73368647092767, -6.166079182462521], [106.73435003526602, -6.166221076723553], [106.73501359960437, -6.166362970984584], [106.73567716394273, -6.166504865245615], [106.73634072828108, -6.166646759506647], [106.73700429261942, -6.166788653767679], [106.73767024434939, -6.166915917188976], [106.73834489801766, -6.1669898518375525], [106.73901955168591, -6.167063786486129], [106.73969420535418, -6.167137721134706], [106.74008952863373, -6.167181044233835]]}, "properties": {"corridor_id": "MRT_3", "mode": "mrt", "status": "MASTERPLAN", "status_label": "Masterplan", "source": "JICA / MRT Jakarta East-West Line", "source_year": 2024, "source_type": "JICA_STUDY", "source_url": "", "geometry_confidence": "MEDIUM", "alignment_confidence": "MEDIUM", "digitization_level": "L3", "digitization_method": "DOCUMENT_RECONSTRUCTION + ROAD_REFERENCE (DOCUMENT_RECONSTRUCTION)", "passenger_status": "PASSENGER_PROPOSED", "structure": "UNDER_REVIEW", "color": "#E58A3A", "crs": "EPSG:4326", "geometry_source": "DOCUMENT", "disclaimer": "Geometri hasil digitasi/rekonstruksi spasial dari dokumen perencanaan. Bukan gambar DED.", "id": "MRT_3-s12", "segment_id": "MRT_3-s12", "sequence": 12, "from_node": "Hasyim Asy'ari", "to_node": "Kembangan", "name": "MRT East-West · Hasyim Asy'ari–Kembangan", "length_km": 3.466, "mode_filter": ",mrt,", "status_filter": ",MASTERPLAN,", "conf_filter": ",MEDIUM,"}}, {"type": "Feature", "id": "MRT_3-s13", "geometry": {"type": "LineString", "coordinates": [[106.74008952863373, -6.167181044233835], [106.74036885902244, -6.167211655783283], [106.74104351269071, -6.1672855904318595], [106.7417213938113, -6.16729178355171], [106.74240005621927, -6.167281578101966], [106.74307871862725, -6.167271372652222], [106.74375738103521, -6.167261167202478], [106.74443604344319, -6.167250961752734], [106.74510631550136, -6.167148947416438], [106.7457757145926, -6.167037380901231], [106.74644511368383, -6.166925814386025], [106.74711451277508, -6.1668142478708186], [106.74778253135621, -6.166695119808504], [106.7484486755211, -6.166565724898776], [106.749114819686, -6.166436329989047], [106.7497809638509, -6.1663069350793185], [106.7504471080158, -6.16617754016959], [106.75111267791239, -6.166045373107457], [106.751776055065, -6.16590262106196], [106.75197013155416, -6.165860857766825]]}, "properties": {"corridor_id": "MRT_3", "mode": "mrt", "status": "MASTERPLAN", "status_label": "Masterplan", "source": "JICA / MRT Jakarta East-West Line", "source_year": 2024, "source_type": "JICA_STUDY", "source_url": "", "geometry_confidence": "MEDIUM", "alignment_confidence": "MEDIUM", "digitization_level": "L3", "digitization_method": "DOCUMENT_RECONSTRUCTION + ROAD_REFERENCE (DOCUMENT_RECONSTRUCTION)", "passenger_status": "PASSENGER_PROPOSED", "structure": "UNDER_REVIEW", "color": "#E58A3A", "crs": "EPSG:4326", "geometry_source": "DOCUMENT", "disclaimer": "Geometri hasil digitasi/rekonstruksi spasial dari dokumen perencanaan. Bukan gambar DED.", "id": "MRT_3-s13", "segment_id": "MRT_3-s13", "sequence": 13, "from_node": "Kembangan", "to_node": "Kembangan 2", "name": "MRT East-West · Kembangan–Kembangan 2", "length_km": 1.328, "mode_filter": ",mrt,", "status_filter": ",MASTERPLAN,", "conf_filter": ",MEDIUM,"}}, {"type": "Feature", "id": "MRT_3-s14", "geometry": {"type": "LineString", "coordinates": [[106.72272621377532, -6.163890058261215], [106.72309112790403, -6.163907574139393], [106.72376907394226, -6.163940115549228], [106.7244470199805, -6.163972656959063], [106.72512013439854, -6.164049243945231], [106.72578919669536, -6.164162770510198], [106.72645825899218, -6.164276297075166], [106.727127321289, -6.164389823640135], [106.72779638358583, -6.164503350205103], [106.72846544588263, -6.16461687677007], [106.72913450817946, -6.164730403335039], [106.72978728419282, -6.1649124347559665], [106.73043666238674, -6.16510875839599], [106.73108604058066, -6.165305082036012], [106.73173541877458, -6.165501405676035], [106.73238479696849, -6.165697729316057], [106.73303417516242, -6.16589405295608], [106.73368647092767, -6.166079182462521], [106.73435003526602, -6.166221076723553], [106.73501359960437, -6.166362970984584], [106.73567716394273, -6.166504865245615], [106.73634072828108, -6.166646759506647], [106.73700429261942, -6.166788653767679], [106.73767024434939, -6.166915917188976], [106.73834489801766, -6.1669898518375525], [106.73901955168591, -6.167063786486129], [106.73969420535418, -6.167137721134706], [106.74036885902244, -6.167211655783283], [106.74104351269071, -6.1672855904318595], [106.7417213938113, -6.16729178355171], [106.74240005621927, -6.167281578101966], [106.74307871862725, -6.167271372652222], [106.74375738103521, -6.167261167202478], [106.74443604344319, -6.167250961752734], [106.74510631550136, -6.167148947416438], [106.7457757145926, -6.167037380901231], [106.74644511368383, -6.166925814386025], [106.74711451277508, -6.1668142478708186], [106.74778253135621, -6.166695119808504], [106.7484486755211, -6.166565724898776], [106.749114819686, -6.166436329989047], [106.7497809638509, -6.1663069350793185], [106.7504471080158, -6.16617754016959], [106.75111267791239, -6.166045373107457], [106.751776055065, -6.16590262106196], [106.75197013155416, -6.165860857766825]]}, "properties": {"corridor_id": "MRT_3", "mode": "mrt", "status": "MASTERPLAN", "status_label": "Masterplan", "source": "JICA / MRT Jakarta East-West Line", "source_year": 2024, "source_type": "JICA_STUDY", "source_url": "", "geometry_confidence": "MEDIUM", "alignment_confidence": "MEDIUM", "digitization_level": "L3", "digitization_method": "DOCUMENT_RECONSTRUCTION + ROAD_REFERENCE (DOCUMENT_RECONSTRUCTION)", "passenger_status": "PASSENGER_PROPOSED", "structure": "UNDER_REVIEW", "color": "#E58A3A", "crs": "EPSG:4326", "geometry_source": "DOCUMENT", "disclaimer": "Geometri hasil digitasi/rekonstruksi spasial dari dokumen perencanaan. Bukan gambar DED.", "id": "MRT_3-s14", "segment_id": "MRT_3-s14", "sequence": 14, "from_node": "Kembangan 2", "to_node": "Rawa Buaya", "name": "MRT East-West · Kembangan 2–Rawa Buaya", "length_km": 3.288, "mode_filter": ",mrt,", "status_filter": ",MASTERPLAN,", "conf_filter": ",MEDIUM,"}}, {"type": "Feature", "id": "MRT_3-s15", "geometry": {"type": "LineString", "coordinates": [[106.7026359752724, -6.166630143433131], [106.70299856046057, -6.166535264916689], [106.70365537902612, -6.166365153633526], [106.70431219759166, -6.166195042350363], [106.70496901615721, -6.1660249310671995], [106.70562583472275, -6.165854819784037], [106.70628805996058, -6.165707780125025], [106.70695285600902, -6.165571710758386], [106.70761765205746, -6.165435641391746], [106.7082824481059, -6.165299572025107], [106.70894724415434, -6.1651635026584675], [106.70961204020279, -6.1650274332918285], [106.71027795102438, -6.164897288990993], [106.71094725670947, -6.16478518853142], [106.71161656239457, -6.164673088071847], [106.71228586807966, -6.1645609876122744], [106.71295517376477, -6.164448887152701], [106.71362447944986, -6.164336786693128], [106.71429378513496, -6.164224686233555], [106.71496309082006, -6.1641125857739825], [106.71563773232566, -6.1640461759074485], [106.7163150652597, -6.16400281272345], [106.71699239819374, -6.163959449539453], [106.71766973112778, -6.163916086355456], [106.71834706406183, -6.163872723171458], [106.71902439699586, -6.16382935998746], [106.71970172992991, -6.163785996803463], [106.72037934375109, -6.163777408500051], [106.72105728978933, -6.163809949909886], [106.72173523582757, -6.163842491319722], [106.7224131818658, -6.163875032729558], [106.72272621377532, -6.163890058261215]]}, "properties": {"corridor_id": "MRT_3", "mode": "mrt", "status": "MASTERPLAN", "status_label": "Masterplan", "source": "JICA / MRT Jakarta East-West Line", "source_year": 2024, "source_type": "JICA_STUDY", "source_url": "", "geometry_confidence": "MEDIUM", "alignment_confidence": "MEDIUM", "digitization_level": "L3", "digitization_method": "DOCUMENT_RECONSTRUCTION + ROAD_REFERENCE (DOCUMENT_RECONSTRUCTION)", "passenger_status": "PASSENGER_PROPOSED", "structure": "UNDER_REVIEW", "color": "#E58A3A", "crs": "EPSG:4326", "geometry_source": "DOCUMENT", "disclaimer": "Geometri hasil digitasi/rekonstruksi spasial dari dokumen perencanaan. Bukan gambar DED.", "id": "MRT_3-s15", "segment_id": "MRT_3-s15", "sequence": 15, "from_node": "Rawa Buaya", "to_node": "Kalideres", "name": "MRT East-West · Rawa Buaya–Kalideres", "length_km": 2.252, "mode_filter": ",mrt,", "status_filter": ",MASTERPLAN,", "conf_filter": ",MEDIUM,"}}, {"type": "Feature", "id": "MRT_3-s16", "geometry": {"type": "LineString", "coordinates": [[106.7026359752724, -6.166630143433131], [106.70299856046057, -6.166535264916689], [106.70365537902612, -6.166365153633526], [106.70431219759166, -6.166195042350363], [106.70496901615721, -6.1660249310671995], [106.70562583472275, -6.165854819784037], [106.70628805996058, -6.165707780125025], [106.70695285600902, -6.165571710758386], [106.70761765205746, -6.165435641391746], [106.7082824481059, -6.165299572025107], [106.70894724415434, -6.1651635026584675], [106.70961204020279, -6.1650274332918285], [106.71027795102438, -6.164897288990993], [106.71094725670947, -6.16478518853142], [106.71161656239457, -6.164673088071847], [106.71228586807966, -6.1645609876122744], [106.71295517376477, -6.164448887152701], [106.71362447944986, -6.164336786693128], [106.71429378513496, -6.164224686233555], [106.71496309082006, -6.1641125857739825], [106.71563773232566, -6.1640461759074485], [106.7163150652597, -6.16400281272345], [106.71699239819374, -6.163959449539453], [106.71766973112778, -6.163916086355456], [106.71834706406183, -6.163872723171458], [106.71902439699586, -6.16382935998746], [106.71970172992991, -6.163785996803463], [106.72037934375109, -6.163777408500051], [106.72105728978933, -6.163809949909886], [106.72173523582757, -6.163842491319722], [106.7224131818658, -6.163875032729558], [106.72309112790403, -6.163907574139393], [106.72376907394226, -6.163940115549228], [106.7244470199805, -6.163972656959063], [106.72512013439854, -6.164049243945231], [106.72578919669536, -6.164162770510198], [106.72645825899218, -6.164276297075166], [106.727127321289, -6.164389823640135], [106.72779638358583, -6.164503350205103], [106.72846544588263, -6.16461687677007], [106.72913450817946, -6.164730403335039], [106.72978728419282, -6.1649124347559665], [106.73043666238674, -6.16510875839599], [106.73108604058066, -6.165305082036012], [106.73173541877458, -6.165501405676035], [106.73238479696849, -6.165697729316057], [106.73303417516242, -6.16589405295608], [106.73368647092767, -6.166079182462521], [106.73435003526602, -6.166221076723553], [106.73501359960437, -6.166362970984584], [106.73567716394273, -6.166504865245615], [106.73634072828108, -6.166646759506647], [106.73700429261942, -6.166788653767679], [106.73767024434939, -6.166915917188976], [106.73834489801766, -6.1669898518375525], [106.73901955168591, -6.167063786486129], [106.73969420535418, -6.167137721134706], [106.74036885902244, -6.167211655783283], [106.74104351269071, -6.1672855904318595], [106.7417213938113, -6.16729178355171], [106.74240005621927, -6.167281578101966], [106.74307871862725, -6.167271372652222], [106.74375738103521, -6.167261167202478], [106.74443604344319, -6.167250961752734], [106.74510631550136, -6.167148947416438], [106.7457757145926, -6.167037380901231], [106.74644511368383, -6.166925814386025], [106.74711451277508, -6.1668142478708186], [106.74778253135621, -6.166695119808504], [106.7484486755211, -6.166565724898776], [106.749114819686, -6.166436329989047], [106.7497809638509, -6.1663069350793185], [106.7504471080158, -6.16617754016959], [106.75111267791239, -6.166045373107457], [106.751776055065, -6.16590262106196], [106.75243943221761, -6.165759869016462], [106.75310280937022, -6.165617116970965], [106.75376618652284, -6.165474364925467], [106.75442956367544, -6.165331612879969], [106.75509234728884, -6.165186235938749], [106.75575337992304, -6.1650331153850635], [106.75641441255723, -6.164879994831378], [106.75707544519145, -6.164726874277692], [106.75773647782565, -6.164573753724007], [106.75839751045984, -6.164420633170321], [106.75905854309406, -6.164267512616636], [106.75971845965539, -6.164109764982357], [106.76037749605302, -6.163948368313549], [106.76103653245065, -6.1637869716447415], [106.76169556884828, -6.163625574975933], [106.76235460524592, -6.163464178307126], [106.76301364164354, -6.1633027816383175], [106.76367267804117, -6.163141384969509], [106.76433277305811, -6.162984889750466], [106.76500034734285, -6.162863023840769], [106.76566792162758, -6.162741157931072], [106.76633549591233, -6.162619292021375], [106.76700307019706, -6.1624974261116785], [106.7676706444818, -6.162375560201981], [106.76833821876653, -6.162253694292284], [106.7690068059729, -6.16213860555548], [106.76968117330262, -6.162062189994039], [106.77035554063232, -6.161985774432598], [106.77102990796205, -6.161909358871156], [106.77165976902526, -6.161837986512719]]}, "properties": {"corridor_id": "MRT_3", "mode": "mrt", "status": "MASTERPLAN", "status_label": "Masterplan", "source": "JICA / MRT Jakarta East-West Line", "source_year": 2024, "source_type": "JICA_STUDY", "source_url": "", "geometry_confidence": "MEDIUM", "alignment_confidence": "MEDIUM", "digitization_level": "L3", "digitization_method": "DOCUMENT_RECONSTRUCTION + ROAD_REFERENCE (DOCUMENT_RECONSTRUCTION)", "passenger_status": "PASSENGER_PROPOSED", "structure": "UNDER_REVIEW", "color": "#E58A3A", "crs": "EPSG:4326", "geometry_source": "DOCUMENT", "disclaimer": "Geometri hasil digitasi/rekonstruksi spasial dari dokumen perencanaan. Bukan gambar DED.", "id": "MRT_3-s16", "segment_id": "MRT_3-s16", "sequence": 16, "from_node": "Kalideres", "to_node": "Pesing", "name": "MRT East-West · Kalideres–Pesing", "length_km": 7.764, "mode_filter": ",mrt,", "status_filter": ",MASTERPLAN,", "conf_filter": ",MEDIUM,"}}, {"type": "Feature", "id": "MRT_3-s17", "geometry": {"type": "LineString", "coordinates": [[106.77165976902526, -6.161837986512719], [106.77170427529177, -6.161832943309715], [106.77237864262149, -6.161756527748274], [106.7730530099512, -6.161680112186833], [106.77372975338771, -6.161635211272406], [106.77440804206303, -6.161610805083189], [106.77508633073835, -6.161586398893973], [106.77576461941366, -6.161561992704756], [106.77644290808898, -6.161537586515538], [106.7771211967643, -6.161513180326321], [106.77779928049512, -6.161515886904208], [106.77847712359984, -6.161550426680246], [106.77915496670458, -6.161584966456283], [106.7798328098093, -6.161619506232321], [106.78051065291405, -6.161654046008358], [106.78118849601877, -6.161688585784396], [106.78186358041239, -6.161754796740237], [106.78253730317313, -6.161836639822087], [106.78321102593387, -6.161918482903937], [106.7838847486946, -6.162000325985788], [106.78455847145534, -6.162082169067638], [106.78522840706565, -6.162186734545193], [106.78589266915095, -6.162325340413386], [106.78655693123626, -6.162463946281581], [106.7871454703955, -6.162586751696698]]}, "properties": {"corridor_id": "MRT_3", "mode": "mrt", "status": "MASTERPLAN", "status_label": "Masterplan", "source": "JICA / MRT Jakarta East-West Line", "source_year": 2024, "source_type": "JICA_STUDY", "source_url": "", "geometry_confidence": "MEDIUM", "alignment_confidence": "MEDIUM", "digitization_level": "L3", "digitization_method": "DOCUMENT_RECONSTRUCTION + ROAD_REFERENCE (DOCUMENT_RECONSTRUCTION)", "passenger_status": "PASSENGER_PROPOSED", "structure": "UNDER_REVIEW", "color": "#E58A3A", "crs": "EPSG:4326", "geometry_source": "DOCUMENT", "disclaimer": "Geometri hasil digitasi/rekonstruksi spasial dari dokumen perencanaan. Bukan gambar DED.", "id": "MRT_3-s17", "segment_id": "MRT_3-s17", "sequence": 17, "from_node": "Pesing", "to_node": "Grogol", "name": "MRT East-West · Pesing–Grogol", "length_km": 1.722, "mode_filter": ",mrt,", "status_filter": ",MASTERPLAN,", "conf_filter": ",MEDIUM,"}}, {"type": "Feature", "id": "MRT_3-s18", "geometry": {"type": "LineString", "coordinates": [[106.7871454703955, -6.162586751696698], [106.78722119332157, -6.1626025521497745], [106.78788545540688, -6.162741158017968], [106.78853853723898, -6.162921759654403], [106.78918478306237, -6.163128039013206], [106.78983102888574, -6.1633343183720095], [106.79047727470913, -6.1635405977308135], [106.79111454702249, -6.163769635216611], [106.79172961836582, -6.164054977592386], [106.79234468970915, -6.16434031996816], [106.79295976105249, -6.1646256623439335], [106.79357995287897, -6.164899264240987], [106.79420985692103, -6.165150597524602], [106.79483976096309, -6.165401930808216], [106.79546966500514, -6.16565326409183], [106.79610421595953, -6.165892126169896], [106.79674680140246, -6.166109425595042], [106.79709233728391, -6.166226273477657]]}, "properties": {"corridor_id": "MRT_3", "mode": "mrt", "status": "MASTERPLAN", "status_label": "Masterplan", "source": "JICA / MRT Jakarta East-West Line", "source_year": 2024, "source_type": "JICA_STUDY", "source_url": "", "geometry_confidence": "MEDIUM", "alignment_confidence": "MEDIUM", "digitization_level": "L3", "digitization_method": "DOCUMENT_RECONSTRUCTION + ROAD_REFERENCE (DOCUMENT_RECONSTRUCTION)", "passenger_status": "PASSENGER_PROPOSED", "structure": "UNDER_REVIEW", "color": "#E58A3A", "crs": "EPSG:4326", "geometry_source": "DOCUMENT", "disclaimer": "Geometri hasil digitasi/rekonstruksi spasial dari dokumen perencanaan. Bukan gambar DED.", "id": "MRT_3-s18", "segment_id": "MRT_3-s18", "sequence": 18, "from_node": "Grogol", "to_node": "Roxy", "name": "MRT East-West · Grogol–Roxy", "length_km": 1.174, "mode_filter": ",mrt,", "status_filter": ",MASTERPLAN,", "conf_filter": ",MEDIUM,"}}, {"type": "Feature", "id": "MRT_3-s19", "geometry": {"type": "LineString", "coordinates": [[106.79709233728391, -6.166226273477657], [106.7973893868454, -6.166326725020189], [106.79803197228833, -6.166544024445336], [106.79867814612061, -6.166749859565517], [106.7993312939323, -6.166933413985661], [106.79998444174397, -6.167116968405806], [106.80063758955566, -6.1673005228259505], [106.8012929005379, -6.1674756592131645], [106.80195457310262, -6.167626039341506], [106.80261624566734, -6.167776419469849], [106.80327791823204, -6.167926799598192], [106.80393757287948, -6.168084159842894], [106.80457857376079, -6.168306044763349], [106.80521957464211, -6.168527929683803], [106.80586057552341, -6.168749814604258], [106.8064913636452, -6.168995681822595], [106.8070977415503, -6.169298870775142], [106.80770058677417, -6.16960029338708]]}, "properties": {"corridor_id": "MRT_3", "mode": "mrt", "status": "MASTERPLAN", "status_label": "Masterplan", "source": "JICA / MRT Jakarta East-West Line", "source_year": 2024, "source_type": "JICA_STUDY", "source_url": "", "geometry_confidence": "MEDIUM", "alignment_confidence": "MEDIUM", "digitization_level": "L3", "digitization_method": "DOCUMENT_RECONSTRUCTION + ROAD_REFERENCE (DOCUMENT_RECONSTRUCTION)", "passenger_status": "PASSENGER_PROPOSED", "structure": "UNDER_REVIEW", "color": "#E58A3A", "crs": "EPSG:4326", "geometry_source": "DOCUMENT", "disclaimer": "Geometri hasil digitasi/rekonstruksi spasial dari dokumen perencanaan. Bukan gambar DED.", "id": "MRT_3-s19", "segment_id": "MRT_3-s19", "sequence": 19, "from_node": "Roxy", "to_node": "Petojo", "name": "MRT East-West · Roxy–Petojo", "length_km": 1.235, "mode_filter": ",mrt,", "status_filter": ",MASTERPLAN,", "conf_filter": ",MEDIUM,"}}, {"type": "Feature", "id": "MRT_3-s20", "geometry": {"type": "LineString", "coordinates": [[106.80770058677417, -6.16960029338708], [106.8083104973605, -6.169905248680239], [106.80887481236478, -6.170277884602678], [106.80942798349116, -6.170668919364433], [106.80998115461755, -6.171059954126187], [106.81049597049831, -6.171495970498299], [106.81097451941802, -6.171974519418025], [106.81145306833776, -6.17245306833775], [106.81192267731265, -6.17294004151168], [106.81237767009569, -6.173440787758934], [106.81283266287872, -6.173941534006188], [106.81328765566175, -6.174442280253442], [106.81373017299725, -6.174953840814936], [106.81386565331937, -6.175113953922896]]}, "properties": {"corridor_id": "MRT_3", "mode": "mrt", "status": "MASTERPLAN", "status_label": "Masterplan", "source": "JICA / MRT Jakarta East-West Line", "source_year": 2024, "source_type": "JICA_STUDY", "source_url": "", "geometry_confidence": "MEDIUM", "alignment_confidence": "MEDIUM", "digitization_level": "L3", "digitization_method": "DOCUMENT_RECONSTRUCTION + ROAD_REFERENCE (DOCUMENT_RECONSTRUCTION)", "passenger_status": "PASSENGER_PROPOSED", "structure": "UNDER_REVIEW", "color": "#E58A3A", "crs": "EPSG:4326", "geometry_source": "DOCUMENT", "disclaimer": "Geometri hasil digitasi/rekonstruksi spasial dari dokumen perencanaan. Bukan gambar DED.", "id": "MRT_3-s20", "segment_id": "MRT_3-s20", "sequence": 20, "from_node": "Petojo", "to_node": "Cideng", "name": "MRT East-West · Petojo–Cideng", "length_km": 0.924, "mode_filter": ",mrt,", "status_filter": ",MASTERPLAN,", "conf_filter": ",MEDIUM,"}}, {"type": "Feature", "id": "MRT_3-s21", "geometry": {"type": "LineString", "coordinates": [[106.81386565331937, -6.175113953922896], [106.81416711867223, -6.175470231158088], [106.81460406434721, -6.175986621501241], [106.81504101002218, -6.176503011844392], [106.81547166483897, -6.177024521526994], [106.81589441094073, -6.177552467119527], [106.8163171570425, -6.1780804127120605], [106.81673990314427, -6.178608358304594], [106.81716264924604, -6.179136303897127], [106.81757818432683, -6.179669833782485], [106.81798949789837, -6.180206632850402], [106.81840081146989, -6.180743431918319], [106.8188121250414, -6.181280230986236], [106.81922343861294, -6.181817030054153], [106.81965360751948, -6.182337228750844], [106.82013985144378, -6.182808058602613], [106.82062609536807, -6.183278888454383], [106.82111233929237, -6.183749718306151], [106.82159858321667, -6.184220548157921], [106.82215630253202, -6.184600583916832], [106.82273285836766, -6.184956691932962], [106.8233094142033, -6.185312799949092], [106.82349700785974, -6.18542051672575]]}, "properties": {"corridor_id": "MRT_3", "mode": "mrt", "status": "MASTERPLAN", "status_label": "Masterplan", "source": "JICA / MRT Jakarta East-West Line", "source_year": 2024, "source_type": "JICA_STUDY", "source_url": "", "geometry_confidence": "MEDIUM", "alignment_confidence": "MEDIUM", "digitization_level": "L3", "digitization_method": "DOCUMENT_RECONSTRUCTION + ROAD_REFERENCE (DOCUMENT_RECONSTRUCTION)", "passenger_status": "PASSENGER_PROPOSED", "structure": "UNDER_REVIEW", "color": "#E58A3A", "crs": "EPSG:4326", "geometry_source": "DOCUMENT", "disclaimer": "Geometri hasil digitasi/rekonstruksi spasial dari dokumen perencanaan. Bukan gambar DED.", "id": "MRT_3-s21", "segment_id": "MRT_3-s21", "sequence": 21, "from_node": "Cideng", "to_node": "Thamrin", "name": "MRT East-West · Cideng–Thamrin", "length_km": 1.576, "mode_filter": ",mrt,", "status_filter": ",MASTERPLAN,", "conf_filter": ",MEDIUM,"}}, {"type": "Feature", "id": "MRT_3-s22", "geometry": {"type": "LineString", "coordinates": [[106.82349700785974, -6.18542051672575], [106.82389457380404, -6.185648800148769], [106.82455249010904, -6.185814761018497], [106.82521040641403, -6.1859807218882255], [106.82586832271903, -6.186146682757954], [106.8265405808916, -6.186074526388199], [106.82721371641526, -6.185987803406624], [106.82788685193891, -6.185901080425049], [106.82855782006821, -6.1857992070747], [106.82922858807898, -6.185695934869754], [106.82989935608975, -6.185592662664807], [106.83056803873156, -6.185476966872813], [106.83098282587204, -6.185403200063571]]}, "properties": {"corridor_id": "MRT_3", "mode": "mrt", "status": "MASTERPLAN", "status_label": "Masterplan", "source": "JICA / MRT Jakarta East-West Line", "source_year": 2024, "source_type": "JICA_STUDY", "source_url": "", "geometry_confidence": "MEDIUM", "alignment_confidence": "MEDIUM", "digitization_level": "L3", "digitization_method": "DOCUMENT_RECONSTRUCTION + ROAD_REFERENCE (DOCUMENT_RECONSTRUCTION)", "passenger_status": "PASSENGER_PROPOSED", "structure": "UNDER_REVIEW", "color": "#E58A3A", "crs": "EPSG:4326", "geometry_source": "DOCUMENT", "disclaimer": "Geometri hasil digitasi/rekonstruksi spasial dari dokumen perencanaan. Bukan gambar DED.", "id": "MRT_3-s22", "segment_id": "MRT_3-s22", "sequence": 22, "from_node": "Thamrin", "to_node": "Kebon Sirih", "name": "MRT East-West · Thamrin–Kebon Sirih", "length_km": 0.847, "mode_filter": ",mrt,", "status_filter": ",MASTERPLAN,", "conf_filter": ",MEDIUM,"}}, {"type": "Feature", "id": "MRT_3-s23", "geometry": {"type": "LineString", "coordinates": [[106.83098282587204, -6.185403200063571], [106.83123619582092, -6.185358140101817], [106.83190435291029, -6.185239313330821], [106.83257085758457, -6.1851118550221535], [106.83323621519409, -6.184978404918395], [106.83390157280363, -6.184844954814635], [106.83456608181308, -6.18470753737487], [106.83522849761415, -6.184560333863522], [106.83589091341521, -6.184413130352174], [106.83655332921629, -6.184265926840825], [106.83718087259159, -6.184011768889316], [106.83780418514986, -6.183744634935771], [106.83842749770812, -6.183477500982227], [106.83899999866733, -6.183120371308166], [106.83949095380717, -6.182774884357916]]}, "properties": {"corridor_id": "MRT_3", "mode": "mrt", "status": "MASTERPLAN", "status_label": "Masterplan", "source": "JICA / MRT Jakarta East-West Line", "source_year": 2024, "source_type": "JICA_STUDY", "source_url": "", "geometry_confidence": "MEDIUM", "alignment_confidence": "MEDIUM", "digitization_level": "L3", "digitization_method": "DOCUMENT_RECONSTRUCTION + ROAD_REFERENCE (DOCUMENT_RECONSTRUCTION)", "passenger_status": "PASSENGER_PROPOSED", "structure": "UNDER_REVIEW", "color": "#E58A3A", "crs": "EPSG:4326", "geometry_source": "DOCUMENT", "disclaimer": "Geometri hasil digitasi/rekonstruksi spasial dari dokumen perencanaan. Bukan gambar DED.", "id": "MRT_3-s23", "segment_id": "MRT_3-s23", "sequence": 23, "from_node": "Kebon Sirih", "to_node": "Kwitang", "name": "MRT East-West · Kebon Sirih–Kwitang", "length_km": 0.995, "mode_filter": ",mrt,", "status_filter": ",MASTERPLAN,", "conf_filter": ",MEDIUM,"}}, {"type": "Feature", "id": "MRT_3-s24", "geometry": {"type": "LineString", "coordinates": [[106.83949095380717, -6.182774884357916], [106.83955401728315, -6.182730506356303], [106.84010803589895, -6.18234064140444], [106.84059582354237, -6.181876214364973], [106.84105348512925, -6.181377871748152], [106.84151114671613, -6.1808795291313325], [106.84190123206005, -6.18033127989992], [106.84224895359092, -6.17975174401512], [106.8425966751218, -6.17917220813032], [106.84299593457747, -6.178632886976217], [106.84347952647157, -6.178159369913251], [106.84396311836566, -6.177685852850286], [106.84447615564648, -6.1772510118003305], [106.84502983201536, -6.1769372618579705]]}, "properties": {"corridor_id": "MRT_3", "mode": "mrt", "status": "MASTERPLAN", "status_label": "Masterplan", "source": "JICA / MRT Jakarta East-West Line", "source_year": 2024, "source_type": "JICA_STUDY", "source_url": "", "geometry_confidence": "MEDIUM", "alignment_confidence": "MEDIUM", "digitization_level": "L3", "digitization_method": "DOCUMENT_RECONSTRUCTION + ROAD_REFERENCE (DOCUMENT_RECONSTRUCTION)", "passenger_status": "PASSENGER_PROPOSED", "structure": "UNDER_REVIEW", "color": "#E58A3A", "crs": "EPSG:4326", "geometry_source": "DOCUMENT", "disclaimer": "Geometri hasil digitasi/rekonstruksi spasial dari dokumen perencanaan. Bukan gambar DED.", "id": "MRT_3-s24", "segment_id": "MRT_3-s24", "sequence": 24, "from_node": "Kwitang", "to_node": "Senen", "name": "MRT East-West · Kwitang–Senen", "length_km": 0.903, "mode_filter": ",mrt,", "status_filter": ",MASTERPLAN,", "conf_filter": ",MEDIUM,"}}, {"type": "Feature", "id": "MRT_3-s25", "geometry": {"type": "LineString", "coordinates": [[106.84502983201536, -6.1769372618579705], [106.84506584636163, -6.176916853728409], [106.8456555370768, -6.176582695656487], [106.84625125925199, -6.176262653551508], [106.84690256146929, -6.176072690404793], [106.8475538636866, -6.175882727258078], [106.8482051659039, -6.175692764111363], [106.84887213537121, -6.175583606155123], [106.84954779293719, -6.175519257815506], [106.85022345050315, -6.17545490947589], [106.85089910806913, -6.1753905611362745], [106.85156039871927, -6.175245675657333], [106.8522171069068, -6.175075102102128], [106.85287381509434, -6.174904528546924], [106.85352675816289, -6.174723481982674], [106.85414343958826, -6.174441570473935], [106.854641503782, -6.174213883985363]]}, "properties": {"corridor_id": "MRT_3", "mode": "mrt", "status": "MASTERPLAN", "status_label": "Masterplan", "source": "JICA / MRT Jakarta East-West Line", "source_year": 2024, "source_type": "JICA_STUDY", "source_url": "", "geometry_confidence": "MEDIUM", "alignment_confidence": "MEDIUM", "digitization_level": "L3", "digitization_method": "DOCUMENT_RECONSTRUCTION + ROAD_REFERENCE (DOCUMENT_RECONSTRUCTION)", "passenger_status": "PASSENGER_PROPOSED", "structure": "UNDER_REVIEW", "color": "#E58A3A", "crs": "EPSG:4326", "geometry_source": "DOCUMENT", "disclaimer": "Geometri hasil digitasi/rekonstruksi spasial dari dokumen perencanaan. Bukan gambar DED.", "id": "MRT_3-s25", "segment_id": "MRT_3-s25", "sequence": 25, "from_node": "Senen", "to_node": "Galur", "name": "MRT East-West · Senen–Galur", "length_km": 1.115, "mode_filter": ",mrt,", "status_filter": ",MASTERPLAN,", "conf_filter": ",MEDIUM,"}}, {"type": "Feature", "id": "MRT_3-s26", "geometry": {"type": "LineString", "coordinates": [[106.854641503782, -6.174213883985363], [106.85476012101363, -6.174159658965195], [106.855376802439, -6.173877747456456], [106.8559599731268, -6.173537875911439], [106.85651537526918, -6.173149976002477], [106.85707077741155, -6.172762076093514], [106.85762601633385, -6.172373983666151], [106.8581045650291, -6.171895434970906], [106.85858311372434, -6.1714168862756615], [106.85906166241958, -6.1709383375804165], [106.85955410621209, -6.1704747818866394], [106.86007290329297, -6.170039661754283], [106.86059170037386, -6.169604541621927], [106.86111049745475, -6.169169421489571], [106.86165044618912, -6.168761449748868], [106.8622038821758, -6.16837078905238], [106.86224209767147, -6.168343813408378]]}, "properties": {"corridor_id": "MRT_3", "mode": "mrt", "status": "MASTERPLAN", "status_label": "Masterplan", "source": "JICA / MRT Jakarta East-West Line", "source_year": 2024, "source_type": "JICA_STUDY", "source_url": "", "geometry_confidence": "MEDIUM", "alignment_confidence": "MEDIUM", "digitization_level": "L3", "digitization_method": "DOCUMENT_RECONSTRUCTION + ROAD_REFERENCE (DOCUMENT_RECONSTRUCTION)", "passenger_status": "PASSENGER_PROPOSED", "structure": "UNDER_REVIEW", "color": "#E58A3A", "crs": "EPSG:4326", "geometry_source": "DOCUMENT", "disclaimer": "Geometri hasil digitasi/rekonstruksi spasial dari dokumen perencanaan. Bukan gambar DED.", "id": "MRT_3-s26", "segment_id": "MRT_3-s26", "sequence": 26, "from_node": "Galur", "to_node": "Cempaka Baru", "name": "MRT East-West · Galur–Cempaka Baru", "length_km": 1.07, "mode_filter": ",mrt,", "status_filter": ",MASTERPLAN,", "conf_filter": ",MEDIUM,"}}, {"type": "Feature", "id": "MRT_3-s27", "geometry": {"type": "LineString", "coordinates": [[106.86224209767147, -6.168343813408378], [106.8627573181625, -6.167980128355893], [106.86331075414918, -6.167589467659406], [106.86388660837565, -6.167232962587449], [106.86446912181133, -6.16688660324732], [106.865051635247, -6.166540243907191], [106.86563414868266, -6.166193884567061], [106.86623577750001, -6.165882111249992], [106.86684215181107, -6.165578924094462], [106.86744852612213, -6.165275736938932], [106.86805490043318, -6.164972549783403], [106.86867178625486, -6.16469161467179], [106.86929365850278, -6.164421235433568], [106.86991553075069, -6.164150856195345], [106.87053740299861, -6.1638804769571225], [106.8711598895869, -6.163611580928106], [106.87179290810741, -6.163368112266376], [106.8720964417287, -6.163251368565881]]}, "properties": {"corridor_id": "MRT_3", "mode": "mrt", "status": "MASTERPLAN", "status_label": "Masterplan", "source": "JICA / MRT Jakarta East-West Line", "source_year": 2024, "source_type": "JICA_STUDY", "source_url": "", "geometry_confidence": "MEDIUM", "alignment_confidence": "MEDIUM", "digitization_level": "L3", "digitization_method": "DOCUMENT_RECONSTRUCTION + ROAD_REFERENCE (DOCUMENT_RECONSTRUCTION)", "passenger_status": "PASSENGER_PROPOSED", "structure": "UNDER_REVIEW", "color": "#E58A3A", "crs": "EPSG:4326", "geometry_source": "DOCUMENT", "disclaimer": "Geometri hasil digitasi/rekonstruksi spasial dari dokumen perencanaan. Bukan gambar DED.", "id": "MRT_3-s27", "segment_id": "MRT_3-s27", "sequence": 27, "from_node": "Cempaka Baru", "to_node": "Sumur Batu", "name": "MRT East-West · Cempaka Baru–Sumur Batu", "length_km": 1.231, "mode_filter": ",mrt,", "status_filter": ",MASTERPLAN,", "conf_filter": ",MEDIUM,"}}, {"type": "Feature", "id": "MRT_3-s28", "geometry": {"type": "LineString", "coordinates": [[106.8720964417287, -6.163251368565881], [106.87242592662791, -6.163124643604646], [106.87305894514841, -6.162881174942916], [106.87369196366892, -6.162637706281186], [106.87432498218944, -6.162394237619456], [106.87496558988246, -6.162171348316397], [106.87560684867898, -6.1619502245934585], [106.8762481074755, -6.16172910087052], [106.87688936627202, -6.161507977147582], [106.87753062506854, -6.161286853424643], [106.87817355676891, -6.16107076350972], [106.87882105678128, -6.160868419755854], [106.87946855679365, -6.160666076001988], [106.88011605680602, -6.160463732248122], [106.8807635568184, -6.160261388494256], [106.88141105683076, -6.16005904474039], [106.88205968831606, -6.159860766632324], [106.88271969973962, -6.159703379292861], [106.88337971116317, -6.159545991953398], [106.88403972258672, -6.159388604613936], [106.88469973401027, -6.159231217274473], [106.88535974543383, -6.15907382993501], [106.88601975685738, -6.158916442595547], [106.88668853830922, -6.158801910281796], [106.88735792704736, -6.158690345492105], [106.88802731578551, -6.158578780702415], [106.88809436587583, -6.158567605687362]]}, "properties": {"corridor_id": "MRT_3", "mode": "mrt", "status": "MASTERPLAN", "status_label": "Masterplan", "source": "JICA / MRT Jakarta East-West Line", "source_year": 2024, "source_type": "JICA_STUDY", "source_url": "", "geometry_confidence": "MEDIUM", "alignment_confidence": "MEDIUM", "digitization_level": "L3", "digitization_method": "DOCUMENT_RECONSTRUCTION + ROAD_REFERENCE (DOCUMENT_RECONSTRUCTION)", "passenger_status": "PASSENGER_PROPOSED", "structure": "UNDER_REVIEW", "color": "#E58A3A", "crs": "EPSG:4326", "geometry_source": "DOCUMENT", "disclaimer": "Geometri hasil digitasi/rekonstruksi spasial dari dokumen perencanaan. Bukan gambar DED.", "id": "MRT_3-s28", "segment_id": "MRT_3-s28", "sequence": 28, "from_node": "Sumur Batu", "to_node": "Kelapa Gading Barat", "name": "MRT East-West · Sumur Batu–Kelapa Gading Barat", "length_km": 1.847, "mode_filter": ",mrt,", "status_filter": ",MASTERPLAN,", "conf_filter": ",MEDIUM,"}}, {"type": "Feature", "id": "MRT_3-s29", "geometry": {"type": "LineString", "coordinates": [[106.88809436587583, -6.158567605687362], [106.88869670452365, -6.158467215912724], [106.8893660932618, -6.158355651123033], [106.89003548199993, -6.158244086333343], [106.8907096094685, -6.1581680975888755], [106.89138512930867, -6.158102562081994], [106.89206064914885, -6.158037026575111], [106.89273616898902, -6.1579714910682295], [106.89341168882919, -6.157905955561347], [106.89408720866935, -6.157840420054465], [106.89476439946368, -6.157801047074597], [106.89544283052307, -6.157781093219909], [106.89612126158246, -6.157761139365221], [106.89679969264185, -6.157741185510534], [106.89747812370123, -6.157721231655846], [106.89815655476063, -6.157701277801158], [106.89883238577039, -6.157720829855955], [106.8995024164796, -6.1578285133627935], [106.90017244718882, -6.157936196869632], [106.90084247789804, -6.15804388037647], [106.90151250860725, -6.158151563883308], [106.90217800908435, -6.158274095038338], [106.90279528639243, -6.158554675632918], [106.9034125637005, -6.158835256227499], [106.90402984100858, -6.15911583682208], [106.9042267668071, -6.159205348548679]]}, "properties": {"corridor_id": "MRT_3", "mode": "mrt", "status": "MASTERPLAN", "status_label": "Masterplan", "source": "JICA / MRT Jakarta East-West Line", "source_year": 2024, "source_type": "JICA_STUDY", "source_url": "", "geometry_confidence": "MEDIUM", "alignment_confidence": "MEDIUM", "digitization_level": "L3", "digitization_method": "DOCUMENT_RECONSTRUCTION + ROAD_REFERENCE (DOCUMENT_RECONSTRUCTION)", "passenger_status": "PASSENGER_PROPOSED", "structure": "UNDER_REVIEW", "color": "#E58A3A", "crs": "EPSG:4326", "geometry_source": "DOCUMENT", "disclaimer": "Geometri hasil digitasi/rekonstruksi spasial dari dokumen perencanaan. Bukan gambar DED.", "id": "MRT_3-s29", "segment_id": "MRT_3-s29", "sequence": 29, "from_node": "Kelapa Gading Barat", "to_node": "Kelapa Gading Timur", "name": "MRT East-West · Kelapa Gading Barat–Kelapa Gading Timur", "length_km": 1.817, "mode_filter": ",mrt,", "status_filter": ",MASTERPLAN,", "conf_filter": ",MEDIUM,"}}, {"type": "Feature", "id": "MRT_3-s30", "geometry": {"type": "LineString", "coordinates": [[106.9042267668071, -6.159205348548679], [106.90464711831666, -6.15939641741666], [106.905181659935, -6.159797076812018], [106.9056677830631, -6.160268008592369], [106.9061539061912, -6.160738940372719], [106.90664002931929, -6.161209872153069], [106.9070250507768, -6.161752606631268], [106.90731548455017, -6.1623625175553425], [106.90760591832353, -6.162972428479418], [106.9078963520969, -6.163582339403493], [106.9081636683208, -6.164200813608997], [106.90834543457689, -6.1648509775250115], [106.90852720083298, -6.165501141441026], [106.90870896708907, -6.166151305357039], [106.90889073334516, -6.166801469273054], [106.90899606421397, -6.167466545818639], [106.90907170346843, -6.168109479481614]]}, "properties": {"corridor_id": "MRT_3", "mode": "mrt", "status": "MASTERPLAN", "status_label": "Masterplan", "source": "JICA / MRT Jakarta East-West Line", "source_year": 2024, "source_type": "JICA_STUDY", "source_url": "", "geometry_confidence": "MEDIUM", "alignment_confidence": "MEDIUM", "digitization_level": "L3", "digitization_method": "DOCUMENT_RECONSTRUCTION + ROAD_REFERENCE (DOCUMENT_RECONSTRUCTION)", "passenger_status": "PASSENGER_PROPOSED", "structure": "UNDER_REVIEW", "color": "#E58A3A", "crs": "EPSG:4326", "geometry_source": "DOCUMENT", "disclaimer": "Geometri hasil digitasi/rekonstruksi spasial dari dokumen perencanaan. Bukan gambar DED.", "id": "MRT_3-s30", "segment_id": "MRT_3-s30", "sequence": 30, "from_node": "Kelapa Gading Timur", "to_node": "Perintis", "name": "MRT East-West · Kelapa Gading Timur–Perintis", "length_km": 1.171, "mode_filter": ",mrt,", "status_filter": ",MASTERPLAN,", "conf_filter": ",MEDIUM,"}}, {"type": "Feature", "id": "MRT_3-s31", "geometry": {"type": "LineString", "coordinates": [[106.90907170346843, -6.168109479481614], [106.90907491628326, -6.168136788407633], [106.90915376835255, -6.168807030996627], [106.90923262042185, -6.16947727358562], [106.90931147249114, -6.170147516174613], [106.90930050159257, -6.170822161613155], [106.90928834477151, -6.1714968651820215], [106.90927618795045, -6.172171568750888], [106.90926403112938, -6.172846272319754], [106.90925187430832, -6.1735209758886205], [106.9091745571542, -6.174190821343601], [106.90908536249921, -6.174859781255965], [106.90899616784422, -6.175528741168329], [106.90890697318925, -6.176197701080693], [106.90881777853426, -6.176866660993058], [106.90880491786301, -6.1775275496194775], [106.90903364181854, -6.178162893940373], [106.90926236577405, -6.178798238261268], [106.90949108972958, -6.179433582582163], [106.9097198136851, -6.1800689269030595], [106.9100360498271, -6.180646408933724], [106.91009001021051, -6.180695463827731]]}, "properties": {"corridor_id": "MRT_3", "mode": "mrt", "status": "MASTERPLAN", "status_label": "Masterplan", "source": "JICA / MRT Jakarta East-West Line", "source_year": 2024, "source_type": "JICA_STUDY", "source_url": "", "geometry_confidence": "MEDIUM", "alignment_confidence": "MEDIUM", "digitization_level": "L3", "digitization_method": "DOCUMENT_RECONSTRUCTION + ROAD_REFERENCE (DOCUMENT_RECONSTRUCTION)", "passenger_status": "PASSENGER_PROPOSED", "structure": "UNDER_REVIEW", "color": "#E58A3A", "crs": "EPSG:4326", "geometry_source": "DOCUMENT", "disclaimer": "Geometri hasil digitasi/rekonstruksi spasial dari dokumen perencanaan. Bukan gambar DED.", "id": "MRT_3-s31", "segment_id": "MRT_3-s31", "sequence": 31, "from_node": "Perintis", "to_node": "Pulo Gadung", "name": "MRT East-West · Perintis–Pulo Gadung", "length_km": 1.433, "mode_filter": ",mrt,", "status_filter": ",MASTERPLAN,", "conf_filter": ",MEDIUM,"}}, {"type": "Feature", "id": "MRT_3-s32", "geometry": {"type": "LineString", "coordinates": [[106.91009001021051, -6.180695463827731], [106.91053696273615, -6.18110178430559], [106.9110378756452, -6.181557159677457], [106.91153878855425, -6.1820125350493225], [106.91203970146331, -6.182467910421189], [106.91254061437236, -6.182923285793055], [106.91314330712679, -6.183222131625764], [106.91376661979379, -6.18348926562591], [106.91438993246081, -6.183756399626057], [106.91501324512781, -6.1840235336262035], [106.91563655779483, -6.18429066762635], [106.91625987046183, -6.184557801626497], [106.91688318312883, -6.184824935626643], [106.91753982903528, -6.184987464382349], [106.91820416283323, -6.185125867256924], [106.9188684966312, -6.1852642701315], [106.91953283042918, -6.1854026730060765], [106.92019716422713, -6.185541075880653], [106.9208614980251, -6.185679478755229], [106.92152583182306, -6.185817881629805], [106.92219016562103, -6.185956284504381], [106.922854499419, -6.186094687378957], [106.92352483822232, -6.186199094807856], [106.9241968610577, -6.18629396861991], [106.92486888389308, -6.186388842431963], [106.92554090672846, -6.186483716244017], [106.92621292956383, -6.18657859005607], [106.9268849523992, -6.186673463868123], [106.9275569752346, -6.186768337680177], [106.92822899806997, -6.186863211492231], [106.92890604893707, -6.186907083726328], [106.9295838132034, -6.186943719632615], [106.93026157746971, -6.186980355538903], [106.93093934173602, -6.187016991445191], [106.93161710600235, -6.187053627351478], [106.93204977257722, -6.187077014733903]]}, "properties": {"corridor_id": "MRT_3", "mode": "mrt", "status": "MASTERPLAN", "status_label": "Masterplan", "source": "JICA / MRT Jakarta East-West Line", "source_year": 2024, "source_type": "JICA_STUDY", "source_url": "", "geometry_confidence": "MEDIUM", "alignment_confidence": "MEDIUM", "digitization_level": "L3", "digitization_method": "DOCUMENT_RECONSTRUCTION + ROAD_REFERENCE (DOCUMENT_RECONSTRUCTION)", "passenger_status": "PASSENGER_PROPOSED", "structure": "UNDER_REVIEW", "color": "#E58A3A", "crs": "EPSG:4326", "geometry_source": "DOCUMENT", "disclaimer": "Geometri hasil digitasi/rekonstruksi spasial dari dokumen perencanaan. Bukan gambar DED.", "id": "MRT_3-s32", "segment_id": "MRT_3-s32", "sequence": 32, "from_node": "Pulo Gadung", "to_node": "Penggilingan", "name": "MRT East-West · Pulo Gadung–Penggilingan", "length_km": 2.59, "mode_filter": ",mrt,", "status_filter": ",MASTERPLAN,", "conf_filter": ",MEDIUM,"}}, {"type": "Feature", "id": "MRT_3-s33", "geometry": {"type": "LineString", "coordinates": [[106.93204977257722, -6.187077014733903], [106.93229487026866, -6.187090263257765], [106.93297261489141, -6.187122770483085], [106.93365000022247, -6.187079761890637], [106.93432738555353, -6.187036753298188], [106.9350047708846, -6.18699374470574], [106.93568215621566, -6.186950736113291], [106.93635954154672, -6.186907727520842], [106.93703305446707, -6.186838525892215], [106.93769424042311, -6.186685944517744], [106.93835542637915, -6.186533363143272], [106.9390166123352, -6.186380781768801], [106.93967779829123, -6.1862282003943285], [106.94034141803293, -6.1860875430327615], [106.9410101240981, -6.185971805444558], [106.94167883016328, -6.185856067856355], [106.94234753622845, -6.1857403302681515], [106.94301624229364, -6.1856245926799485], [106.94368751217756, -6.185526440902589], [106.94436174961949, -6.185448644274675], [106.94503598706142, -6.18537084764676]]}, "properties": {"corridor_id": "MRT_3", "mode": "mrt", "status": "MASTERPLAN", "status_label": "Masterplan", "source": "JICA / MRT Jakarta East-West Line", "source_year": 2024, "source_type": "JICA_STUDY", "source_url": "", "geometry_confidence": "MEDIUM", "alignment_confidence": "MEDIUM", "digitization_level": "L3", "digitization_method": "DOCUMENT_RECONSTRUCTION + ROAD_REFERENCE (DOCUMENT_RECONSTRUCTION)", "passenger_status": "PASSENGER_PROPOSED", "structure": "UNDER_REVIEW", "color": "#E58A3A", "crs": "EPSG:4326", "geometry_source": "DOCUMENT", "disclaimer": "Geometri hasil digitasi/rekonstruksi spasial dari dokumen perencanaan. Bukan gambar DED.", "id": "MRT_3-s33", "segment_id": "MRT_3-s33", "sequence": 33, "from_node": "Penggilingan", "to_node": "Cakung Barat", "name": "MRT East-West · Penggilingan–Cakung Barat", "length_km": 1.453, "mode_filter": ",mrt,", "status_filter": ",MASTERPLAN,", "conf_filter": ",MEDIUM,"}}, {"type": "Feature", "id": "MRT_3-s34", "geometry": {"type": "LineString", "coordinates": [[106.94504260027871, -6.185370084583225], [106.94571022450334, -6.185293051018845], [106.94638446194527, -6.18521525439093], [106.94706087705667, -6.18516235324673], [106.94773849994563, -6.18512325961852], [106.94841612283459, -6.185084165990312], [106.94909374572354, -6.185045072362103], [106.9497713686125, -6.185005978733893], [106.95044995704325, -6.185], [106.95112871979791, -6.185], [106.95180748255255, -6.185], [106.9524862453072, -6.185], [106.95316496985303, -6.184998262180303], [106.95384308437013, -6.184968778940428], [106.95452119888725, -6.184939295700555], [106.95519931340436, -6.18490981246068], [106.95587742792148, -6.184880329220806], [106.95655328139223, -6.184819671860779], [106.95722863599714, -6.184752136400288], [106.95790399060203, -6.184684600939797], [106.95796501252521, -6.184677955558703]]}, "properties": {"corridor_id": "MRT_3", "mode": "mrt", "status": "MASTERPLAN", "status_label": "Masterplan", "source": "JICA / MRT Jakarta East-West Line", "source_year": 2024, "source_type": "JICA_STUDY", "source_url": "", "geometry_confidence": "MEDIUM", "alignment_confidence": "MEDIUM", "digitization_level": "L3", "digitization_method": "DOCUMENT_RECONSTRUCTION + ROAD_REFERENCE (DOCUMENT_RECONSTRUCTION)", "passenger_status": "PASSENGER_PROPOSED", "structure": "UNDER_REVIEW", "color": "#E58A3A", "crs": "EPSG:4326", "geometry_source": "DOCUMENT", "disclaimer": "Geometri hasil digitasi/rekonstruksi spasial dari dokumen perencanaan. Bukan gambar DED.", "id": "MRT_3-s34", "segment_id": "MRT_3-s34", "sequence": 34, "from_node": "Cakung Barat", "to_node": "Pulo Gebang", "name": "MRT East-West · Cakung Barat–Pulo Gebang", "length_km": 1.432, "mode_filter": ",mrt,", "status_filter": ",MASTERPLAN,", "conf_filter": ",MEDIUM,"}}, {"type": "Feature", "id": "MRT_3-s35", "geometry": {"type": "LineString", "coordinates": [[106.95796501252521, -6.184677955558703], [106.95857851817041, -6.184611143852282], [106.95924683337178, -6.1844932058755715], [106.95991514857313, -6.1843752678988615], [106.9605834637745, -6.1842573299221515], [106.96123681208235, -6.184075196547904], [106.96188916854412, -6.183888808987392], [106.96254818946662, -6.183744906192158], [106.96322665374318, -6.183724951360494], [106.96390511801975, -6.18370499652883], [106.96458268307993, -6.183699902461989], [106.96488840330176, -6.183745760495264]]}, "properties": {"corridor_id": "MRT_3", "mode": "mrt", "status": "MASTERPLAN", "status_label": "Masterplan", "source": "JICA / MRT Jakarta East-West Line", "source_year": 2024, "source_type": "JICA_STUDY", "source_url": "", "geometry_confidence": "MEDIUM", "alignment_confidence": "MEDIUM", "digitization_level": "L3", "digitization_method": "DOCUMENT_RECONSTRUCTION + ROAD_REFERENCE (DOCUMENT_RECONSTRUCTION)", "passenger_status": "PASSENGER_PROPOSED", "structure": "UNDER_REVIEW", "color": "#E58A3A", "crs": "EPSG:4326", "geometry_source": "DOCUMENT", "disclaimer": "Geometri hasil digitasi/rekonstruksi spasial dari dokumen perencanaan. Bukan gambar DED.", "id": "MRT_3-s35", "segment_id": "MRT_3-s35", "sequence": 35, "from_node": "Pulo Gebang", "to_node": "Ujung Menteng", "name": "MRT East-West · Pulo Gebang–Ujung Menteng", "length_km": 0.777, "mode_filter": ",mrt,", "status_filter": ",MASTERPLAN,", "conf_filter": ",MEDIUM,"}}, {"type": "Feature", "id": "MRT_3-s36", "geometry": {"type": "LineString", "coordinates": [[106.96488840330176, -6.183745760495264], [106.96525384812888, -6.183800577219334], [106.96592501317785, -6.183901251976678], [106.96659617822681, -6.184001926734023], [106.96726006609146, -6.184135996938892], [106.96791296177584, -6.1843205109366535], [106.96856585746023, -6.184505024934414], [106.96921875314462, -6.184689538932176], [106.96987164882901, -6.1848740529299375], [106.97050479264631, -6.185117227940887], [106.97113783455853, -6.1853607055994315], [106.97177087647074, -6.1856041832579765], [106.97240391838297, -6.185847660916521], [106.97303696029519, -6.186091138575066], [106.97367905312575, -6.186309684375246], [106.97432260804246, -6.186524202680818], [106.97496616295918, -6.18673872098639], [106.9756097178759, -6.186953239291962], [106.9762532727926, -6.187167757597535], [106.9769057197628, -6.187353601533581], [106.97755906802772, -6.187536539047763], [106.97808808454869, -6.187684663673636]]}, "properties": {"corridor_id": "MRT_3", "mode": "mrt", "status": "MASTERPLAN", "status_label": "Masterplan", "source": "JICA / MRT Jakarta East-West Line", "source_year": 2024, "source_type": "JICA_STUDY", "source_url": "", "geometry_confidence": "MEDIUM", "alignment_confidence": "MEDIUM", "digitization_level": "L3", "digitization_method": "DOCUMENT_RECONSTRUCTION + ROAD_REFERENCE (DOCUMENT_RECONSTRUCTION)", "passenger_status": "PASSENGER_PROPOSED", "structure": "UNDER_REVIEW", "color": "#E58A3A", "crs": "EPSG:4326", "geometry_source": "DOCUMENT", "disclaimer": "Geometri hasil digitasi/rekonstruksi spasial dari dokumen perencanaan. Bukan gambar DED.", "id": "MRT_3-s36", "segment_id": "MRT_3-s36", "sequence": 36, "from_node": "Ujung Menteng", "to_node": "Kalibaru Bekasi", "name": "MRT East-West · Ujung Menteng–Kalibaru Bekasi", "length_km": 1.527, "mode_filter": ",mrt,", "status_filter": ",MASTERPLAN,", "conf_filter": ",MEDIUM,"}}, {"type": "Feature", "id": "MRT_3-s37", "geometry": {"type": "LineString", "coordinates": [[106.97808808454869, -6.187684663673636], [106.97821241629265, -6.187719476561944], [106.97886576455758, -6.187902414076126], [106.97952020571935, -6.188081066590063], [106.98018230312731, -6.188229700702053], [106.98084440053528, -6.188378334814042], [106.98150649794323, -6.188526968926032], [106.98216859535118, -6.188675603038023], [106.98283435319215, -6.188805725532027], [106.98350377934604, -6.1889172965576735], [106.98417320549991, -6.189028867583319], [106.98484263165379, -6.189140438608966], [106.98551161007865, -6.189253809557055], [106.98615617918311, -6.1894653087944596], [106.98680074828758, -6.189676808031864], [106.98744531739206, -6.1898883072692685], [106.98808988649652, -6.190099806506672], [106.98873445560099, -6.190311305744077], [106.98937902470546, -6.190522804981481], [106.9897302183953, -6.190665508132777]]}, "properties": {"corridor_id": "MRT_3", "mode": "mrt", "status": "MASTERPLAN", "status_label": "Masterplan", "source": "JICA / MRT Jakarta East-West Line", "source_year": 2024, "source_type": "JICA_STUDY", "source_url": "", "geometry_confidence": "MEDIUM", "alignment_confidence": "MEDIUM", "digitization_level": "L3", "digitization_method": "DOCUMENT_RECONSTRUCTION + ROAD_REFERENCE (DOCUMENT_RECONSTRUCTION)", "passenger_status": "PASSENGER_PROPOSED", "structure": "UNDER_REVIEW", "color": "#E58A3A", "crs": "EPSG:4326", "geometry_source": "DOCUMENT", "disclaimer": "Geometri hasil digitasi/rekonstruksi spasial dari dokumen perencanaan. Bukan gambar DED.", "id": "MRT_3-s37", "segment_id": "MRT_3-s37", "sequence": 37, "from_node": "Kalibaru Bekasi", "to_node": "Medan Satria", "name": "MRT East-West · Kalibaru Bekasi–Medan Satria", "length_km": 1.332, "mode_filter": ",mrt,", "status_filter": ",MASTERPLAN,", "conf_filter": ",MEDIUM,"}}, {"type": "Feature", "id": "MRT_3-s38", "geometry": {"type": "LineString", "coordinates": [[106.9897302183953, -6.190665508132777], [106.99000699284798, -6.190777971960397], [106.99063112537172, -6.191043228282982], [106.99125525789545, -6.1913084846055675], [106.99187939041917, -6.191573740928153], [106.9925035229429, -6.191838997250738], [106.99312765546664, -6.192104253573323], [106.99375178799036, -6.192369509895908], [106.99437592051409, -6.192634766218493], [106.99498788102967, -6.1929263584207845], [106.99559682127261, -6.1932244854147225], [106.99620576151555, -6.193522612408661], [106.9968147017585, -6.193820739402599], [106.99742364200142, -6.194118866396537], [106.99803258224436, -6.194416993390475], [106.9986415224873, -6.194715120384414], [106.99925046273025, -6.195013247378352], [106.99985940297317, -6.19531137437229], [107.00046834321611, -6.195609501366228], [107.00106648044803, -6.195928471668593], [107.00166402526979, -6.196248584965964], [107.00226157009155, -6.196568698263335], [107.0028591149133, -6.196888811560706], [107.00345665973506, -6.197208924858077], [107.00405420455682, -6.197529038155447], [107.00465174937858, -6.197849151452818], [107.00524929420034, -6.198169264750189], [107.0058468390221, -6.19848937804756], [107.00644438384386, -6.198809491344931], [107.00704192866563, -6.199129604642302], [107.00764103898818, -6.1994467566782046], [107.00824529086889, -6.199754183073647], [107.00884954274959, -6.20006160946909], [107.00945379463029, -6.200369035864534], [107.01005804651098, -6.200676462259977], [107.01066229839168, -6.200983888655419], [107.01126655027238, -6.201291315050863], [107.01187080215308, -6.201598741446306], [107.01247505403377, -6.201906167841749], [107.01307930591447, -6.202213594237192], [107.01368355779518, -6.202521020632635], [107.01428780967588, -6.202828447028078], [107.01489486817333, -6.203130281187126], [107.01550547028832, -6.203425054621946], [107.01611607240329, -6.203719828056767], [107.01672667451828, -6.204014601491587], [107.01733727663327, -6.2043093749264075], [107.01794787874826, -6.204604148361229], [107.01814485823108, -6.20469924190466]]}, "properties": {"corridor_id": "MRT_3", "mode": "mrt", "status": "MASTERPLAN", "status_label": "Masterplan", "source": "JICA / MRT Jakarta East-West Line", "source_year": 2024, "source_type": "JICA_STUDY", "source_url": "", "geometry_confidence": "MEDIUM", "alignment_confidence": "MEDIUM", "digitization_level": "L3", "digitization_method": "DOCUMENT_RECONSTRUCTION + ROAD_REFERENCE (DOCUMENT_RECONSTRUCTION)", "passenger_status": "PASSENGER_PROPOSED", "structure": "UNDER_REVIEW", "color": "#E58A3A", "crs": "EPSG:4326", "geometry_source": "DOCUMENT", "disclaimer": "Geometri hasil digitasi/rekonstruksi spasial dari dokumen perencanaan. Bukan gambar DED.", "id": "MRT_3-s38", "segment_id": "MRT_3-s38", "sequence": 38, "from_node": "Medan Satria", "to_node": "Harapan Baru", "name": "MRT East-West · Medan Satria–Harapan Baru", "length_km": 3.509, "mode_filter": ",mrt,", "status_filter": ",MASTERPLAN,", "conf_filter": ",MEDIUM,"}}, {"type": "Feature", "id": "MRT_3-s39", "geometry": {"type": "LineString", "coordinates": [[107.01814485823108, -6.20469924190466], [107.01855848086323, -6.204898921796049], [107.01916908297822, -6.20519369523087], [107.01977968509321, -6.20548846866569], [107.02039028720819, -6.205783242100511], [107.02100088932318, -6.206078015535331], [107.02161149143816, -6.206372788970151], [107.02222550306283, -6.206660399706719], [107.02284210313945, -6.206942572623142], [107.02345870321608, -6.207224745539565], [107.02407530329272, -6.207506918455989], [107.02469190336934, -6.207789091372412], [107.02530850344597, -6.208071264288836], [107.0259251035226, -6.2083534372052585], [107.02654170359924, -6.208635610121681], [107.02715830367586, -6.208917783038105], [107.02777490375249, -6.209199955954528], [107.02839150382911, -6.209482128870952], [107.02900810390575, -6.2097643017873745], [107.0296281383136, -6.210038859935891], [107.0302503898084, -6.210308502250305], [107.0308726413032, -6.2105781445647175], [107.03149489279801, -6.210847786879131], [107.0321171442928, -6.2111174291935445], [107.0327393957876, -6.211387071507957], [107.0333616472824, -6.211656713822371], [107.03398389877721, -6.211926356136784], [107.034606150272, -6.212195998451197], [107.0352284017668, -6.21246564076561], [107.0358506532616, -6.212735283080024], [107.03647290475641, -6.213004925394436], [107.0370870078984, -6.213291929145935], [107.03769456945297, -6.213592870850525], [107.03830213100751, -6.213893812555116], [107.03890969256206, -6.214194754259706], [107.03951725411662, -6.214495695964297], [107.04012481567116, -6.214796637668887], [107.04073237722571, -6.215097579373478], [107.04133993878027, -6.215398521078068], [107.04194750033481, -6.215699462782658], [107.04255506188936, -6.216000404487249], [107.04316262344392, -6.216301346191839], [107.04375932627676, -6.216622378924936], [107.04434705723517, -6.216960011603175], [107.04493478819357, -6.2172976442814125], [107.04552251915199, -6.217635276959651], [107.0461102501104, -6.21797290963789], [107.04669798106882, -6.218310542316129], [107.04728571202723, -6.218648174994367], [107.04754357771546, -6.218796310602499]]}, "properties": {"corridor_id": "MRT_3", "mode": "mrt", "status": "MASTERPLAN", "status_label": "Masterplan", "source": "JICA / MRT Jakarta East-West Line", "source_year": 2024, "source_type": "JICA_STUDY", "source_url": "", "geometry_confidence": "MEDIUM", "alignment_confidence": "MEDIUM", "digitization_level": "L3", "digitization_method": "DOCUMENT_RECONSTRUCTION + ROAD_REFERENCE (DOCUMENT_RECONSTRUCTION)", "passenger_status": "PASSENGER_PROPOSED", "structure": "UNDER_REVIEW", "color": "#E58A3A", "crs": "EPSG:4326", "geometry_source": "DOCUMENT", "disclaimer": "Geometri hasil digitasi/rekonstruksi spasial dari dokumen perencanaan. Bukan gambar DED.", "id": "MRT_3-s39", "segment_id": "MRT_3-s39", "sequence": 39, "from_node": "Harapan Baru", "to_node": "Karang Satria", "name": "MRT East-West · Harapan Baru–Karang Satria", "length_km": 3.61, "mode_filter": ",mrt,", "status_filter": ",MASTERPLAN,", "conf_filter": ",MEDIUM,"}}, {"type": "Feature", "id": "MRT_3-s40", "geometry": {"type": "LineString", "coordinates": [[107.04754357771546, -6.218796310602499], [107.04787344298565, -6.218985807672606], [107.04846117394406, -6.219323440350844], [107.04904890490248, -6.219661073029083], [107.04962163635932, -6.2200224074044765], [107.05018216985982, -6.220403016571484], [107.05074270336031, -6.22078362573849], [107.05130323686082, -6.221164234905498], [107.05186377036132, -6.221544844072504], [107.05242430386183, -6.221925453239511], [107.05298483736232, -6.222306062406518], [107.05354537086282, -6.222686671573525], [107.05410590436333, -6.223067280740532], [107.05464678898664, -6.223473826224304], [107.05516953105621, -6.223904319693357], [107.05569227312579, -6.224334813162409], [107.05621501519535, -6.224765306631461], [107.05673775726491, -6.225195800100514], [107.05726049933448, -6.225626293569566], [107.05778324140404, -6.226056787038619], [107.0583059834736, -6.226487280507671], [107.05883162946027, -6.226914228617263], [107.05936182272919, -6.2273356250015155], [107.0598920159981, -6.227757021385769], [107.06042220926702, -6.228178417770022], [107.06095240253593, -6.228599814154275], [107.06148259580485, -6.229021210538528], [107.06201278907376, -6.229442606922781], [107.06254298234266, -6.229864003307035], [107.06307485785318, -6.230283271648747], [107.06361229211046, -6.230695508152917], [107.06414972636776, -6.231107744657088], [107.06468716062504, -6.231519981161258], [107.06511576629894, -6.231848741195209]]}, "properties": {"corridor_id": "MRT_3", "mode": "mrt", "status": "MASTERPLAN", "status_label": "Masterplan", "source": "JICA / MRT Jakarta East-West Line", "source_year": 2024, "source_type": "JICA_STUDY", "source_url": "", "geometry_confidence": "MEDIUM", "alignment_confidence": "MEDIUM", "digitization_level": "L3", "digitization_method": "DOCUMENT_RECONSTRUCTION + ROAD_REFERENCE (DOCUMENT_RECONSTRUCTION)", "passenger_status": "PASSENGER_PROPOSED", "structure": "UNDER_REVIEW", "color": "#E58A3A", "crs": "EPSG:4326", "geometry_source": "DOCUMENT", "disclaimer": "Geometri hasil digitasi/rekonstruksi spasial dari dokumen perencanaan. Bukan gambar DED.", "id": "MRT_3-s40", "segment_id": "MRT_3-s40", "sequence": 40, "from_node": "Karang Satria", "to_node": "Sumber Jaya", "name": "MRT East-West · Karang Satria–Sumber Jaya", "length_km": 2.428, "mode_filter": ",mrt,", "status_filter": ",MASTERPLAN,", "conf_filter": ",MEDIUM,"}}, {"type": "Feature", "id": "MRT_3-s41", "geometry": {"type": "LineString", "coordinates": [[107.06511576629894, -6.231848741195209], [107.06522459488234, -6.231932217665428], [107.06576202913962, -6.232344454169599], [107.0662994633969, -6.232756690673769], [107.0668368976542, -6.23316892717794], [107.06737465011393, -6.233580746592729], [107.06791911270938, -6.2339837705809735], [107.06846357530482, -6.234386794569219], [107.06900803790026, -6.234789818557465], [107.0695525004957, -6.235192842545709], [107.07009696309115, -6.235595866533955], [107.07064142568659, -6.2359988905222], [107.07118588828203, -6.236401914510445], [107.07173035087746, -6.2368049384986906], [107.0722804428201, -6.2372003163000835], [107.07283171928212, -6.237594085201522], [107.07338299574414, -6.23798785410296], [107.07393427220616, -6.2383816230044], [107.07448554866816, -6.238775391905838], [107.07503682513018, -6.239169160807276], [107.0755881015922, -6.239562929708715], [107.07613937805421, -6.239956698610153], [107.07671488130694, -6.240312464509821], [107.07730846877286, -6.240639862872317], [107.07790205623877, -6.240967261234813], [107.07849564370468, -6.241294659597308], [107.0790892311706, -6.2416220579598045], [107.07968281863651, -6.2419494563223], [107.08027640610243, -6.242276854684795], [107.08086999356834, -6.242604253047292], [107.08146358103427, -6.242931651409787], [107.08208128311435, -6.243210120474189], [107.08270534767784, -6.243475679862912], [107.08332941224134, -6.243741239251635], [107.08395347680484, -6.244006798640359], [107.08457754136833, -6.2442723580290815], [107.08520160593183, -6.244537917417805], [107.08582567049532, -6.244803476806528], [107.08644973505884, -6.245069036195251], [107.08707379962233, -6.245334595583974], [107.08770584430593, -6.245579098531567], [107.08835106803664, -6.245788827086487], [107.0884427073347, -6.245818614238822]]}, "properties": {"corridor_id": "MRT_3", "mode": "mrt", "status": "MASTERPLAN", "status_label": "Masterplan", "source": "JICA / MRT Jakarta East-West Line", "source_year": 2024, "source_type": "JICA_STUDY", "source_url": "", "geometry_confidence": "MEDIUM", "alignment_confidence": "MEDIUM", "digitization_level": "L3", "digitization_method": "DOCUMENT_RECONSTRUCTION + ROAD_REFERENCE (DOCUMENT_RECONSTRUCTION)", "passenger_status": "PASSENGER_PROPOSED", "structure": "UNDER_REVIEW", "color": "#E58A3A", "crs": "EPSG:4326", "geometry_source": "DOCUMENT", "disclaimer": "Geometri hasil digitasi/rekonstruksi spasial dari dokumen perencanaan. Bukan gambar DED.", "id": "MRT_3-s41", "segment_id": "MRT_3-s41", "sequence": 41, "from_node": "Sumber Jaya", "to_node": "Cibitung", "name": "MRT East-West · Sumber Jaya–Cibitung", "length_km": 3.027, "mode_filter": ",mrt,", "status_filter": ",MASTERPLAN,", "conf_filter": ",MEDIUM,"}}, {"type": "Feature", "id": "MRT_3-s42", "geometry": {"type": "LineString", "coordinates": [[107.0884427073347, -6.245818614238822], [107.08899629176737, -6.245998555641407], [107.0896415154981, -6.246208284196327], [107.09028673922883, -6.2464180127512465], [107.09093196295954, -6.246627741306167], [107.09157718669027, -6.246837469861086], [107.092222410421, -6.2470471984160065], [107.09286763415173, -6.247256926970926], [107.09351285788244, -6.247466655525846], [107.09416155958749, -6.247664267955294], [107.09482097897016, -6.247824543499695], [107.09548039835285, -6.247984819044096], [107.09613981773553, -6.248145094588498], [107.09679923711822, -6.2483053701329], [107.0974586565009, -6.248465645677301], [107.09811807588358, -6.248625921221703], [107.09877749526626, -6.248786196766105], [107.09943691464895, -6.248946472310506], [107.10009633403163, -6.249106747854908], [107.1007557534143, -6.24926702339931], [107.10141697614613, -6.249419332698436], [107.1020819220795, -6.249555194856876], [107.10274686801289, -6.2496910570153155], [107.10341181394628, -6.2498269191737545], [107.10407675987966, -6.249962781332194], [107.10474170581304, -6.250098643490634], [107.10540665174643, -6.250234505649073], [107.10607159767981, -6.250370367807512], [107.1067365436132, -6.250506229965952], [107.10740148954658, -6.250642092124391], [107.10806643547997, -6.25077795428283], [107.10873151942552, -6.250913085241675], [107.10940080308056, -6.2510259658016105], [107.11007008673559, -6.251138846361545], [107.11073937039063, -6.251251726921481], [107.11140865404566, -6.251364607481417], [107.1120779377007, -6.251477488041352], [107.11208766235288, -6.251479128189253]]}, "properties": {"corridor_id": "MRT_3", "mode": "mrt", "status": "MASTERPLAN", "status_label": "Masterplan", "source": "JICA / MRT Jakarta East-West Line", "source_year": 2024, "source_type": "JICA_STUDY", "source_url": "", "geometry_confidence": "MEDIUM", "alignment_confidence": "MEDIUM", "digitization_level": "L3", "digitization_method": "DOCUMENT_RECONSTRUCTION + ROAD_REFERENCE (DOCUMENT_RECONSTRUCTION)", "passenger_status": "PASSENGER_PROPOSED", "structure": "UNDER_REVIEW", "color": "#E58A3A", "crs": "EPSG:4326", "geometry_source": "DOCUMENT", "disclaimer": "Geometri hasil digitasi/rekonstruksi spasial dari dokumen perencanaan. Bukan gambar DED.", "id": "MRT_3-s42", "segment_id": "MRT_3-s42", "sequence": 42, "from_node": "Cibitung", "to_node": "Wanajaya", "name": "MRT East-West · Cibitung–Wanajaya", "length_km": 2.692, "mode_filter": ",mrt,", "status_filter": ",MASTERPLAN,", "conf_filter": ",MEDIUM,"}}, {"type": "Feature", "id": "MRT_3-s43", "geometry": {"type": "LineString", "coordinates": [[107.11208766235288, -6.251479128189253], [107.11274722135573, -6.2515903686012875], [107.11341650501078, -6.251703249161223], [107.1140857886658, -6.251816129721159], [107.11475507232085, -6.251929010281094], [107.11542435597588, -6.25204189084103], [107.11609363963092, -6.252154771400965], [107.11676407765951, -6.252260158258179], [107.1174366879413, -6.2523514437706975], [107.11810929822308, -6.252442729283216], [107.11878190850484, -6.252534014795735], [107.11945451878663, -6.252625300308254], [107.12012712906841, -6.252716585820773], [107.12079973935018, -6.2528078713332915], [107.12147234963196, -6.25289915684581], [107.12214495991373, -6.252990442358329], [107.12281757019551, -6.253081727870848], [107.12349018047729, -6.253173013383367], [107.12416279075906, -6.2532642988958855], [107.12483604056978, -6.253350339788997], [107.12551112227449, -6.253421357770106], [107.1261862039792, -6.253492375751216], [107.12686128568393, -6.253563393732326], [107.12753636738864, -6.253634411713435], [107.12821144909336, -6.253705429694545], [107.12888653079808, -6.253776447675654], [107.1295616125028, -6.253847465656763], [107.13023669420751, -6.253918483637873], [107.13091177591222, -6.253989501618983], [107.13158685761695, -6.254060519600092], [107.13226193932167, -6.254131537581202], [107.13293702102638, -6.254202555562311], [107.13361210348043, -6.254273573622249], [107.1342871861773, -6.254344591707731], [107.13496226887418, -6.254415609793215], [107.13563735157105, -6.254486627878698], [107.13631243426792, -6.254557645964182], [107.1369875169648, -6.254628664049664], [107.13766259966167, -6.254699682135148], [107.13833768235854, -6.254770700220631], [107.13901276505541, -6.254841718306115], [107.13968784801992, -6.254912736419754], [107.14036293142556, -6.254983754579797], [107.14103801483118, -6.255054772739841], [107.14171309823682, -6.255125790899886], [107.14238818164245, -6.25519680905993], [107.14306326504808, -6.255267827219974], [107.14373834850724, -6.2553388453856495], [107.14441343233815, -6.255409863590433], [107.14508851616908, -6.255480881795217], [107.1457636, -6.2555519]]}, "properties": {"corridor_id": "MRT_3", "mode": "mrt", "status": "MASTERPLAN", "status_label": "Masterplan", "source": "JICA / MRT Jakarta East-West Line", "source_year": 2024, "source_type": "JICA_STUDY", "source_url": "", "geometry_confidence": "MEDIUM", "alignment_confidence": "MEDIUM", "digitization_level": "L3", "digitization_method": "DOCUMENT_RECONSTRUCTION + ROAD_REFERENCE (DOCUMENT_RECONSTRUCTION)", "passenger_status": "PASSENGER_PROPOSED", "structure": "UNDER_REVIEW", "color": "#E58A3A", "crs": "EPSG:4326", "geometry_source": "DOCUMENT", "disclaimer": "Geometri hasil digitasi/rekonstruksi spasial dari dokumen perencanaan. Bukan gambar DED.", "id": "MRT_3-s43", "segment_id": "MRT_3-s43", "sequence": 43, "from_node": "Wanajaya", "to_node": "Cikarang", "name": "MRT East-West · Wanajaya–Cikarang", "length_km": 3.751, "mode_filter": ",mrt,", "status_filter": ",MASTERPLAN,", "conf_filter": ",MEDIUM,"}}, {"type": "Feature", "id": "MRT_4-s01", "geometry": {"type": "LineString", "coordinates": [[106.7924632, -6.2924711], [106.7931419226368, -6.292406835230485], [106.79382064517198, -6.292342570470593], [106.79449936763027, -6.292278305717981], [106.79517809008854, -6.292214040965369], [106.7958568123362, -6.2921497762327006], [106.79653553449695, -6.292085511508261], [106.7972142566577, -6.292021246783822], [106.79789297881844, -6.291956982059382], [106.79857170080601, -6.291892717351341], [106.79925042255023, -6.29182845266634], [106.79992914429444, -6.291764187981339], [106.80060786603866, -6.291699923296338], [106.80128658778288, -6.291635658611337], [106.8019653095271, -6.291571393926336], [106.80264262319882, -6.291494308178798], [106.80331931299348, -6.291411541781369], [106.80399600278814, -6.29132877538394], [106.8046726925828, -6.29124600898651], [106.80534938237747, -6.291163242589081], [106.80602581895079, -6.291078648021762], [106.80669984062811, -6.290976618745692], [106.80737386230543, -6.290874589469621], [106.80796747853532, -6.290784731478048]]}, "properties": {"corridor_id": "MRT_4", "mode": "mrt", "status": "MASTERPLAN", "status_label": "Masterplan", "source": "MRT Jakarta Fase 4 concept", "source_year": 2024, "source_type": "OFFICIAL_MASTERPLAN", "source_url": "", "geometry_confidence": "MEDIUM", "alignment_confidence": "MEDIUM", "digitization_level": "L3", "digitization_method": "DOCUMENT_RECONSTRUCTION + ROAD_REFERENCE (DOCUMENT_RECONSTRUCTION)", "passenger_status": "PASSENGER_PROPOSED", "structure": "UNDER_REVIEW", "color": "#E58A3A", "crs": "EPSG:4326", "geometry_source": "DOCUMENT", "disclaimer": "Geometri hasil digitasi/rekonstruksi spasial dari dokumen perencanaan. Bukan gambar DED.", "id": "MRT_4-s01", "segment_id": "MRT_4-s01", "sequence": 1, "from_node": "Fatmawati", "to_node": "Antasari", "name": "MRT 4 · Fatmawati–Antasari", "length_km": 1.724, "mode_filter": ",mrt,", "status_filter": ",MASTERPLAN,", "conf_filter": ",MEDIUM,"}}, {"type": "Feature", "id": "MRT_4-s02", "geometry": {"type": "LineString", "coordinates": [[106.80796747853532, -6.290784731478048], [106.80804788398274, -6.290772560193551], [106.80872190566005, -6.290670530917479], [106.80939592733736, -6.290568501641409], [106.810067864343, -6.2904541156386555], [106.81073850833467, -6.290332065397747], [106.81140915232632, -6.2902100151568385], [106.81207979631799, -6.290087964915931], [106.81275044030964, -6.289965914675022], [106.81342002191408, -6.2898385667326995], [106.81408650138802, -6.289695749702571], [106.81475298086194, -6.289552932672444], [106.81541946033587, -6.2894101156423154], [106.81608593980981, -6.289267298612188], [106.81675232288872, -6.289124151252202], [106.81739224685991, -6.288890332878113], [106.8180321708311, -6.288656514504023], [106.8186720948023, -6.288422696129933], [106.81931201877349, -6.288188877755843], [106.81995194274468, -6.287955059381754], [106.82055370827602, -6.287637574683823], [106.82115237549176, -6.287313296608636], [106.82152087460213, -6.287113692923853]]}, "properties": {"corridor_id": "MRT_4", "mode": "mrt", "status": "MASTERPLAN", "status_label": "Masterplan", "source": "MRT Jakarta Fase 4 concept", "source_year": 2024, "source_type": "OFFICIAL_MASTERPLAN", "source_url": "", "geometry_confidence": "MEDIUM", "alignment_confidence": "MEDIUM", "digitization_level": "L3", "digitization_method": "DOCUMENT_RECONSTRUCTION + ROAD_REFERENCE (DOCUMENT_RECONSTRUCTION)", "passenger_status": "PASSENGER_PROPOSED", "structure": "UNDER_REVIEW", "color": "#E58A3A", "crs": "EPSG:4326", "geometry_source": "DOCUMENT", "disclaimer": "Geometri hasil digitasi/rekonstruksi spasial dari dokumen perencanaan. Bukan gambar DED.", "id": "MRT_4-s02", "segment_id": "MRT_4-s02", "sequence": 2, "from_node": "Antasari", "to_node": "Ampera", "name": "MRT 4 · Antasari–Ampera", "length_km": 1.562, "mode_filter": ",mrt,", "status_filter": ",MASTERPLAN,", "conf_filter": ",MEDIUM,"}}, {"type": "Feature", "id": "MRT_4-s03", "geometry": {"type": "LineString", "coordinates": [[106.82152087460213, -6.287113692923853], [106.82175104270749, -6.286989018533448], [106.82234970992322, -6.28666474045826], [106.82294837713896, -6.286340462383072], [106.82349731175074, -6.2859395161869465], [106.82404155325258, -6.285531335060562], [106.82458579475443, -6.285123153934178], [106.82513003625628, -6.284714972807794], [106.82567427775813, -6.284306791681408], [106.82616376584667, -6.283836234153322], [106.82664440466999, -6.283355595330012], [106.8271250434933, -6.282874956506702], [106.8276056823166, -6.2823943176833925], [106.82808632113992, -6.281913678860083], [106.82869912141925, -6.281770709828064], [106.82938017018098, -6.281802114259369], [106.83006121894272, -6.281833518690674], [106.83066307453487, -6.28201514034003]]}, "properties": {"corridor_id": "MRT_4", "mode": "mrt", "status": "MASTERPLAN", "status_label": "Masterplan", "source": "MRT Jakarta Fase 4 concept", "source_year": 2024, "source_type": "OFFICIAL_MASTERPLAN", "source_url": "", "geometry_confidence": "MEDIUM", "alignment_confidence": "MEDIUM", "digitization_level": "L3", "digitization_method": "DOCUMENT_RECONSTRUCTION + ROAD_REFERENCE (DOCUMENT_RECONSTRUCTION)", "passenger_status": "PASSENGER_PROPOSED", "structure": "UNDER_REVIEW", "color": "#E58A3A", "crs": "EPSG:4326", "geometry_source": "DOCUMENT", "disclaimer": "Geometri hasil digitasi/rekonstruksi spasial dari dokumen perencanaan. Bukan gambar DED.", "id": "MRT_4-s03", "segment_id": "MRT_4-s03", "sequence": 3, "from_node": "Ampera", "to_node": "Warung Jati", "name": "MRT 4 · Ampera–Warung Jati", "length_km": 1.223, "mode_filter": ",mrt,", "status_filter": ",MASTERPLAN,", "conf_filter": ",MEDIUM,"}}, {"type": "Feature", "id": "MRT_4-s04", "geometry": {"type": "LineString", "coordinates": [[106.83066307453487, -6.28201514034003], [106.83107664815923, -6.282553903818236], [106.83149022178357, -6.283092667296442], [106.83190379540792, -6.283631430774648], [106.83231736903227, -6.284170194252853], [106.83268126417617, -6.284735564055648], [106.83290646198087, -6.285375216050501], [106.83313165978556, -6.2860148680453545], [106.83335685759027, -6.286654520040207], [106.83358205539497, -6.28729417203506], [106.83380725319968, -6.287933824029913], [106.83403245100438, -6.288573476024767], [106.83425764880907, -6.289213128019619], [106.83448284661378, -6.289852780014472], [106.83462622325855, -6.290515039859116], [106.83476543680977, -6.291178450000253], [106.83490465036101, -6.291841860141391], [106.83504386391225, -6.292505270282527], [106.83518307746347, -6.293168680423665], [106.8353222910147, -6.293832090564802], [106.83546150456594, -6.294495500705939], [106.83560071811718, -6.295158910847076], [106.8357399316684, -6.295822320988213], [106.83587914521964, -6.2964857311293505], [106.83601835877087, -6.297149141270488], [106.83615841359737, -6.297812317168856], [106.83638619627936, -6.29845106632331], [106.83661397896134, -6.299089815477766], [106.83684176164331, -6.29972856463222], [106.83706954432529, -6.300367313786675], [106.83729732700728, -6.30100606294113], [106.83752510968925, -6.301644812095585], [106.83775289237123, -6.302283561250039], [106.83798067505322, -6.302922310404494], [106.83820845773519, -6.303561059558949], [106.83856609490512, -6.3041353923576935], [106.83894270792544, -6.304700311888183], [106.83931932094578, -6.305265231418673], [106.8396959339661, -6.305830150949163], [106.84007254698642, -6.3063950704796525], [106.84044916000676, -6.306959990010142], [106.84087612911343, -6.307471521563165]]}, "properties": {"corridor_id": "MRT_4", "mode": "mrt", "status": "MASTERPLAN", "status_label": "Masterplan", "source": "MRT Jakarta Fase 4 concept", "source_year": 2024, "source_type": "OFFICIAL_MASTERPLAN", "source_url": "", "geometry_confidence": "MEDIUM", "alignment_confidence": "MEDIUM", "digitization_level": "L3", "digitization_method": "DOCUMENT_RECONSTRUCTION + ROAD_REFERENCE (DOCUMENT_RECONSTRUCTION)", "passenger_status": "PASSENGER_PROPOSED", "structure": "UNDER_REVIEW", "color": "#E58A3A", "crs": "EPSG:4326", "geometry_source": "DOCUMENT", "disclaimer": "Geometri hasil digitasi/rekonstruksi spasial dari dokumen perencanaan. Bukan gambar DED.", "id": "MRT_4-s04", "segment_id": "MRT_4-s04", "sequence": 4, "from_node": "Warung Jati", "to_node": "Tanjung Barat", "name": "MRT 4 · Warung Jati–Tanjung Barat", "length_km": 3.087, "mode_filter": ",mrt,", "status_filter": ",MASTERPLAN,", "conf_filter": ",MEDIUM,"}}, {"type": "Feature", "id": "MRT_4-s05", "geometry": {"type": "LineString", "coordinates": [[106.84087612911343, -6.307471521563165], [106.84146758418007, -6.307808663616137], [106.8420590392467, -6.308145805669109], [106.84265049431335, -6.308482947722081], [106.84324194937999, -6.308820089775053], [106.84385883336358, -6.309030604615397], [106.84453518645037, -6.308944983887556], [106.84521153953716, -6.308859363159716], [106.84588789262395, -6.308773742431875], [106.84656424571074, -6.3086881217040345], [106.84724112862943, -6.308606959843342], [106.8479189334286, -6.3085335561835585], [106.84859673822776, -6.308460152523774], [106.84927454302691, -6.308386748863991], [106.84995234782606, -6.3083133452042075], [106.8506303749322, -6.308242139401445], [106.85130931030923, -6.308179913297043], [106.85198824568626, -6.308117687192641], [106.8520105784226, -6.308115640342189]]}, "properties": {"corridor_id": "MRT_4", "mode": "mrt", "status": "MASTERPLAN", "status_label": "Masterplan", "source": "MRT Jakarta Fase 4 concept", "source_year": 2024, "source_type": "OFFICIAL_MASTERPLAN", "source_url": "", "geometry_confidence": "MEDIUM", "alignment_confidence": "MEDIUM", "digitization_level": "L3", "digitization_method": "DOCUMENT_RECONSTRUCTION + ROAD_REFERENCE (DOCUMENT_RECONSTRUCTION)", "passenger_status": "PASSENGER_PROPOSED", "structure": "UNDER_REVIEW", "color": "#E58A3A", "crs": "EPSG:4326", "geometry_source": "DOCUMENT", "disclaimer": "Geometri hasil digitasi/rekonstruksi spasial dari dokumen perencanaan. Bukan gambar DED.", "id": "MRT_4-s05", "segment_id": "MRT_4-s05", "sequence": 5, "from_node": "Tanjung Barat", "to_node": "Ranco", "name": "MRT 4 · Tanjung Barat–Ranco", "length_km": 1.28, "mode_filter": ",mrt,", "status_filter": ",MASTERPLAN,", "conf_filter": ",MEDIUM,"}}, {"type": "Feature", "id": "MRT_4-s06", "geometry": {"type": "LineString", "coordinates": [[106.8520105784226, -6.308115640342189], [106.85266718106328, -6.308055461088238], [106.85334611644032, -6.307993234983836], [106.85402505181735, -6.307931008879434], [106.85470467878775, -6.307876916161133], [106.85538448634193, -6.307824947172883], [106.85606429389613, -6.307772978184633], [106.85674410145032, -6.307721009196382], [106.85742390900451, -6.307669040208133], [106.85810381777516, -6.3076185113890535], [106.85878428875012, -6.307575981953119], [106.85946475972507, -6.307533452517184], [106.86014523070003, -6.307490923081249], [106.86082570167498, -6.3074483936453145], [106.86150617264992, -6.30740586420938], [106.86218698202265, -6.30737166103531], [106.86286868673844, -6.3073594877368135], [106.86355039145421, -6.307347314438318], [106.86423209617, -6.307335141139822], [106.86491380088577, -6.307322967841325], [106.86559543719929, -6.30731647654997], [106.8662766536699, -6.30734486056958], [106.86695787014051, -6.307373244589188], [106.86763908661112, -6.307401628608797], [106.86798270216728, -6.307415945923636]]}, "properties": {"corridor_id": "MRT_4", "mode": "mrt", "status": "MASTERPLAN", "status_label": "Masterplan", "source": "MRT Jakarta Fase 4 concept", "source_year": 2024, "source_type": "OFFICIAL_MASTERPLAN", "source_url": "", "geometry_confidence": "MEDIUM", "alignment_confidence": "MEDIUM", "digitization_level": "L3", "digitization_method": "DOCUMENT_RECONSTRUCTION + ROAD_REFERENCE (DOCUMENT_RECONSTRUCTION)", "passenger_status": "PASSENGER_PROPOSED", "structure": "UNDER_REVIEW", "color": "#E58A3A", "crs": "EPSG:4326", "geometry_source": "DOCUMENT", "disclaimer": "Geometri hasil digitasi/rekonstruksi spasial dari dokumen perencanaan. Bukan gambar DED.", "id": "MRT_4-s06", "segment_id": "MRT_4-s06", "sequence": 6, "from_node": "Ranco", "to_node": "Raya Bogor", "name": "MRT 4 · Ranco–Raya Bogor", "length_km": 1.769, "mode_filter": ",mrt,", "status_filter": ",MASTERPLAN,", "conf_filter": ",MEDIUM,"}}, {"type": "Feature", "id": "MRT_4-s07", "geometry": {"type": "LineString", "coordinates": [[106.86798270216728, -6.307415945923636], [106.86832030308175, -6.307430012628405], [106.86899803723173, -6.307499754653964], [106.86967452364914, -6.307584315456141], [106.87035101006654, -6.307668876258317], [106.87102687599237, -6.30775671899809], [106.87168809667142, -6.307922024167855], [106.87234931735048, -6.308087329337621], [106.87301064824676, -6.308252152654823], [106.87367878463067, -6.308387223436137], [106.87434692101458, -6.30852229421745], [106.87501505739847, -6.308657364998764], [106.87568859977017, -6.308762556671581], [106.87602864360895, -6.308815429341634]]}, "properties": {"corridor_id": "MRT_4", "mode": "mrt", "status": "MASTERPLAN", "status_label": "Masterplan", "source": "MRT Jakarta Fase 4 concept", "source_year": 2024, "source_type": "OFFICIAL_MASTERPLAN", "source_url": "", "geometry_confidence": "MEDIUM", "alignment_confidence": "MEDIUM", "digitization_level": "L3", "digitization_method": "DOCUMENT_RECONSTRUCTION + ROAD_REFERENCE (DOCUMENT_RECONSTRUCTION)", "passenger_status": "PASSENGER_PROPOSED", "structure": "UNDER_REVIEW", "color": "#E58A3A", "crs": "EPSG:4326", "geometry_source": "DOCUMENT", "disclaimer": "Geometri hasil digitasi/rekonstruksi spasial dari dokumen perencanaan. Bukan gambar DED.", "id": "MRT_4-s07", "segment_id": "MRT_4-s07", "sequence": 7, "from_node": "Raya Bogor", "to_node": "Tanah Merdeka", "name": "MRT 4 · Raya Bogor–Tanah Merdeka", "length_km": 0.904, "mode_filter": ",mrt,", "status_filter": ",MASTERPLAN,", "conf_filter": ",MEDIUM,"}}, {"type": "Feature", "id": "MRT_4-s08", "geometry": {"type": "LineString", "coordinates": [[106.87602864360895, -6.308815429341634], [106.87636222380412, -6.308867296993932], [106.87703584783807, -6.308972037316283], [106.87771329592789, -6.309048299100506], [106.8783909799936, -6.309122803523392], [106.8790686640593, -6.309197307946278], [106.8797486876481, -6.309245449786483], [106.88042903032455, -6.309289996033155], [106.88110937300098, -6.309334542279826], [106.88169191798595, -6.309033765139457], [106.88224898104323, -6.308643011380582], [106.88265934456784, -6.308149067765508]]}, "properties": {"corridor_id": "MRT_4", "mode": "mrt", "status": "MASTERPLAN", "status_label": "Masterplan", "source": "MRT Jakarta Fase 4 concept", "source_year": 2024, "source_type": "OFFICIAL_MASTERPLAN", "source_url": "", "geometry_confidence": "MEDIUM", "alignment_confidence": "MEDIUM", "digitization_level": "L3", "digitization_method": "DOCUMENT_RECONSTRUCTION + ROAD_REFERENCE (DOCUMENT_RECONSTRUCTION)", "passenger_status": "PASSENGER_PROPOSED", "structure": "UNDER_REVIEW", "color": "#E58A3A", "crs": "EPSG:4326", "geometry_source": "DOCUMENT", "disclaimer": "Geometri hasil digitasi/rekonstruksi spasial dari dokumen perencanaan. Bukan gambar DED.", "id": "MRT_4-s08", "segment_id": "MRT_4-s08", "sequence": 8, "from_node": "Tanah Merdeka", "to_node": "Kampung Rambutan", "name": "MRT 4 · Tanah Merdeka–Kampung Rambutan", "length_km": 0.784, "mode_filter": ",mrt,", "status_filter": ",MASTERPLAN,", "conf_filter": ",MEDIUM,"}}, {"type": "Feature", "id": "MRT_4-s09", "geometry": {"type": "LineString", "coordinates": [[106.88265934456784, -6.308149067765508], [106.88284482294887, -6.307496937786763], [106.8830303013299, -6.306844807808019], [106.88314535443531, -6.306185163650482], [106.88310335843757, -6.305508762795439], [106.88306136243982, -6.304832361940396], [106.88301936644207, -6.304155961085353], [106.88297737044432, -6.303479560230311], [106.88285350632374, -6.302814876602457], [106.88270179918808, -6.302154177955838], [106.88255009205243, -6.30149347930922], [106.88239838491677, -6.300832780662601], [106.88224667778111, -6.3001720820159814], [106.88209497064545, -6.299511383369363], [106.8819432635334, -6.298850684825492], [106.88179155645044, -6.29818998640836], [106.88163984936747, -6.297529287991228], [106.88148814228451, -6.296868589574096], [106.88133643520156, -6.296207891156964], [106.88118472814584, -6.29554719285843], [106.88103302110049, -6.2948864946051355], [106.88088131405516, -6.294225796351842], [106.88072960702279, -6.293565098155019], [106.8805779, -6.2929044]]}, "properties": {"corridor_id": "MRT_4", "mode": "mrt", "status": "MASTERPLAN", "status_label": "Masterplan", "source": "MRT Jakarta Fase 4 concept", "source_year": 2024, "source_type": "OFFICIAL_MASTERPLAN", "source_url": "", "geometry_confidence": "MEDIUM", "alignment_confidence": "MEDIUM", "digitization_level": "L3", "digitization_method": "DOCUMENT_RECONSTRUCTION + ROAD_REFERENCE (DOCUMENT_RECONSTRUCTION)", "passenger_status": "PASSENGER_PROPOSED", "structure": "UNDER_REVIEW", "color": "#E58A3A", "crs": "EPSG:4326", "geometry_source": "DOCUMENT", "disclaimer": "Geometri hasil digitasi/rekonstruksi spasial dari dokumen perencanaan. Bukan gambar DED.", "id": "MRT_4-s09", "segment_id": "MRT_4-s09", "sequence": 9, "from_node": "Kampung Rambutan", "to_node": "TMII", "name": "MRT 4 · Kampung Rambutan–TMII", "length_km": 1.732, "mode_filter": ",mrt,", "status_filter": ",MASTERPLAN,", "conf_filter": ",MEDIUM,"}}, {"type": "Feature", "id": "LRT_JKT_1B-s01", "geometry": {"type": "LineString", "coordinates": [[106.891218, -6.1919263], [106.89118979667204, -6.192603426188174], [106.89096633012797, -6.1932055499189085], [106.89042292478115, -6.193601343543051], [106.88980651934322, -6.193885308588856], [106.88916858137299, -6.194123568164691], [106.88851184019052, -6.194305223237458], [106.8878534638536, -6.194479768776257], [106.88718257199776, -6.19459989773848], [106.88651168014192, -6.194720026700704], [106.88596922370658, -6.1948065139738295]]}, "properties": {"corridor_id": "LRT_JKT_1B", "mode": "lrt", "status": "CONSTRUCTION", "status_label": "Konstruksi", "source": "PT LRT Jakarta", "source_year": 2025, "source_type": "OFFICIAL_OPERATOR", "source_url": "", "geometry_confidence": "HIGH", "alignment_confidence": "MEDIUM", "digitization_level": "L3", "digitization_method": "DOCUMENT_RECONSTRUCTION + ROAD_REFERENCE", "passenger_status": "PASSENGER_CONFIRMED", "structure": "ELEVATED", "color": "#E58A3A", "crs": "EPSG:4326", "geometry_source": "DOCUMENT", "disclaimer": "Geometri hasil digitasi/rekonstruksi spasial dari dokumen perencanaan. Bukan gambar DED.", "id": "LRT_JKT_1B-s01", "segment_id": "LRT_JKT_1B-s01", "sequence": 1, "from_node": "Velodrome", "to_node": "Rawamangun", "name": "LRT Jakarta 1B · Velodrome–Rawamangun", "length_km": 0.734, "mode_filter": ",lrt,", "status_filter": ",CONSTRUCTION,", "conf_filter": ",HIGH,"}}, {"type": "Feature", "id": "LRT_JKT_1B-s02", "geometry": {"type": "LineString", "coordinates": [[106.88596922370658, -6.1948065139738295], [106.88583880282364, -6.194827307803139], [106.88516257656079, -6.194912917999284], [106.88448635029792, -6.1949985281954305], [106.88381012403505, -6.195084138391577], [106.88313186250133, -6.195151495636952], [106.8824531913606, -6.195215179397431], [106.88177452021985, -6.195278863157911], [106.88109584907912, -6.195342546918391], [106.8804165580461, -6.195398817282422], [106.87973662285752, -6.195447384081605], [106.87905668766896, -6.1954959508807885], [106.87837675248039, -6.195544517679972], [106.87769681729182, -6.195593084479155], [106.8770172881983, -6.195646547389044], [106.87633853746757, -6.195709394678928], [106.87565978673683, -6.195772241968812], [106.87498103600609, -6.195835089258695], [106.87430228527535, -6.195897936548579], [106.87362413009893, -6.195966446527047], [106.87294698687697, -6.196044578437272], [106.87226984365502, -6.196122710347498], [106.8720174777484, -6.196151829490569]]}, "properties": {"corridor_id": "LRT_JKT_1B", "mode": "lrt", "status": "CONSTRUCTION", "status_label": "Konstruksi", "source": "PT LRT Jakarta", "source_year": 2025, "source_type": "OFFICIAL_OPERATOR", "source_url": "", "geometry_confidence": "HIGH", "alignment_confidence": "MEDIUM", "digitization_level": "L3", "digitization_method": "DOCUMENT_RECONSTRUCTION + ROAD_REFERENCE", "passenger_status": "PASSENGER_CONFIRMED", "structure": "ELEVATED", "color": "#E58A3A", "crs": "EPSG:4326", "geometry_source": "DOCUMENT", "disclaimer": "Geometri hasil digitasi/rekonstruksi spasial dari dokumen perencanaan. Bukan gambar DED.", "id": "LRT_JKT_1B-s02", "segment_id": "LRT_JKT_1B-s02", "sequence": 2, "from_node": "Rawamangun", "to_node": "Pramuka BPKP", "name": "LRT Jakarta 1B · Rawamangun–Pramuka BPKP", "length_km": 1.55, "mode_filter": ",lrt,", "status_filter": ",CONSTRUCTION,", "conf_filter": ",HIGH,"}}, {"type": "Feature", "id": "LRT_JKT_1B-s03", "geometry": {"type": "LineString", "coordinates": [[106.8720174777484, -6.196151829490569], [106.87159270043306, -6.196200842257723], [106.8709155572111, -6.1962789741679485], [106.87023962111435, -6.196366453043989], [106.86956459229032, -6.196460957079355], [106.86888956346627, -6.1965554611147216], [106.86821453464222, -6.196649965150088], [106.86753950581817, -6.196744469185454], [106.86686703895435, -6.196855493507606], [106.86619473134887, -6.196967544775187], [106.86552242374339, -6.197079596042768], [106.8648501161379, -6.1971916473103486], [106.86419367020257, -6.197362858346418], [106.8635544606849, -6.197598356589774], [106.86291525116721, -6.19783385483313], [106.86227604164952, -6.1980693530764865], [106.8617022022156, -6.19842699841743], [106.86114858862183, -6.198822436698691], [106.86077582579107, -6.1990886958635185]]}, "properties": {"corridor_id": "LRT_JKT_1B", "mode": "lrt", "status": "CONSTRUCTION", "status_label": "Konstruksi", "source": "PT LRT Jakarta", "source_year": 2025, "source_type": "OFFICIAL_OPERATOR", "source_url": "", "geometry_confidence": "HIGH", "alignment_confidence": "MEDIUM", "digitization_level": "L3", "digitization_method": "DOCUMENT_RECONSTRUCTION + ROAD_REFERENCE", "passenger_status": "PASSENGER_CONFIRMED", "structure": "ELEVATED", "color": "#E58A3A", "crs": "EPSG:4326", "geometry_source": "DOCUMENT", "disclaimer": "Geometri hasil digitasi/rekonstruksi spasial dari dokumen perencanaan. Bukan gambar DED.", "id": "LRT_JKT_1B-s03", "segment_id": "LRT_JKT_1B-s03", "sequence": 3, "from_node": "Pramuka BPKP", "to_node": "Pasar Pramuka", "name": "LRT Jakarta 1B · Pramuka BPKP–Pasar Pramuka", "length_km": 1.303, "mode_filter": ",lrt,", "status_filter": ",CONSTRUCTION,", "conf_filter": ",HIGH,"}}, {"type": "Feature", "id": "LRT_JKT_1B-s04", "geometry": {"type": "LineString", "coordinates": [[106.86077582579107, -6.1990886958635185], [106.86059497502805, -6.1992178749799525], [106.86014208049704, -6.199711439282041], [106.85975559219399, -6.200269700164213], [106.85936910389096, -6.200827961046387], [106.85913624616948, -6.201455015322062], [106.8589718217568, -6.20211271297285], [106.85880739734411, -6.202770410623638], [106.85856126688643, -6.2033992412777375], [106.8582713184485, -6.204012590904807], [106.85798137001058, -6.204625940531878], [106.85761201770467, -6.2051921482985515], [106.85736397438049, -6.205525155418672]]}, "properties": {"corridor_id": "LRT_JKT_1B", "mode": "lrt", "status": "CONSTRUCTION", "status_label": "Konstruksi", "source": "PT LRT Jakarta", "source_year": 2025, "source_type": "OFFICIAL_OPERATOR", "source_url": "", "geometry_confidence": "HIGH", "alignment_confidence": "MEDIUM", "digitization_level": "L3", "digitization_method": "DOCUMENT_RECONSTRUCTION + ROAD_REFERENCE", "passenger_status": "PASSENGER_CONFIRMED", "structure": "ELEVATED", "color": "#E58A3A", "crs": "EPSG:4326", "geometry_source": "DOCUMENT", "disclaimer": "Geometri hasil digitasi/rekonstruksi spasial dari dokumen perencanaan. Bukan gambar DED.", "id": "LRT_JKT_1B-s04", "segment_id": "LRT_JKT_1B-s04", "sequence": 4, "from_node": "Pasar Pramuka", "to_node": "Matraman", "name": "LRT Jakarta 1B · Pasar Pramuka–Matraman", "length_km": 0.822, "mode_filter": ",lrt,", "status_filter": ",CONSTRUCTION,", "conf_filter": ",HIGH,"}}, {"type": "Feature", "id": "LRT_JKT_1B-s05", "geometry": {"type": "LineString", "coordinates": [[106.85736397438049, -6.205525155418672], [106.85720633767188, -6.205736788392601], [106.8568006576391, -6.20628142848665], [106.8563308626622, -6.206768996893332], [106.85583097405659, -6.207229777564393], [106.85533108545096, -6.207690558235455], [106.85479527921761, -6.2081058837995275], [106.8542265825803, -6.208479585321963], [106.85365788594298, -6.208853286844398], [106.85308918921085, -6.209226988429142], [106.85252049173587, -6.209600690502025], [106.8519517942609, -6.209974392574909], [106.85138309645284, -6.210348094866667], [106.85081439837943, -6.210721797332789], [106.8502457, -6.2110955]]}, "properties": {"corridor_id": "LRT_JKT_1B", "mode": "lrt", "status": "CONSTRUCTION", "status_label": "Konstruksi", "source": "PT LRT Jakarta", "source_year": 2025, "source_type": "OFFICIAL_OPERATOR", "source_url": "", "geometry_confidence": "HIGH", "alignment_confidence": "MEDIUM", "digitization_level": "L3", "digitization_method": "DOCUMENT_RECONSTRUCTION + ROAD_REFERENCE", "passenger_status": "PASSENGER_CONFIRMED", "structure": "ELEVATED", "color": "#E58A3A", "crs": "EPSG:4326", "geometry_source": "DOCUMENT", "disclaimer": "Geometri hasil digitasi/rekonstruksi spasial dari dokumen perencanaan. Bukan gambar DED.", "id": "LRT_JKT_1B-s05", "segment_id": "LRT_JKT_1B-s05", "sequence": 5, "from_node": "Matraman", "to_node": "Manggarai", "name": "LRT Jakarta 1B · Matraman–Manggarai", "length_km": 1.008, "mode_filter": ",lrt,", "status_filter": ",CONSTRUCTION,", "conf_filter": ",HIGH,"}}, {"type": "Feature", "id": "LRT_JKT_1C-s01", "geometry": {"type": "LineString", "coordinates": [[106.8502457, -6.2110955], [106.8490922428529, -6.210709733261805], [106.84793878621905, -6.21032396669526], [106.84678533083266, -6.20993820054592], [106.84563187547941, -6.209552434407665], [106.84447842185583, -6.209166668847887], [106.84332496823225, -6.208780903288109], [106.84216660933701, -6.208410565990843], [106.84099970422643, -6.208067108602273], [106.83983279911585, -6.207723651213701], [106.83865712174885, -6.207411799418593], [106.8374781900048, -6.207111672830013], [106.8362981094944, -6.206816382652574], [106.83510867951298, -6.206560454600845], [106.83391924953156, -6.206304526549114], [106.83272536877443, -6.20607109446803], [106.83152705632874, -6.205860061883529], [106.83032874388306, -6.2056490292990265], [106.82913043239094, -6.205437996882457], [106.82793212100403, -6.205226964484413], [106.82673381033575, -6.205015932212926], [106.8255355, -6.2048049]]}, "properties": {"corridor_id": "LRT_JKT_1C", "mode": "lrt", "status": "PLANNED", "status_label": "Rencana", "source": "PT LRT Jakarta", "source_year": 2024, "source_type": "OFFICIAL_MASTERPLAN", "source_url": "", "geometry_confidence": "MEDIUM", "alignment_confidence": "MEDIUM", "digitization_level": "L2", "digitization_method": "DOCUMENT_RECONSTRUCTION (DOCUMENT_RECONSTRUCTION)", "passenger_status": "PASSENGER_PROPOSED", "structure": "ELEVATED", "color": "#E58A3A", "crs": "EPSG:4326", "geometry_source": "DOCUMENT", "disclaimer": "Geometri hasil digitasi/rekonstruksi spasial dari dokumen perencanaan. Bukan gambar DED.", "id": "LRT_JKT_1C-s01", "segment_id": "LRT_JKT_1C-s01", "sequence": 1, "from_node": "Manggarai", "to_node": "Dukuh Atas BNI", "name": "LRT Jakarta 1C · Manggarai–Dukuh Atas BNI", "length_km": 2.825, "mode_filter": ",lrt,", "status_filter": ",PLANNED,", "conf_filter": ",MEDIUM,"}}, {"type": "Feature", "id": "LRT_JKT_2A-s01", "geometry": {"type": "LineString", "coordinates": [[106.9141377, -6.1572054], [106.91353364699337, -6.156893237532215], [106.91292959428398, -6.156581075218036], [106.91232554185345, -6.1562689130479695], [106.91172148973233, -6.155956751037806], [106.91111743761122, -6.155644589027642], [106.91051338627085, -6.155332427420943], [106.90990933497325, -6.155020265836348], [106.90930528367564, -6.154708104251753], [106.9087143053432, -6.154372873744654], [106.90813279007908, -6.154020944440641], [106.90755127481496, -6.153669015136629], [106.90697201352795, -6.153313652217221], [106.90641387929855, -6.15292610521276], [106.90616896688115, -6.152756047422499]]}, "properties": {"corridor_id": "LRT_JKT_2A", "mode": "lrt", "status": "PLANNED", "status_label": "Rencana", "source": "PT LRT Jakarta", "source_year": 2024, "source_type": "OFFICIAL_MASTERPLAN", "source_url": "", "geometry_confidence": "MEDIUM", "alignment_confidence": "MEDIUM", "digitization_level": "L3", "digitization_method": "DOCUMENT_RECONSTRUCTION + ROAD_REFERENCE (DOCUMENT_RECONSTRUCTION)", "passenger_status": "PASSENGER_PROPOSED", "structure": "ELEVATED", "color": "#E58A3A", "crs": "EPSG:4326", "geometry_source": "DOCUMENT", "disclaimer": "Geometri hasil digitasi/rekonstruksi spasial dari dokumen perencanaan. Bukan gambar DED.", "id": "LRT_JKT_2A-s01", "segment_id": "LRT_JKT_2A-s01", "sequence": 1, "from_node": "Kelapa Gading", "to_node": "Kelapa Nias", "name": "LRT Jakarta 2A · Kelapa Gading–Kelapa Nias", "length_km": 1.011, "mode_filter": ",lrt,", "status_filter": ",PLANNED,", "conf_filter": ",MEDIUM,"}}, {"type": "Feature", "id": "LRT_JKT_2A-s02", "geometry": {"type": "LineString", "coordinates": [[106.90616896688115, -6.152756047422499], [106.90585574506918, -6.152538558208299], [106.90529761083978, -6.152151011203839], [106.90475087709851, -6.151748202115233], [106.90421638575977, -6.151329003853091], [106.90368189442104, -6.150909805590949], [106.9031474030823, -6.150490607328806], [106.90262989114372, -6.1500511547507655], [106.9021188449552, -6.149603989335809], [106.90160779876669, -6.149156823920852], [106.90109675257817, -6.148709658505895], [106.90061088739006, -6.148235887390054], [106.90013090287847, -6.1477559028784725], [106.89965091836689, -6.14727591836689], [106.8991709338553, -6.146795933855307], [106.89870972935623, -6.146298445525755], [106.89825891195672, -6.145791275951309], [106.89824799796072, -6.145778997705823]]}, "properties": {"corridor_id": "LRT_JKT_2A", "mode": "lrt", "status": "PLANNED", "status_label": "Rencana", "source": "PT LRT Jakarta", "source_year": 2024, "source_type": "OFFICIAL_MASTERPLAN", "source_url": "", "geometry_confidence": "MEDIUM", "alignment_confidence": "MEDIUM", "digitization_level": "L3", "digitization_method": "DOCUMENT_RECONSTRUCTION + ROAD_REFERENCE (DOCUMENT_RECONSTRUCTION)", "passenger_status": "PASSENGER_PROPOSED", "structure": "ELEVATED", "color": "#E58A3A", "crs": "EPSG:4326", "geometry_source": "DOCUMENT", "disclaimer": "Geometri hasil digitasi/rekonstruksi spasial dari dokumen perencanaan. Bukan gambar DED.", "id": "LRT_JKT_2A-s02", "segment_id": "LRT_JKT_2A-s02", "sequence": 2, "from_node": "Kelapa Nias", "to_node": "Boulevard Gading", "name": "LRT Jakarta 2A · Kelapa Nias–Boulevard Gading", "length_km": 1.173, "mode_filter": ",lrt,", "status_filter": ",PLANNED,", "conf_filter": ",MEDIUM,"}}, {"type": "Feature", "id": "LRT_JKT_2A-s03", "geometry": {"type": "LineString", "coordinates": [[106.89824799796072, -6.145778997705823], [106.8978080945572, -6.145284106376864], [106.8973572771577, -6.144776936802418], [106.8969120710375, -6.144265088796888], [106.8964882972109, -6.143735371513622], [106.89606452338428, -6.143205654230356], [106.89564074955767, -6.14267593694709], [106.89521697573106, -6.142146219663824], [106.89480534245683, -6.14160734587815], [106.89440644723624, -6.141058864949824], [106.89400755201564, -6.140510384021498], [106.89360865679504, -6.139961903093172], [106.89320976157444, -6.139413422164846], [106.89280335057717, -6.138870512511627], [106.89238860409237, -6.138333781766611], [106.8919738576076, -6.137797051021594], [106.8915591111228, -6.137260320276578], [106.89114436463802, -6.136723589531562], [106.89072441401103, -6.136190950457931], [106.89029482110811, -6.1356658924654734], [106.8898652282052, -6.135140834473016], [106.88985040225403, -6.135122713866038]]}, "properties": {"corridor_id": "LRT_JKT_2A", "mode": "lrt", "status": "PLANNED", "status_label": "Rencana", "source": "PT LRT Jakarta", "source_year": 2024, "source_type": "OFFICIAL_MASTERPLAN", "source_url": "", "geometry_confidence": "MEDIUM", "alignment_confidence": "MEDIUM", "digitization_level": "L3", "digitization_method": "DOCUMENT_RECONSTRUCTION + ROAD_REFERENCE (DOCUMENT_RECONSTRUCTION)", "passenger_status": "PASSENGER_PROPOSED", "structure": "ELEVATED", "color": "#E58A3A", "crs": "EPSG:4326", "geometry_source": "DOCUMENT", "disclaimer": "Geometri hasil digitasi/rekonstruksi spasial dari dokumen perencanaan. Bukan gambar DED.", "id": "LRT_JKT_2A-s03", "segment_id": "LRT_JKT_2A-s03", "sequence": 3, "from_node": "Boulevard Gading", "to_node": "Sunter Timur", "name": "LRT Jakarta 2A · Boulevard Gading–Sunter Timur", "length_km": 1.506, "mode_filter": ",lrt,", "status_filter": ",PLANNED,", "conf_filter": ",MEDIUM,"}}, {"type": "Feature", "id": "LRT_JKT_2A-s04", "geometry": {"type": "LineString", "coordinates": [[106.88985040225403, -6.135122713866038], [106.88943563530228, -6.134615776480558], [106.88900604239936, -6.134090718488101], [106.88857487936434, -6.133566965579756], [106.88813139334893, -6.133053455456656], [106.88768790733353, -6.132539945333556], [106.88724442131813, -6.132026435210456], [106.88680093530272, -6.131512925087356], [106.88635744928732, -6.130999414964256], [106.88590411853481, -6.13049453038829], [106.8854476398824, -6.129992403870641], [106.88499116122999, -6.12949027735299], [106.88453468257758, -6.12898815083534], [106.88407820392517, -6.128486024317691], [106.88361341624457, -6.127991830838462], [106.88312736907098, -6.127517934844205], [106.88264132189738, -6.127044038849948], [106.88215527472379, -6.126570142855691], [106.88166922755018, -6.126096246861434], [106.88117886567257, -6.12562703582168], [106.88066143326226, -6.125187218272926], [106.88014400085196, -6.124747400724172], [106.87969205024514, -6.124363242708367]]}, "properties": {"corridor_id": "LRT_JKT_2A", "mode": "lrt", "status": "PLANNED", "status_label": "Rencana", "source": "PT LRT Jakarta", "source_year": 2024, "source_type": "OFFICIAL_MASTERPLAN", "source_url": "", "geometry_confidence": "MEDIUM", "alignment_confidence": "MEDIUM", "digitization_level": "L3", "digitization_method": "DOCUMENT_RECONSTRUCTION + ROAD_REFERENCE (DOCUMENT_RECONSTRUCTION)", "passenger_status": "PASSENGER_PROPOSED", "structure": "ELEVATED", "color": "#E58A3A", "crs": "EPSG:4326", "geometry_source": "DOCUMENT", "disclaimer": "Geometri hasil digitasi/rekonstruksi spasial dari dokumen perencanaan. Bukan gambar DED.", "id": "LRT_JKT_2A-s04", "segment_id": "LRT_JKT_2A-s04", "sequence": 4, "from_node": "Sunter Timur", "to_node": "Gelanggang Remaja", "name": "LRT Jakarta 2A · Sunter Timur–Gelanggang Remaja", "length_km": 1.644, "mode_filter": ",lrt,", "status_filter": ",PLANNED,", "conf_filter": ",MEDIUM,"}}, {"type": "Feature", "id": "LRT_JKT_2A-s05", "geometry": {"type": "LineString", "coordinates": [[106.87969205024514, -6.124363242708367], [106.87962656844167, -6.124307583175418], [106.87910913603136, -6.123867765626664], [106.87858172788819, -6.123440502718941], [106.87803168723036, -6.123041723242016], [106.87748164657253, -6.122642943765092], [106.8769316059147, -6.122244164288167], [106.87638156525689, -6.121845384811243], [106.87580657298446, -6.121483943790677], [106.87522373612768, -6.121134241676607], [106.8746408992709, -6.120784539562538], [106.87405806241411, -6.120434837448468], [106.87344108635337, -6.120163513674241], [106.87278583524242, -6.119980063504092], [106.87213058413148, -6.119796613333944], [106.87147533302054, -6.119613163163795], [106.87080184226691, -6.119595432183529], [106.87012219616759, -6.119633626580918], [106.87009166026017, -6.119635342621934]]}, "properties": {"corridor_id": "LRT_JKT_2A", "mode": "lrt", "status": "PLANNED", "status_label": "Rencana", "source": "PT LRT Jakarta", "source_year": 2024, "source_type": "OFFICIAL_MASTERPLAN", "source_url": "", "geometry_confidence": "MEDIUM", "alignment_confidence": "MEDIUM", "digitization_level": "L3", "digitization_method": "DOCUMENT_RECONSTRUCTION + ROAD_REFERENCE (DOCUMENT_RECONSTRUCTION)", "passenger_status": "PASSENGER_PROPOSED", "structure": "ELEVATED", "color": "#E58A3A", "crs": "EPSG:4326", "geometry_source": "DOCUMENT", "disclaimer": "Geometri hasil digitasi/rekonstruksi spasial dari dokumen perencanaan. Bukan gambar DED.", "id": "LRT_JKT_2A-s05", "segment_id": "LRT_JKT_2A-s05", "sequence": 5, "from_node": "Gelanggang Remaja", "to_node": "Sunter Barat", "name": "LRT Jakarta 2A · Gelanggang Remaja–Sunter Barat", "length_km": 1.216, "mode_filter": ",lrt,", "status_filter": ",PLANNED,", "conf_filter": ",MEDIUM,"}}, {"type": "Feature", "id": "LRT_JKT_2A-s06", "geometry": {"type": "LineString", "coordinates": [[106.87009166026017, -6.119635342621934], [106.86944255006824, -6.119671820978307], [106.86877526153542, -6.119764029419347], [106.86814587858008, -6.120021920441723], [106.86751649562476, -6.1202798114641], [106.86688711266942, -6.1205377024864775], [106.86631052751059, -6.120885461338508], [106.86577547562581, -6.121303914527152], [106.86524042374104, -6.121722367715796], [106.86470537185627, -6.12214082090444], [106.86417031965011, -6.122559274344436], [106.86363526680832, -6.122977728281556], [106.86310021396652, -6.123396182218675], [106.86256516100991, -6.123814636245581], [106.86203010748437, -6.124233090717438], [106.86149505393585, -6.1246515452072545], [106.86096, -6.12507]]}, "properties": {"corridor_id": "LRT_JKT_2A", "mode": "lrt", "status": "PLANNED", "status_label": "Rencana", "source": "PT LRT Jakarta", "source_year": 2024, "source_type": "OFFICIAL_MASTERPLAN", "source_url": "", "geometry_confidence": "MEDIUM", "alignment_confidence": "MEDIUM", "digitization_level": "L3", "digitization_method": "DOCUMENT_RECONSTRUCTION + ROAD_REFERENCE (DOCUMENT_RECONSTRUCTION)", "passenger_status": "PASSENGER_PROPOSED", "structure": "ELEVATED", "color": "#E58A3A", "crs": "EPSG:4326", "geometry_source": "DOCUMENT", "disclaimer": "Geometri hasil digitasi/rekonstruksi spasial dari dokumen perencanaan. Bukan gambar DED.", "id": "LRT_JKT_2A-s06", "segment_id": "LRT_JKT_2A-s06", "sequence": 6, "from_node": "Sunter Barat", "to_node": "JIS", "name": "LRT Jakarta 2A · Sunter Barat–JIS", "length_km": 1.199, "mode_filter": ",lrt,", "status_filter": ",PLANNED,", "conf_filter": ",MEDIUM,"}}, {"type": "Feature", "id": "LRT_JKT_2B-s01", "geometry": {"type": "LineString", "coordinates": [[106.891218, -6.1919263], [106.89237807267698, -6.192185022637296], [106.89353814580146, -6.192443745374397], [106.8946982197019, -6.192702468284552], [106.89585829383091, -6.192961191245688], [106.89701836872632, -6.193219914377745], [106.89817844426182, -6.193478637652557], [106.89933851979733, -6.19373736092737], [106.90046248743093, -6.194108948553459], [106.90155974796038, -6.194564015967312], [106.90265700848981, -6.195019083381164], [106.90363895024763, -6.1956825108536036], [106.90418079285948, -6.196059674507881]]}, "properties": {"corridor_id": "LRT_JKT_2B", "mode": "lrt", "status": "PLANNED", "status_label": "Rencana", "source": "PT LRT Jakarta", "source_year": 2024, "source_type": "OFFICIAL_MASTERPLAN", "source_url": "", "geometry_confidence": "LOW", "alignment_confidence": "LOW", "digitization_level": "L2", "digitization_method": "DOCUMENT_RECONSTRUCTION (DOCUMENT_RECONSTRUCTION)", "passenger_status": "PASSENGER_PROPOSED", "structure": "ELEVATED", "color": "#E58A3A", "crs": "EPSG:4326", "geometry_source": "DOCUMENT", "disclaimer": "Geometri hasil digitasi/rekonstruksi spasial dari dokumen perencanaan. Bukan gambar DED.", "id": "LRT_JKT_2B-s01", "segment_id": "LRT_JKT_2B-s01", "sequence": 1, "from_node": "Velodrome", "to_node": "Kayu Putih", "name": "LRT Jakarta 2B · Velodrome–Kayu Putih", "length_km": 1.518, "mode_filter": ",lrt,", "status_filter": ",PLANNED,", "conf_filter": ",LOW,"}}, {"type": "Feature", "id": "LRT_JKT_2B-s02", "geometry": {"type": "LineString", "coordinates": [[106.90418079285948, -6.196059674507881], [106.90461286983343, -6.196360432932665], [106.90548399821304, -6.197151585164299], [106.90626187835458, -6.198045455445623], [106.90689918372982, -6.198861604370116]]}, "properties": {"corridor_id": "LRT_JKT_2B", "mode": "lrt", "status": "PLANNED", "status_label": "Rencana", "source": "PT LRT Jakarta", "source_year": 2024, "source_type": "OFFICIAL_MASTERPLAN", "source_url": "", "geometry_confidence": "LOW", "alignment_confidence": "LOW", "digitization_level": "L2", "digitization_method": "DOCUMENT_RECONSTRUCTION (DOCUMENT_RECONSTRUCTION)", "passenger_status": "PASSENGER_PROPOSED", "structure": "ELEVATED", "color": "#E58A3A", "crs": "EPSG:4326", "geometry_source": "DOCUMENT", "disclaimer": "Geometri hasil digitasi/rekonstruksi spasial dari dokumen perencanaan. Bukan gambar DED.", "id": "LRT_JKT_2B-s02", "segment_id": "LRT_JKT_2B-s02", "sequence": 2, "from_node": "Kayu Putih", "to_node": "Pulogadung", "name": "LRT Jakarta 2B · Kayu Putih–Pulogadung", "length_km": 0.435, "mode_filter": ",lrt,", "status_filter": ",PLANNED,", "conf_filter": ",LOW,"}}, {"type": "Feature", "id": "LRT_JKT_2B-s03", "geometry": {"type": "LineString", "coordinates": [[106.90689918372982, -6.198861604370116], [106.9069870890268, -6.198974178053596], [106.90751629893151, -6.200032597863019], [106.90804550883622, -6.201091017672443], [106.90822036954228, -6.202249943283454], [106.90833259636716, -6.203426634049456], [106.90803445429387, -6.204554379489947], [106.90764543298914, -6.205671285625646], [106.90696766359103, -6.206626241239828], [106.90620720745598, -6.2075348202355105], [106.90536899933231, -6.208361043707033], [106.90440872993932, -6.209057978912179], [106.90344846054633, -6.209754914117327], [106.90248819022389, -6.210451849997029], [106.90152791868672, -6.211148786758357], [106.90056764681754, -6.211845723760656], [106.89960737374841, -6.2125426616338215], [106.8986471, -6.2132396]]}, "properties": {"corridor_id": "LRT_JKT_2B", "mode": "lrt", "status": "PLANNED", "status_label": "Rencana", "source": "PT LRT Jakarta", "source_year": 2024, "source_type": "OFFICIAL_MASTERPLAN", "source_url": "", "geometry_confidence": "LOW", "alignment_confidence": "LOW", "digitization_level": "L2", "digitization_method": "DOCUMENT_RECONSTRUCTION (DOCUMENT_RECONSTRUCTION)", "passenger_status": "PASSENGER_PROPOSED", "structure": "ELEVATED", "color": "#E58A3A", "crs": "EPSG:4326", "geometry_source": "DOCUMENT", "disclaimer": "Geometri hasil digitasi/rekonstruksi spasial dari dokumen perencanaan. Bukan gambar DED.", "id": "LRT_JKT_2B-s03", "segment_id": "LRT_JKT_2B-s03", "sequence": 3, "from_node": "Pulogadung", "to_node": "Klender", "name": "LRT Jakarta 2B · Pulogadung–Klender", "length_km": 2.113, "mode_filter": ",lrt,", "status_filter": ",PLANNED,", "conf_filter": ",LOW,"}}, {"type": "Feature", "id": "LRT_JKT_3A-s01", "geometry": {"type": "LineString", "coordinates": [[106.86096, -6.12507], [106.8598146262407, -6.124798680753003], [106.85866925289457, -6.1245273616038824], [106.85752388040372, -6.124256042657361], [106.85637850803124, -6.123984723738881], [106.85523313669033, -6.123713405064763], [106.85408776568086, -6.123442086469152], [106.85294239467137, -6.123170767873541], [106.85177280541205, -6.123042069510346], [106.85060133891928, -6.1229244260942455], [106.84942904017784, -6.122832376449715], [106.84825237747955, -6.12287452962034], [106.84707571478127, -6.122916682790964], [106.84590566699707, -6.123022106307087], [106.84474544438095, -6.123221505613514], [106.84358522176483, -6.12342090491994], [106.84244636970418, -6.123708809321792], [106.84132156790464, -6.124054902183184], [106.84019676610512, -6.124400995044575], [106.83913064460026, -6.124888359338989], [106.838088035537, -6.125432329285042], [106.83704542647372, -6.125976299231095], [106.8361226072856, -6.126701914171505], [106.83577924755654, -6.12697660195476]]}, "properties": {"corridor_id": "LRT_JKT_3A", "mode": "lrt", "status": "PLANNED", "status_label": "Rencana", "source": "PT LRT Jakarta", "source_year": 2024, "source_type": "OFFICIAL_MASTERPLAN", "source_url": "", "geometry_confidence": "LOW", "alignment_confidence": "LOW", "digitization_level": "L2", "digitization_method": "DOCUMENT_RECONSTRUCTION (DOCUMENT_RECONSTRUCTION)", "passenger_status": "PASSENGER_PROPOSED", "structure": "ELEVATED", "color": "#E58A3A", "crs": "EPSG:4326", "geometry_source": "DOCUMENT", "disclaimer": "Geometri hasil digitasi/rekonstruksi spasial dari dokumen perencanaan. Bukan gambar DED.", "id": "LRT_JKT_3A-s01", "segment_id": "LRT_JKT_3A-s01", "sequence": 1, "from_node": "JIS", "to_node": "Pademangan", "name": "LRT Jakarta 3A · JIS–Pademangan", "length_km": 2.911, "mode_filter": ",lrt,", "status_filter": ",PLANNED,", "conf_filter": ",LOW,"}}, {"type": "Feature", "id": "LRT_JKT_3A-s02", "geometry": {"type": "LineString", "coordinates": [[106.83577924755654, -6.12697660195476], [106.83520524510374, -6.127435803917004], [106.8343242626426, -6.128206749832228], [106.83356423517552, -6.1291008997935], [106.83280420770843, -6.129995049754773], [106.83211786532449, -6.130940802300853], [106.8315271224471, -6.13195350437639], [106.8309363795697, -6.1329662064519255]]}, "properties": {"corridor_id": "LRT_JKT_3A", "mode": "lrt", "status": "PLANNED", "status_label": "Rencana", "source": "PT LRT Jakarta", "source_year": 2024, "source_type": "OFFICIAL_MASTERPLAN", "source_url": "", "geometry_confidence": "LOW", "alignment_confidence": "LOW", "digitization_level": "L2", "digitization_method": "DOCUMENT_RECONSTRUCTION (DOCUMENT_RECONSTRUCTION)", "passenger_status": "PASSENGER_PROPOSED", "structure": "ELEVATED", "color": "#E58A3A", "crs": "EPSG:4326", "geometry_source": "DOCUMENT", "disclaimer": "Geometri hasil digitasi/rekonstruksi spasial dari dokumen perencanaan. Bukan gambar DED.", "id": "LRT_JKT_3A-s02", "segment_id": "LRT_JKT_3A-s02", "sequence": 2, "from_node": "Pademangan", "to_node": "Gunung Sahari", "name": "LRT Jakarta 3A · Pademangan–Gunung Sahari", "length_km": 0.862, "mode_filter": ",lrt,", "status_filter": ",PLANNED,", "conf_filter": ",LOW,"}}, {"type": "Feature", "id": "LRT_JKT_3A-s03", "geometry": {"type": "LineString", "coordinates": [[106.83093397061805, -6.1329718769996635], [106.83048227906147, -6.134035135588167], [106.83018048073805, -6.135166735653221], [106.82988957151274, -6.1362991644658145], [106.83001463145948, -6.137463251862472], [106.83013969140623, -6.138627339259128], [106.83064039229379, -6.139673509667161], [106.83121028419141, -6.140697960409786], [106.8319579876693, -6.141582711418233], [106.83282867152661, -6.142370841462566], [106.83369935538393, -6.143158971506899], [106.83457004079354, -6.143947102956344], [106.83544072627683, -6.1447352344724875], [106.83631141289551, -6.1455233670163665], [106.8371821, -6.1463115]]}, "properties": {"corridor_id": "LRT_JKT_3A", "mode": "lrt", "status": "PLANNED", "status_label": "Rencana", "source": "PT LRT Jakarta", "source_year": 2024, "source_type": "OFFICIAL_MASTERPLAN", "source_url": "", "geometry_confidence": "LOW", "alignment_confidence": "LOW", "digitization_level": "L2", "digitization_method": "DOCUMENT_RECONSTRUCTION (DOCUMENT_RECONSTRUCTION)", "passenger_status": "PASSENGER_PROPOSED", "structure": "ELEVATED", "color": "#E58A3A", "crs": "EPSG:4326", "geometry_source": "DOCUMENT", "disclaimer": "Geometri hasil digitasi/rekonstruksi spasial dari dokumen perencanaan. Bukan gambar DED.", "id": "LRT_JKT_3A-s03", "segment_id": "LRT_JKT_3A-s03", "sequence": 3, "from_node": "Gunung Sahari", "to_node": "Rajawali", "name": "LRT Jakarta 3A · Gunung Sahari–Rajawali", "length_km": 1.817, "mode_filter": ",lrt,", "status_filter": ",PLANNED,", "conf_filter": ",LOW,"}}, {"type": "Feature", "id": "LRT_JKT_3B-s01", "geometry": {"type": "LineString", "coordinates": [[106.8986471, -6.2132396], [106.89883666838584, -6.2143977309829195], [106.899026236786, -6.215555862053334], [106.8992158051934, -6.216713993168068], [106.89940537360081, -6.217872124282802], [106.89959494204389, -6.219030255615424], [106.89978451048728, -6.220188386949953], [106.89997407893067, -6.221346518284483], [106.90016364737406, -6.222504649619013], [106.90035321586699, -6.223662781256138], [106.90054278436078, -6.2248209128986085], [106.90073235285458, -6.225979044541078], [106.90092192134837, -6.227137176183549], [106.90111148984217, -6.228295307826018], [106.90115046784676, -6.2294625711640945], [106.90110390569147, -6.230635021594041], [106.9010573435362, -6.231807472023987], [106.9010107813809, -6.232979922453932], [106.90087603283813, -6.234135830511273], [106.90048957953493, -6.235244522733481], [106.90010312623174, -6.23635321495569], [106.89987330435282, -6.2370125487679395]]}, "properties": {"corridor_id": "LRT_JKT_3B", "mode": "lrt", "status": "PLANNED", "status_label": "Rencana", "source": "PT LRT Jakarta", "source_year": 2024, "source_type": "OFFICIAL_MASTERPLAN", "source_url": "", "geometry_confidence": "LOW", "alignment_confidence": "LOW", "digitization_level": "L2", "digitization_method": "DOCUMENT_RECONSTRUCTION (DOCUMENT_RECONSTRUCTION)", "passenger_status": "PASSENGER_PROPOSED", "structure": "ELEVATED", "color": "#E58A3A", "crs": "EPSG:4326", "geometry_source": "DOCUMENT", "disclaimer": "Geometri hasil digitasi/rekonstruksi spasial dari dokumen perencanaan. Bukan gambar DED.", "id": "LRT_JKT_3B-s01", "segment_id": "LRT_JKT_3B-s01", "sequence": 1, "from_node": "Klender", "to_node": "Pondok Bambu", "name": "LRT Jakarta 3B · Klender–Pondok Bambu", "length_km": 2.685, "mode_filter": ",lrt,", "status_filter": ",PLANNED,", "conf_filter": ",LOW,"}}, {"type": "Feature", "id": "LRT_JKT_3B-s02", "geometry": {"type": "LineString", "coordinates": [[106.89987330435282, -6.2370125487679395], [106.89971667292855, -6.237461907177899], [106.89910448769506, -6.2384408293832525], [106.89833054847297, -6.239326761563666], [106.89755660925088, -6.240212693744079], [106.89673454650651, -6.241037563038228], [106.89568398816816, -6.241572499264208], [106.89463342982981, -6.242107435490188], [106.89358287149145, -6.242642371716168], [106.89253231177663, -6.243177308643035], [106.89148175070923, -6.243712246258631], [106.89043118964182, -6.244247183874227], [106.88938062710781, -6.244782122236605], [106.88833006409061, -6.245317060845018], [106.8872795, -6.245852]]}, "properties": {"corridor_id": "LRT_JKT_3B", "mode": "lrt", "status": "PLANNED", "status_label": "Rencana", "source": "PT LRT Jakarta", "source_year": 2024, "source_type": "OFFICIAL_MASTERPLAN", "source_url": "", "geometry_confidence": "LOW", "alignment_confidence": "LOW", "digitization_level": "L2", "digitization_method": "DOCUMENT_RECONSTRUCTION (DOCUMENT_RECONSTRUCTION)", "passenger_status": "PASSENGER_PROPOSED", "structure": "ELEVATED", "color": "#E58A3A", "crs": "EPSG:4326", "geometry_source": "DOCUMENT", "disclaimer": "Geometri hasil digitasi/rekonstruksi spasial dari dokumen perencanaan. Bukan gambar DED.", "id": "LRT_JKT_3B-s02", "segment_id": "LRT_JKT_3B-s02", "sequence": 2, "from_node": "Pondok Bambu", "to_node": "Halim", "name": "LRT Jakarta 3B · Pondok Bambu–Halim", "length_km": 1.745, "mode_filter": ",lrt,", "status_filter": ",PLANNED,", "conf_filter": ",LOW,"}}, {"type": "Feature", "id": "LRT_BOGOR-s01", "geometry": {"type": "LineString", "coordinates": [[106.8956864, -6.3738897], [106.89501737117473, -6.374856747116645], [106.89434834203628, -6.375823794685992], [106.89367931228283, -6.376790843144287], [106.89301028241728, -6.377757891764606], [106.89234125184743, -6.378724941402957], [106.89210204000553, -6.379070709945715]]}, "properties": {"corridor_id": "LRT_BOGOR", "mode": "lrt", "status": "UNDER_STUDY", "status_label": "Studi", "source": "Studi trase LRT Jabodebek Bogor", "source_year": 2022, "source_type": "OFFICIAL_MASTERPLAN", "source_url": "", "geometry_confidence": "LOW", "alignment_confidence": "LOW", "digitization_level": "L2", "digitization_method": "DOCUMENT_RECONSTRUCTION (DOCUMENT_RECONSTRUCTION)", "passenger_status": "PASSENGER_PROPOSED", "structure": "ELEVATED", "color": "#E58A3A", "crs": "EPSG:4326", "geometry_source": "DOCUMENT", "disclaimer": "Geometri hasil digitasi/rekonstruksi spasial dari dokumen perencanaan. Bukan gambar DED.", "id": "LRT_BOGOR-s01", "segment_id": "LRT_BOGOR-s01", "sequence": 1, "from_node": "Harjamukti", "to_node": "Cisalak", "name": "LRT Bogor · Harjamukti–Cisalak", "length_km": 0.699, "mode_filter": ",lrt,", "status_filter": ",UNDER_STUDY,", "conf_filter": ",LOW,"}}, {"type": "Feature", "id": "LRT_BOGOR-s02", "geometry": {"type": "LineString", "coordinates": [[106.89210204000553, -6.379070709945715], [106.89167222096361, -6.379691991495124], [106.8910031900798, -6.38065904158729], [106.8905990081806, -6.38175316046728], [106.89025317861444, -6.382875275528706], [106.88990734904829, -6.383997390590133], [106.88956425579411, -6.385120084070088], [106.88955537202354, -6.38519212144459]]}, "properties": {"corridor_id": "LRT_BOGOR", "mode": "lrt", "status": "UNDER_STUDY", "status_label": "Studi", "source": "Studi trase LRT Jabodebek Bogor", "source_year": 2022, "source_type": "OFFICIAL_MASTERPLAN", "source_url": "", "geometry_confidence": "LOW", "alignment_confidence": "LOW", "digitization_level": "L2", "digitization_method": "DOCUMENT_RECONSTRUCTION (DOCUMENT_RECONSTRUCTION)", "passenger_status": "PASSENGER_PROPOSED", "structure": "ELEVATED", "color": "#E58A3A", "crs": "EPSG:4326", "geometry_source": "DOCUMENT", "disclaimer": "Geometri hasil digitasi/rekonstruksi spasial dari dokumen perencanaan. Bukan gambar DED.", "id": "LRT_BOGOR-s02", "segment_id": "LRT_BOGOR-s02", "sequence": 2, "from_node": "Cisalak", "to_node": "Cimanggis", "name": "LRT Bogor · Cisalak–Cimanggis", "length_km": 0.743, "mode_filter": ",lrt,", "status_filter": ",UNDER_STUDY,", "conf_filter": ",LOW,"}}, {"type": "Feature", "id": "LRT_BOGOR-s03", "geometry": {"type": "LineString", "coordinates": [[106.88955537202354, -6.38519212144459], [106.88942060419498, -6.38628493675922], [106.88927695259585, -6.387449789448351], [106.88913330099672, -6.388614642137482], [106.88898964939757, -6.389779494826614], [106.88885428449375, -6.390944909952801], [106.88883724122415, -6.392118355840254], [106.88882019795457, -6.393291801727708], [106.88880315468498, -6.394465247615161], [106.8887861114154, -6.3956386935026135], [106.88876906814582, -6.396812139390067], [106.88875202487623, -6.39798558527752], [106.88880899859987, -6.399157475497958], [106.8888759517699, -6.400329155973378], [106.88894290493992, -6.401500836448799], [106.88900985810996, -6.402672516924219], [106.88907681127998, -6.403844197399639], [106.88914376445, -6.4050158778750585], [106.88921071762003, -6.406187558350479], [106.88920338466178, -6.40735780171734], [106.88909059262873, -6.408526004916775], [106.88897780059568, -6.4096942081162105], [106.88886500856263, -6.410862411315645], [106.88875221652958, -6.412030614515081], [106.88863942449653, -6.413198817714516], [106.88852663246348, -6.414367020913951], [106.88841384043043, -6.415535224113387], [106.8881953712158, -6.416685953267455], [106.88792139884677, -6.417827504805092], [106.88764742647774, -6.4189690563427275], [106.88754180226839, -6.419409157215044]]}, "properties": {"corridor_id": "LRT_BOGOR", "mode": "lrt", "status": "UNDER_STUDY", "status_label": "Studi", "source": "Studi trase LRT Jabodebek Bogor", "source_year": 2022, "source_type": "OFFICIAL_MASTERPLAN", "source_url": "", "geometry_confidence": "LOW", "alignment_confidence": "LOW", "digitization_level": "L2", "digitization_method": "DOCUMENT_RECONSTRUCTION (DOCUMENT_RECONSTRUCTION)", "passenger_status": "PASSENGER_PROPOSED", "structure": "ELEVATED", "color": "#E58A3A", "crs": "EPSG:4326", "geometry_source": "DOCUMENT", "disclaimer": "Geometri hasil digitasi/rekonstruksi spasial dari dokumen perencanaan. Bukan gambar DED.", "id": "LRT_BOGOR-s03", "segment_id": "LRT_BOGOR-s03", "sequence": 3, "from_node": "Cimanggis", "to_node": "Gunung Putri", "name": "LRT Bogor · Cimanggis–Gunung Putri", "length_km": 3.826, "mode_filter": ",lrt,", "status_filter": ",UNDER_STUDY,", "conf_filter": ",LOW,"}}, {"type": "Feature", "id": "LRT_BOGOR-s04", "geometry": {"type": "LineString", "coordinates": [[106.88754180226839, -6.419409157215044], [106.88737345410871, -6.420110607880364], [106.88709948173968, -6.421252159418], [106.88682550937065, -6.422393710955636], [106.88655153700162, -6.423535262493272], [106.88627756463259, -6.424676814030908], [106.88594260095037, -6.425799945736089], [106.88553099373985, -6.426899930522854], [106.88511938652931, -6.427999915309619], [106.88470777931877, -6.429099900096383], [106.88429617210825, -6.430199884883148], [106.88388456489771, -6.431299869669913], [106.88347295768719, -6.432399854456678], [106.88306135047665, -6.433499839243442], [106.88264974326613, -6.434599824030207], [106.88216567944279, -6.435668641114431], [106.88164018230998, -6.436719635380065], [106.88111468517715, -6.4377706296457005], [106.88058918804434, -6.438821623911336], [106.88006369091151, -6.43987261817697], [106.8795381937787, -6.440923612442606], [106.87901269664587, -6.441974606708241], [106.87848719951306, -6.443025600973876], [106.87796170238025, -6.444076595239511], [106.87744947469008, -6.445133330678932], [106.87703328206574, -6.446231616770954], [106.8766170894414, -6.447329902862978], [106.87620089681705, -6.448428188955001], [106.87578470419271, -6.449526475047024], [106.87536851156837, -6.450624761139046], [106.87495231894401, -6.451723047231069], [106.87453612631967, -6.452821333323092], [106.87411993369533, -6.453919619415115], [106.87370374107098, -6.455017905507138], [106.87328754844664, -6.456116191599161], [106.87289862386041, -6.457223480479875], [106.87257064942474, -6.458350892602463], [106.87224267498908, -6.459478304725051], [106.87191470055342, -6.460605716847639], [106.87158672611776, -6.461733128970227], [106.87125875168209, -6.462860541092815], [106.87093077724643, -6.463987953215403], [106.87060280281077, -6.465115365337991], [106.8702748283751, -6.466242777460579], [106.86994685393944, -6.467370189583167], [106.86962586460277, -6.468473590427965]]}, "properties": {"corridor_id": "LRT_BOGOR", "mode": "lrt", "status": "UNDER_STUDY", "status_label": "Studi", "source": "Studi trase LRT Jabodebek Bogor", "source_year": 2022, "source_type": "OFFICIAL_MASTERPLAN", "source_url": "", "geometry_confidence": "LOW", "alignment_confidence": "LOW", "digitization_level": "L2", "digitization_method": "DOCUMENT_RECONSTRUCTION (DOCUMENT_RECONSTRUCTION)", "passenger_status": "PASSENGER_PROPOSED", "structure": "ELEVATED", "color": "#E58A3A", "crs": "EPSG:4326", "geometry_source": "DOCUMENT", "disclaimer": "Geometri hasil digitasi/rekonstruksi spasial dari dokumen perencanaan. Bukan gambar DED.", "id": "LRT_BOGOR-s04", "segment_id": "LRT_BOGOR-s04", "sequence": 4, "from_node": "Gunung Putri", "to_node": "Cibinong", "name": "LRT Bogor · Gunung Putri–Cibinong", "length_km": 5.819, "mode_filter": ",lrt,", "status_filter": ",UNDER_STUDY,", "conf_filter": ",LOW,"}}, {"type": "Feature", "id": "LRT_BOGOR-s05", "geometry": {"type": "LineString", "coordinates": [[106.86962586460277, -6.468473590427965], [106.86961887950378, -6.468497601705755], [106.86929090506811, -6.469625013828343], [106.86897099769088, -6.470754474594257], [106.86871439725245, -6.471900012265871], [106.868457796814, -6.473045549937485], [106.86820119637557, -6.474191087609099], [106.86794459593712, -6.475336625280713], [106.86768799549868, -6.476482162952327], [106.86743139506024, -6.477627700623941], [106.86717479462179, -6.478773238295555], [106.86691819418336, -6.479918775967169], [106.86666159374491, -6.481064313638783], [106.86640499330647, -6.482209851310397], [106.86614839286803, -6.4833553889820115], [106.86589179242958, -6.4845009266536255], [106.86563519199115, -6.48564646432524], [106.86540616327197, -6.486797380913459], [106.8652078364991, -6.4879542870885825], [106.86500950972622, -6.489111193263707], [106.86481118295335, -6.490268099438831], [106.86461285618047, -6.491425005613954], [106.86441452940758, -6.492581911789078], [106.86421620263471, -6.493738817964203], [106.86401787586183, -6.494895724139326], [106.86381954908896, -6.49605263031445], [106.86362122231608, -6.4972095364895734], [106.8634228955432, -6.498366442664698], [106.86322456877032, -6.499523348839822], [106.86302624199745, -6.500680255014945], [106.86282791522457, -6.501837161190069], [106.8626295884517, -6.502994067365194], [106.86244623657697, -6.504153225672823], [106.86229111602695, -6.505316629797916], [106.86213599547695, -6.506480033923008], [106.86198087492693, -6.507643438048101], [106.86182575437691, -6.508806842173192], [106.8616706338269, -6.509970246298285], [106.86151551327688, -6.511133650423377], [106.86136039272688, -6.51229705454847], [106.86120527217686, -6.513460458673562], [106.86105015162686, -6.514623862798654], [106.86089503107684, -6.515787266923747], [106.86073991052683, -6.516950671048839], [106.86058478997681, -6.518114075173931], [106.86045756681524, -6.519280414809493], [106.86036397652217, -6.520450293473009], [106.86027038622908, -6.521620172136525], [106.860176795936, -6.522790050800041], [106.86008320564291, -6.523959929463557], [106.85998961534983, -6.525129808127074], [106.85989602505676, -6.5262996867905905], [106.85980243476367, -6.527469565454107], [106.85970884447059, -6.528639444117623], [106.85961525417751, -6.529809322781139], [106.85958981455319, -6.530127318085166]]}, "properties": {"corridor_id": "LRT_BOGOR", "mode": "lrt", "status": "UNDER_STUDY", "status_label": "Studi", "source": "Studi trase LRT Jabodebek Bogor", "source_year": 2022, "source_type": "OFFICIAL_MASTERPLAN", "source_url": "", "geometry_confidence": "LOW", "alignment_confidence": "LOW", "digitization_level": "L2", "digitization_method": "DOCUMENT_RECONSTRUCTION (DOCUMENT_RECONSTRUCTION)", "passenger_status": "PASSENGER_PROPOSED", "structure": "ELEVATED", "color": "#E58A3A", "crs": "EPSG:4326", "geometry_source": "DOCUMENT", "disclaimer": "Geometri hasil digitasi/rekonstruksi spasial dari dokumen perencanaan. Bukan gambar DED.", "id": "LRT_BOGOR-s05", "segment_id": "LRT_BOGOR-s05", "sequence": 5, "from_node": "Cibinong", "to_node": "Sirkuit Sentul", "name": "LRT Bogor · Cibinong–Sirkuit Sentul", "length_km": 6.954, "mode_filter": ",lrt,", "status_filter": ",UNDER_STUDY,", "conf_filter": ",LOW,"}}, {"type": "Feature", "id": "LRT_BOGOR-s06", "geometry": {"type": "LineString", "coordinates": [[106.85958981455319, -6.530127318085166], [106.85952166388442, -6.530979201444655], [106.8595, -6.532151915541136], [106.8595, -6.533325483656235], [106.8595, -6.534499051771333], [106.8595, -6.535672619886432], [106.8595, -6.5368461880015305], [106.8595, -6.538019756116629], [106.8595, -6.539193324231729], [106.8595, -6.540366892346827], [106.85953839269183, -6.541537945188727], [106.85969351342216, -6.542701350666175], [106.85984863415248, -6.5438647561436225], [106.86000375488281, -6.545028161621071], [106.86015887561314, -6.546191567098519], [106.86031399634346, -6.547354972575967], [106.86046911707379, -6.548518378053415], [106.86041857086163, -6.5496864350913855], [106.86031690013824, -6.55085564841026], [106.86021522941486, -6.552024861729135], [106.8601135586915, -6.553194075048008], [106.86001188796811, -6.554363288366883], [106.85991021724473, -6.555532501685757], [106.859636263211, -6.556666973521992], [106.859271007057, -6.5577830339925525], [106.85890575090299, -6.558899094463113], [106.85887994548942, -6.558977944337936]]}, "properties": {"corridor_id": "LRT_BOGOR", "mode": "lrt", "status": "UNDER_STUDY", "status_label": "Studi", "source": "Studi trase LRT Jabodebek Bogor", "source_year": 2022, "source_type": "OFFICIAL_MASTERPLAN", "source_url": "", "geometry_confidence": "LOW", "alignment_confidence": "LOW", "digitization_level": "L2", "digitization_method": "DOCUMENT_RECONSTRUCTION (DOCUMENT_RECONSTRUCTION)", "passenger_status": "PASSENGER_PROPOSED", "structure": "ELEVATED", "color": "#E58A3A", "crs": "EPSG:4326", "geometry_source": "DOCUMENT", "disclaimer": "Geometri hasil digitasi/rekonstruksi spasial dari dokumen perencanaan. Bukan gambar DED.", "id": "LRT_BOGOR-s06", "segment_id": "LRT_BOGOR-s06", "sequence": 6, "from_node": "Sirkuit Sentul", "to_node": "Sentul City", "name": "LRT Bogor · Sirkuit Sentul–Sentul City", "length_km": 3.235, "mode_filter": ",lrt,", "status_filter": ",UNDER_STUDY,", "conf_filter": ",LOW,"}}, {"type": "Feature", "id": "LRT_BOGOR-s07", "geometry": {"type": "LineString", "coordinates": [[106.85887994548942, -6.558977944337936], [106.858540494749, -6.560015154933675], [106.858175238595, -6.561131215404235], [106.85780998244098, -6.562247275874796], [106.8573299950787, -6.563312105108672], [106.85673227974262, -6.564324364952051], [106.85613456440652, -6.56533662479543], [106.85553684907043, -6.566348884638808], [106.85493913373435, -6.567361144482187], [106.85434141839825, -6.568373404325566], [106.85374180884074, -6.569384308135541], [106.85296429100045, -6.570267851135866], [106.85218677316016, -6.571151394136191], [106.85140925531987, -6.572034937136515], [106.85063173747957, -6.57291848013684], [106.84985421963928, -6.573802023137165], [106.84907670179899, -6.5746855661374894], [106.8482991839587, -6.575569109137814], [106.84747444139805, -6.576409175919722], [106.84664650977982, -6.577246306778168], [106.84581857816157, -6.578083437636613], [106.84499064654334, -6.578920568495058], [106.84416271492509, -6.579757699353503], [106.84333478330684, -6.580594830211949], [106.84249951968152, -6.581424341153406], [106.84162020856904, -6.582208074971055], [106.84074089745657, -6.582991808788703], [106.83986158634409, -6.583775542606352], [106.8389822752316, -6.584559276424001], [106.83810296411912, -6.585343010241649], [106.83722365300663, -6.586126744059298], [106.83631331760337, -6.586873700159084], [106.83538259861952, -6.5875964925614365], [106.83445187963567, -6.588319284963789], [106.83352116065181, -6.589042077366141], [106.83259044166796, -6.589764869768493], [106.83165972268412, -6.590487662170847], [106.83071437675217, -6.591190415498557], [106.82973342247622, -6.591844385015854], [106.82875246820028, -6.5924983545331495], [106.82777151392433, -6.593152324050446], [106.82679055964839, -6.5938062935677415], [106.82580960537244, -6.594460263085038], [106.82482865026218, -6.595114233158554], [106.82384769120978, -6.595768205860154], [106.82286673215738, -6.596422178561754], [106.82188577310498, -6.597076151263354], [106.82090481405258, -6.597730123964954], [106.81992385299544, -6.598384098003045], [106.81894289052971, -6.599038072980189], [106.817961928064, -6.599692047957333], [106.81698096451434, -6.600346023657106], [106.816, -6.601]]}, "properties": {"corridor_id": "LRT_BOGOR", "mode": "lrt", "status": "UNDER_STUDY", "status_label": "Studi", "source": "Studi trase LRT Jabodebek Bogor", "source_year": 2022, "source_type": "OFFICIAL_MASTERPLAN", "source_url": "", "geometry_confidence": "LOW", "alignment_confidence": "LOW", "digitization_level": "L2", "digitization_method": "DOCUMENT_RECONSTRUCTION (DOCUMENT_RECONSTRUCTION)", "passenger_status": "PASSENGER_PROPOSED", "structure": "ELEVATED", "color": "#E58A3A", "crs": "EPSG:4326", "geometry_source": "DOCUMENT", "disclaimer": "Geometri hasil digitasi/rekonstruksi spasial dari dokumen perencanaan. Bukan gambar DED.", "id": "LRT_BOGOR-s07", "segment_id": "LRT_BOGOR-s07", "sequence": 7, "from_node": "Sentul City", "to_node": "Baranangsiang", "name": "LRT Bogor · Sentul City–Baranangsiang", "length_km": 6.776, "mode_filter": ",lrt,", "status_filter": ",UNDER_STUDY,", "conf_filter": ",LOW,"}}, {"type": "Feature", "id": "LRT_09-s01", "geometry": {"type": "LineString", "coordinates": [[106.8282, -6.33], [106.82918673288138, -6.330641690712166], [106.83017346576277, -6.331283381424331], [106.83116019864416, -6.331925072136497], [106.83214693152554, -6.332566762848662], [106.83313366840078, -6.3332084561580935], [106.83412040678968, -6.333850150451902], [106.83510714517858, -6.33449184474571], [106.83609388356749, -6.335133539039518], [106.83708062195639, -6.335775233333326], [106.83806736034529, -6.336416927627134], [106.8390540987342, -6.337058621920942], [106.84004083712311, -6.33770031621475], [106.84102757712463, -6.338342011557273], [106.84201432470076, -6.338983711825702], [106.84300107227689, -6.33962541209413], [106.84398781985301, -6.340267112362559], [106.84497456742915, -6.340908812630987], [106.84596131500527, -6.341550512899415], [106.8469480625814, -6.342192213167844], [106.84793481015753, -6.342833913436272], [106.84892155773366, -6.3434756137047], [106.84990830530978, -6.344117313973129], [106.85089505288592, -6.344759014241557], [106.85188180046204, -6.345400714509986], [106.85286854803817, -6.346042414778414], [106.85385530013738, -6.346684117988293], [106.85484206059249, -6.347325826632153], [106.85582882104758, -6.3479675352760125], [106.85681558150267, -6.3486092439198725], [106.85780234195776, -6.349250952563732], [106.85878910241287, -6.349892661207592], [106.85977586286796, -6.350534369851452], [106.86076262332305, -6.351176078495311], [106.86174938377815, -6.351817787139171], [106.86273614423324, -6.352459495783031], [106.86372290468834, -6.353101204426891], [106.86470966514344, -6.353742913070751], [106.86569642559853, -6.354384621714611], [106.86668318605362, -6.355026330358471], [106.86766994650871, -6.355668039002331], [106.86865670696382, -6.356309747646191], [106.86964346741891, -6.356951456290051], [106.87064327329645, -6.357571373443019], [106.8716817359642, -6.358126717057228], [106.87272019863195, -6.3586820606714385], [106.87375866129972, -6.359237404285649], [106.87479712396747, -6.359792747899859], [106.87583558663522, -6.360348091514069], [106.87687404930297, -6.36090343512828], [106.87791251197073, -6.36145877874249], [106.87895097463849, -6.3620141223567], [106.87998943730624, -6.36256946597091], [106.88102789997399, -6.363124809585121], [106.88206636264175, -6.363680153199331], [106.8831048253095, -6.364235496813541], [106.88414328797725, -6.364790840427752], [106.885181750645, -6.365346184041962], [106.88622021331277, -6.365901527656172], [106.88725867598052, -6.366456871270382], [106.88829713864827, -6.367012214884593], [106.88934641908358, -6.367545596300467], [106.8904249166589, -6.3680196611687405], [106.89150341423422, -6.3684937260370145], [106.89258191180954, -6.368967790905288], [106.89366040938486, -6.369441855773562], [106.89473890696019, -6.369915920641835], [106.8958174045355, -6.370389985510109], [106.89689590211083, -6.370864050378383], [106.89699501912092, -6.370907618294909]]}, "properties": {"corridor_id": "LRT_09", "mode": "lrt", "status": "MASTERPLAN", "status_label": "Masterplan", "source": "Masterplan LRT koridor 09", "source_year": 2020, "source_type": "SECONDARY_REFERENCE", "source_url": "", "geometry_confidence": "LOW", "alignment_confidence": "LOW", "digitization_level": "L2", "digitization_method": "DOCUMENT_RECONSTRUCTION (DOCUMENT_RECONSTRUCTION)", "passenger_status": "UNCERTAIN", "structure": "NOT_SPECIFIED", "color": "#E58A3A", "crs": "EPSG:4326", "geometry_source": "DOCUMENT", "disclaimer": "Geometri hasil digitasi/rekonstruksi spasial dari dokumen perencanaan. Bukan gambar DED.", "id": "LRT_09-s01", "segment_id": "LRT_09-s01", "sequence": 1, "from_node": "Jagakarsa", "to_node": "Harjamukti", "name": "LRT 09 · Jagakarsa–Harjamukti", "length_km": 8.874, "mode_filter": ",lrt,", "status_filter": ",MASTERPLAN,", "conf_filter": ",LOW,"}}, {"type": "Feature", "id": "LRT_09-s02", "geometry": {"type": "LineString", "coordinates": [[106.89699501912092, -6.370907618294909], [106.89797439968615, -6.371338115246657], [106.89905289726147, -6.371812180114931], [106.90013139483679, -6.372286244983204], [106.90120989241211, -6.372760309851478], [106.90228838998743, -6.373234374719752], [106.90336688756275, -6.373708439588026], [106.90444538513808, -6.3741825044563], [106.9055238827134, -6.374656569324573], [106.90660238028872, -6.375130634192847], [106.90768087786404, -6.375604699061121], [106.90875937543936, -6.376078763929395], [106.9098465469193, -6.376531375893589], [106.91095542970098, -6.3769302899564035], [106.91206431248267, -6.377329204019218], [106.91317319526436, -6.377728118082032], [106.91428207804606, -6.378127032144846], [106.91539096082774, -6.3785259462076604], [106.91649984360943, -6.378924860270475], [106.91760872639112, -6.379323774333289], [106.91871760917282, -6.379722688396104], [106.9198264919545, -6.380121602458918], [106.92093537473619, -6.380520516521733], [106.92204425751788, -6.380919430584546], [106.92315314029958, -6.381318344647361], [106.92426202308127, -6.381717258710175], [106.92537090586295, -6.38211617277299], [106.92647978864464, -6.382515086835804], [106.92758867142634, -6.3829140008986185], [106.92869755420803, -6.383312914961433], [106.92980643698971, -6.383711829024247], [106.9309153197714, -6.384110743087061], [106.93202865273352, -6.384496162686526], [106.93316017681201, -6.384826420622841], [106.9342917008905, -6.385156678559156], [106.935423224969, -6.385486936495471], [106.93655474904749, -6.385817194431785], [106.93768627312599, -6.3861474523681], [106.93881779720448, -6.386477710304415], [106.93994932128298, -6.3868079682407295], [106.94108084536147, -6.387138226177044], [106.94221236943997, -6.387468484113359], [106.94334389351846, -6.387798742049674], [106.9440026211858, -6.3879910048959925]]}, "properties": {"corridor_id": "LRT_09", "mode": "lrt", "status": "MASTERPLAN", "status_label": "Masterplan", "source": "Masterplan LRT koridor 09", "source_year": 2020, "source_type": "SECONDARY_REFERENCE", "source_url": "", "geometry_confidence": "LOW", "alignment_confidence": "LOW", "digitization_level": "L2", "digitization_method": "DOCUMENT_RECONSTRUCTION (DOCUMENT_RECONSTRUCTION)", "passenger_status": "UNCERTAIN", "structure": "NOT_SPECIFIED", "color": "#E58A3A", "crs": "EPSG:4326", "geometry_source": "DOCUMENT", "disclaimer": "Geometri hasil digitasi/rekonstruksi spasial dari dokumen perencanaan. Bukan gambar DED.", "id": "LRT_09-s02", "segment_id": "LRT_09-s02", "sequence": 2, "from_node": "Harjamukti", "to_node": "Transyogi", "name": "LRT 09 · Harjamukti–Transyogi", "length_km": 5.537, "mode_filter": ",lrt,", "status_filter": ",MASTERPLAN,", "conf_filter": ",LOW,"}}, {"type": "Feature", "id": "LRT_09-s03", "geometry": {"type": "LineString", "coordinates": [[106.9440026211858, -6.3879910048959925], [106.94447541759696, -6.388128999985989], [106.94560694167545, -6.388459257922303], [106.94673846575395, -6.388789515858618], [106.94786998983244, -6.389119773794933], [106.94900151391093, -6.389450031731248], [106.95013303798943, -6.389780289667563], [106.95126456206792, -6.390110547603878], [106.95239608614642, -6.390440805540193], [106.95352761022491, -6.390771063476507], [106.95465913430341, -6.391101321412822], [106.9557906583819, -6.3914315793491365], [106.9569221939519, -6.391761840639474], [106.95805373055205, -6.392092102230489], [106.95918526715222, -6.3924223638215025], [106.96031680375238, -6.392752625412516], [106.96144834035255, -6.39308288700353], [106.9625798769527, -6.393413148594544], [106.96371141355287, -6.393743410185557], [106.96484295015303, -6.394073671776572], [106.9659744867532, -6.3944039333675855], [106.96710602335335, -6.394734194958599], [106.96800131062575, -6.394995502457583]]}, "properties": {"corridor_id": "LRT_09", "mode": "lrt", "status": "MASTERPLAN", "status_label": "Masterplan", "source": "Masterplan LRT koridor 09", "source_year": 2020, "source_type": "SECONDARY_REFERENCE", "source_url": "", "geometry_confidence": "LOW", "alignment_confidence": "LOW", "digitization_level": "L2", "digitization_method": "DOCUMENT_RECONSTRUCTION (DOCUMENT_RECONSTRUCTION)", "passenger_status": "UNCERTAIN", "structure": "NOT_SPECIFIED", "color": "#E58A3A", "crs": "EPSG:4326", "geometry_source": "DOCUMENT", "disclaimer": "Geometri hasil digitasi/rekonstruksi spasial dari dokumen perencanaan. Bukan gambar DED.", "id": "LRT_09-s03", "segment_id": "LRT_09-s03", "sequence": 3, "from_node": "Transyogi", "to_node": "Nagrak", "name": "LRT 09 · Transyogi–Nagrak", "length_km": 2.764, "mode_filter": ",lrt,", "status_filter": ",MASTERPLAN,", "conf_filter": ",LOW,"}}, {"type": "Feature", "id": "LRT_09-s04", "geometry": {"type": "LineString", "coordinates": [[106.96800131062575, -6.394995502457583], [106.96823755995352, -6.395064456549613], [106.96936909655368, -6.3953947181406265], [106.97050063315385, -6.39572497973164], [106.971632169754, -6.396055241322654], [106.97276370635417, -6.3963855029136685], [106.97389524295433, -6.396715764504682], [106.97502678813714, -6.397046028600714], [106.97615833368886, -6.397376292804419], [106.97728987924057, -6.397706557008124], [106.9784214247923, -6.3980368212118295], [106.97955297034402, -6.398367085415535], [106.98068451589573, -6.39869734961924], [106.98181606144745, -6.399027613822945], [106.98294760699918, -6.39935787802665], [106.98407915255089, -6.399688142230355], [106.9852106981026, -6.40001840643406], [106.98634224537173, -6.400348671139023], [106.98747379629738, -6.400678936911218], [106.98860534722304, -6.401009202683413], [106.98973689814869, -6.401339468455609], [106.99086844907436, -6.401669734227805], [106.992, -6.402]]}, "properties": {"corridor_id": "LRT_09", "mode": "lrt", "status": "MASTERPLAN", "status_label": "Masterplan", "source": "Masterplan LRT koridor 09", "source_year": 2020, "source_type": "SECONDARY_REFERENCE", "source_url": "", "geometry_confidence": "LOW", "alignment_confidence": "LOW", "digitization_level": "L2", "digitization_method": "DOCUMENT_RECONSTRUCTION (DOCUMENT_RECONSTRUCTION)", "passenger_status": "UNCERTAIN", "structure": "NOT_SPECIFIED", "color": "#E58A3A", "crs": "EPSG:4326", "geometry_source": "DOCUMENT", "disclaimer": "Geometri hasil digitasi/rekonstruksi spasial dari dokumen perencanaan. Bukan gambar DED.", "id": "LRT_09-s04", "segment_id": "LRT_09-s04", "sequence": 4, "from_node": "Nagrak", "to_node": "Cileungsi", "name": "LRT 09 · Nagrak–Cileungsi", "length_km": 2.764, "mode_filter": ",lrt,", "status_filter": ",MASTERPLAN,", "conf_filter": ",LOW,"}}]}