{"type": "FeatureCollection", "features": [{"type": "Feature", "id": "krl-network", "geometry": {"type": "MultiLineString", "coordinates": [[[106.8719404, -6.2150102], [106.8720665, -6.2150082], [106.8720866, -6.2150078], [106.8725417, -6.2149999], [106.8729897, -6.2149775], [106.873062, -6.2149721], [106.8733406, -6.2149582], [106.8741114, -6.2149124], [106.8747228, -6.214876], [106.8748921, -6.2148678], [106.875207, -6.2148541], [106.8755445, -6.2148394], [106.8759728, -6.2148132], [106.8761632, -6.2147985], [106.8769571, -6.2147359], [106.8774817, -6.2147034], [106.8799769, -6.2145563], [106.880037, -6.2145528], [106.8848916, -6.2142693], [106.8869275, -6.2141392], [106.8872938, -6.2140967], [106.8874683, -6.2140703], [106.8875928, -6.2140476], [106.8877313, -6.2140224], [106.8881707, -6.2139251], [106.888362, -6.2138815], [106.8885505, -6.2138301], [106.8898057, -6.2134224], [106.8902836, -6.2133047], [106.8907719, -6.2132226], [106.8912265, -6.2131694], [106.8916861, -6.2131373], [106.892294, -6.2131228], [106.8925268, -6.2131292], [106.8941561, -6.2131627], [106.8956681, -6.2131951], [106.8941541, -6.2132004], [106.8925212, -6.2131658], [106.8925212, -6.2131658], [106.8916822, -6.2131685], [106.8912422, -6.2132032], [106.8907825, -6.2132599], [106.8902982, -6.2133412], [106.8898065, -6.2134581], [106.8883648, -6.2139154], [106.8881211, -6.2139802], [106.8876275, -6.2140802], [106.8874683, -6.2141066], [106.8872955, -6.2141324], [106.8869267, -6.2141763], [106.886506, -6.2142068], [106.8863693, -6.214215], [106.8842959, -6.2143386], [106.8842278, -6.2143427], [106.8830935, -6.2144103], [106.8802116, -6.214583], [106.8778931, -6.2147136], [106.8777786, -6.21472], [106.8769588, -6.2147713], [106.8766892, -6.2147919], [106.8759778, -6.2148505], [106.8754495, -6.2148842], [106.8753287, -6.2148824], [106.8751707, -6.214876], [106.875047, -6.2148698], [106.8748921, -6.2148678], [106.8752543, -6.2148284], [106.8755445, -6.2148394], [106.8748973, -6.2149104], [106.8744699, -6.2149289], [106.8738911, -6.2149645], [106.873874, -6.2149656], [106.8728079, -6.2150278], [106.8725591, -6.2150417], [106.8720812, -6.2150673], [106.871941, -6.2150754], [106.8706001, -6.2150209], [106.8712216, -6.2151027], [106.871941, -6.2150754]], [[106.8502568, -6.2105436], [106.8499237, -6.2101032], [106.8496485, -6.2097433], [106.849896, -6.2101267], [106.8502314, -6.2105681], [106.8508608, -6.2113964], [106.8509708, -6.2115499], [106.8510133, -6.2116091], [106.8513677, -6.2121257], [106.8510405, -6.2115866], [106.8510374, -6.2115821], [106.8510011, -6.211533], [106.8508223, -6.2112903], [106.8504064, -6.2107413], [106.8502568, -6.2105436]], [[106.807116, -6.1316832], [106.8070475, -6.1317566], [106.8070475, -6.1317566], [106.8064913, -6.1318488], [106.807127, -6.1317369], [106.8096407, -6.1310836], [106.8101819, -6.1309438], [106.8102367, -6.1309307], [106.8096303, -6.131034], [106.8095507, -6.1310574], [106.8096407, -6.1310836], [106.807116, -6.1316832]], [[106.8107942, -6.186527], [106.8108195, -6.1867433], [106.8108616, -6.1869587], [106.8108982, -6.1871259], [106.810966, -6.1876551], [106.811062, -6.186868], [106.8110555, -6.1867915], [106.811056, -6.1867336], [106.8110707, -6.1863241], [106.8110723, -6.186261], [106.8110662, -6.1861865], [106.8110411, -6.185948], [106.8110355, -6.1859014], [106.8109953, -6.1859535], [106.8110252, -6.1862173], [106.8110252, -6.1862821], [106.8110231, -6.1863333], [106.8109923, -6.1867646], [106.8109995, -6.186825], [106.8110794, -6.1876281], [106.8111815, -6.1879794], [106.8111903, -6.1881431], [106.8111896, -6.1882696], [106.8111639, -6.1884525], [106.81113, -6.1886412], [106.8110414, -6.1891498], [106.8109728, -6.1895489], [106.8108935, -6.1897197], [106.8105427, -6.1909596], [106.8104011, -6.1914754], [106.8102934, -6.1919492], [106.8102255, -6.1922974], [106.8102101, -6.1924523], [106.8102004, -6.192639], [106.8102087, -6.1930677], [106.8104246, -6.1946251], [106.8104523, -6.1947724], [106.8105002, -6.1949621], [106.810578, -6.1952107], [106.8107219, -6.1955881], [106.8107895, -6.1956558], [106.8106074, -6.1952017], [106.8105277, -6.194952], [106.810482, -6.194769], [106.8104521, -6.1946176], [106.8102478, -6.1930717], [106.8102396, -6.1926349], [106.8102444, -6.1924558], [106.8102612, -6.1922956], [106.810324, -6.1919581], [106.8104394, -6.1914826], [106.8105817, -6.1909664], [106.8109353, -6.1897261], [106.8109728, -6.1895489], [106.8110025, -6.189146], [106.8110683, -6.188779], [106.8110959, -6.1886192], [106.8111135, -6.1885065], [106.8111308, -6.1882953], [106.8111248, -6.1881243], [106.8111129, -6.1879482], [106.8110794, -6.1876281], [106.8109934, -6.1879682], [106.8110094, -6.1882362], [106.811003, -6.1884968], [106.8109738, -6.188822], [106.8109181, -6.1891492], [106.8108347, -6.1896021], [106.810277, -6.1916365], [106.810097, -6.1923096], [106.8100405, -6.1925578], [106.8099998, -6.1928461], [106.8099747, -6.1930939], [106.8099622, -6.1933368], [106.8099841, -6.1937906], [106.8100434, -6.1942186], [106.8103376, -6.1955307], [106.8104117, -6.1959518], [106.8104484, -6.1962103], [106.810454, -6.1965547], [106.810421, -6.1968664], [106.8103818, -6.1970674], [106.8103071, -6.1973283], [106.8101867, -6.1976212], [106.8100861, -6.1978078], [106.8100195, -6.1979189], [106.8099971, -6.1979523], [106.8097713, -6.1982406], [106.8097164, -6.1983053], [106.809583, -6.1984791], [106.8092794, -6.198823], [106.8087456, -6.199467], [106.8083317, -6.1999482], [106.8079485, -6.2003878], [106.8078004, -6.2005359], [106.807633, -6.2006904], [106.807519, -6.2007877], [106.8073767, -6.200895], [106.8072292, -6.2010021], [106.8070817, -6.2010998], [106.806733, -6.2013025], [106.8063091, -6.2014896], [106.8060012, -6.2016417], [106.8052839, -6.2019743], [106.8044266, -6.202364], [106.8039536, -6.20258], [106.8033698, -6.2028465], [106.802539, -6.2032301], [106.8022282, -6.2033702], [106.8017337, -6.2035954], [106.8013228, -6.2038021], [106.8004914, -6.2041852], [106.7993921, -6.2046965], [106.79922, -6.2047838], [106.7989554, -6.2049487], [106.7987753, -6.2050971], [106.7986256, -6.2052426], [106.7984476, -6.2054563], [106.7983239, -6.2056291], [106.7982024, -6.2058267], [106.7981146, -6.2059926], [106.7972321, -6.2079197], [106.7971063, -6.2082024], [106.796555, -6.2094199], [106.7964526, -6.2096309], [106.7963313, -6.2099221], [106.7962328, -6.210167], [106.796153, -6.2104474], [106.7961191, -6.210671], [106.7960999, -6.2108692], [106.7960984, -6.2111324], [106.7961181, -6.2116269], [106.796138, -6.212093], [106.796159, -6.2123764], [106.7961597, -6.2125373], [106.7961391, -6.2127644], [106.7961041, -6.2130137], [106.796042, -6.2132658], [106.7959584, -6.2135061], [106.7958256, -6.2137559], [106.795636, -6.2140462], [106.7955697, -6.214131], [106.7954707, -6.2142566], [106.7952089, -6.2145142], [106.794615, -6.2150414], [106.7943905, -6.2152459], [106.7941548, -6.2154675], [106.793847, -6.2157884], [106.7936258, -6.2160415], [106.7934712, -6.2162343], [106.7933689, -6.2163641], [106.7932539, -6.2164944], [106.793051, -6.2167756], [106.7929085, -6.2169915], [106.7927614, -6.2172294], [106.792612, -6.2174789], [106.7924836, -6.2176971], [106.7923341, -6.217978], [106.7921637, -6.2183935], [106.7919745, -6.2188415], [106.7914439, -6.2201394], [106.7907194, -6.22186], [106.7905062, -6.222364], [106.790301, -6.2228586], [106.7900964, -6.2233337], [106.789947, -6.2236745], [106.7898061, -6.2239872], [106.7896291, -6.2243411], [106.7892147, -6.225049], [106.7887494, -6.225853], [106.7884852, -6.2263129], [106.7876953, -6.2276301], [106.7875276, -6.2279141], [106.7872563, -6.2283573], [106.7863005, -6.2300245], [106.7859907, -6.2305525], [106.7857277, -6.2309839], [106.7856112, -6.2311751], [106.7847315, -6.2326429], [106.7844491, -6.2331178], [106.7834899, -6.2347511], [106.7832743, -6.2351356], [106.7831882, -6.2353204], [106.782998, -6.2357903], [106.7826589, -6.2367504], [106.7822894, -6.2378091], [106.7822802, -6.2378425], [106.7818371, -6.2391378], [106.7816768, -6.2395155], [106.7815306, -6.2398335], [106.7814442, -6.2399906], [106.7812823, -6.2402664], [106.7811754, -6.2404295], [106.781052, -6.2406121], [106.7808005, -6.2409505], [106.7807328, -6.2410347], [106.7804202, -6.2414201], [106.780108, -6.2417909], [106.7799071, -6.2420237], [106.77977, -6.2421891], [106.7794768, -6.2425439], [106.7791932, -6.2428625], [106.7788378, -6.2432838], [106.7785369, -6.243655], [106.7781458, -6.2441156], [106.7778132, -6.2445103], [106.7775598, -6.2448129], [106.7772299, -6.2452035], [106.7768946, -6.2456034], [106.7760162, -6.246646], [106.7749661, -6.2478844], [106.7742606, -6.2487283], [106.7740596, -6.2489528], [106.7738945, -6.2491643], [106.7734842, -6.2496295], [106.773177, -6.2499575], [106.773031, -6.2501253], [106.7727992, -6.2503604], [106.7724395, -6.250708], [106.7721391, -6.2509877], [106.7719312, -6.251176], [106.7714846, -6.2515652], [106.7706761, -6.2522299], [106.7703017, -6.2525091], [106.7697921, -6.2529104], [106.7696085, -6.2530599], [106.7692334, -6.2533555], [106.7690494, -6.2535023], [106.7688111, -6.2536774], [106.7685709, -6.2538288], [106.7683771, -6.2539344], [106.7681587, -6.2540365], [106.7677825, -6.2541824], [106.7674586, -6.2543048], [106.7666848, -6.2546021], [106.7662851, -6.2547889], [106.7660102, -6.2549154], [106.7657084, -6.2550607], [106.7652162, -6.2553046], [106.7645457, -6.2556526], [106.7639208, -6.2560002], [106.7632607, -6.256396], [106.7629945, -6.2565778], [106.7627517, -6.2567694], [106.7625367, -6.2569989], [106.7623682, -6.257212], [106.7621753, -6.2575278], [106.7620732, -6.2577234], [106.7619404, -6.25806], [106.7618587, -6.2583259], [106.7615302, -6.2596282], [106.761443, -6.2599914], [106.7613244, -6.2604947], [106.7612325, -6.260862], [106.7611768, -6.261065], [106.7610783, -6.2613479], [106.7610226, -6.2614837], [106.7609089, -6.261715], [106.760692, -6.2620849], [106.7604339, -6.2624567], [106.7602968, -6.2626331], [106.76012, -6.2628247], [106.7600002, -6.2629466], [106.7598084, -6.2631199], [106.7595666, -6.2633069], [106.7593163, -6.2634852], [106.7589005, -6.2637625], [106.7583873, -6.2641158], [106.7577681, -6.2645514], [106.7575361, -6.2647154], [106.7572176, -6.264926], [106.7569078, -6.2651472], [106.7568312, -6.2652116], [106.7565831, -6.2654435], [106.7560212, -6.2660114], [106.7557181, -6.266314], [106.7551494, -6.2668939], [106.7547726, -6.2672738], [106.75444, -6.2676244], [106.7543377, -6.2677265], [106.7542775, -6.2677873], [106.7537628, -6.268307], [106.7534516, -6.2686149], [106.7531512, -6.2689415], [106.7528039, -6.2692828], [106.7525477, -6.2695601], [106.7521548, -6.2699667], [106.7517203, -6.2704093], [106.7513863, -6.2707439], [106.7510068, -6.2711464], [106.750638, -6.2715237], [106.7504475, -6.2717183], [106.7502276, -6.271949], [106.7500841, -6.2721003], [106.7497463, -6.272458], [106.7495121, -6.2726923], [106.7491378, -6.273046], [106.748748, -6.2734074], [106.748215, -6.2738867], [106.7477621, -6.2742466], [106.7473061, -6.2746217], [106.7469286, -6.2749265], [106.7464172, -6.2753338], [106.745728, -6.2758781], [106.7455652, -6.2760062], [106.7454282, -6.2761056], [106.7451833, -6.2763061], [106.7435652, -6.2775918], [106.7421877, -6.2786893], [106.7417971, -6.2789954], [106.7408818, -6.2797532], [106.7406499, -6.2799396], [106.7400222, -6.2804316], [106.7389802, -6.2812593], [106.738384, -6.2817416], [106.7374202, -6.2825193], [106.7363491, -6.2833931], [106.7354085, -6.2841376], [106.7347534, -6.2846257], [106.73429, -6.2849481], [106.7339986, -6.2851473], [106.7330643, -6.2858012], [106.7324289, -6.2862603], [106.7319716, -6.2865835], [106.7316697, -6.2867997], [106.7311975, -6.2871133], [106.7311236, -6.2871649], [106.7297372, -6.2881429], [106.7295492, -6.2882775], [106.7293521, -6.2884086], [106.7279895, -6.2893844], [106.7274854, -6.2897484], [106.7273056, -6.2898718], [106.7269208, -6.2901361], [106.7266154, -6.2903077], [106.7264375, -6.2903917], [106.7261281, -6.2905308], [106.72586, -6.2906273], [106.7255702, -6.2907121], [106.7254302, -6.2907429], [106.7252859, -6.2907681], [106.7249854, -6.2908188], [106.7245429, -6.2908721], [106.7241861, -6.2909174], [106.7238401, -6.2909654], [106.7235243, -6.2910442], [106.7232171, -6.2911379], [106.7229585, -6.2912329], [106.7227025, -6.291342], [106.7223456, -6.2915174], [106.7221638, -6.2916292], [106.721917, -6.2918025], [106.7216971, -6.2919838], [106.7211749, -6.2924962], [106.7208087, -6.2928775], [106.7206253, -6.2930576], [106.7204492, -6.2932161], [106.7202637, -6.2933769], [106.7200259, -6.2935658], [106.7197952, -6.2937345], [106.7196163, -6.2938497], [106.7194043, -6.2939801], [106.7191688, -6.2941061], [106.7190042, -6.2941827], [106.7186739, -6.2943273], [106.7184597, -6.2944046], [106.7178964, -6.2945486], [106.7173331, -6.2946765], [106.7168402, -6.2947851], [106.7164212, -6.2948816], [106.7159613, -6.295021], [106.7156279, -6.295144], [106.715308, -6.2953084], [106.714894, -6.2955529], [106.7137313, -6.2962164], [106.7133918, -6.2964093], [106.7118672, -6.2972742], [106.7114026, -6.2975266], [106.7110433, -6.2977292], [106.7089561, -6.2989065], [106.7082829, -6.299286], [106.7078808, -6.299508], [106.7074371, -6.2997576], [106.7068148, -6.3001098], [106.7056574, -6.3007577], [106.7037034, -6.3018677], [106.7033628, -6.302063], [106.7030262, -6.302272], [106.7026185, -6.30252], [106.7025308, -6.3025746], [106.7014919, -6.3032214], [106.7009475, -6.3035546], [106.7006015, -6.303749], [106.7002582, -6.3039436], [106.7000663, -6.3040423], [106.6989952, -6.3045268], [106.6985643, -6.3047194], [106.696149, -6.3058211], [106.6942968, -6.3066656], [106.6940244, -6.3067903], [106.6933867, -6.3070697], [106.6926422, -6.3074213], [106.6912166, -6.308077], [106.6909419, -6.3082016], [106.6907292, -6.3082946], [106.6905246, -6.3083738], [106.6902055, -6.3084973], [106.6874393, -6.3093771], [106.686276, -6.3097486], [106.6851936, -6.3100949], [106.6831878, -6.3107263], [106.6825329, -6.310931], [106.6822161, -6.3110337], [106.6818518, -6.3111684], [106.6812452, -6.3114457], [106.6810048, -6.3115717], [106.680662, -6.3117544], [106.6804169, -6.3119022], [106.6803115, -6.3119721], [106.6800278, -6.3121566], [106.6794394, -6.3126126], [106.6789509, -6.3130075], [106.6782645, -6.3135675], [106.6780651, -6.3137197], [106.6778687, -6.3138582], [106.6773953, -6.3141475], [106.6772238, -6.3142481], [106.6767656, -6.314519], [106.6760909, -6.3149062], [106.6750473, -6.3155065], [106.6742398, -6.3159578], [106.6732007, -6.3165156], [106.6727407, -6.3167801], [106.6724722, -6.3169426], [106.6721406, -6.3171816], [106.6719882, -6.3173082], [106.6718067, -6.3174833], [106.6717097, -6.3175875], [106.6715816, -6.3177346], [106.6714909, -6.3178467], [106.6712883, -6.3181517], [106.6708517, -6.3187714], [106.6706278, -6.3190772], [106.6704711, -6.3192332], [106.6704069, -6.319305], [106.6701163, -6.3195455], [106.6698269, -6.3197264], [106.6694674, -6.3199011], [106.6691472, -6.3200108], [106.6688954, -6.3200753], [106.6686764, -6.3201136], [106.6684192, -6.32013], [106.6680319, -6.3201354], [106.6674829, -6.3201368], [106.6674266, -6.3201374], [106.6667084, -6.3201354], [106.6657133, -6.3201403], [106.6654771, -6.3201416], [106.6647456, -6.3201457], [106.6641863, -6.3201591], [106.6635471, -6.3201588], [106.6630241, -6.3201564], [106.6623081, -6.3201631], [106.6612886, -6.3201565], [106.6610096, -6.3201704], [106.6607716, -6.3201824], [106.660656, -6.3201949], [106.6606343, -6.3201972], [106.6602924, -6.3202671], [106.6601224, -6.320314], [106.6598289, -6.320414], [106.6595234, -6.320564], [106.6592169, -6.3207313], [106.6578759, -6.3215881], [106.6573343, -6.3219538], [106.6569553, -6.322173], [106.656655, -6.3223148], [106.6563071, -6.3224573], [106.655944, -6.3225838], [106.655672, -6.3226567], [106.6552749, -6.3227379], [106.6550556, -6.3227651], [106.6547652, -6.3227933], [106.6516445, -6.3229504], [106.649546, -6.3230557], [106.6482552, -6.3231209], [106.6460829, -6.3232306], [106.6453784, -6.3232642], [106.6442973, -6.3233271], [106.6440947, -6.3233544], [106.6440009, -6.323367], [106.6437996, -6.3234111], [106.6434456, -6.3235247], [106.6430868, -6.3236866], [106.6427654, -6.323848], [106.6417656, -6.3243507], [106.6415, -6.3244876], [106.6405909, -6.3249543], [106.6401827, -6.3251619], [106.6397309, -6.3253917], [106.6394476, -6.3255102], [106.6392034, -6.3255933], [106.6390511, -6.3256363], [106.6387606, -6.3257062], [106.6385717, -6.3257368], [106.6383017, -6.3257727], [106.6381346, -6.3257861], [106.6379431, -6.3257978], [106.6375754, -6.3258035], [106.63688, -6.3258248], [106.6365314, -6.3258362], [106.6358417, -6.3258615], [106.6317455, -6.3259729], [106.6312624, -6.3259939], [106.6309265, -6.3260361], [106.6307132, -6.3260839], [106.6305432, -6.3261325], [106.6303841, -6.3261865], [106.6302505, -6.3262446], [106.6300892, -6.3263232], [106.629795, -6.326505], [106.6296271, -6.3266382], [106.6294562, -6.3267824], [106.6289336, -6.3272479], [106.6287252, -6.3274226], [106.628568, -6.3275375], [106.6284078, -6.3276332], [106.6282653, -6.3277151], [106.6280949, -6.327791], [106.6279374, -6.3278518], [106.627695, -6.3279252], [106.627529, -6.3279685], [106.6271789, -6.3280481], [106.6257517, -6.328361], [106.6254153, -6.3284239], [106.6251759, -6.3284658], [106.6210847, -6.3290306], [106.6206175, -6.3291069], [106.6201807, -6.329207], [106.619719, -6.329364], [106.6181652, -6.3299806], [106.6180155, -6.3300393], [106.6173878, -6.3302859], [106.6168508, -6.3305001], [106.6166509, -6.3305845], [106.6164421, -6.3306813], [106.6161784, -6.330822], [106.6159643, -6.3309504], [106.6157431, -6.3311122], [106.6155077, -6.3313092], [106.6144778, -6.3321868], [106.6142141, -6.3324084], [106.6140407, -6.3325526], [106.613731, -6.3327778], [106.6134037, -6.3329959], [106.6130121, -6.3332424], [106.6129334, -6.3332829], [106.6126625, -6.3334204], [106.6123311, -6.3335683], [106.6120676, -6.3336793], [106.6117446, -6.3337962], [106.6114738, -6.3338802], [106.6114253, -6.3338964], [106.6111952, -6.3339667], [106.6108448, -6.3340634], [106.6104449, -6.3341549], [106.6099454, -6.3342516], [106.609415, -6.3343677], [106.6083992, -6.3345876], [106.6077222, -6.3347313], [106.6073552, -6.3348092], [106.6055569, -6.3351923], [106.6052087, -6.3352665], [106.6041611, -6.3354933], [106.6026003, -6.3358293], [106.6021471, -6.3359275], [106.6013916, -6.3360913], [106.6000644, -6.3363868], [106.5999224, -6.3364167], [106.5989514, -6.3366278], [106.5980143, -6.3368242], [106.5976171, -6.3369056], [106.5964474, -6.3371607], [106.5950384, -6.3374626], [106.5941558, -6.3376549], [106.5921986, -6.3380594], [106.5917473, -6.3381544], [106.5914978, -6.3382212], [106.5911758, -6.338318], [106.5906289, -6.3384956], [106.5902113, -6.338675], [106.5901535, -6.3387021], [106.5898061, -6.3388614], [106.5893265, -6.3390725], [106.5884913, -6.3394612], [106.5874136, -6.3399554], [106.5861572, -6.3405235], [106.5852656, -6.3409365], [106.5847944, -6.341153], [106.5839017, -6.3415487], [106.5835612, -6.3417018], [106.5831453, -6.3418971], [106.5827118, -6.3420958], [106.5825118, -6.3421996], [106.5822021, -6.342386], [106.5819615, -6.3425671], [106.5818022, -6.3427149], [106.5814571, -6.3430772], [106.5813878, -6.3431642], [106.5810317, -6.3435815], [106.580806, -6.3438067], [106.580664, -6.3439397], [106.5804893, -6.3440878], [106.5802441, -6.344266], [106.5800467, -6.3443836], [106.5798271, -6.3444948], [106.5795202, -6.3446188], [106.5792377, -6.3447045], [106.5789091, -6.3447732], [106.5785762, -6.3448008], [106.5782718, -6.344799], [106.5779091, -6.3447885], [106.5767234, -6.3447076], [106.5753662, -6.3446249], [106.5743323, -6.34457], [106.5733435, -6.3445255], [106.5715907, -6.3444323], [106.5715347, -6.3444292], [106.5693584, -6.3442907], [106.568689, -6.3442507], [106.5685924, -6.3442449], [106.5681533, -6.3442186], [106.5669676, -6.3441465], [106.5663748, -6.3441078], [106.566019, -6.3440874], [106.5657519, -6.3440639], [106.5652343, -6.3440357], [106.5650927, -6.3440278], [106.5647114, -6.3440181], [106.5643876, -6.3440146], [106.5642053, -6.344017], [106.563891, -6.344034], [106.5637704, -6.3440522], [106.5635116, -6.3440814], [106.5632692, -6.3441237], [106.5628993, -6.3441905], [106.5627005, -6.3442384], [106.562491, -6.3442943], [106.5622199, -6.344367], [106.5620389, -6.3444198], [106.5618432, -6.3444872], [106.5616291, -6.3445638], [106.5614288, -6.3446419], [106.5611685, -6.3447536], [106.5605539, -6.3450451], [106.5596701, -6.3454663], [106.5591333, -6.3457182], [106.5590373, -6.3457633], [106.5579223, -6.3463029], [106.5574425, -6.3465373], [106.5566673, -6.3469016], [106.5559586, -6.3472463], [106.5554076, -6.3475166], [106.5541607, -6.3481084], [106.5535781, -6.3483811], [106.5532162, -6.348554], [106.552532, -6.3488765], [106.5523324, -6.3489729], [106.5522206, -6.3490283], [106.5522166, -6.3490302], [106.551877, -6.349198], [106.5513738, -6.3494474], [106.5503815, -6.3499197], [106.5490575, -6.3505444], [106.5482628, -6.3508947], [106.5480737, -6.3509674], [106.5478619, -6.3510461], [106.547585, -6.351124], [106.5474624, -6.3511538], [106.5472222, -6.3511946], [106.5468272, -6.3512428], [106.5467776, -6.3512468], [106.5464048, -6.3512575], [106.5461835, -6.3512441], [106.5460655, -6.3512361], [106.5455934, -6.3511735], [106.5453386, -6.3511402], [106.5451133, -6.3511242], [106.5448196, -6.3511149], [106.5446225, -6.3511229], [106.5443127, -6.3511455], [106.5440445, -6.3511988], [106.5437548, -6.3512721], [106.5434503, -6.3513921], [106.5431365, -6.351548], [106.5428576, -6.3517173], [106.5423571, -6.3520725], [106.5413086, -6.3528303], [106.540594, -6.3533479], [106.5405764, -6.3533607], [106.5402062, -6.3536286], [106.5400466, -6.3537433], [106.5396201, -6.3540512], [106.5394364, -6.3541898], [106.5392527, -6.3543084], [106.5390743, -6.3544217], [106.5388396, -6.3545377], [106.5385473, -6.354659], [106.5382522, -6.3547483], [106.5380041, -6.3548016], [106.5377185, -6.3548509], [106.5374154, -6.3548695], [106.5370922, -6.3548669], [106.5366706, -6.3548369], [106.5357228, -6.3548018], [106.5354543, -6.3547906], [106.535279, -6.3547895], [106.5349263, -6.3547923], [106.5346219, -6.3548202], [106.5344649, -6.3548456], [106.534194, -6.3549162], [106.5338695, -6.3550188], [106.533644, -6.355105], [106.5332861, -6.3552294], [106.5326075, -6.3554867], [106.5318484, -6.3557746], [106.5312034, -6.3560171], [106.5296313, -6.3566127], [106.5292678, -6.3567367], [106.5291594, -6.3567731], [106.5290305, -6.3568163], [106.5287455, -6.3568852], [106.5285052, -6.3569404], [106.5281894, -6.3569893], [106.5279198, -6.3570077], [106.5276317, -6.3570138], [106.5274576, -6.3570047], [106.5272295, -6.3569862], [106.5269462, -6.3569465], [106.5266889, -6.3569021], [106.5264779, -6.3568546], [106.5262545, -6.3567827], [106.5260003, -6.3566862], [106.5256845, -6.3565438], [106.5251438, -6.3562805], [106.5248983, -6.3561644], [106.5247571, -6.3560921], [106.5244012, -6.3559299], [106.5242148, -6.3558472], [106.5240269, -6.3557737], [106.5238713, -6.3557186], [106.5236895, -6.355668], [106.5235124, -6.3556328], [106.5233136, -6.3556099], [106.5230949, -6.3555777], [106.5228607, -6.3555655], [106.5226389, -6.3555716], [106.5224463, -6.3555823], [106.5221767, -6.3556221], [106.5219549, -6.3556742], [106.5212986, -6.3558288], [106.5211107, -6.3558671], [106.5209397, -6.3558977], [106.5207918, -6.3559145], [106.5206193, -6.3559268], [106.5204667, -6.3559191], [106.520305, -6.3558962], [106.5201185, -6.3558545], [106.519908, -6.3557719], [106.5196974, -6.3556519], [106.5195271, -6.3555266], [106.5193621, -6.3553774], [106.5189263, -6.3549415], [106.5186084, -6.3546309], [106.5184986, -6.3545202], [106.5182933, -6.3543707], [106.5181146, -6.3542547], [106.5178916, -6.3541386], [106.517635, -6.354026], [106.5173997, -6.3539522], [106.5171378, -6.3539012], [106.5168989, -6.3538783], [106.5166688, -6.3538818], [106.5164922, -6.353888], [106.5161244, -6.353905], [106.5158033, -6.35393], [106.5154413, -6.3539601], [106.5151144, -6.3539943], [106.5149481, -6.3540183], [106.5147841, -6.3540585], [106.5145816, -6.3541251], [106.5143938, -6.3541851], [106.5141926, -6.3542624], [106.5140196, -6.3543464], [106.513844, -6.354433], [106.5131966, -6.3548181], [106.5129941, -6.354938], [106.5128305, -6.3550353], [106.5127366, -6.355082], [106.5126012, -6.3551446], [106.5124818, -6.3551913], [106.5123168, -6.3552299], [106.5121465, -6.3552632], [106.5119319, -6.3552859], [106.5117321, -6.3552832], [106.5115202, -6.3552499], [106.5113512, -6.3552166], [106.5111796, -6.355164], [106.5110234, -6.3550986], [106.5108443, -6.3550072], [106.5105293, -6.3548173], [106.5091259, -6.3539068], [106.5089949, -6.3538224], [106.5087629, -6.3536625], [106.5086301, -6.3535572], [106.5084711, -6.3534061], [106.5082705, -6.3531715], [106.5082014, -6.3530655], [106.5080485, -6.3527976], [106.5078587, -6.3524084], [106.5077206, -6.3521312], [106.5074102, -6.3515027], [106.5072385, -6.3511701], [106.5070943, -6.3509302], [106.506936, -6.3507103], [106.5067222, -6.3504437], [106.5065632, -6.3502685], [106.506344, -6.3500379], [106.5058534, -6.3495587], [106.5049707, -6.3487019], [106.5041974, -6.3479256], [106.5036474, -6.3473713], [106.5028889, -6.3466307], [106.5026672, -6.3464039], [106.5024115, -6.3461591], [106.5021534, -6.3459293], [106.5019201, -6.3457455], [106.5016631, -6.3455597], [106.5014542, -6.3454202], [106.5012731, -6.3453079], [106.5010541, -6.345184], [106.500559, -6.344932], [106.4996863, -6.3444964], [106.4981887, -6.3437791], [106.4969151, -6.3431499], [106.4961874, -6.342802], [106.4957904, -6.342601], [106.4955287, -6.3424446], [106.4954097, -6.342361], [106.4952266, -6.3422225], [106.4949847, -6.3420268], [106.4947909, -6.3418493], [106.4946101, -6.3416598], [106.4944068, -6.3414153], [106.4942055, -6.3411365], [106.4940577, -6.3409024], [106.4937547, -6.3403027], [106.4934483, -6.3396965], [106.4933493, -6.3394979], [106.4921372, -6.3370744], [106.4918592, -6.3365456], [106.4911893, -6.335216], [106.4910891, -6.3350358], [106.4909868, -6.3348939], [106.4909028, -6.3347749], [106.4907408, -6.3345634], [106.4906461, -6.3344505], [106.4904548, -6.3342677], [106.4902623, -6.3341084], [106.4901123, -6.3340033], [106.4899472, -6.3339059], [106.4897083, -6.3337849], [106.4895558, -6.3337198], [106.489383, -6.3336559], [106.4892021, -6.3336037], [106.4889709, -6.3335469], [106.4887129, -6.3335086], [106.4884654, -6.3334912], [106.4882412, -6.3334865], [106.4879902, -6.3335109], [106.4877882, -6.3335457], [106.4875886, -6.3335863], [106.4873948, -6.3336443], [106.4871566, -6.3337279], [106.4870737, -6.3337557], [106.4864514, -6.3339809], [106.4858782, -6.3341851], [106.4857206, -6.3342408], [106.4855081, -6.3343034], [106.4853248, -6.3343452], [106.4851473, -6.3343754], [106.4848706, -6.3344044], [106.4846511, -6.3344183], [106.484385, -6.3344322], [106.4841865, -6.3344183], [106.4839506, -6.3343997], [106.483744, -6.3343707], [106.483514, -6.334322], [106.4833062, -6.3342767], [106.4831182, -6.3342187], [106.4829653, -6.3341688], [106.4827108, -6.3340818], [106.4826687, -6.3340644], [106.4824002, -6.3339681], [106.4819052, -6.3337824], [106.4818153, -6.3337499], [106.4816623, -6.3336966], [106.4811883, -6.3335295], [106.4805299, -6.3332893], [106.4797687, -6.3330282], [106.4790156, -6.3327474], [106.478119, -6.3324167], [106.4774045, -6.3321625], [106.4766818, -6.3319107], [106.4764779, -6.3318382], [106.4758377, -6.3316137], [106.475352, -6.3314327], [106.4750555, -6.3313085], [106.474815, -6.3311948], [106.4746247, -6.3310985], [106.4740643, -6.3308049], [106.4737222, -6.3306169], [106.4732237, -6.3303512], [106.4727286, -6.3300889], [106.4723994, -6.3299404], [106.4721881, -6.3298534], [106.4719791, -6.3297791], [106.4719036, -6.3297544], [106.4717876, -6.3297165], [106.4715565, -6.3296538], [106.4712938, -6.3296027], [106.471072, -6.3295737], [106.4705711, -6.3294925], [106.4699839, -6.3293974], [106.4694328, -6.3293161], [106.4687381, -6.3292036], [106.4679676, -6.3290841], [106.4673558, -6.3289691], [106.4652576, -6.3286262], [106.4646321, -6.3285438], [106.4643435, -6.3284933], [106.4640792, -6.3284287], [106.4638699, -6.328362], [106.4636828, -6.3282913], [106.4633698, -6.3281418], [106.4626319, -6.32777], [106.4620651, -6.3274993], [106.4617397, -6.3273399], [106.4607973, -6.3268782], [106.4606216, -6.3267876], [106.4603217, -6.3266478], [106.460029, -6.3265543], [106.4598004, -6.3264975], [106.4594727, -6.3264521], [106.459231, -6.3264446], [106.4590204, -6.3264547], [106.4587799, -6.326473], [106.4578876, -6.326537], [106.4566211, -6.3266317], [106.4551125, -6.3267479], [106.4537712, -6.3268407], [106.4529802, -6.3268825], [106.452731, -6.326885], [106.45245, -6.3268834], [106.4520514, -6.3268748], [106.4510943, -6.3268739], [106.4509315, -6.326877], [106.4498541, -6.326875], [106.4489862, -6.3268669], [106.4482605, -6.3268588], [106.4473986, -6.3268508], [106.4454795, -6.3268365], [106.4451549, -6.3268341], [106.4425221, -6.3268104], [106.4405809, -6.3268104], [106.440288, -6.3268124], [106.43958, -6.3268822], [106.4391935, -6.3269446], [106.4388393, -6.3270205], [106.4384726, -6.3271102], [106.4381443, -6.3272101], [106.4378891, -6.3272862], [106.4377376, -6.3273457], [106.4372677, -6.3275377], [106.4368901, -6.3276937], [106.4365631, -6.3278233], [106.4361495, -6.3279886], [106.4359357, -6.3280756], [106.4358393, -6.3281148], [106.4351301, -6.328391], [106.4343627, -6.3286918], [106.4330918, -6.3292162], [106.4329945, -6.3292553], [106.4326039, -6.3294196], [106.4323564, -6.3295196], [106.4317416, -6.3297728], [106.4316917, -6.3297928], [106.4307688, -6.3301641], [106.4304391, -6.3303039], [106.4298317, -6.3305621], [106.4289048, -6.3309339], [106.4274372, -6.3315279], [106.4262236, -6.3320188], [106.4243657, -6.3327704], [106.4227131, -6.333433], [106.4221324, -6.3336943], [106.4215503, -6.3339361], [106.4209507, -6.3341907], [106.4206214, -6.3343179], [106.4200807, -6.3344856], [106.419603, -6.3346129], [106.4192269, -6.3346937], [106.418798, -6.3347725], [106.418422, -6.3348331], [106.4179423, -6.3348958], [106.4165234, -6.3350836], [106.4153963, -6.3352343], [106.4142681, -6.3353788], [106.4128023, -6.3355796], [106.4125345, -6.3356173], [106.410738, -6.3358409], [106.4087846, -6.3361017], [106.4082491, -6.336175], [106.4075223, -6.3362722], [106.4071724, -6.336307], [106.4068231, -6.3363158], [106.4065158, -6.3363122], [106.4061574, -6.3362845], [106.4057579, -6.3362109], [106.4055515, -6.3361583], [106.4051952, -6.336042], [106.4048163, -6.3358858], [106.4041276, -6.3355956], [106.4035512, -6.3353649], [106.4026168, -6.3349867], [106.4008189, -6.3342551], [106.3999837, -6.3339227], [106.3992348, -6.3336103], [106.3980151, -6.3331073], [106.3949324, -6.3318303], [106.3946598, -6.3317154], [106.3936688, -6.331293], [106.3934503, -6.3311995], [106.392371, -6.3307379], [106.3920636, -6.3306064], [106.3918344, -6.3305084], [106.3907926, -6.33009], [106.3901608, -6.3298281], [106.3896202, -6.3296949], [106.389153, -6.3296341], [106.3889008, -6.3296181], [106.3884094, -6.3296159], [106.3807892, -6.3302363], [106.3803829, -6.3302674], [106.3769621, -6.3305879], [106.3763531, -6.3306562], [106.3753658, -6.3308491], [106.3746918, -6.3310333], [106.3733811, -6.3314378], [106.3729225, -6.3315793], [106.3710484, -6.3321577], [106.3709311, -6.3321906], [106.3705192, -6.3322811], [106.370147, -6.3323485], [106.3696812, -6.3324084], [106.3693288, -6.3324272], [106.3655978, -6.3325262], [106.3650309, -6.3325147], [106.3645362, -6.3324711], [106.3640415, -6.3323858], [106.3636662, -6.3322806], [106.3633243, -6.332143], [106.3626096, -6.3317706], [106.3616205, -6.3310873], [106.3612088, -6.3307894], [106.3598511, -6.3298255], [106.3595143, -6.3296317], [106.3591328, -6.3294592], [106.3587133, -6.3293159], [106.3582876, -6.3291988], [106.3579324, -6.3291361], [106.3574542, -6.3290917], [106.3568302, -6.3291166], [106.3562971, -6.3292042], [106.35582, -6.3293296], [106.3551887, -6.3295706], [106.3542309, -6.3300017], [106.3475575, -6.3328278], [106.3470947, -6.3330074], [106.3466, -6.3331765], [106.3461169, -6.3333205], [106.3455962, -6.3334313], [106.3450826, -6.3335245], [106.3449163, -6.3335443], [106.3359755, -6.3346058], [106.3349306, -6.3347298], [106.331842, -6.3350982], [106.3311831, -6.3351768], [106.3290554, -6.3354298], [106.3289211, -6.3354457], [106.3284527, -6.3355014], [106.3265404, -6.3357146], [106.3259285, -6.3357574], [106.3250733, -6.3357296], [106.3207465, -6.3352045], [106.3198468, -6.3351144], [106.3189302, -6.3351237], [106.318454, -6.3351559], [106.3181203, -6.3351945], [106.3172906, -6.3353462], [106.3165876, -6.3355626], [106.315483, -6.3359716], [106.3147068, -6.3361448], [106.3139182, -6.3362056], [106.3114405, -6.3363007], [106.3107549, -6.3363713], [106.3103955, -6.3364712], [106.3100499, -6.3366224], [106.3097427, -6.33681], [106.3094415, -6.3370371], [106.3083778, -6.3378281], [106.3079879, -6.3380779], [106.3072978, -6.3384486], [106.3068655, -6.3386261], [106.3060267, -6.3389614], [106.3022529, -6.3403327], [106.3018589, -6.3404801], [106.3006402, -6.3409361], [106.3001093, -6.341061], [106.2996324, -6.3411517], [106.2991407, -6.3411764], [106.2985612, -6.3411528], [106.2980533, -6.3410943], [106.2977225, -6.3410624], [106.2890032, -6.3401988], [106.2883267, -6.3401525], [106.2878737, -6.3401741], [106.2875354, -6.340207], [106.2871929, -6.3402776], [106.2856354, -6.3407631], [106.2851367, -6.3408799], [106.2846623, -6.3409393], [106.2843159, -6.340949], [106.2833503, -6.3409333], [106.2815708, -6.3409208], [106.2806726, -6.3410093], [106.2797724, -6.3412003], [106.2766196, -6.342062], [106.2756091, -6.3423147], [106.2749262, -6.3424278], [106.2745628, -6.3424611], [106.2741343, -6.3424664], [106.2712472, -6.3424615], [106.2709315, -6.3424927], [106.2706524, -6.3425522], [106.2703059, -6.342658], [106.2699323, -6.3428294], [106.2694936, -6.3431281], [106.2690537, -6.3435562], [106.2687459, -6.3440929], [106.2685919, -6.3445385], [106.268527, -6.3449099], [106.268515, -6.3452611], [106.2685412, -6.3455733], [106.2686652, -6.3463952], [106.2686992, -6.3466763], [106.2687088, -6.3470518], [106.2686827, -6.3473785], [106.2686444, -6.3476331], [106.2685699, -6.3479326], [106.2685013, -6.3481497], [106.2683735, -6.3484468], [106.2681938, -6.3487925], [106.2678951, -6.3492076], [106.2677332, -6.34939], [106.2673047, -6.3497754], [106.2669919, -6.3499837], [106.2666868, -6.3501623], [106.2660535, -6.350465], [106.2659209, -6.3505285], [106.2653796, -6.3507872], [106.2612164, -6.3527458], [106.2604884, -6.353097], [106.2602559, -6.353198], [106.2600261, -6.3532849], [106.2597458, -6.353377], [106.2594419, -6.3534659], [106.259149, -6.3535265], [106.258804, -6.3535817], [106.2585123, -6.3536053], [106.2582335, -6.3536124], [106.2579559, -6.3536075], [106.2576752, -6.3535875], [106.2573641, -6.3535511], [106.25701, -6.3534896], [106.2561669, -6.3533105], [106.2559589, -6.3532646], [106.2553136, -6.3531186], [106.2551174, -6.3530861], [106.2548132, -6.3530466], [106.2546841, -6.3530355], [106.2542852, -6.3530399], [106.2540354, -6.3530317], [106.253802, -6.3530249], [106.2535976, -6.3530106], [106.2530804, -6.3529557], [106.2519534, -6.35284], [106.2506735, -6.35271]], [[107.1448554, -6.2551675], [107.1440227, -6.2548134], [107.1434693, -6.2545606], [107.1433368, -6.254541], [107.1448423, -6.2551986], [107.1453971, -6.2554316], [107.1448554, -6.2551675]], [[106.8522885, -6.2133972], [106.8520644, -6.2131212], [106.8520143, -6.213056], [106.8519625, -6.2129825], [106.8518616, -6.2128456], [106.8515552, -6.2124001], [106.8513994, -6.2121046], [106.8515901, -6.2123837], [106.851887, -6.2128244], [106.8520277, -6.2130162], [106.8520935, -6.213101], [106.852253, -6.2132958], [106.8523686, -6.2134341], [106.8525892, -6.2136919], [106.8527059, -6.2138149], [106.8528069, -6.2139054], [106.8529345, -6.2140196], [106.8530715, -6.21412], [106.853207, -6.2142441], [106.8535489, -6.2144023], [106.8537819, -6.2144742], [106.8539756, -6.2145231], [106.8542893, -6.2145611], [106.8545305, -6.2145698], [106.8547776, -6.214556], [106.8550085, -6.2145273], [106.8552376, -6.2144717], [106.8554629, -6.2143933], [106.8557634, -6.2142683], [106.8558057, -6.2142501], [106.8558684, -6.2142233], [106.8583164, -6.213195], [106.8586747, -6.2130563], [106.8589498, -6.2129536], [106.8587917, -6.2129464], [106.8586711, -6.2129988], [106.8584505, -6.2130885], [106.8583974, -6.2131105], [106.8582956, -6.2131525], [106.8563797, -6.2139681], [106.8563218, -6.2139929], [106.8557496, -6.2142327], [106.8554668, -6.2143526], [106.8552125, -6.2144336], [106.8550068, -6.2144819], [106.8547758, -6.214515], [106.854546, -6.2145294], [106.854291, -6.2145201], [106.8539774, -6.214484], [106.8537879, -6.2144362], [106.853562, -6.2143699], [106.8532232, -6.2142104], [106.8530524, -6.2141505], [106.8529097, -6.2140427], [106.8526887, -6.2138441], [106.8525753, -6.2137246], [106.8523323, -6.2134508], [106.8522885, -6.2133972]], [[106.7907159, -6.5942866], [106.7907739, -6.5938207], [106.7908726, -6.5929688], [106.7909164, -6.5926205], [106.7910012, -6.5920793], [106.791031, -6.5919339], [106.7910976, -6.5916015], [106.7910976, -6.5916015], [106.7912505, -6.5907618], [106.7912739, -6.5906757], [106.7912838, -6.5906378], [106.7913709, -6.5903267], [106.7915493, -6.5897313], [106.7918569, -6.5887308], [106.7920137, -6.5882474], [106.792209, -6.587596], [106.7930303, -6.584758], [106.7930801, -6.5845889], [106.7931351, -6.5844019], [106.7931694, -6.5842853], [106.7932203, -6.5840988], [106.7932659, -6.583819], [106.793333, -6.5833847], [106.7933679, -6.5828385], [106.7933786, -6.5825747], [106.7933679, -6.5821191], [106.7933622, -6.582047], [106.793223, -6.5810506], [106.7930406, -6.5798356], [106.7928385, -6.578478], [106.792798, -6.5781674], [106.7927745, -6.5778556], [106.7927751, -6.5773762], [106.7928073, -6.5768806], [106.7928448, -6.5765688], [106.7929429, -6.5760685], [106.7930676, -6.5755805], [106.7931582, -6.5752666], [106.7932848, -6.5749376], [106.7934445, -6.5745784], [106.7938027, -6.5738703], [106.7938733, -6.5737419], [106.7939508, -6.5736191], [106.7940866, -6.5734419], [106.7944894, -6.5729177], [106.7949507, -6.5723955], [106.7951644, -6.5721838], [106.7953933, -6.5720064], [106.7955959, -6.5718407], [106.7958842, -6.5716227], [106.7963764, -6.5712931], [106.7967184, -6.571076], [106.7970496, -6.5708674], [106.797621, -6.5705058], [106.7978877, -6.5703144], [106.7986548, -6.5698401], [106.7989922, -6.5696271], [106.7994246, -6.5693179], [106.7996809, -6.5691362], [106.7999423, -6.5689049], [106.8001422, -6.5687019], [106.8003312, -6.5685052], [106.8005472, -6.5682356], [106.8007926, -6.5679589], [106.8010554, -6.5675539], [106.8012769, -6.5671615], [106.8013397, -6.5670503], [106.8015509, -6.566609], [106.8016776, -6.5663244], [106.8017447, -6.5661736], [106.8018101, -6.5659997], [106.8020781, -6.5654206], [106.8021098, -6.56534], [106.8021255, -6.5653], [106.8021706, -6.565189], [106.8022224, -6.5650585], [106.8023095, -6.564839], [106.8023201, -6.5648043], [106.802507, -6.5643672], [106.8025254, -6.564312], [106.802557, -6.5642172], [106.8026641, -6.5638452], [106.8026881, -6.5637374], [106.80272, -6.5635938], [106.8027497, -6.5634349], [106.80277, -6.5633036], [106.8027906, -6.5631423], [106.8027935, -6.5631198], [106.802818, -6.5627723], [106.802821, -6.5627297], [106.8028231, -6.5626537], [106.8028263, -6.5625358], [106.8028277, -6.5622331], [106.8028284, -6.5620751], [106.8028262, -6.5620389], [106.8028167, -6.5618851], [106.8028033, -6.5617766], [106.8027944, -6.5617252], [106.8027881, -6.5616881], [106.8027744, -6.5615702], [106.8027665, -6.5614902], [106.8027559, -6.5614307], [106.8027114, -6.5611675], [106.8024229, -6.5599877], [106.8022699, -6.5592916], [106.802144, -6.5586165], [106.801982, -6.5578949], [106.8018107, -6.5572033], [106.8016576, -6.5565071], [106.8014496, -6.5554896], [106.8011497, -6.5541836], [106.8010449, -6.5537142], [106.8009683, -6.5533675], [106.8008001, -6.5525835], [106.8007148, -6.5521927], [106.8004257, -6.5509353], [106.8002622, -6.5501658], [106.8001097, -6.5494832], [106.7999905, -6.5488891], [106.7998713, -6.5481925], [106.7997926, -6.5476583], [106.7996417, -6.5466259], [106.7995604, -6.5459534], [106.7995025, -6.5452826], [106.7994821, -6.5446393], [106.7994733, -6.5438693], [106.7994825, -6.543484], [106.7994831, -6.5434746], [106.7995834, -6.541997], [106.7996848, -6.5410022], [106.7997616, -6.5402633], [106.7997918, -6.5400092], [106.7998204, -6.539691], [106.799869, -6.5391816], [106.7998915, -6.5388769], [106.7999637, -6.5380918], [106.8000254, -6.537307], [106.8001291, -6.5361313], [106.8001876, -6.5355126], [106.8002566, -6.534442], [106.8002777, -6.5342072], [106.8004368, -6.5327278], [106.8004566, -6.5325175], [106.8005129, -6.532102], [106.8005367, -6.5319266], [106.8006285, -6.5311087], [106.8007281, -6.5298313], [106.8007474, -6.5295041], [106.8008053, -6.5282651], [106.8008321, -6.5279213], [106.8009199, -6.527183], [106.8009645, -6.5267889], [106.8010517, -6.5260487], [106.801166, -6.5248223], [106.8012323, -6.5238512], [106.8012471, -6.5234281], [106.8011781, -6.5225109], [106.8010668, -6.5220242], [106.8009486, -6.5215473], [106.800771, -6.5210479], [106.8006089, -6.5207095], [106.8003203, -6.5201261], [106.8002078, -6.5199454], [106.8000718, -6.5197254], [106.7999101, -6.5195052], [106.7995707, -6.5190861], [106.7994331, -6.5189224], [106.7989697, -6.5184532], [106.7984774, -6.5179442], [106.7981355, -6.5175956], [106.7976188, -6.5170672], [106.7973886, -6.5167776], [106.7971044, -6.5163202], [106.7968669, -6.5158131], [106.7966982, -6.5152928], [106.7966065, -6.5148681], [106.7965631, -6.5144872], [106.7965472, -6.5140339], [106.7965558, -6.5138634], [106.7967371, -6.512517], [106.7967888, -6.5119558], [106.796779, -6.5113637], [106.7966967, -6.5107142], [106.7965973, -6.5102116], [106.7964063, -6.5093023], [106.7961227, -6.5080717], [106.795823, -6.5066972], [106.7957968, -6.5064833], [106.7957614, -6.5061514], [106.7957244, -6.5056647], [106.7956972, -6.5051114], [106.7956967, -6.5049247], [106.7956512, -6.5035298], [106.7956046, -6.5027113], [106.7955355, -6.5020211], [106.7955087, -6.501662], [106.7954839, -6.5014361], [106.79544, -6.5008805], [106.7954102, -6.5005013], [106.7953208, -6.4994941], [106.7951853, -6.4981717], [106.7951086, -6.497361], [106.7949555, -6.4960136], [106.7949327, -6.4956782], [106.7949248, -6.4952862], [106.7949267, -6.4949798], [106.7949342, -6.4947572], [106.7949591, -6.4940161], [106.7950739, -6.4916056], [106.7950928, -6.4912103], [106.7952099, -6.4904542], [106.7954626, -6.4893827], [106.7956677, -6.4886172], [106.7959829, -6.4877923], [106.796086, -6.487548], [106.7962949, -6.4870996], [106.7963436, -6.4869915], [106.7965084, -6.4867228], [106.796824, -6.486247], [106.7970721, -6.4858694], [106.7977947, -6.4849608], [106.7988944, -6.4836815], [106.7997473, -6.4826608], [106.8001437, -6.4822082], [106.8004557, -6.4818336], [106.8008065, -6.4814189], [106.8011293, -6.4809817], [106.8012919, -6.4807434], [106.8014423, -6.4805068], [106.8015638, -6.4803021], [106.80165, -6.4801441], [106.8017439, -6.4799576], [106.8019137, -6.4795839], [106.8020594, -6.4792469], [106.802274, -6.4786819], [106.80246, -6.4781442], [106.8024778, -6.4780929], [106.8025932, -6.4774986], [106.8026408, -6.4772765], [106.8027353, -6.4765231], [106.802769, -6.4760653], [106.8027523, -6.4750623], [106.8027568, -6.4734556], [106.8027507, -6.4730946], [106.8027425, -6.4723443], [106.8027192, -6.4709557], [106.8026924, -6.4697964], [106.8026566, -6.469456], [106.8025937, -6.469036], [106.802482, -6.468404], [106.8024451, -6.4681843], [106.8024022, -6.4679648], [106.8021721, -6.4667661], [106.8021318, -6.466521], [106.8020414, -6.4660803], [106.8018998, -6.4653216], [106.8017456, -6.4645141], [106.8013808, -6.4626378], [106.8010584, -6.4607649], [106.8010074, -6.4605054], [106.8008924, -6.4598774], [106.8007547, -6.4588284], [106.8007281, -6.4583193], [106.8007257, -6.4577676], [106.8007401, -6.4568444], [106.8007915, -6.4561686], [106.800895, -6.4554317], [106.8009887, -6.4548947], [106.8010775, -6.4544773], [106.8013741, -6.4532216], [106.8014762, -6.4527881], [106.8015754, -6.452366], [106.8017159, -6.4517383], [106.8017972, -6.451375], [106.8019033, -6.4508258], [106.8019534, -6.4505475], [106.8019797, -6.4504143], [106.8020558, -6.4500288], [106.8022907, -6.4490406], [106.8026049, -6.4478169], [106.8028191, -6.4471959], [106.8029265, -6.4469163], [106.8031445, -6.4463936], [106.8046108, -6.4433167], [106.8056202, -6.4411644], [106.8060903, -6.4401586], [106.8073381, -6.437573], [106.8081647, -6.4357735], [106.808797, -6.4340155], [106.8096717, -6.4315482], [106.8103996, -6.4293779], [106.8110039, -6.4276972], [106.8112531, -6.42698], [106.8114963, -6.4262411], [106.811543, -6.4261058], [106.8117906, -6.4254049], [106.8121108, -6.4244647], [106.8121732, -6.4242595], [106.8123059, -6.4238759], [106.8127203, -6.4226876], [106.8130304, -6.4218004], [106.81343, -6.4206992], [106.8135762, -6.420259], [106.8137296, -6.4198109], [106.8138082, -6.4195623], [106.8141841, -6.4184548], [106.8142328, -6.4183077], [106.8143312, -6.4178687], [106.8143998, -6.417641], [106.814567, -6.4168755], [106.8146606, -6.4164118], [106.8148746, -6.4153445], [106.8149049, -6.4151785], [106.8150839, -6.414353], [106.8154811, -6.4125589], [106.8154811, -6.4125589], [106.8155056, -6.4124594], [106.8155995, -6.4120326], [106.815669, -6.4116861], [106.8158708, -6.4107653], [106.8159653, -6.4102891], [106.816058, -6.4098211], [106.8161025, -6.409594], [106.8162077, -6.4091003], [106.8163242, -6.4085281], [106.8163451, -6.4084267], [106.8165535, -6.4074056], [106.8166417, -6.4068207], [106.8166772, -6.4066057], [106.8167397, -6.4061838], [106.8169263, -6.4051116], [106.8169425, -6.4050226], [106.8173901, -6.4028174], [106.8175043, -6.4023121], [106.8176683, -6.4017471], [106.8178768, -6.4010124], [106.818308, -6.3996066], [106.818633, -6.3985789], [106.8188922, -6.3978539], [106.8194603, -6.3964501], [106.820185, -6.3947319], [106.8204279, -6.3940654], [106.8207771, -6.3931005], [106.8212108, -6.3920709], [106.8219705, -6.3902494], [106.8223728, -6.3894199], [106.8227152, -6.388674], [106.823236, -6.3874676], [106.8235475, -6.3868398], [106.8239325, -6.3861853], [106.8242524, -6.3857087], [106.8247793, -6.3850486], [106.8259562, -6.3837698], [106.8262979, -6.3833795], [106.8264447, -6.3832054], [106.8271226, -6.3822918], [106.8275488, -6.3816853], [106.8278805, -6.3811278], [106.8281782, -6.380576], [106.8284556, -6.379963], [106.8285991, -6.3795915], [106.8289062, -6.3786399], [106.8297988, -6.3759079], [106.8299069, -6.3755294], [106.8300402, -6.3751373], [106.8305698, -6.3735168], [106.83072, -6.3730956], [106.8311867, -6.3716828], [106.8313584, -6.371187], [106.831465, -6.370878], [106.8315885, -6.3705005], [106.8320943, -6.3689544], [106.8321117, -6.3689054], [106.8322558, -6.3684322], [106.8322961, -6.3682513], [106.8324088, -6.3675808], [106.8324713, -6.366942], [106.8324892, -6.3663649], [106.8324474, -6.3656318], [106.8323562, -6.3648747], [106.8323133, -6.3644802], [106.8322831, -6.3642652], [106.8321312, -6.363182], [106.8319353, -6.3618291], [106.8318606, -6.3613013], [106.8317755, -6.3605313], [106.8316358, -6.3594054], [106.8315824, -6.3586929], [106.8315766, -6.3581576], [106.8315812, -6.3576232], [106.8316333, -6.356963], [106.831913, -6.3545329], [106.8326171, -6.3493756], [106.8333298, -6.3441315], [106.833346, -6.3439842], [106.8336651, -6.3417676], [106.8339225, -6.3406626], [106.8342922, -6.3390804], [106.8353335, -6.3348807], [106.8354307, -6.3342247], [106.8354662, -6.3336805], [106.8354639, -6.3333597], [106.8354421, -6.3329747], [106.8353965, -6.3326295], [106.8353187, -6.3322242], [106.8352422, -6.331871], [106.8350451, -6.3311832], [106.8349761, -6.3309857], [106.834921, -6.3308607], [106.834817, -6.3306245], [106.8341906, -6.3293264], [106.8341431, -6.3292202], [106.8340535, -6.3290198], [106.8339313, -6.3286951], [106.8338462, -6.3284707], [106.8337232, -6.3280169], [106.8336779, -6.3275661], [106.8336695, -6.3270543], [106.8336812, -6.3266776], [106.8337174, -6.3263371], [106.8338119, -6.3258762], [106.8338958, -6.3255789], [106.834101, -6.3250488], [106.8342821, -6.3246916], [106.835027, -6.3235206], [106.8357452, -6.3224982], [106.8360805, -6.3219137], [106.8364265, -6.3211992], [106.83658, -6.3207677], [106.8368851, -6.319749], [106.8376817, -6.3151973], [106.8386475, -6.3096921], [106.8389879, -6.3077034], [106.8394225, -6.305164], [106.8397269, -6.3032352], [106.839855, -6.302558], [106.8399569, -6.3019528], [106.840032, -6.3014432], [106.8400909, -6.3009707], [106.8401098, -6.3006811], [106.8402036, -6.2996707], [106.84026, -6.2985963], [106.8403002, -6.2980258], [106.8403431, -6.2976205], [106.8404504, -6.2968687], [106.8405899, -6.2961809], [106.8407267, -6.295637], [106.8409949, -6.2947145], [106.8411371, -6.2942956], [106.8413811, -6.2935868], [106.8416735, -6.292867], [106.842108, -6.2918112], [106.8428456, -6.290025], [106.8438259, -6.2875908], [106.8441532, -6.2865751], [106.8444039, -6.2856393], [106.8445772, -6.2848111], [106.8446178, -6.2845935], [106.8447574, -6.2837674], [106.8451506, -6.2815024], [106.8453006, -6.2807022], [106.8453638, -6.2803615], [106.8454395, -6.2799537], [106.8455412, -6.2794059], [106.8458631, -6.277633], [106.8460562, -6.2765585], [106.8461601, -6.2761034], [106.8462378, -6.2757864], [106.8464747, -6.2749691], [106.8466302, -6.2745212], [106.8469387, -6.2736311], [106.8470486, -6.2733538], [106.8472305, -6.2729762], [106.8473123, -6.272806], [106.8473298, -6.2727573], [106.8478399, -6.2715622], [106.8486002, -6.2699037], [106.8487978, -6.269457], [106.8491595, -6.2686556], [106.850499, -6.265668], [106.8510992, -6.2642983], [106.8519546, -6.2623906], [106.8528154, -6.2604708], [106.853604, -6.2586738], [106.8539433, -6.2578845], [106.8544596, -6.2567048], [106.8547786, -6.2559951], [106.854889, -6.2557509], [106.8549291, -6.2556647], [106.8550306, -6.2554463], [106.8551333, -6.2552123], [106.8554198, -6.2545807], [106.8557581, -6.2538166], [106.8559438, -6.2534031], [106.8561682, -6.2529037], [106.8563862, -6.2524306], [106.8566476, -6.2518609], [106.8569519, -6.2512231], [106.8572093, -6.2506596], [106.8576203, -6.2497286], [106.8578715, -6.2491443], [106.8580938, -6.2486], [106.8582469, -6.2482034], [106.8583756, -6.2477688], [106.8585584, -6.2470425], [106.8586059, -6.2468051], [106.8586492, -6.246497], [106.8586787, -6.2462593], [106.8587147, -6.2456819], [106.8587195, -6.2449648], [106.8587082, -6.2445449], [106.8586987, -6.2435288], [106.8586803, -6.2428703], [106.8586747, -6.2426707], [106.8586732, -6.2425503], [106.8586363, -6.2409733], [106.8585985, -6.238226], [106.858578, -6.2367329], [106.8585572, -6.2351453], [106.8585508, -6.2346581], [106.8585395, -6.2340639], [106.8584871, -6.2309544], [106.8584186, -6.227533], [106.858395, -6.2259309], [106.8583937, -6.2252706], [106.8583723, -6.2246605], [106.8583615, -6.2241738], [106.8583089, -6.2234967], [106.8582344, -6.2229947], [106.8581363, -6.2225113], [106.8579707, -6.2218798], [106.8578827, -6.2215705], [106.8577915, -6.2213138], [106.8576678, -6.2210093], [106.8574771, -6.2206194], [106.8573441, -6.2203467], [106.857212, -6.2201236], [106.8570013, -6.2197638], [106.8568406, -6.2195167], [106.8566604, -6.2192556], [106.8563182, -6.2187974], [106.8560744, -6.2184792], [106.8559566, -6.2183254], [106.8557978, -6.2181203], [106.8557684, -6.2180819], [106.8553775, -6.2175761], [106.8549722, -6.2170429], [106.8548302, -6.2168532], [106.8547236, -6.2167161], [106.8544136, -6.2163098], [106.8543858, -6.2162756], [106.8540169, -6.2157894], [106.8539267, -6.2156698], [106.8533925, -6.2149788], [106.8524006, -6.2138178], [106.8516756, -6.2129644], [106.8515607, -6.2128195], [106.8507119, -6.2117059], [106.8506686, -6.211649], [106.8503691, -6.2112566], [106.8503367, -6.2112143], [106.8502457, -6.2110955], [106.8499814, -6.2107459], [106.8493811, -6.2099518], [106.8488872, -6.2092985], [106.8488249, -6.2092123], [106.8487498, -6.2090965], [106.8485017, -6.2086975], [106.8484176, -6.2085578], [106.8482886, -6.2083585], [106.8482047, -6.2082388], [106.8481573, -6.2081712], [106.847926, -6.2078625], [106.8477342, -6.207616], [106.8472963, -6.2070844], [106.8471517, -6.2068948], [106.8470823, -6.2067924], [106.8470168, -6.206692], [106.8469428, -6.2065772], [106.8468598, -6.2064373], [106.8467463, -6.2062297], [106.8465862, -6.2059355], [106.8465212, -6.2058194], [106.846468, -6.20573], [106.8463508, -6.2055502], [106.8461759, -6.2053052], [106.8458277, -6.2048407], [106.8443934, -6.2029215], [106.8440532, -6.2024637], [106.843913, -6.2022641], [106.8438147, -6.2021214], [106.8437183, -6.2019757], [106.8436049, -6.201794], [106.843334, -6.2013647], [106.8432487, -6.2012386], [106.8431834, -6.2011448], [106.8431428, -6.2010905], [106.8419798, -6.1995381], [106.8419453, -6.1994919], [106.8418573, -6.1993745], [106.840407, -6.1974369], [106.8395723, -6.1962984], [106.837478, -6.1935472], [106.8359098, -6.1914437], [106.83436, -6.1893932], [106.8335543, -6.1882642], [106.8332218, -6.1876912], [106.8330846, -6.1874064], [106.8329881, -6.1871863], [106.8328895, -6.1869328], [106.8327638, -6.1865757], [106.8326494, -6.1862188], [106.8325582, -6.1858369], [106.8325035, -6.1855512], [106.8323828, -6.1845615], [106.8321567, -6.1828117], [106.8318293, -6.1805595], [106.831734, -6.1800459], [106.8316559, -6.1797336], [106.831438, -6.1791224], [106.8312624, -6.1786352], [106.8312311, -6.1785504], [106.8304712, -6.1762252], [106.8303855, -6.1759199], [106.8302909, -6.1755403], [106.8300767, -6.1745369], [106.8300536, -6.1744352], [106.8299295, -6.1738985], [106.8298237, -6.1733805], [106.8297557, -6.1728677], [106.8297389, -6.1726787], [106.8297111, -6.1723664], [106.8297138, -6.1721936], [106.8297178, -6.171939], [106.8297343, -6.1717382], [106.8297426, -6.1716367], [106.8297764, -6.1713825], [106.8297856, -6.1713381], [106.8298288, -6.1711295], [106.8298346, -6.1711015], [106.8298659, -6.1709697], [106.8302998, -6.1693449], [106.8304065, -6.1688242], [106.8304533, -6.1684041], [106.8304557, -6.1683737], [106.8304613, -6.1682709], [106.8304676, -6.1675618], [106.8304568, -6.1672547], [106.8304506, -6.1669466], [106.8304311, -6.1665175], [106.8303819, -6.1661284], [106.8303067, -6.1657402], [106.8301801, -6.1653061], [106.8301208, -6.1651537], [106.8299943, -6.1648283], [106.8298425, -6.1645309], [106.8297052, -6.1642886], [106.8294766, -6.1639214], [106.8289201, -6.1631432], [106.8285347, -6.1626009], [106.8283354, -6.1623051], [106.8281658, -6.1620175], [106.8280399, -6.1617916], [106.8279728, -6.1616436], [106.8278986, -6.1614751], [106.8277717, -6.1611548], [106.8276388, -6.1607113], [106.8275777, -6.1604397], [106.8275098, -6.1600237], [106.827484, -6.1596905], [106.8274679, -6.1594375], [106.8274332, -6.1584786], [106.8273592, -6.1538041], [106.8273299, -6.1527823], [106.8272886, -6.1518621], [106.8272222, -6.1512727], [106.8270991, -6.1505226], [106.8268018, -6.148823], [106.8266987, -6.1482306], [106.8266126, -6.1478734], [106.8265278, -6.1475645], [106.8263857, -6.147148], [106.8262347, -6.1467527], [106.826144, -6.1465474], [106.8257304, -6.1457194], [106.8245118, -6.1437226], [106.8242354, -6.1432786], [106.8235244, -6.1420959], [106.8232753, -6.1416815], [106.8230328, -6.1412563], [106.8228946, -6.141002], [106.8227763, -6.1407378], [106.8226913, -6.140541], [106.8225775, -6.1402427], [106.8225551, -6.140184], [106.822369, -6.1396251], [106.8218388, -6.1377272], [106.821749, -6.1374571], [106.8215817, -6.1371852], [106.8214649, -6.1370327], [106.8213491, -6.1368934], [106.8212112, -6.1367699], [106.8210669, -6.136678], [106.8209006, -6.1365921], [106.8206548, -6.13648], [106.8203889, -6.1364084], [106.8201443, -6.1363712], [106.8198752, -6.1363776], [106.8196235, -6.1364025], [106.8191705, -6.1364968], [106.8188836, -6.1365654], [106.8182351, -6.1367479], [106.8170235, -6.1369135], [106.8180184, -6.1366683], [106.8180625, -6.1366555], [106.8183917, -6.1365727], [106.8184454, -6.1365637], [106.8187707, -6.136482], [106.8188167, -6.1364707], [106.8197914, -6.1362244], [106.8201046, -6.1361372], [106.8204654, -6.136006], [106.8207302, -6.1358751], [106.8210435, -6.1356909], [106.8214818, -6.1353946], [106.8222637, -6.1349057], [106.8225313, -6.1347665], [106.822763, -6.1346692], [106.8230953, -6.1345475], [106.8256368, -6.133826], [106.826967, -6.1334526], [106.8277795, -6.1332171], [106.8280063, -6.1331513], [106.8282978, -6.1330556], [106.8287448, -6.1328911], [106.8290171, -6.132707], [106.8284482, -6.1323925], [106.8281842, -6.1322511], [106.8279618, -6.1321566], [106.8277176, -6.1320694], [106.82749, -6.1320176], [106.8272806, -6.132031], [106.8275202, -6.1320678], [106.8277192, -6.1321143], [106.8279881, -6.1322036], [106.8282018, -6.1322989], [106.8290171, -6.132707], [106.8293357, -6.1328832], [106.8295446, -6.133001], [106.829676, -6.1331023], [106.830063, -6.1334643], [106.8302843, -6.1337523], [106.8305391, -6.1341856], [106.8307097, -6.134706], [106.8307345, -6.1349083], [106.8307343, -6.1349837], [106.8307529, -6.1352377], [106.8307566, -6.1352874], [106.8307506, -6.1358448], [106.8307414, -6.1367022], [106.8307216, -6.1385381], [106.8307547, -6.1391069], [106.8308218, -6.1394766], [106.8308856, -6.1396843], [106.8309907, -6.1399205], [106.8311011, -6.1401217], [106.8312837, -6.1403952], [106.8314645, -6.1406037], [106.8317321, -6.1408584], [106.8320349, -6.1410571], [106.8322807, -6.1411997], [106.8322871, -6.1412031], [106.8328116, -6.1415108], [106.8332569, -6.1416744], [106.8332699, -6.1416792], [106.8333644, -6.1417104], [106.8334325, -6.1417314], [106.8334989, -6.1417544], [106.8335727, -6.1417763], [106.8340033, -6.1419374], [106.8345079, -6.1421902], [106.8351434, -6.1426291], [106.8352779, -6.1427349], [106.8354709, -6.1429029], [106.8356752, -6.1431182], [106.8359559, -6.1434362], [106.8361567, -6.1437039], [106.8363213, -6.1439483], [106.8364605, -6.1441908], [106.8365893, -6.1444374], [106.8366642, -6.1446184], [106.8367584, -6.1449043], [106.8370974, -6.1459975], [106.8371821, -6.1463115], [106.8377029, -6.148094], [106.8377497, -6.1482379], [106.8377901, -6.1483581], [106.8389209, -6.1521533], [106.8403308, -6.1579987], [106.8404187, -6.1583394], [106.8406059, -6.1589772], [106.8412205, -6.1608914], [106.8414721, -6.1616991], [106.8417414, -6.1625539], [106.8417829, -6.1626798], [106.8418064, -6.1627479], [106.8419489, -6.1631733], [106.8421808, -6.163832], [106.8425773, -6.1654155], [106.8430637, -6.1672334], [106.8431225, -6.1677381], [106.8431347, -6.1685865], [106.8431283, -6.1698073], [106.8431515, -6.1701305], [106.843182, -6.1703544], [106.8433386, -6.1710023], [106.843433, -6.1712946], [106.8435668, -6.1716169], [106.8435459, -6.1718043], [106.8434055, -6.1713817], [106.8433945, -6.1713498], [106.8433454, -6.1711862], [106.8431831, -6.1706573], [106.8431407, -6.1704261], [106.8431084, -6.170125], [106.8430895, -6.169839], [106.8430979, -6.1685888], [106.8430829, -6.1677428], [106.843026, -6.1672303], [106.8425468, -6.1654223], [106.8421808, -6.163832], [106.8420405, -6.1633436], [106.842023, -6.1632825], [106.8418639, -6.1627319], [106.8418409, -6.1626607], [106.8412461, -6.1607633], [106.8410144, -6.1600762], [106.8408328, -6.1595275], [106.8406414, -6.1589572], [106.8404776, -6.1584253], [106.8403668, -6.1579908], [106.8389527, -6.1521468], [106.8378186, -6.1483487], [106.8377899, -6.1482622], [106.8377484, -6.1481189], [106.8372131, -6.1463028], [106.8371243, -6.1459908], [106.8366981, -6.1446199], [106.8366149, -6.1444256], [106.8364887, -6.1441763], [106.8363565, -6.1439433], [106.836205, -6.143705], [106.8359866, -6.1434105], [106.8356867, -6.1430689], [106.8354963, -6.142875], [106.8353103, -6.1427114], [106.8349551, -6.1424352], [106.8345402, -6.1421621], [106.834053, -6.1419087], [106.8335599, -6.1417048], [106.833474, -6.1416742], [106.8334129, -6.1416518], [106.833346, -6.1416252], [106.8332465, -6.1415896], [106.8328404, -6.1414375], [106.8322583, -6.141259], [106.8319721, -6.1410841], [106.8316944, -6.1408848], [106.8314246, -6.1406272], [106.8312426, -6.1404169], [106.8310544, -6.1401353], [106.8309459, -6.1399375], [106.8308432, -6.1396979], [106.830778, -6.1394821], [106.8307145, -6.1391144], [106.830692, -6.1385307], [106.8307025, -6.1353016], [106.8307004, -6.1352489], [106.8306903, -6.1349961], [106.8306856, -6.1349198], [106.8306695, -6.1347088], [106.8305088, -6.1341877], [106.8302589, -6.133758], [106.8300555, -6.1335103], [106.8296438, -6.1331236], [106.8294374, -6.1329838], [106.8289307, -6.1327011], [106.8292133, -6.1327043], [106.8307227, -6.1321103], [106.8313504, -6.1318572], [106.8327982, -6.1311832], [106.8342627, -6.130398], [106.8351026, -6.1300408], [106.8358144, -6.1298272], [106.8360589, -6.1297539], [106.8388226, -6.1292732], [106.8389414, -6.129256], [106.8428053, -6.1285555], [106.8439237, -6.1283497], [106.8443079, -6.1282579], [106.8446242, -6.128187], [106.844855, -6.1281431], [106.846456, -6.127855], [106.8476768, -6.1276273], [106.8480429, -6.1275633], [106.8482036, -6.1275342], [106.848786, -6.1274288], [106.8499932, -6.1272104], [106.8507977, -6.1270774], [106.851392, -6.1269317], [106.8518412, -6.126808], [106.8526142, -6.1265494], [106.8537414, -6.1260788], [106.8538146, -6.1260482], [106.8540315, -6.1259554], [106.8546431, -6.1256766], [106.8555296, -6.1252598], [106.857764, -6.1242111], [106.857877, -6.1241637], [106.8582638, -6.1240055], [106.8611205, -6.1229353], [106.8617764, -6.1226716], [106.8620327, -6.1225846], [106.8623568, -6.1224912], [106.863141, -6.1223168], [106.8637191, -6.1221973], [106.866127, -6.1217542], [106.8666622, -6.1215993], [106.8669596, -6.1214888], [106.8674943, -6.1212487], [106.8677071, -6.1211366], [106.8681642, -6.1208599], [106.8684583, -6.1206539], [106.8689587, -6.1203032], [106.8695771, -6.1198183], [106.8703168, -6.1192384], [106.8720156, -6.117924], [106.8736131, -6.1166907], [106.8742563, -6.1161963], [106.8745943, -6.1159354], [106.8749872, -6.1156322], [106.8752219, -6.1154484], [106.8752629, -6.1154184], [106.8753232, -6.1153742], [106.8763745, -6.1145919], [106.8768993, -6.1141962], [106.8771766, -6.1139699], [106.877558, -6.1136197], [106.8778658, -6.1133547], [106.8779597, -6.113285], [106.878476, -6.1128836], [106.8793619, -6.1122], [106.8814496, -6.1106006], [106.8815061, -6.1105573]], [[106.938393, -6.2174623], [106.9378509, -6.2174022], [106.9369716, -6.2172777], [106.9361307, -6.2171586], [106.936064, -6.2171492], [106.9354174, -6.2170754], [106.9346563, -6.2169885], [106.9337614, -6.2168893], [106.9336628, -6.2168784], [106.9335745, -6.2168672], [106.932924, -6.2167847], [106.9319861, -6.2166745], [106.9312141, -6.2165838], [106.9311, -6.2165701], [106.930367, -6.2164823], [106.9290021, -6.2163187], [106.927508, -6.2161396], [106.9268764, -6.2160639], [106.9248666, -6.2157847], [106.9246209, -6.2157889], [106.9248666, -6.2157847], [106.9268812, -6.216026], [106.9270356, -6.2160441], [106.9312187, -6.2165506], [106.9329208, -6.2167513], [106.9336813, -6.216848], [106.9346731, -6.2169596], [106.9360672, -6.2171173], [106.9369685, -6.2172418], [106.9378564, -6.2173485], [106.9384673, -6.2174098], [106.9384776, -6.2174108], [106.9388064, -6.2174436], [106.9392534, -6.2175794], [106.9398107, -6.2176472], [106.9402519, -6.2177126], [106.9417608, -6.2178838], [106.9392621, -6.217489], [106.9388064, -6.2174436], [106.9386074, -6.2174861], [106.938393, -6.2174623]], [[106.82315, -6.1326359], [106.8244641, -6.1324184], [106.8251395, -6.1323007], [106.8254997, -6.1322387], [106.8258834, -6.1321282], [106.8266461, -6.1320016], [106.826801, -6.1319834], [106.8270247, -6.1319729], [106.8272806, -6.132031], [106.8269713, -6.1320175], [106.8266835, -6.132033], [106.8258834, -6.1321282], [106.8255215, -6.1321943], [106.8246424, -6.1323489], [106.823932, -6.1324657], [106.8233433, -6.1325647], [106.8229297, -6.1326343], [106.822606, -6.1327128], [106.8220883, -6.1328444], [106.821805, -6.1328901], [106.8215951, -6.1329096], [106.8213378, -6.1329115], [106.8210762, -6.1328914], [106.8207644, -6.1328383], [106.8204247, -6.1327526], [106.8193483, -6.1323596], [106.8189271, -6.1321462], [106.8185985, -6.1319702], [106.8168257, -6.1309315], [106.8158722, -6.1304441], [106.8155823, -6.1303358], [106.8152724, -6.1302602], [106.8148454, -6.1302031], [106.8141, -6.1300433], [106.8137295, -6.1300305], [106.813383, -6.1300934], [106.8123294, -6.1303728], [106.8120452, -6.1304481], [106.8124297, -6.1303109], [106.8134211, -6.1300446], [106.8137355, -6.1299886], [106.8141148, -6.1300028], [106.8148541, -6.1301726], [106.8152724, -6.1302602], [106.8155677, -6.1303715], [106.815858, -6.1304777], [106.8168209, -6.1309719], [106.8185918, -6.1320049], [106.8189137, -6.1321862], [106.8193457, -6.1323898], [106.8196315, -6.1325081], [106.8205593, -6.1328306], [106.8209226, -6.132909], [106.8211587, -6.1329383], [106.8214278, -6.1329471], [106.8215901, -6.1329481], [106.8217877, -6.1329318], [106.8220988, -6.1328832], [106.8226088, -6.132751], [106.8229445, -6.132671], [106.82315, -6.1326359]], [[106.9010222, -6.2132958], [106.9006384, -6.2132869], [106.8986535, -6.2133596], [106.9006416, -6.2134066], [106.9016693, -6.2134076], [106.9019884, -6.2134079], [106.90224, -6.2134026], [106.9025166, -6.2133968], [106.9029332, -6.2133881], [106.9031914, -6.2133929], [106.9037394, -6.2134031], [106.9041002, -6.2134098], [106.9041738, -6.2134112], [106.9046863, -6.2134207], [106.9050607, -6.2134383], [106.9053368, -6.2134513], [106.9055447, -6.2134671], [106.905808, -6.2134871], [106.9062349, -6.2135299], [106.9062833, -6.2135348], [106.907091, -6.2136258], [106.9071839, -6.2136374], [106.9086027, -6.2138138], [106.909989, -6.2139863], [106.9100367, -6.2139922], [106.910232, -6.214018], [106.9111778, -6.2141307], [106.9123961, -6.2142759], [106.9124667, -6.2142843], [106.9149146, -6.2145933], [106.9152325, -6.2146334], [106.9175293, -6.2149234], [106.9177214, -6.2149476], [106.918805, -6.2150844], [106.91951, -6.2151734], [106.9197714, -6.2152129], [106.9198778, -6.215229], [106.9203155, -6.2152867], [106.9213905, -6.2154285], [106.9201108, -6.2151982], [106.9194267, -6.2151197], [106.9124712, -6.2142501], [106.9102069, -6.2139807], [106.9101989, -6.2140141], [106.9102069, -6.2139807], [106.9071021, -6.2135907], [106.9062845, -6.2134959], [106.9058079, -6.2134505], [106.9053424, -6.2134162], [106.9046907, -6.2133813], [106.9010222, -6.2132958]], [[106.8956681, -6.2131951], [106.8958509, -6.2131986], [106.8958487, -6.2132394], [106.897488, -6.2132253], [106.8986471, -6.2132396], [106.8981735, -6.2133321], [106.8974835, -6.2133095], [106.8963798, -6.2132622], [106.8958487, -6.2132394]], [[106.8692758, -6.215015], [106.8690252, -6.215027], [106.8689743, -6.2150301], [106.8689097, -6.2150343], [106.8684017, -6.2150293], [106.8683291, -6.2150273], [106.8680664, -6.2150199], [106.8679547, -6.2150116], [106.867799, -6.2149892], [106.8676729, -6.2149658], [106.8675584, -6.2149379], [106.8674565, -6.2149106], [106.8673445, -6.2148729], [106.867152, -6.2147993], [106.8670587, -6.2147573], [106.8669619, -6.214711], [106.866792, -6.2146114], [106.8666823, -6.2145365], [106.8665988, -6.214476], [106.8665169, -6.2144109], [106.8663998, -6.2143115], [106.8661508, -6.2140873], [106.8658325, -6.2137926], [106.8657948, -6.2137584], [106.8650956, -6.2131172], [106.8646895, -6.2127423], [106.864287, -6.2123735], [106.8641666, -6.2122679], [106.8640018, -6.2121953], [106.8641463, -6.2123022], [106.8646614, -6.2127654], [106.8646935, -6.2127946], [106.8651275, -6.2131939], [106.8661252, -6.2141144], [106.8663739, -6.2143404], [106.8664931, -6.2144434], [106.8665835, -6.2145153], [106.866656, -6.2145656], [106.8667701, -6.2146435], [106.8669133, -6.2147295], [106.8670318, -6.214791], [106.8671309, -6.2148372], [106.8673316, -6.214914], [106.8673804, -6.2149294], [106.8675484, -6.2149799], [106.8676434, -6.215002], [106.8677975, -6.21503], [106.8679634, -6.2150484], [106.8680957, -6.2150583], [106.8683281, -6.2150649], [106.8684006, -6.2150669], [106.8689093, -6.215078], [106.868974, -6.2150797], [106.86928, -6.2150877], [106.8693767, -6.2150903], [106.869976, -6.2150943], [106.8705988, -6.2150985], [106.8703372, -6.215023], [106.8699744, -6.2150191], [106.8695933, -6.2150151], [106.8695228, -6.2150132], [106.8693696, -6.2150128], [106.8692758, -6.215015]], [[106.8436884, -6.1719157], [106.8438466, -6.1722326], [106.8438776, -6.1722935], [106.8439977, -6.1725343], [106.8440952, -6.1727569], [106.8450192, -6.175172], [106.8451493, -6.175512], [106.8451597, -6.1755393], [106.8452597, -6.1757983], [106.8453171, -6.1760268], [106.8454217, -6.1763823], [106.8451344, -6.1760268], [106.8450073, -6.1757411], [106.8449879, -6.1756997], [106.8448595, -6.175426], [106.8441828, -6.173701], [106.8437551, -6.1724146], [106.8435459, -6.1718043]], [[106.8014135, -6.1550667], [106.8014059, -6.154958], [106.8013972, -6.1548503], [106.8013553, -6.1544368], [106.8013026, -6.1537799], [106.8011984, -6.1521714], [106.8011675, -6.1517873], [106.8009397, -6.1483615], [106.8009047, -6.1477201], [106.8008716, -6.1471524], [106.8008548, -6.1468869], [106.8008188, -6.1464919], [106.800806, -6.1463115], [106.8007787, -6.1461143], [106.8007504, -6.1459477], [106.8007363, -6.1458393], [106.8006115, -6.1435488], [106.8005985, -6.1427614], [106.800568, -6.1422428], [106.8005636, -6.1421373], [106.8005562, -6.1420064], [106.8005945, -6.1417691], [106.8004514, -6.139182], [106.8003614, -6.1376106], [106.8002938, -6.1367029], [106.8002489, -6.1365507], [106.8002529, -6.1366129], [106.8002602, -6.1367063], [106.8003297, -6.1376005], [106.8004198, -6.1391778], [106.8005474, -6.1417731], [106.8006029, -6.1419868], [106.8006029, -6.1419868], [106.8006032, -6.1420057], [106.800609, -6.1421349], [106.8006484, -6.1428661], [106.8006554, -6.1429676], [106.8006901, -6.1435409], [106.8007959, -6.1455164], [106.8008306, -6.1461419], [106.8008861, -6.1468829], [106.8009039, -6.1471516], [106.800937, -6.1477175], [106.8009801, -6.1484795], [106.8009446, -6.1484789], [106.8011244, -6.1517891], [106.8011545, -6.1521758], [106.8011901, -6.152718], [106.8012008, -6.1529299], [106.801216, -6.1532976], [106.8012494, -6.1535033], [106.8012612, -6.1537582], [106.8012902, -6.1544308], [106.8011681, -6.15508], [106.8011892, -6.1555014], [106.8012402, -6.1565236], [106.8012852, -6.1571492], [106.8014058, -6.1574522], [106.8014482, -6.1580778], [106.8015322, -6.1589305], [106.8015566, -6.1591471], [106.8015823, -6.1596068], [106.8016772, -6.1615934], [106.8019785, -6.166719], [106.8020032, -6.1669758], [106.8020313, -6.1672041], [106.8020654, -6.1673873], [106.8021432, -6.1676688], [106.8022342, -6.1679128], [106.8023692, -6.1682224], [106.8024385, -6.1683839], [106.802535, -6.1685647], [106.8032843, -6.1696921], [106.8052312, -6.1724937], [106.8065105, -6.1743463], [106.8095077, -6.178693], [106.809807, -6.1791092], [106.8100166, -6.1794352], [106.8101002, -6.1796045], [106.8101599, -6.1797401], [106.8102161, -6.1799283], [106.8102633, -6.1801314], [106.8103117, -6.1804435], [106.8103598, -6.1809184], [106.8103985, -6.1813161], [106.8105019, -6.1822579], [106.8105296, -6.1823827], [106.8105732, -6.1825331], [106.8106026, -6.1826536], [106.8106347, -6.1828731], [106.8107545, -6.183903], [106.8108228, -6.1844964], [106.8108592, -6.1848067], [106.810939, -6.1854871], [106.8110355, -6.1859014], [106.8109854, -6.1854798], [106.8109229, -6.1849459], [106.8109047, -6.1847913], [106.8108944, -6.1846464], [106.8108808, -6.1844856], [106.8108734, -6.1842457], [106.810863, -6.184018], [106.8107407, -6.1829199], [106.8107191, -6.1828062], [106.8106831, -6.1826772], [106.8106528, -6.1825903], [106.8106222, -6.182506], [106.8105735, -6.1823719], [106.8105465, -6.182284], [106.8105324, -6.1822193], [106.8103896, -6.1808285], [106.8103505, -6.180443], [106.8103013, -6.180117], [106.8102531, -6.1799092], [106.8102012, -6.1797337], [106.810138, -6.1795874], [106.8100526, -6.1794165], [106.8098272, -6.1790951], [106.8095227, -6.1786558], [106.8065387, -6.1743247], [106.8052527, -6.1724629], [106.8032856, -6.1696312], [106.8028178, -6.1689193], [106.8025664, -6.1685341], [106.8024712, -6.1683692], [106.8024079, -6.1682261], [106.8022635, -6.1678966], [106.8021693, -6.1676565], [106.8020922, -6.1673744], [106.8020638, -6.1671842], [106.8020394, -6.1669726], [106.8020109, -6.166715], [106.8017056, -6.1615838], [106.8016278, -6.1600863], [106.801608, -6.1594994], [106.8015869, -6.1591381], [106.801536, -6.1586518], [106.8014903, -6.157548], [106.8014932, -6.1574429], [106.8015036, -6.1567882], [106.801501, -6.1565675], [106.8014761, -6.1561145], [106.8014462, -6.1555938], [106.8013252, -6.1550715], [106.8014462, -6.1555938], [106.801416, -6.1566058], [106.8014475, -6.1571173], [106.8014058, -6.1574522], [106.8013638, -6.1584337], [106.8013465, -6.1587435], [106.8012963, -6.1590025], [106.8011314, -6.1594599], [106.8009887, -6.1597282], [106.8005858, -6.1602026], [106.800084, -6.1605564], [106.7998842, -6.1606534], [106.7995536, -6.1607984], [106.7984476, -6.1612623], [106.7984448, -6.1612634], [106.7979251, -6.1614743], [106.7976865, -6.1615622], [106.7964407, -6.1620316], [106.7961027, -6.1621376], [106.7956863, -6.162205], [106.7951465, -6.1622631], [106.7943648, -6.1622571], [106.7905805, -6.1621092], [106.7905171, -6.1621073], [106.7901913, -6.1620981], [106.7899529, -6.1620907], [106.7899227, -6.1620898], [106.7898369, -6.1620875], [106.7894436, -6.1620735], [106.7872681, -6.1619976], [106.7863388, -6.1619548], [106.7846391, -6.1618903], [106.7815641, -6.161776], [106.776613, -6.1615965], [106.7760552, -6.1615785], [106.7737966, -6.1614934], [106.773571, -6.1614681], [106.7715864, -6.1611889], [106.7697036, -6.1608997], [106.7694861, -6.1608768], [106.7690653, -6.1608244], [106.7686639, -6.1607676], [106.7684845, -6.1607419], [106.7678826, -6.1606608], [106.7668501, -6.1605305], [106.7664741, -6.1604747], [106.7631423, -6.1599661], [106.7630819, -6.1599563], [106.7630431, -6.1599516], [106.7629868, -6.1599428], [106.7612581, -6.1595853], [106.75953, -6.1592169], [106.7592169, -6.1591517], [106.7585485, -6.1590228], [106.757716, -6.1588262], [106.7571198, -6.1587145], [106.7568434, -6.1586552], [106.7567234, -6.1586332], [106.7558252, -6.1584472], [106.7545627, -6.1581842], [106.7537115, -6.1579884], [106.7535432, -6.1579625], [106.7529092, -6.1579163], [106.7525331, -6.1578995], [106.7521073, -6.157897], [106.748665, -6.1581156], [106.748007, -6.1581757], [106.7479576, -6.1581825], [106.7474876, -6.1582323], [106.7474448, -6.1582362], [106.7456632, -6.158431], [106.7431676, -6.1586494], [106.7407893, -6.1588207], [106.7399156, -6.1588957], [106.739138, -6.1590407], [106.7384984, -6.1592223], [106.7375563, -6.1596077], [106.7374343, -6.1596555], [106.7372068, -6.1597503], [106.736771, -6.159932], [106.7364514, -6.1600652], [106.7360615, -6.1602267], [106.735378, -6.1604561], [106.7350302, -6.1605372], [106.7345776, -6.1606428], [106.7333131, -6.1608865], [106.7318322, -6.1611396], [106.7312372, -6.1612523], [106.7274709, -6.1619392], [106.7264475, -6.1621147], [106.7252368, -6.1623203], [106.72398, -6.1625489], [106.7227805, -6.1627563], [106.7213862, -6.1629954], [106.7208751, -6.1630741], [106.7206513, -6.16311], [106.7195497, -6.1632753], [106.7143277, -6.1641779], [106.7109648, -6.1647356], [106.7047022, -6.16579], [106.7025108, -6.1661506], [106.6991739, -6.1666997], [106.6958691, -6.1672437], [106.6929167, -6.1677197], [106.685683, -6.168913], [106.6802736, -6.1697901], [106.6797314, -6.169872], [106.6796704, -6.1698836], [106.6768728, -6.1703299], [106.6712119, -6.1712423], [106.6692582, -6.1715533], [106.6682708, -6.1717163], [106.6679728, -6.1717683], [106.667608, -6.1718401], [106.6675558, -6.1718485], [106.6670979, -6.1719237], [106.6663275, -6.172031], [106.6639437, -6.1724069], [106.6631314, -6.1725342], [106.6627581, -6.1725903], [106.6622199, -6.172675], [106.659803, -6.1730803], [106.6579626, -6.1733612], [106.6563776, -6.1736193], [106.6536791, -6.1740442], [106.6528128, -6.1741807], [106.65242, -6.1742425], [106.6516556, -6.1743629], [106.6492641, -6.1747474], [106.6479365, -6.1749515], [106.6478534, -6.1749649], [106.645729, -6.1752995], [106.6445195, -6.1754913], [106.6443955, -6.1755111], [106.6422043, -6.17585], [106.6421187, -6.1758646], [106.6380509, -6.1765033], [106.6379697, -6.1765156], [106.6370005, -6.1766742], [106.6368733, -6.1766949], [106.6360088, -6.1768211], [106.6349824, -6.1769244], [106.6346742, -6.1769504], [106.6340061, -6.1769491], [106.6336457, -6.1769411], [106.6307174, -6.1768139], [106.6304498, -6.1768034]], [[106.8686651, -6.2148129], [106.8694509, -6.214782], [106.8694756, -6.214781], [106.8696416, -6.2147732], [106.8694772, -6.2147459], [106.8694474, -6.2147471], [106.8686628, -6.2147777], [106.8685114, -6.2147814], [106.8683617, -6.2147828], [106.868215, -6.21478], [106.8681011, -6.2147731], [106.8679862, -6.2147611], [106.8678067, -6.2147295], [106.8676215, -6.2146841], [106.8675211, -6.2146552], [106.8674129, -6.214616], [106.8672612, -6.2145582], [106.8671048, -6.2144864], [106.8669109, -6.2143773], [106.8667272, -6.2142512], [106.8665473, -6.2141082], [106.8664047, -6.2139842], [106.8663683, -6.2139498], [106.866322, -6.2139062], [106.8663131, -6.2139492], [106.8663297, -6.2139653], [106.8665215, -6.2141412], [106.8667188, -6.2142984], [106.8668848, -6.2144108], [106.8670916, -6.2145251], [106.8672446, -6.2145954], [106.8674065, -6.21466], [106.867508, -6.2146958], [106.8676141, -6.2147239], [106.8678059, -6.2147728], [106.8680223, -6.2148053], [106.8682065, -6.2148205], [106.8683618, -6.2148216], [106.8685111, -6.2148186], [106.8686651, -6.2148129]], [[106.9483425, -6.2186178], [106.9477101, -6.2185045], [106.9467423, -6.2183688], [106.9453285, -6.2182564], [106.9455209, -6.2182786], [106.9461973, -6.2183493], [106.9467281, -6.2184047], [106.9468203, -6.2184177], [106.9469271, -6.2184327], [106.9476207, -6.2185302], [106.9477221, -6.2185444], [106.9483425, -6.2186178], [106.948706, -6.2186791], [106.9483056, -6.218641], [106.9486893, -6.2187133], [106.9491167, -6.2187812], [106.9492542, -6.2188031], [106.949405, -6.2188227], [106.9494218, -6.2188245], [106.9507741, -6.2189678], [106.9509471, -6.2189861], [106.9502605, -6.2188832], [106.949593, -6.2188086], [106.9492692, -6.2187667], [106.948706, -6.2186791]], [[106.9509471, -6.2189861], [106.9520435, -6.2191179], [106.9542687, -6.2193777], [106.9549163, -6.2194516], [106.9558278, -6.2195514], [106.9569745, -6.2196521], [106.9582177, -6.2197798], [106.9590647, -6.219868], [106.9626846, -6.2203259], [106.965419, -6.2206498], [106.966657, -6.220785], [106.9704406, -6.2212444], [106.9706839, -6.2212739], [106.9704486, -6.2212108], [106.9697719, -6.2211322], [106.9687682, -6.2210035], [106.9666581, -6.2207515], [106.9653501, -6.2206071], [106.9645064, -6.2205088], [106.9633596, -6.2203695], [106.9626829, -6.2202931], [106.9620793, -6.2202139], [106.9606139, -6.2200388], [106.9590663, -6.2198368], [106.9577426, -6.2196945], [106.9569835, -6.2196118], [106.955808, -6.2195123], [106.9554884, -6.2194807], [106.954923, -6.2194241], [106.9542693, -6.2193453], [106.9520607, -6.2190888], [106.9516129, -6.2190408], [106.9509523, -6.2189604]], [[107.0005734, -6.2373888], [107.0002363, -6.2371795], [106.9999856, -6.2370281], [106.9999484, -6.2370056], [106.9993369, -6.2366804], [106.9997824, -6.2369502], [106.9999306, -6.2370367], [106.9999683, -6.2370597], [107.0002259, -6.2372165], [107.0005535, -6.2374194], [107.0006015, -6.2374489], [107.0020219, -6.2383365], [107.0006303, -6.2374238], [107.0005734, -6.2373888]], [[106.8155484, -6.2007087], [106.8152254, -6.2006373], [106.8139444, -6.2003511], [106.8136462, -6.2002634], [106.8134104, -6.2001566], [106.8131285, -6.2000038], [106.8128382, -6.199792], [106.8126501, -6.1996269], [106.8123908, -6.1993459], [106.8121999, -6.1990696], [106.8120578, -6.1987881], [106.8111017, -6.196471], [106.8107219, -6.1955881], [106.8107556, -6.1956697], [106.8111345, -6.1964608], [106.8121042, -6.1987758], [106.8122407, -6.1990419], [106.81243, -6.1993248], [106.8126801, -6.199588], [106.8128641, -6.1997621], [106.8131409, -6.1999648], [106.8133934, -6.200106], [106.8136705, -6.2002312], [106.8139518, -6.2003147], [106.81521, -6.2005941], [106.8155342, -6.2006687], [106.8157525, -6.2007159], [106.8159745, -6.2007639], [106.8178389, -6.2011668], [106.818165, -6.2012741], [106.8207409, -6.2018331], [106.8216828, -6.2020363], [106.8223376, -6.2021776], [106.8186815, -6.2013528], [106.8178389, -6.2011668], [106.8174879, -6.2011259], [106.8155484, -6.2007087]], [[106.8483307, -6.2080782], [106.8483145, -6.2080574], [106.8481638, -6.2078609], [106.8481061, -6.2078735], [106.848143, -6.207914], [106.8482732, -6.2080655], [106.8483, -6.2081], [106.8482878, -6.2080842], [106.8486684, -6.2084625], [106.8484649, -6.2082852], [106.8484322, -6.2082508], [106.8483744, -6.2081856], [106.8483, -6.2081]], [[106.8226786, -6.2022518], [106.8230659, -6.2023352], [106.8226861, -6.2022207], [106.82252, -6.2021833], [106.822345, -6.2021439], [106.8225135, -6.2022159], [106.8226786, -6.2022518]], [[106.9453378, -6.2182186], [106.9455259, -6.2182397], [106.9429476, -6.2179349], [106.941762, -6.2177883], [106.9429397, -6.2179877], [106.9433654, -6.2180356], [106.9449163, -6.21821], [106.9453285, -6.2182564]], [[106.8165858, -6.137075], [106.8168856, -6.1369567], [106.8166459, -6.1372229], [106.8164226, -6.1373232], [106.8163024, -6.1373873], [106.8161371, -6.1374608], [106.8161187, -6.1374675], [106.8159213, -6.1375391], [106.8148544, -6.1378551], [106.8160713, -6.1372943], [106.8161942, -6.1372542], [106.8165858, -6.137075]], [[106.862761, -6.2105049], [106.8628621, -6.2107083], [106.8628948, -6.2107641], [106.8629122, -6.2107923], [106.8629262, -6.2108149], [106.8630059, -6.210944], [106.8630864, -6.2110583], [106.8632879, -6.2113007], [106.8634449, -6.2114605], [106.8635096, -6.211517], [106.8639042, -6.2118405], [106.8646469, -6.212444], [106.8648773, -6.2126486], [106.8649129, -6.2126803], [106.8656851, -6.2133812], [106.8659184, -6.2135927], [106.866322, -6.2139062], [106.8659428, -6.2135638], [106.8657112, -6.2133549], [106.8649046, -6.2126221], [106.8646591, -6.2124072], [106.863921, -6.2118084], [106.8635143, -6.2114699], [106.8634758, -6.2114345], [106.8633099, -6.2112708], [106.8631206, -6.2110401], [106.8630358, -6.2109208], [106.8629303, -6.2107442], [106.8628964, -6.2106807], [106.8628106, -6.2104808], [106.8626706, -6.21024], [106.8625807, -6.2099765], [106.8625081, -6.2097607], [106.8623832, -6.2093192], [106.8621783, -6.208566], [106.8624125, -6.2093114], [106.862546, -6.2097627], [106.8626121, -6.2099682], [106.8627022, -6.2102274], [106.8628106, -6.2104808]], [[106.8474909, -6.2070349], [106.8474644, -6.2069992], [106.8472855, -6.2067669], [106.8472189, -6.2066825], [106.8471116, -6.2065551], [106.8470097, -6.2064438], [106.8468944, -6.2063346], [106.846615, -6.2061084], [106.8464746, -6.2060188], [106.8463827, -6.205971], [106.846319, -6.2059378], [106.8461793, -6.2058743], [106.8460709, -6.2058295], [106.8459304, -6.2057797], [106.8456917, -6.2057107], [106.8453926, -6.2056675], [106.8451829, -6.2056502], [106.8449738, -6.2056496], [106.8448746, -6.2056547], [106.844748, -6.2056685], [106.8444417, -6.2057244], [106.844163, -6.2058094], [106.8438983, -6.2059303], [106.8435318, -6.2061235], [106.8432342, -6.2062855], [106.8430282, -6.2063747], [106.8428681, -6.2064297], [106.8426825, -6.206477], [106.8424655, -6.2065237], [106.8420502, -6.2065545], [106.8418614, -6.2065511], [106.8416939, -6.2065391], [106.8414618, -6.2064933], [106.8411486, -6.206397], [106.8408565, -6.2062969], [106.8388221, -6.2055998], [106.8387431, -6.2055727], [106.83733, -6.2051048], [106.8370604, -6.205041], [106.8340365, -6.2045969], [106.8313791, -6.2042187], [106.8312942, -6.2042066], [106.8305629, -6.2040702], [106.8256164, -6.2029437], [106.8256527, -6.2029522], [106.8257404, -6.2029371], [106.8256164, -6.2029437], [106.8249779, -6.2027916], [106.8243422, -6.2026049], [106.8249849, -6.2027599], [106.8257316, -6.2029705], [106.8286232, -6.2036526], [106.8305552, -6.2041083], [106.8312259, -6.2042286], [106.8312592, -6.2042346], [106.8326695, -6.204442], [106.8340312, -6.2046423], [106.8355812, -6.2048673], [106.835855, -6.204907], [106.8367049, -6.2050321], [106.8370355, -6.2050807], [106.8373244, -6.2051534], [106.8387337, -6.2056274], [106.8388189, -6.2056557], [106.8410473, -6.2063957], [106.8411463, -6.2064286], [106.8414826, -6.2065338], [106.8416829, -6.2065699], [106.841912, -6.2065905], [106.8420513, -6.2065924], [106.8422093, -6.2065826], [106.8425142, -6.2065581], [106.8427115, -6.2065141], [106.8428845, -6.2064682], [106.8430319, -6.2064165], [106.8432435, -6.2063249], [106.8439122, -6.2059651], [106.8441839, -6.2058494], [106.8444569, -6.2057724], [106.8447569, -6.2057175], [106.844885, -6.2057058], [106.8450403, -6.2057019], [106.8452445, -6.2057032], [106.8454907, -6.2057307], [106.845704, -6.2057707], [106.8459592, -6.2058413], [106.846151, -6.2059219], [106.8462806, -6.2059756], [106.8463408, -6.2060065], [106.8463669, -6.2060199], [106.8464437, -6.2060628], [106.8465925, -6.2061563], [106.8467758, -6.2062887], [106.8468599, -6.2063634], [106.8469386, -6.2064382], [106.8470801, -6.2065843], [106.8471746, -6.2066886], [106.8472697, -6.2067984], [106.847437, -6.2070217], [106.8474608, -6.2070533], [106.8477972, -6.2074369], [106.847779, -6.2074735], [106.8479084, -6.2076441], [106.8479343, -6.2076785], [106.8480363, -6.2077971], [106.8480791, -6.2077652], [106.8479965, -6.2076714], [106.847827, -6.207476], [106.8474608, -6.2070533]], [[106.8232354, -6.2023736], [106.8233736, -6.202405], [106.8236809, -6.2024803], [106.8232424, -6.2023449], [106.8232424, -6.2023449], [106.8232354, -6.2023736]], [[106.9788886, -6.2238316], [106.9780082, -6.2232741], [106.9773768, -6.2228931], [106.977025, -6.2226864], [106.9768078, -6.2225591], [106.976546, -6.2224235], [106.9763274, -6.222324], [106.9758999, -6.222141], [106.9752648, -6.221918], [106.9748485, -6.2217957], [106.9745345, -6.2217217], [106.9742125, -6.2216627], [106.9739699, -6.2216226], [106.9736051, -6.2215782], [106.9719399, -6.2213703], [106.9711355, -6.221287], [106.9706925, -6.2212391], [106.9706901, -6.2212388], [106.9736004, -6.2216143], [106.973982, -6.2216618], [106.9741866, -6.2216989], [106.9745269, -6.2217599], [106.9748544, -6.2218405], [106.9752545, -6.2219565], [106.9759021, -6.2221751], [106.9763179, -6.2223591], [106.9765314, -6.2224566], [106.9767914, -6.2225865], [106.9769977, -6.2227047], [106.9773605, -6.2229291], [106.9779876, -6.2233079], [106.9788171, -6.2238987], [106.9798787, -6.2244525], [106.9807916, -6.2250274], [106.9796847, -6.2244786], [106.9788171, -6.2238987]], [[106.9213905, -6.2154285], [106.9219477, -6.2155], [106.9226747, -6.2155933], [106.9229513, -6.2156288], [106.9229619, -6.2156303], [106.9236358, -6.2157285], [106.9214031, -6.2153263]], [[106.9239694, -6.215749], [106.9246209, -6.2157889], [106.9239613, -6.2156565], [106.9236581, -6.2156125], [106.9237339, -6.2157345], [106.9239694, -6.215749]], [[106.8455995, -6.1771095], [106.8455215, -6.176871], [106.8454481, -6.1766906], [106.8452978, -6.1763689], [106.8452662, -6.1762992], [106.8456169, -6.1768815], [106.8457604, -6.1773304], [106.8463409, -6.1795213], [106.8464739, -6.1799655], [106.8466879, -6.1804541], [106.8469624, -6.1808874], [106.8501981, -6.1852414], [106.8501171, -6.1851771], [106.8469086, -6.1809177], [106.8467447, -6.1806829], [106.8466162, -6.1804669], [106.8465136, -6.1802609], [106.8463995, -6.1800153], [106.8462655, -6.1796223], [106.8455995, -6.1771095]], [[107.085714, -6.2614607], [107.0862004, -6.2613954], [107.0869005, -6.2612838], [107.0883314, -6.2610557], [107.0891378, -6.2609296], [107.0900306, -6.2607928], [107.0919647, -6.2605072], [107.0991699, -6.2593865], [107.1011907, -6.2590725], [107.1055998, -6.2583664], [107.1065011, -6.2582283], [107.1101262, -6.25766], [107.1102351, -6.2576096], [107.1109586, -6.2575011], [107.1109176, -6.2575074], [107.1112509, -6.257457], [107.1124158, -6.2572722], [107.1102351, -6.2576432], [107.1101227, -6.2576267], [107.1064883, -6.2581962], [107.1055925, -6.2583423], [107.104367, -6.2585372], [107.1016445, -6.2589771], [107.1011997, -6.2590453], [107.0991725, -6.2593518], [107.0974227, -6.2596303], [107.0950838, -6.2600116], [107.0919618, -6.2604601], [107.0891411, -6.2609672], [107.0869976, -6.2613023], [107.0869077, -6.2613193], [107.0857556, -6.261537], [107.085656, -6.2615533], [107.0836549, -6.2618811], [107.0831764, -6.2619493], [107.0828188, -6.2619935], [107.0807594, -6.2623023], [107.0790292, -6.2625803], [107.0784717, -6.2626623], [107.0767656, -6.2628979], [107.0762813, -6.2629492], [107.0752977, -6.262995], [107.0747994, -6.2630097], [107.0743149, -6.2629957], [107.0737343, -6.2629714], [107.0732773, -6.262941], [107.0743494, -6.2629761], [107.0748075, -6.2629843], [107.0752835, -6.2629732], [107.0762778, -6.2629213], [107.0767483, -6.2628778], [107.0771962, -6.2628138], [107.0784703, -6.2626278], [107.079814, -6.2624165], [107.0807559, -6.2622652], [107.0828513, -6.2619187], [107.0832401, -6.2618585], [107.084406, -6.261678], [107.085714, -6.2614607]], [[106.7269208, -6.2901361], [106.7267641, -6.2902298]], [[106.8056564, -6.1321135], [106.8064913, -6.1318488], [106.8056435, -6.1320655], [106.8025774, -6.1328523], [106.8021383, -6.1330095], [106.8018558, -6.1331512], [106.8015709, -6.1333253], [106.8013553, -6.1334958], [106.8011144, -6.1337098], [106.8008777, -6.1339846], [106.8007223, -6.1342087], [106.8005464, -6.1345374], [106.8003964, -6.1348966], [106.8003378, -6.1350944], [106.8002796, -6.1353889], [106.8002289, -6.1357172], [106.8002286, -6.1359275], [106.8002489, -6.1365507], [106.8002819, -6.1365449], [106.8002607, -6.1359305], [106.8002635, -6.1357081], [106.8003161, -6.1353947], [106.8003935, -6.1350489], [106.8004811, -6.1347909], [106.8005751, -6.1345686], [106.8007567, -6.1342339], [106.8009391, -6.1339831], [106.8011579, -6.1337368], [106.8013781, -6.1335323], [106.8016008, -6.1333568], [106.8018717, -6.1331872], [106.8021429, -6.1330533], [106.8025922, -6.1328962], [106.8056564, -6.1321135]], [[106.999357, -6.2366515], [106.9988453, -6.2363272], [106.9993369, -6.2366804]], [[106.8013741, -6.4532216], [106.801313, -6.4536241], [106.8012128, -6.4540379], [106.8010722, -6.4551387], [106.8010145, -6.4555704], [106.8009828, -6.4559788], [106.8009884, -6.4562104], [106.8010065, -6.4563932], [106.8010334, -6.4566103], [106.8010841, -6.4568273], [106.8011671, -6.457137], [106.8013272, -6.4575553], [106.8015256, -6.4579395], [106.8017587, -6.4583296], [106.8018566, -6.4584605], [106.801999, -6.4586285], [106.8024727, -6.4591316], [106.8033394, -6.4599034], [106.8040119, -6.4604411], [106.8040509, -6.4604723], [106.8047534, -6.4609591], [106.8062817, -6.4616713], [106.8063918, -6.4617026], [106.8072837, -6.461932], [106.8074978, -6.4619672], [106.8081735, -6.4620719], [106.8090398, -6.4620764], [106.8104053, -6.4620093], [106.8123114, -6.4618721], [106.8140172, -6.4617883], [106.8146855, -6.4617481], [106.8165086, -6.4615427], [106.8172855, -6.4614418], [106.8206624, -6.4610852], [106.8233631, -6.460785], [106.8242843, -6.4606886], [106.824605, -6.460655], [106.8251181, -6.4606031], [106.8256437, -6.460569], [106.8257341, -6.460571], [106.8264157, -6.4605931], [106.8270113, -6.4606518], [106.8275189, -6.4607451], [106.829228, -6.4611224], [106.8325828, -6.4618863], [106.8366202, -6.4627818], [106.8369613, -6.4628581], [106.842304, -6.46407], [106.8426063, -6.4641426], [106.8458961, -6.4648709], [106.8464363, -6.4649399], [106.8465961, -6.4649481], [106.8470882, -6.4649498], [106.8474779, -6.4649117], [106.8485788, -6.4647543], [106.8505624, -6.4644225], [106.8520415, -6.4641866], [106.8533411, -6.4639777], [106.8539252, -6.4638836], [106.8544073, -6.4638068], [106.8547604, -6.4637648], [106.8552091, -6.4637425], [106.8556481, -6.4637532], [106.8564535, -6.4638187], [106.8577588, -6.4639261], [106.8585715, -6.464004], [106.8590726, -6.4640744], [106.8622582, -6.4646783], [106.8639372, -6.4649695], [106.8646686, -6.4651097], [106.8657357, -6.4653066], [106.8678472, -6.4657117], [106.8688175, -6.4658643], [106.8725757, -6.4665475], [106.8733614, -6.4666634], [106.8753117, -6.466942], [106.8767575, -6.4671398], [106.8781234, -6.4673381], [106.8788129, -6.4675145], [106.8792384, -6.4676549], [106.8808009, -6.4682726], [106.8815812, -6.4685813], [106.8840299, -6.469527], [106.8848115, -6.469842], [106.8853694, -6.4701005], [106.8871169, -6.4710267], [106.8916256, -6.4734356], [106.8924788, -6.4738374], [106.8934965, -6.4740009], [106.8941844, -6.4740206], [106.8947209, -6.4739767], [106.8952385, -6.4738701], [106.8957361, -6.4737115], [106.8962729, -6.4734639], [106.8967272, -6.4732014], [106.8972824, -6.4727721], [106.8977686, -6.4722953], [106.8992543, -6.4707032], [106.8998715, -6.4700426], [106.9003429, -6.469622], [106.900709, -6.4693508], [106.9011683, -6.4690712], [106.9026815, -6.4682774], [106.9055193, -6.4668163], [106.907613, -6.4657244], [106.9082475, -6.4654483], [106.9083524, -6.4653961]], [[106.8496485, -6.2097433], [106.8494362, -6.2094714], [106.8494073, -6.2094335], [106.8493938, -6.2094158], [106.8492538, -6.2092322], [106.8490302, -6.2089386], [106.8492275, -6.2092582], [106.8492811, -6.2093287], [106.8493639, -6.2094376], [106.849378, -6.2094561], [106.849411, -6.2094995], [106.8496215, -6.2097653]], [[106.8739603, -6.2148379], [106.8738083, -6.2148338], [106.8737873, -6.2148332], [106.8734892, -6.2148251], [106.8731566, -6.2148193], [106.8730847, -6.2148234], [106.8729638, -6.2148283], [106.8728088, -6.2148243], [106.8726934, -6.2148547], [106.8728359, -6.2148636], [106.8728879, -6.2148661], [106.8731482, -6.2148718], [106.8735491, -6.2148674], [106.8737033, -6.2148669], [106.8739059, -6.2148684], [106.8742002, -6.2148665], [106.8739603, -6.2148379], [106.8742002, -6.2148665], [106.8744504, -6.214871], [106.8747228, -6.214876], [106.8749633, -6.2148233], [106.8745181, -6.2148255], [106.8742121, -6.2148245]], [[106.8102227, -6.1308814], [106.8101682, -6.1308953], [106.8102227, -6.1308814], [106.810632, -6.1307774], [106.8110146, -6.1306791], [106.8118768, -6.1304577], [106.8118768, -6.1304577], [106.8115444, -6.1305802], [106.8106455, -6.1308258], [106.8103519, -6.1309021], [106.8103519, -6.1309021]], [[106.8009397, -6.1483615], [106.8009446, -6.1484789]], [[106.8011454, -6.1543527], [106.801147, -6.1544913], [106.8011538, -6.1547795], [106.8011681, -6.15508]], [[106.4746247, -6.3310985], [106.474439, -6.3309998]], [[107.1376073, -6.2533451], [107.1370969, -6.2534254], [107.1373176, -6.2534039], [107.1374932, -6.253396], [107.1380619, -6.2533249], [107.1383974, -6.2532878], [107.1386248, -6.2532712], [107.138964, -6.2532598], [107.1393429, -6.253265], [107.139811, -6.2532934], [107.1400244, -6.2533151], [107.1404178, -6.253379], [107.1407136, -6.2534417], [107.1411233, -6.2535608], [107.1414298, -6.2536642], [107.1420672, -6.2539534], [107.1425467, -6.2541755], [107.1420828, -6.2539209], [107.1416377, -6.2537192], [107.1413649, -6.2536065], [107.1410856, -6.2535076], [107.1407371, -6.253411], [107.140424, -6.2533395], [107.1400938, -6.2532853], [107.1398105, -6.2532517], [107.1393436, -6.2532262], [107.1389604, -6.2532208], [107.1388266, -6.2532233], [107.1382497, -6.2532587], [107.1380342, -6.2532767], [107.1376073, -6.2533451]], [[107.1123599, -6.2573085], [107.120149, -6.256105], [107.1281895, -6.2548048], [107.1201464, -6.2560555], [107.1197428, -6.2561189], [107.1190393, -6.2562309], [107.1173028, -6.2565073], [107.1124158, -6.2572722]], [[106.8118857, -6.1304869], [106.8120452, -6.1304481]], [[106.9962369, -6.2347266], [106.9966574, -6.2349894], [106.9967011, -6.2350169], [106.9968461, -6.2351043], [106.9970961, -6.235262], [106.9988453, -6.2363272], [106.9971281, -6.2352392], [106.9968735, -6.2350776], [106.9967223, -6.2349884], [106.9966746, -6.2349586], [106.9962582, -6.2346997], [106.9961929, -6.2346565], [106.9961414, -6.2346224], [106.9953838, -6.2341266], [106.9950059, -6.2338908], [106.9945701, -6.2336267], [106.9931678, -6.2327891], [106.9929865, -6.2326754], [106.9924721, -6.2323527], [106.992179, -6.2321698], [106.9921649, -6.232161], [106.9909928, -6.2314296], [106.9907473, -6.2312764], [106.9906019, -6.2311857], [106.9897578, -6.2306594], [106.989703, -6.2306255], [106.9896782, -6.2306094], [106.9892698, -6.2303437], [106.988547, -6.2298725], [106.9883691, -6.2297565], [106.9876267, -6.2292926], [106.9864541, -6.22856], [106.9856468, -6.228058], [106.9853978, -6.2279012], [106.9847264, -6.2274836], [106.9840065, -6.2270374], [106.9836888, -6.2268401], [106.9836427, -6.2268114], [106.9833504, -6.2266299], [106.9828398, -6.226312], [106.9820844, -6.2258477], [106.9807916, -6.2250274], [106.9817469, -6.225719], [106.9817839, -6.2257387], [106.9821253, -6.2259291], [106.9823427, -6.2260527], [106.9828217, -6.226344], [106.9836697, -6.2268727], [106.9847078, -6.2275146], [106.9853992, -6.2279487], [106.985633, -6.2280927], [106.9864337, -6.2285906], [106.9876018, -6.2293149], [106.9876426, -6.2293402], [106.9883412, -6.2297819], [106.9892493, -6.2303735], [106.9896812, -6.2306564], [106.9905868, -6.2312218], [106.9915505, -6.2318204], [106.9915811, -6.2318394], [106.9924516, -6.2323829], [106.9929644, -6.2327031], [106.9931469, -6.232817], [106.9941596, -6.2334445], [106.9949807, -6.2339201], [106.995365, -6.2341642], [106.9957068, -6.2343777], [106.9961248, -6.234654], [106.9961671, -6.2346814], [106.9962369, -6.2347266]], [[106.8637191, -6.1221973], [106.8639333, -6.1221615]], [[107.0592404, -6.2594392], [107.0601239, -6.2596623], [107.0616291, -6.2600648], [107.0629644, -6.2604262], [107.0646341, -6.2608768], [107.0652374, -6.2610546], [107.0661991, -6.2613167], [107.0681557, -6.2618558], [107.0696941, -6.2622832], [107.0701046, -6.2623916], [107.0709716, -6.2625782], [107.0714429, -6.2626725], [107.0716623, -6.2627093], [107.0718559, -6.2627418], [107.0727062, -6.2628564], [107.0731984, -6.2629357], [107.0732773, -6.262941], [107.0731972, -6.2629113], [107.0727569, -6.2628915], [107.0723723, -6.2628432], [107.0716616, -6.2627365], [107.0709738, -6.2626068], [107.0700976, -6.2624176], [107.0681489, -6.2618822], [107.0652197, -6.2610762], [107.0646205, -6.2609178], [107.0629574, -6.2604651], [107.061613, -6.2601101], [107.0601184, -6.2597053], [107.059577, -6.2595703], [107.0592409, -6.2594699], [107.0582595, -6.2592096], [107.0580843, -6.2591631], [107.0565606, -6.2588326], [107.0564407, -6.258807], [107.0543623, -6.258231], [107.0537545, -6.2580289], [107.05413, -6.2580841], [107.0543693, -6.2581362], [107.056496, -6.2586888], [107.0580873, -6.2591308], [107.0586172, -6.2592725], [107.0592404, -6.2594392]], [[107.1434693, -6.2545606], [107.1433802, -6.254521], [107.1429199, -6.2543119], [107.1428522, -6.2542796], [107.1425563, -6.2541385], [107.1428377, -6.2543126], [107.1429093, -6.2543456], [107.1433368, -6.254541]], [[106.2890032, -6.3401988], [106.2887919, -6.3401753]], [[106.3265404, -6.3357146], [106.3263488, -6.335728]], [[106.3946598, -6.3317154], [106.3945627, -6.3316737]], [[106.8734031, -6.2148773], [106.8735491, -6.2148674]], [[106.8490013, -6.2089624], [106.8489995, -6.2089005], [106.8489995, -6.2089005], [106.848695, -6.2084973], [106.8486736, -6.2084693], [106.8486684, -6.2084625], [106.8486461, -6.2084919], [106.8486669, -6.2085176], [106.84897, -6.2089198]], [[107.0919618, -6.2604601], [107.0917541, -6.2604939], [107.0919647, -6.2605072]], [[106.8696416, -6.2147732], [106.8698288, -6.2147642], [106.8699708, -6.2147596], [106.8698333, -6.2147356], [106.8695263, -6.2147454]], [[106.8699708, -6.2147596], [106.8703462, -6.2147567], [106.8706014, -6.2147563], [106.870348, -6.2147306], [106.8699747, -6.2147317]], [[106.8510832, -6.1864016], [106.8511482, -6.186487], [106.8511739, -6.1865214], [106.8516507, -6.1871676], [106.8517267, -6.1872707], [106.8516974, -6.1872951], [106.8511482, -6.1865405], [106.8511232, -6.1865059], [106.8510519, -6.1864157], [106.8508058, -6.1860896], [106.8501793, -6.1852595], [106.8510832, -6.1864016]], [[106.8622121, -6.2085627], [106.8622023, -6.2085277], [106.861247, -6.2050198], [106.8603326, -6.2016622], [106.8600739, -6.2007324], [106.8590707, -6.1976131], [106.8587243, -6.1968137], [106.8585253, -6.1964294], [106.8584382, -6.1962743], [106.8582957, -6.196055], [106.8579987, -6.195604], [106.8569211, -6.1941468], [106.8568293, -6.1940303], [106.8568864, -6.1941735], [106.8579688, -6.1956195], [106.8582682, -6.1960747], [106.8584119, -6.1962915], [106.8584964, -6.1964411], [106.8586881, -6.1968297], [106.8590379, -6.1976397], [106.8600321, -6.2007355], [106.8602976, -6.2016709], [106.8612131, -6.2050273], [106.8621701, -6.2085359], [106.8621783, -6.208566]], [[106.8633123, -6.2117887], [106.8631096, -6.2117274], [106.8630179, -6.2117062], [106.86292, -6.2116876], [106.8627973, -6.2116692], [106.8626669, -6.2116538], [106.8624751, -6.2116428], [106.8623693, -6.2116436], [106.8621327, -6.2116587], [106.8619221, -6.2116913], [106.8617088, -6.2117435], [106.8615474, -6.2117924], [106.8614373, -6.2118338], [106.8611619, -6.2119472], [106.8611302, -6.2119604], [106.8611206, -6.2119643], [106.8609278, -6.2120437], [106.8608794, -6.2121326], [106.8609563, -6.2120958], [106.8610049, -6.2120726], [106.86116, -6.2120017], [106.8614574, -6.2118729], [106.8615632, -6.2118362], [106.8617205, -6.2117867], [106.8619255, -6.2117371], [106.8621354, -6.2117054], [106.8623777, -6.2116924], [106.8624675, -6.2116909], [106.8626635, -6.211703], [106.8627906, -6.2117165], [106.8629202, -6.2117354], [106.8630087, -6.2117535], [106.8631065, -6.2117751], [106.8632987, -6.2118323], [106.8633936, -6.211868], [106.8635275, -6.2119232], [106.8636225, -6.2119679], [106.8637618, -6.2120402], [106.8638658, -6.2121041], [106.8639464, -6.2121571], [106.8639757, -6.2121771], [106.8640018, -6.2121953], [106.8640012, -6.21214], [106.8638943, -6.2120703], [106.8637541, -6.2119873], [106.8636441, -6.211929], [106.8635137, -6.2118669], [106.8634222, -6.2118281], [106.8633123, -6.2117887]], [[106.8243422, -6.2026049], [106.8236881, -6.2024501], [106.8243353, -6.202636]], [[106.8650956, -6.2131172], [106.8652293, -6.2132388]], [[107.0192208, -6.2472688], [107.0206655, -6.2477805], [107.0245706, -6.2492859], [107.0270939, -6.250246], [107.0298143, -6.2512849], [107.0329008, -6.2524888], [107.0373193, -6.2536531], [107.0415417, -6.2547728], [107.0440974, -6.2554713], [107.0489378, -6.256714], [107.0513264, -6.2573482], [107.0517122, -6.2574506], [107.0517111, -6.2574207], [107.0508714, -6.2571961], [107.0489468, -6.2566814], [107.0471138, -6.2562076], [107.0450432, -6.2556797], [107.0443685, -6.2554945], [107.0431683, -6.2551651], [107.0415429, -6.2547401], [107.0413498, -6.2546905], [107.0385603, -6.2539413], [107.0373291, -6.2536074], [107.0367444, -6.2534667], [107.0347193, -6.2529174], [107.0329947, -6.2524562], [107.0328284, -6.2523975], [107.0318172, -6.2520136], [107.0306746, -6.2515657], [107.0298226, -6.2512469], [107.0286254, -6.2507924], [107.0271104, -6.2502077], [107.0255549, -6.2496081], [107.0245945, -6.2492384], [107.0206739, -6.2477312], [107.0193464, -6.2472278], [107.0192523, -6.2471888], [107.0181846, -6.2467815], [107.0169738, -6.2463179], [107.0187235, -6.2470864], [107.0192208, -6.2472688]], [[107.1457478, -6.2555849], [107.1453971, -6.2554316], [107.1457636, -6.2555519]], [[106.7542775, -6.2677873], [106.7541802, -6.2678855]], [[106.8004557, -6.4818336], [106.8003921, -6.4819079]], [[106.8024451, -6.4681843], [106.802462, -6.4682835]], [[106.8477972, -6.2074369], [106.847819, -6.2074654], [106.847827, -6.207476]], [[106.2612164, -6.3527458], [106.2610379, -6.3528297]], [[107.1281895, -6.2548048], [107.1283119, -6.2547846], [107.128365, -6.2547758], [107.1320904, -6.2542045], [107.1370969, -6.2534254], [107.1320862, -6.2541717], [107.1283644, -6.2547446], [107.1283282, -6.2547499], [107.1281901, -6.2547682]], [[107.0129914, -6.244839], [107.013272, -6.2449464], [107.0135479, -6.2450491], [107.0144744, -6.2453883], [107.0151648, -6.2456616], [107.0159566, -6.2459615], [107.0159664, -6.2459652], [107.0169489, -6.2463811], [107.0162114, -6.2460272], [107.016012, -6.2459495], [107.015186, -6.2456256], [107.0145437, -6.2453719], [107.0135573, -6.2450227], [107.013268, -6.2449179], [107.0129929, -6.244814], [107.0118426, -6.2443648], [107.0105825, -6.2438908], [107.010097, -6.2436681], [107.0093576, -6.2433068], [107.0079032, -6.2425605], [107.0072448, -6.2422148], [107.0066743, -6.2418632], [107.0060738, -6.2414205], [107.0057972, -6.241188], [107.005586, -6.2409959], [107.0052667, -6.2406788], [107.0055577, -6.2410207], [107.0057648, -6.2412155], [107.0060455, -6.2414571], [107.0066509, -6.2418923], [107.0072269, -6.2422453], [107.0078432, -6.2425746], [107.0083456, -6.2428307], [107.0084274, -6.2428724], [107.0093465, -6.2433407], [107.0100881, -6.2437005], [107.0105661, -6.2439167], [107.0117284, -6.244354], [107.0129914, -6.244839]], [[107.0517122, -6.2574506], [107.0517984, -6.2574727], [107.053438, -6.2579011], [107.0537725, -6.2579925], [107.0534562, -6.2579435], [107.0517984, -6.2574727]], [[106.8168819, -6.1371199], [106.8170864, -6.1370366], [106.8172158, -6.1369999], [106.8168856, -6.1369567]], [[106.8015754, -6.452366], [106.8015488, -6.4524795]], [[106.7668501, -6.1605305], [106.7668009, -6.1605229]], [[107.002572, -6.2386771], [107.0020429, -6.2383066], [107.002572, -6.2386771], [107.003111, -6.2390051], [107.0035463, -6.2393019], [107.003859, -6.2395438], [107.0044281, -6.2400104], [107.0047677, -6.2403069], [107.0050365, -6.2405309], [107.0052606, -6.2407234], [107.0050768, -6.2405197], [107.0048819, -6.2403563], [107.0044492, -6.2399765], [107.0038798, -6.2395108], [107.0035708, -6.2392747], [107.0031299, -6.2389752], [107.0025881, -6.2386417]], [[107.0048003, -6.2402821], [107.0048819, -6.2403563]], [[106.8261001, -6.1321289], [106.8259261, -6.1321612]], [[106.8726954, -6.2148165], [106.872513, -6.2147995], [106.872144, -6.2147711], [106.8721262, -6.2147698], [106.8719994, -6.2147592], [106.8716791, -6.2147356], [106.8713157, -6.2147305], [106.8705976, -6.2147306], [106.8713172, -6.2147552], [106.8716761, -6.214767], [106.8719991, -6.2147965], [106.8721207, -6.2148055], [106.8721459, -6.2148076], [106.8726934, -6.2148547]], [[106.8109854, -6.1854798], [106.810993, -6.185549]], [[106.8448595, -6.175426], [106.8447867, -6.1752709]], [[106.8608492, -6.2120763], [106.8589052, -6.212894], [106.8594879, -6.2127533], [106.8607276, -6.2122011], [106.8608794, -6.2121326]], [[106.8554903, -6.192261], [106.855399, -6.1921442], [106.8526663, -6.188523], [106.8516974, -6.1872951], [106.852631, -6.1885464], [106.85448, -6.1909884], [106.8553713, -6.1921655], [106.8554509, -6.192271], [106.8567943, -6.194051], [106.8554903, -6.192261]]]}, "properties": {"id": "krl-network", "line_id": "krl-network", "line_name": "Jaringan KRL", "name": "Jaringan KRL", "route_name": "Jaringan KRL", "line_code": "ALL", "line_codes": ",B,C,R,T,TP,", "short": "Semua", "endpoint": "Jabodetabek", "mode": "KRL", "status": "existing", "status_label": "Jaringan saat ini", "color": "#D83A72", "operator": "KAI Commuter", "source": "OpenStreetMap route relations KAI Commuter", "source_type": "osm", "source_url": "https://www.openstreetmap.org", "license": "ODbL", "retrieved_at": "2026-09-04", "geometry_source": "osm_rail_unique_ways", "length_km": 291.73, "stop_count": 83}}, {"type": "Feature", "id": "krl-B", "geometry": {"type": "LineString", "coordinates": [[106.8148544, -6.1378551], [106.8159213, -6.1375391], [106.8161187, -6.1374675], [106.8161371, -6.1374608], [106.8163024, -6.1373873], [106.8164226, -6.1373232], [106.8166459, -6.1372229], [106.8168819, -6.1371199], [106.8170864, -6.1370366], [106.8172158, -6.1369999], [106.8182351, -6.1367479], [106.8188836, -6.1365654], [106.8191705, -6.1364968], [106.8196235, -6.1364025], [106.8198752, -6.1363776], [106.8201443, -6.1363712], [106.8203889, -6.1364084], [106.8206548, -6.13648], [106.8209006, -6.1365921], [106.8210669, -6.136678], [106.8212112, -6.1367699], [106.8213491, -6.1368934], [106.8214649, -6.1370327], [106.8215817, -6.1371852], [106.821749, -6.1374571], [106.8218388, -6.1377272], [106.822369, -6.1396251], [106.8225551, -6.140184], [106.8225775, -6.1402427], [106.8226913, -6.140541], [106.8227763, -6.1407378], [106.8228946, -6.141002], [106.8230328, -6.1412563], [106.8232753, -6.1416815], [106.8235244, -6.1420959], [106.8242354, -6.1432786], [106.8245118, -6.1437226], [106.8257304, -6.1457194], [106.826144, -6.1465474], [106.8262347, -6.1467527], [106.8263857, -6.147148], [106.8265278, -6.1475645], [106.8266126, -6.1478734], [106.8266987, -6.1482306], [106.8268018, -6.148823], [106.8270991, -6.1505226], [106.8272222, -6.1512727], [106.8272886, -6.1518621], [106.8273299, -6.1527823], [106.8273592, -6.1538041], [106.8274332, -6.1584786], [106.8274679, -6.1594375], [106.827484, -6.1596905], [106.8275098, -6.1600237], [106.8275777, -6.1604397], [106.8276388, -6.1607113], [106.8277717, -6.1611548], [106.8278986, -6.1614751], [106.8279728, -6.1616436], [106.8280399, -6.1617916], [106.8281658, -6.1620175], [106.8283354, -6.1623051], [106.8285347, -6.1626009], [106.8289201, -6.1631432], [106.8294766, -6.1639214], [106.8297052, -6.1642886], [106.8298425, -6.1645309], [106.8299943, -6.1648283], [106.8301208, -6.1651537], [106.8301801, -6.1653061], [106.8303067, -6.1657402], [106.8303819, -6.1661284], [106.8304311, -6.1665175], [106.8304506, -6.1669466], [106.8304568, -6.1672547], [106.8304676, -6.1675618], [106.8304613, -6.1682709], [106.8304557, -6.1683737], [106.8304533, -6.1684041], [106.8304065, -6.1688242], [106.8302998, -6.1693449], [106.8298659, -6.1709697], [106.8298346, -6.1711015], [106.8298288, -6.1711295], [106.8297856, -6.1713381], [106.8297764, -6.1713825], [106.8297426, -6.1716367], [106.8297343, -6.1717382], [106.8297178, -6.171939], [106.8297138, -6.1721936], [106.8297111, -6.1723664], [106.8297389, -6.1726787], [106.8297557, -6.1728677], [106.8298237, -6.1733805], [106.8299295, -6.1738985], [106.8300536, -6.1744352], [106.8300767, -6.1745369], [106.8302909, -6.1755403], [106.8303855, -6.1759199], [106.8304712, -6.1762252], [106.8312311, -6.1785504], [106.8312624, -6.1786352], [106.831438, -6.1791224], [106.8316559, -6.1797336], [106.831734, -6.1800459], [106.8318293, -6.1805595], [106.8321567, -6.1828117], [106.8323828, -6.1845615], [106.8325035, -6.1855512], [106.8325582, -6.1858369], [106.8326494, -6.1862188], [106.8327638, -6.1865757], [106.8328895, -6.1869328], [106.8329881, -6.1871863], [106.8330846, -6.1874064], [106.8332218, -6.1876912], [106.8335543, -6.1882642], [106.83436, -6.1893932], [106.8359098, -6.1914437], [106.837478, -6.1935472], [106.8395723, -6.1962984], [106.840407, -6.1974369], [106.8418573, -6.1993745], [106.8419453, -6.1994919], [106.8419798, -6.1995381], [106.8431428, -6.2010905], [106.8431834, -6.2011448], [106.8432487, -6.2012386], [106.843334, -6.2013647], [106.8436049, -6.201794], [106.8437183, -6.2019757], [106.8438147, -6.2021214], [106.843913, -6.2022641], [106.8440532, -6.2024637], [106.8443934, -6.2029215], [106.8458277, -6.2048407], [106.8461759, -6.2053052], [106.8463508, -6.2055502], [106.846468, -6.20573], [106.8465212, -6.2058194], [106.8465862, -6.2059355], [106.8467463, -6.2062297], [106.8468598, -6.2064373], [106.8469428, -6.2065772], [106.8470168, -6.206692], [106.8470823, -6.2067924], [106.8471517, -6.2068948], [106.8472963, -6.2070844], [106.8477342, -6.207616], [106.847926, -6.2078625], [106.8481573, -6.2081712], [106.8482047, -6.2082388], [106.8482886, -6.2083585], [106.8484176, -6.2085578], [106.8485017, -6.2086975], [106.8487498, -6.2090965], [106.8488249, -6.2092123], [106.8488872, -6.2092985], [106.8493811, -6.2099518], [106.8499814, -6.2107459], [106.8502457, -6.2110955], [106.8503367, -6.2112143], [106.8503691, -6.2112566], [106.8506686, -6.211649], [106.8507119, -6.2117059], [106.8515607, -6.2128195], [106.8516756, -6.2129644], [106.8524006, -6.2138178], [106.8533925, -6.2149788], [106.8539267, -6.2156698], [106.8540169, -6.2157894], [106.8543858, -6.2162756], [106.8544136, -6.2163098], [106.8547236, -6.2167161], [106.8548302, -6.2168532], [106.8549722, -6.2170429], [106.8553775, -6.2175761], [106.8557684, -6.2180819], [106.8557978, -6.2181203], [106.8559566, -6.2183254], [106.8560744, -6.2184792], [106.8563182, -6.2187974], [106.8566604, -6.2192556], [106.8568406, -6.2195167], [106.8570013, -6.2197638], [106.857212, -6.2201236], [106.8573441, -6.2203467], [106.8574771, -6.2206194], [106.8576678, -6.2210093], [106.8577915, -6.2213138], [106.8578827, -6.2215705], [106.8579707, -6.2218798], [106.8581363, -6.2225113], [106.8582344, -6.2229947], [106.8583089, -6.2234967], [106.8583615, -6.2241738], [106.8583723, -6.2246605], [106.8583937, -6.2252706], [106.858395, -6.2259309], [106.8584186, -6.227533], [106.8584871, -6.2309544], [106.8585395, -6.2340639], [106.8585508, -6.2346581], [106.8585572, -6.2351453], [106.858578, -6.2367329], [106.8585985, -6.238226], [106.8586363, -6.2409733], [106.8586732, -6.2425503], [106.8586747, -6.2426707], [106.8586803, -6.2428703], [106.8586987, -6.2435288], [106.8587082, -6.2445449], [106.8587195, -6.2449648], [106.8587147, -6.2456819], [106.8586787, -6.2462593], [106.8586492, -6.246497], [106.8586059, -6.2468051], [106.8585584, -6.2470425], [106.8583756, -6.2477688], [106.8582469, -6.2482034], [106.8580938, -6.2486], [106.8578715, -6.2491443], [106.8576203, -6.2497286], [106.8572093, -6.2506596], [106.8569519, -6.2512231], [106.8566476, -6.2518609], [106.8563862, -6.2524306], [106.8561682, -6.2529037], [106.8559438, -6.2534031], [106.8557581, -6.2538166], [106.8554198, -6.2545807], [106.8551333, -6.2552123], [106.8550306, -6.2554463], [106.8549291, -6.2556647], [106.854889, -6.2557509], [106.8547786, -6.2559951], [106.8544596, -6.2567048], [106.8539433, -6.2578845], [106.853604, -6.2586738], [106.8528154, -6.2604708], [106.8519546, -6.2623906], [106.8510992, -6.2642983], [106.850499, -6.265668], [106.8491595, -6.2686556], [106.8487978, -6.269457], [106.8486002, -6.2699037], [106.8478399, -6.2715622], [106.8473298, -6.2727573], [106.8473123, -6.272806], [106.8472305, -6.2729762], [106.8470486, -6.2733538], [106.8469387, -6.2736311], [106.8466302, -6.2745212], [106.8464747, -6.2749691], [106.8462378, -6.2757864], [106.8461601, -6.2761034], [106.8460562, -6.2765585], [106.8458631, -6.277633], [106.8455412, -6.2794059], [106.8454395, -6.2799537], [106.8453638, -6.2803615], [106.8453006, -6.2807022], [106.8451506, -6.2815024], [106.8447574, -6.2837674], [106.8446178, -6.2845935], [106.8445772, -6.2848111], [106.8444039, -6.2856393], [106.8441532, -6.2865751], [106.8438259, -6.2875908], [106.8428456, -6.290025], [106.842108, -6.2918112], [106.8416735, -6.292867], [106.8413811, -6.2935868], [106.8411371, -6.2942956], [106.8409949, -6.2947145], [106.8407267, -6.295637], [106.8405899, -6.2961809], [106.8404504, -6.2968687], [106.8403431, -6.2976205], [106.8403002, -6.2980258], [106.84026, -6.2985963], [106.8402036, -6.2996707], [106.8401098, -6.3006811], [106.8400909, -6.3009707], [106.840032, -6.3014432], [106.8399569, -6.3019528], [106.839855, -6.302558], [106.8397269, -6.3032352], [106.8394225, -6.305164], [106.8389879, -6.3077034], [106.8386475, -6.3096921], [106.8376817, -6.3151973], [106.8368851, -6.319749], [106.83658, -6.3207677], [106.8364265, -6.3211992], [106.8360805, -6.3219137], [106.8357452, -6.3224982], [106.835027, -6.3235206], [106.8342821, -6.3246916], [106.834101, -6.3250488], [106.8338958, -6.3255789], [106.8338119, -6.3258762], [106.8337174, -6.3263371], [106.8336812, -6.3266776], [106.8336695, -6.3270543], [106.8336779, -6.3275661], [106.8337232, -6.3280169], [106.8338462, -6.3284707], [106.8339313, -6.3286951], [106.8340535, -6.3290198], [106.8341431, -6.3292202], [106.8341906, -6.3293264], [106.834817, -6.3306245], [106.834921, -6.3308607], [106.8349761, -6.3309857], [106.8350451, -6.3311832], [106.8352422, -6.331871], [106.8353187, -6.3322242], [106.8353965, -6.3326295], [106.8354421, -6.3329747], [106.8354639, -6.3333597], [106.8354662, -6.3336805], [106.8354307, -6.3342247], [106.8353335, -6.3348807], [106.8342922, -6.3390804], [106.8339225, -6.3406626], [106.8336651, -6.3417676], [106.833346, -6.3439842], [106.8333298, -6.3441315], [106.8326171, -6.3493756], [106.831913, -6.3545329], [106.8316333, -6.356963], [106.8315812, -6.3576232], [106.8315766, -6.3581576], [106.8315824, -6.3586929], [106.8316358, -6.3594054], [106.8317755, -6.3605313], [106.8318606, -6.3613013], [106.8319353, -6.3618291], [106.8321312, -6.363182], [106.8322831, -6.3642652], [106.8323133, -6.3644802], [106.8323562, -6.3648747], [106.8324474, -6.3656318], [106.8324892, -6.3663649], [106.8324713, -6.366942], [106.8324088, -6.3675808], [106.8322961, -6.3682513], [106.8322558, -6.3684322], [106.8321117, -6.3689054], [106.8320943, -6.3689544], [106.8315885, -6.3705005], [106.831465, -6.370878], [106.8313584, -6.371187], [106.8311867, -6.3716828], [106.83072, -6.3730956], [106.8305698, -6.3735168], [106.8300402, -6.3751373], [106.8299069, -6.3755294], [106.8297988, -6.3759079], [106.8289062, -6.3786399], [106.8285991, -6.3795915], [106.8284556, -6.379963], [106.8281782, -6.380576], [106.8278805, -6.3811278], [106.8275488, -6.3816853], [106.8271226, -6.3822918], [106.8264447, -6.3832054], [106.8262979, -6.3833795], [106.8259562, -6.3837698], [106.8247793, -6.3850486], [106.8242524, -6.3857087], [106.8239325, -6.3861853], [106.8235475, -6.3868398], [106.823236, -6.3874676], [106.8227152, -6.388674], [106.8223728, -6.3894199], [106.8219705, -6.3902494], [106.8212108, -6.3920709], [106.8207771, -6.3931005], [106.8204279, -6.3940654], [106.820185, -6.3947319], [106.8194603, -6.3964501], [106.8188922, -6.3978539], [106.818633, -6.3985789], [106.818308, -6.3996066], [106.8178768, -6.4010124], [106.8176683, -6.4017471], [106.8175043, -6.4023121], [106.8173901, -6.4028174], [106.8169425, -6.4050226], [106.8169263, -6.4051116], [106.8167397, -6.4061838], [106.8166772, -6.4066057], [106.8166417, -6.4068207], [106.8165535, -6.4074056], [106.8163451, -6.4084267], [106.8163242, -6.4085281], [106.8162077, -6.4091003], [106.8161025, -6.409594], [106.816058, -6.4098211], [106.8159653, -6.4102891], [106.8158708, -6.4107653], [106.815669, -6.4116861], [106.8155995, -6.4120326], [106.8155056, -6.4124594], [106.8154811, -6.4125589], [106.815463, -6.4126325], [106.8150839, -6.414353], [106.8149049, -6.4151785], [106.8148746, -6.4153445], [106.8146606, -6.4164118], [106.814567, -6.4168755], [106.8143998, -6.417641], [106.8143312, -6.4178687], [106.8142328, -6.4183077], [106.8141841, -6.4184548], [106.8138082, -6.4195623], [106.8137296, -6.4198109], [106.8135762, -6.420259], [106.81343, -6.4206992], [106.8130304, -6.4218004], [106.8127203, -6.4226876], [106.8123059, -6.4238759], [106.8121732, -6.4242595], [106.8121108, -6.4244647], [106.8117906, -6.4254049], [106.811543, -6.4261058], [106.8114963, -6.4262411], [106.8112531, -6.42698], [106.8110039, -6.4276972], [106.8103996, -6.4293779], [106.8096717, -6.4315482], [106.808797, -6.4340155], [106.8081647, -6.4357735], [106.8073381, -6.437573], [106.8060903, -6.4401586], [106.8056202, -6.4411644], [106.8046108, -6.4433167], [106.8031445, -6.4463936], [106.8029265, -6.4469163], [106.8028191, -6.4471959], [106.8026049, -6.4478169], [106.8022907, -6.4490406], [106.8020558, -6.4500288], [106.8019797, -6.4504143], [106.8019534, -6.4505475], [106.8019033, -6.4508258], [106.8017972, -6.451375], [106.8017159, -6.4517383], [106.8015754, -6.452366], [106.8015488, -6.4524795], [106.8014762, -6.4527881], [106.8013741, -6.4532216], [106.8010775, -6.4544773], [106.8009887, -6.4548947], [106.800895, -6.4554317], [106.8007915, -6.4561686], [106.8007401, -6.4568444], [106.8007257, -6.4577676], [106.8007281, -6.4583193], [106.8007547, -6.4588284], [106.8008924, -6.4598774], [106.8010074, -6.4605054], [106.8010584, -6.4607649], [106.8013808, -6.4626378], [106.8017456, -6.4645141], [106.8018998, -6.4653216], [106.8020414, -6.4660803], [106.8021318, -6.466521], [106.8021721, -6.4667661], [106.8024022, -6.4679648], [106.8024451, -6.4681843], [106.802462, -6.4682835], [106.802482, -6.468404], [106.8025937, -6.469036], [106.8026566, -6.469456], [106.8026924, -6.4697964], [106.8027192, -6.4709557], [106.8027425, -6.4723443], [106.8027507, -6.4730946], [106.8027568, -6.4734556], [106.8027523, -6.4750623], [106.802769, -6.4760653], [106.8027353, -6.4765231], [106.8026408, -6.4772765], [106.8025932, -6.4774986], [106.8024778, -6.4780929], [106.80246, -6.4781442], [106.802274, -6.4786819], [106.8020594, -6.4792469], [106.8019137, -6.4795839], [106.8017439, -6.4799576], [106.80165, -6.4801441], [106.8015638, -6.4803021], [106.8014423, -6.4805068], [106.8012919, -6.4807434], [106.8011293, -6.4809817], [106.8008065, -6.4814189], [106.8004557, -6.4818336], [106.8003921, -6.4819079], [106.8001437, -6.4822082], [106.7997473, -6.4826608], [106.7988944, -6.4836815], [106.7977947, -6.4849608], [106.7970721, -6.4858694], [106.796824, -6.486247], [106.7965084, -6.4867228], [106.7963436, -6.4869915], [106.7962949, -6.4870996], [106.796086, -6.487548], [106.7959829, -6.4877923], [106.7956677, -6.4886172], [106.7954626, -6.4893827], [106.7952099, -6.4904542], [106.7950928, -6.4912103], [106.7950739, -6.4916056], [106.7949591, -6.4940161], [106.7949342, -6.4947572], [106.7949267, -6.4949798], [106.7949248, -6.4952862], [106.7949327, -6.4956782], [106.7949555, -6.4960136], [106.7951086, -6.497361], [106.7951853, -6.4981717], [106.7953208, -6.4994941], [106.7954102, -6.5005013], [106.79544, -6.5008805], [106.7954839, -6.5014361], [106.7955087, -6.501662], [106.7955355, -6.5020211], [106.7956046, -6.5027113], [106.7956512, -6.5035298], [106.7956967, -6.5049247], [106.7956972, -6.5051114], [106.7957244, -6.5056647], [106.7957614, -6.5061514], [106.7957968, -6.5064833], [106.795823, -6.5066972], [106.7961227, -6.5080717], [106.7964063, -6.5093023], [106.7965973, -6.5102116], [106.7966967, -6.5107142], [106.796779, -6.5113637], [106.7967888, -6.5119558], [106.7967371, -6.512517], [106.7965558, -6.5138634], [106.7965472, -6.5140339], [106.7965631, -6.5144872], [106.7966065, -6.5148681], [106.7966982, -6.5152928], [106.7968669, -6.5158131], [106.7971044, -6.5163202], [106.7973886, -6.5167776], [106.7976188, -6.5170672], [106.7981355, -6.5175956], [106.7984774, -6.5179442], [106.7989697, -6.5184532], [106.7994331, -6.5189224], [106.7995707, -6.5190861], [106.7999101, -6.5195052], [106.8000718, -6.5197254], [106.8002078, -6.5199454], [106.8003203, -6.5201261], [106.8006089, -6.5207095], [106.800771, -6.5210479], [106.8009486, -6.5215473], [106.8010668, -6.5220242], [106.8011781, -6.5225109], [106.8012471, -6.5234281], [106.8012323, -6.5238512], [106.801166, -6.5248223], [106.8010517, -6.5260487], [106.8009645, -6.5267889], [106.8009199, -6.527183], [106.8008321, -6.5279213], [106.8008053, -6.5282651], [106.8007474, -6.5295041], [106.8007281, -6.5298313], [106.8006285, -6.5311087], [106.8005367, -6.5319266], [106.8005129, -6.532102], [106.8004566, -6.5325175], [106.8004368, -6.5327278], [106.8002777, -6.5342072], [106.8002566, -6.534442], [106.8001876, -6.5355126], [106.8001291, -6.5361313], [106.8000254, -6.537307], [106.7999637, -6.5380918], [106.7998915, -6.5388769], [106.799869, -6.5391816], [106.7998204, -6.539691], [106.7997918, -6.5400092], [106.7997616, -6.5402633], [106.7996848, -6.5410022], [106.7995834, -6.541997], [106.7994831, -6.5434746], [106.7994825, -6.543484], [106.7994733, -6.5438693], [106.7994821, -6.5446393], [106.7995025, -6.5452826], [106.7995604, -6.5459534], [106.7996417, -6.5466259], [106.7997926, -6.5476583], [106.7998713, -6.5481925], [106.7999905, -6.5488891], [106.8001097, -6.5494832], [106.8002622, -6.5501658], [106.8004257, -6.5509353], [106.8007148, -6.5521927], [106.8008001, -6.5525835], [106.8009683, -6.5533675], [106.8010449, -6.5537142], [106.8011497, -6.5541836], [106.8014496, -6.5554896], [106.8016576, -6.5565071], [106.8018107, -6.5572033], [106.801982, -6.5578949], [106.802144, -6.5586165], [106.8022699, -6.5592916], [106.8024229, -6.5599877], [106.8027114, -6.5611675], [106.8027559, -6.5614307], [106.8027665, -6.5614902], [106.8027744, -6.5615702], [106.8027881, -6.5616881], [106.8027944, -6.5617252], [106.8028033, -6.5617766], [106.8028167, -6.5618851], [106.8028262, -6.5620389], [106.8028284, -6.5620751], [106.8028277, -6.5622331], [106.8028263, -6.5625358], [106.8028231, -6.5626537], [106.802821, -6.5627297], [106.802818, -6.5627723], [106.8027935, -6.5631198], [106.8027906, -6.5631423], [106.80277, -6.5633036], [106.8027497, -6.5634349], [106.80272, -6.5635938], [106.8026881, -6.5637374], [106.8026641, -6.5638452], [106.802557, -6.5642172], [106.8025254, -6.564312], [106.802507, -6.5643672], [106.8023201, -6.5648043], [106.8023095, -6.564839], [106.8022224, -6.5650585], [106.8021706, -6.565189], [106.8021706, -6.565189], [106.8021098, -6.56534], [106.8020781, -6.5654206], [106.8018101, -6.5659997], [106.8017447, -6.5661736], [106.8016776, -6.5663244], [106.8015509, -6.566609], [106.8013397, -6.5670503], [106.8012769, -6.5671615], [106.8010554, -6.5675539], [106.8007926, -6.5679589], [106.8005472, -6.5682356], [106.8003312, -6.5685052], [106.8001422, -6.5687019], [106.7999423, -6.5689049], [106.7996809, -6.5691362], [106.7994246, -6.5693179], [106.7989922, -6.5696271], [106.7986548, -6.5698401], [106.7978877, -6.5703144], [106.797621, -6.5705058], [106.7970496, -6.5708674], [106.7967184, -6.571076], [106.7963764, -6.5712931], [106.7958842, -6.5716227], [106.7955959, -6.5718407], [106.7953933, -6.5720064], [106.7951644, -6.5721838], [106.7949507, -6.5723955], [106.7944894, -6.5729177], [106.7940866, -6.5734419], [106.7939508, -6.5736191], [106.7939508, -6.5736191], [106.7938027, -6.5738703], [106.7934445, -6.5745784], [106.7932848, -6.5749376], [106.7931582, -6.5752666], [106.7930676, -6.5755805], [106.7929429, -6.5760685], [106.7928448, -6.5765688], [106.7928073, -6.5768806], [106.7927751, -6.5773762], [106.7927745, -6.5778556], [106.792798, -6.5781674], [106.7928385, -6.578478], [106.7930406, -6.5798356], [106.793223, -6.5810506], [106.7933622, -6.582047], [106.7933679, -6.5821191], [106.7933786, -6.5825747], [106.7933679, -6.5828385], [106.793333, -6.5833847], [106.7932659, -6.583819], [106.7932203, -6.5840988], [106.7931694, -6.5842853], [106.7931351, -6.5844019], [106.7931351, -6.5844019], [106.7930303, -6.584758], [106.792209, -6.587596], [106.7920137, -6.5882474], [106.7918569, -6.5887308], [106.7915493, -6.5897313], [106.7913709, -6.5903267], [106.7912838, -6.5906378], [106.7912739, -6.5906757], [106.7912505, -6.5907618], [106.7910976, -6.5916015], [106.7910916, -6.5916311], [106.791031, -6.5919339], [106.7910012, -6.5920793], [106.7909164, -6.5926205], [106.7908726, -6.5929688], [106.7907739, -6.5938207], [106.7907159, -6.5942866]]}, "properties": {"id": "krl-B", "line_id": "krl-B", "line_name": "Commuter Line Bogor", "name": "Commuter Line Bogor", "route_name": "Commuter Line Bogor", "line_code": "B", "line_codes": ",B,", "short": "Bogor", "from_name": "Jakarta Kota", "to_name": "Bogor", "endpoint": "Jakarta Kota - Bogor", "terminus": "Jakarta Kota - Bogor", "branch": "", "parent": "", "mode": "KRL", "status": "existing", "status_label": "Jaringan saat ini", "color": "#D83A72", "operator": "KAI Commuter", "source": "OpenStreetMap route relations KAI Commuter", "source_type": "osm", "source_url": "https://www.openstreetmap.org", "license": "ODbL", "retrieved_at": "2026-09-04", "geometry_source": "osm_rail_relation", "length_km": 55.02, "stop_count": 24, "osm_relation": 16877210}}, {"type": "Feature", "id": "krl-B-nambo", "geometry": {"type": "LineString", "coordinates": [[106.8013741, -6.4532216], [106.801313, -6.4536241], [106.8012128, -6.4540379], [106.8010722, -6.4551387], [106.8010145, -6.4555704], [106.8009828, -6.4559788], [106.8009884, -6.4562104], [106.8010065, -6.4563932], [106.8010334, -6.4566103], [106.8010841, -6.4568273], [106.8011671, -6.457137], [106.8013272, -6.4575553], [106.8015256, -6.4579395], [106.8017587, -6.4583296], [106.8018566, -6.4584605], [106.801999, -6.4586285], [106.8024727, -6.4591316], [106.8033394, -6.4599034], [106.8040119, -6.4604411], [106.8040509, -6.4604723], [106.8047534, -6.4609591], [106.8062817, -6.4616713], [106.8063918, -6.4617026], [106.8072837, -6.461932], [106.8074978, -6.4619672], [106.8081735, -6.4620719], [106.8090398, -6.4620764], [106.8104053, -6.4620093], [106.8123114, -6.4618721], [106.8140172, -6.4617883], [106.8146855, -6.4617481], [106.8165086, -6.4615427], [106.8172855, -6.4614418], [106.8206624, -6.4610852], [106.8233631, -6.460785], [106.8242843, -6.4606886], [106.824605, -6.460655], [106.8251181, -6.4606031], [106.8256437, -6.460569], [106.8257341, -6.460571], [106.8264157, -6.4605931], [106.8270113, -6.4606518], [106.8275189, -6.4607451], [106.829228, -6.4611224], [106.8325828, -6.4618863], [106.8366202, -6.4627818], [106.8369613, -6.4628581], [106.842304, -6.46407], [106.8426063, -6.4641426], [106.8458961, -6.4648709], [106.8464363, -6.4649399], [106.8465961, -6.4649481], [106.8470882, -6.4649498], [106.8474779, -6.4649117], [106.8485788, -6.4647543], [106.8505624, -6.4644225], [106.8520415, -6.4641866], [106.8533411, -6.4639777], [106.8539252, -6.4638836], [106.8544073, -6.4638068], [106.8547604, -6.4637648], [106.8552091, -6.4637425], [106.8556481, -6.4637532], [106.8564535, -6.4638187], [106.8577588, -6.4639261], [106.8585715, -6.464004], [106.8590726, -6.4640744], [106.8622582, -6.4646783], [106.8639372, -6.4649695], [106.8646686, -6.4651097], [106.8657357, -6.4653066], [106.8678472, -6.4657117], [106.8688175, -6.4658643], [106.8725757, -6.4665475], [106.8733614, -6.4666634], [106.8753117, -6.466942], [106.8767575, -6.4671398], [106.8781234, -6.4673381], [106.8788129, -6.4675145], [106.8792384, -6.4676549], [106.8808009, -6.4682726], [106.8815812, -6.4685813], [106.8840299, -6.469527], [106.8848115, -6.469842], [106.8853694, -6.4701005], [106.8871169, -6.4710267], [106.8916256, -6.4734356], [106.8924788, -6.4738374], [106.8934965, -6.4740009], [106.8941844, -6.4740206], [106.8947209, -6.4739767], [106.8952385, -6.4738701], [106.8957361, -6.4737115], [106.8962729, -6.4734639], [106.8967272, -6.4732014], [106.8972824, -6.4727721], [106.8977686, -6.4722953], [106.8992543, -6.4707032], [106.8998715, -6.4700426], [106.9003429, -6.469622], [106.900709, -6.4693508], [106.9011683, -6.4690712], [106.9026815, -6.4682774], [106.9055193, -6.4668163], [106.907613, -6.4657244], [106.9082475, -6.4654483], [106.9083524, -6.4653961]]}, "properties": {"id": "krl-B-nambo", "line_id": "krl-B-nambo", "line_name": "Commuter Line Bogor — cabang Nambo", "name": "Commuter Line Bogor — cabang Nambo", "route_name": "Commuter Line Bogor — cabang Nambo", "line_code": "B", "line_codes": ",B,", "short": "Nambo", "from_name": "Citayam", "to_name": "Nambo", "endpoint": "Citayam - Nambo", "terminus": "Nambo", "branch": "nambo", "parent": "B", "mode": "KRL", "status": "existing", "status_label": "Jaringan saat ini", "color": "#D83A72", "operator": "KAI Commuter", "source": "OpenStreetMap route relations KAI Commuter", "source_type": "osm", "source_url": "https://www.openstreetmap.org", "license": "ODbL", "retrieved_at": "2026-09-04", "geometry_source": "osm_rail_relation", "length_km": 13.07, "stop_count": 4, "osm_relation": 16877211}}, {"type": "Feature", "id": "krl-R", "geometry": {"type": "LineString", "coordinates": [[106.2506735, -6.35271], [106.2519534, -6.35284], [106.2530804, -6.3529557], [106.2535976, -6.3530106], [106.253802, -6.3530249], [106.2540354, -6.3530317], [106.2542852, -6.3530399], [106.2546841, -6.3530355], [106.2548132, -6.3530466], [106.2551174, -6.3530861], [106.2553136, -6.3531186], [106.2559589, -6.3532646], [106.2561669, -6.3533105], [106.25701, -6.3534896], [106.2573641, -6.3535511], [106.2576752, -6.3535875], [106.2579559, -6.3536075], [106.2582335, -6.3536124], [106.2585123, -6.3536053], [106.258804, -6.3535817], [106.259149, -6.3535265], [106.2594419, -6.3534659], [106.2597458, -6.353377], [106.2600261, -6.3532849], [106.2602559, -6.353198], [106.2604884, -6.353097], [106.2612164, -6.3527458], [106.2612164, -6.3527458], [106.2653796, -6.3507872], [106.2660535, -6.350465], [106.2660535, -6.350465], [106.2666868, -6.3501623], [106.2669919, -6.3499837], [106.2673047, -6.3497754], [106.2677332, -6.34939], [106.2678951, -6.3492076], [106.2681938, -6.3487925], [106.2683735, -6.3484468], [106.2685013, -6.3481497], [106.2685699, -6.3479326], [106.2686444, -6.3476331], [106.2686827, -6.3473785], [106.2687088, -6.3470518], [106.2686992, -6.3466763], [106.2686652, -6.3463952], [106.2685412, -6.3455733], [106.268515, -6.3452611], [106.268527, -6.3449099], [106.2685919, -6.3445385], [106.2687459, -6.3440929], [106.2690537, -6.3435562], [106.2694936, -6.3431281], [106.2699323, -6.3428294], [106.2703059, -6.342658], [106.2706524, -6.3425522], [106.2709315, -6.3424927], [106.2712472, -6.3424615], [106.2741343, -6.3424664], [106.2745628, -6.3424611], [106.2749262, -6.3424278], [106.2756091, -6.3423147], [106.2766196, -6.342062], [106.2797724, -6.3412003], [106.2806726, -6.3410093], [106.2815708, -6.3409208], [106.2833503, -6.3409333], [106.2843159, -6.340949], [106.2846623, -6.3409393], [106.2851367, -6.3408799], [106.2856354, -6.3407631], [106.2871929, -6.3402776], [106.2875354, -6.340207], [106.2878737, -6.3401741], [106.2883267, -6.3401525], [106.2890032, -6.3401988], [106.2890032, -6.3401988], [106.2977225, -6.3410624], [106.2980533, -6.3410943], [106.2985612, -6.3411528], [106.2991407, -6.3411764], [106.2996324, -6.3411517], [106.3001093, -6.341061], [106.3006402, -6.3409361], [106.3018589, -6.3404801], [106.3022529, -6.3403327], [106.3060267, -6.3389614], [106.3068655, -6.3386261], [106.3072978, -6.3384486], [106.3079879, -6.3380779], [106.3083778, -6.3378281], [106.3094415, -6.3370371], [106.3097427, -6.33681], [106.3100499, -6.3366224], [106.3103955, -6.3364712], [106.3107549, -6.3363713], [106.3114405, -6.3363007], [106.3139182, -6.3362056], [106.3147068, -6.3361448], [106.315483, -6.3359716], [106.3165876, -6.3355626], [106.3172906, -6.3353462], [106.3181203, -6.3351945], [106.318454, -6.3351559], [106.3189302, -6.3351237], [106.3198468, -6.3351144], [106.3207465, -6.3352045], [106.3250733, -6.3357296], [106.3259285, -6.3357574], [106.3265404, -6.3357146], [106.3265404, -6.3357146], [106.3284527, -6.3355014], [106.3289211, -6.3354457], [106.3290554, -6.3354298], [106.3311831, -6.3351768], [106.331842, -6.3350982], [106.3349306, -6.3347298], [106.3359755, -6.3346058], [106.3449163, -6.3335443], [106.3450826, -6.3335245], [106.3455962, -6.3334313], [106.3461169, -6.3333205], [106.3466, -6.3331765], [106.3470947, -6.3330074], [106.3475575, -6.3328278], [106.3542309, -6.3300017], [106.3551887, -6.3295706], [106.35582, -6.3293296], [106.3562971, -6.3292042], [106.3568302, -6.3291166], [106.3574542, -6.3290917], [106.3579324, -6.3291361], [106.3582876, -6.3291988], [106.3587133, -6.3293159], [106.3591328, -6.3294592], [106.3595143, -6.3296317], [106.3598511, -6.3298255], [106.3612088, -6.3307894], [106.3616205, -6.3310873], [106.3626096, -6.3317706], [106.3633243, -6.332143], [106.3636662, -6.3322806], [106.3640415, -6.3323858], [106.3645362, -6.3324711], [106.3650309, -6.3325147], [106.3655978, -6.3325262], [106.3693288, -6.3324272], [106.3696812, -6.3324084], [106.370147, -6.3323485], [106.3705192, -6.3322811], [106.3709311, -6.3321906], [106.3710484, -6.3321577], [106.3729225, -6.3315793], [106.3733811, -6.3314378], [106.3746918, -6.3310333], [106.3753658, -6.3308491], [106.3763531, -6.3306562], [106.3769621, -6.3305879], [106.3803829, -6.3302674], [106.3807892, -6.3302363], [106.3884094, -6.3296159], [106.3889008, -6.3296181], [106.389153, -6.3296341], [106.3896202, -6.3296949], [106.3901608, -6.3298281], [106.3907926, -6.33009], [106.3918344, -6.3305084], [106.3920636, -6.3306064], [106.392371, -6.3307379], [106.3934503, -6.3311995], [106.3936688, -6.331293], [106.3946598, -6.3317154], [106.3946598, -6.3317154], [106.3949324, -6.3318303], [106.3980151, -6.3331073], [106.3992348, -6.3336103], [106.3999837, -6.3339227], [106.4008189, -6.3342551], [106.4026168, -6.3349867], [106.4035512, -6.3353649], [106.4041276, -6.3355956], [106.4048163, -6.3358858], [106.4051952, -6.336042], [106.4055515, -6.3361583], [106.4057579, -6.3362109], [106.4061574, -6.3362845], [106.4065158, -6.3363122], [106.4068231, -6.3363158], [106.4071724, -6.336307], [106.4075223, -6.3362722], [106.4082491, -6.336175], [106.4087846, -6.3361017], [106.410738, -6.3358409], [106.4125345, -6.3356173], [106.4128023, -6.3355796], [106.4142681, -6.3353788], [106.4153963, -6.3352343], [106.4165234, -6.3350836], [106.4179423, -6.3348958], [106.418422, -6.3348331], [106.418798, -6.3347725], [106.4192269, -6.3346937], [106.419603, -6.3346129], [106.4200807, -6.3344856], [106.4206214, -6.3343179], [106.4209507, -6.3341907], [106.4215503, -6.3339361], [106.4221324, -6.3336943], [106.4227131, -6.333433], [106.4243657, -6.3327704], [106.4262236, -6.3320188], [106.4274372, -6.3315279], [106.4289048, -6.3309339], [106.4298317, -6.3305621], [106.4304391, -6.3303039], [106.4307688, -6.3301641], [106.4316917, -6.3297928], [106.4317416, -6.3297728], [106.4323564, -6.3295196], [106.4326039, -6.3294196], [106.4329945, -6.3292553], [106.4330918, -6.3292162], [106.4343627, -6.3286918], [106.4351301, -6.328391], [106.4358393, -6.3281148], [106.4359357, -6.3280756], [106.4361495, -6.3279886], [106.4365631, -6.3278233], [106.4368901, -6.3276937], [106.4372677, -6.3275377], [106.4377376, -6.3273457], [106.4378891, -6.3272862], [106.4381443, -6.3272101], [106.4384726, -6.3271102], [106.4388393, -6.3270205], [106.4391935, -6.3269446], [106.43958, -6.3268822], [106.440288, -6.3268124], [106.4405809, -6.3268104], [106.4425221, -6.3268104], [106.4451549, -6.3268341], [106.4454795, -6.3268365], [106.4473986, -6.3268508], [106.4482605, -6.3268588], [106.4489862, -6.3268669], [106.4498541, -6.326875], [106.4509315, -6.326877], [106.4510943, -6.3268739], [106.4520514, -6.3268748], [106.45245, -6.3268834], [106.452731, -6.326885], [106.4529802, -6.3268825], [106.4537712, -6.3268407], [106.4551125, -6.3267479], [106.4566211, -6.3266317], [106.4578876, -6.326537], [106.4587799, -6.326473], [106.4590204, -6.3264547], [106.459231, -6.3264446], [106.4594727, -6.3264521], [106.4598004, -6.3264975], [106.460029, -6.3265543], [106.4603217, -6.3266478], [106.4606216, -6.3267876], [106.4607973, -6.3268782], [106.4617397, -6.3273399], [106.4620651, -6.3274993], [106.4626319, -6.32777], [106.4633698, -6.3281418], [106.4636828, -6.3282913], [106.4638699, -6.328362], [106.4640792, -6.3284287], [106.4643435, -6.3284933], [106.4646321, -6.3285438], [106.4652576, -6.3286262], [106.4673558, -6.3289691], [106.4679676, -6.3290841], [106.4687381, -6.3292036], [106.4694328, -6.3293161], [106.4699839, -6.3293974], [106.4705711, -6.3294925], [106.471072, -6.3295737], [106.4712938, -6.3296027], [106.4715565, -6.3296538], [106.4717876, -6.3297165], [106.4719036, -6.3297544], [106.4719791, -6.3297791], [106.4721881, -6.3298534], [106.4723994, -6.3299404], [106.4727286, -6.3300889], [106.4732237, -6.3303512], [106.4737222, -6.3306169], [106.4740643, -6.3308049], [106.4746247, -6.3310985], [106.4746247, -6.3310985], [106.474815, -6.3311948], [106.4750555, -6.3313085], [106.475352, -6.3314327], [106.4758377, -6.3316137], [106.4764779, -6.3318382], [106.4766818, -6.3319107], [106.4774045, -6.3321625], [106.478119, -6.3324167], [106.4790156, -6.3327474], [106.4797687, -6.3330282], [106.4805299, -6.3332893], [106.4811883, -6.3335295], [106.4816623, -6.3336966], [106.4818153, -6.3337499], [106.4819052, -6.3337824], [106.4824002, -6.3339681], [106.4826687, -6.3340644], [106.4827108, -6.3340818], [106.4829653, -6.3341688], [106.4831182, -6.3342187], [106.4833062, -6.3342767], [106.483514, -6.334322], [106.483744, -6.3343707], [106.4839506, -6.3343997], [106.4841865, -6.3344183], [106.484385, -6.3344322], [106.4846511, -6.3344183], [106.4848706, -6.3344044], [106.4851473, -6.3343754], [106.4853248, -6.3343452], [106.4855081, -6.3343034], [106.4857206, -6.3342408], [106.4858782, -6.3341851], [106.4864514, -6.3339809], [106.4870737, -6.3337557], [106.4871566, -6.3337279], [106.4873948, -6.3336443], [106.4875886, -6.3335863], [106.4877882, -6.3335457], [106.4879902, -6.3335109], [106.4882412, -6.3334865], [106.4884654, -6.3334912], [106.4887129, -6.3335086], [106.4889709, -6.3335469], [106.4892021, -6.3336037], [106.489383, -6.3336559], [106.4895558, -6.3337198], [106.4897083, -6.3337849], [106.4899472, -6.3339059], [106.4901123, -6.3340033], [106.4902623, -6.3341084], [106.4904548, -6.3342677], [106.4906461, -6.3344505], [106.4907408, -6.3345634], [106.4909028, -6.3347749], [106.4909868, -6.3348939], [106.4910891, -6.3350358], [106.4911893, -6.335216], [106.4918592, -6.3365456], [106.4921372, -6.3370744], [106.4933493, -6.3394979], [106.4934483, -6.3396965], [106.4937547, -6.3403027], [106.4940577, -6.3409024], [106.4942055, -6.3411365], [106.4944068, -6.3414153], [106.4946101, -6.3416598], [106.4947909, -6.3418493], [106.4949847, -6.3420268], [106.4952266, -6.3422225], [106.4954097, -6.342361], [106.4955287, -6.3424446], [106.4957904, -6.342601], [106.4961874, -6.342802], [106.4969151, -6.3431499], [106.4981887, -6.3437791], [106.4996863, -6.3444964], [106.500559, -6.344932], [106.5010541, -6.345184], [106.5012731, -6.3453079], [106.5014542, -6.3454202], [106.5016631, -6.3455597], [106.5019201, -6.3457455], [106.5021534, -6.3459293], [106.5024115, -6.3461591], [106.5026672, -6.3464039], [106.5028889, -6.3466307], [106.5036474, -6.3473713], [106.5041974, -6.3479256], [106.5049707, -6.3487019], [106.5058534, -6.3495587], [106.506344, -6.3500379], [106.5065632, -6.3502685], [106.5067222, -6.3504437], [106.506936, -6.3507103], [106.5070943, -6.3509302], [106.5072385, -6.3511701], [106.5074102, -6.3515027], [106.5077206, -6.3521312], [106.5078587, -6.3524084], [106.5080485, -6.3527976], [106.5082014, -6.3530655], [106.5082705, -6.3531715], [106.5084711, -6.3534061], [106.5086301, -6.3535572], [106.5087629, -6.3536625], [106.5089949, -6.3538224], [106.5091259, -6.3539068], [106.5105293, -6.3548173], [106.5108443, -6.3550072], [106.5110234, -6.3550986], [106.5111796, -6.355164], [106.5113512, -6.3552166], [106.5115202, -6.3552499], [106.5117321, -6.3552832], [106.5119319, -6.3552859], [106.5121465, -6.3552632], [106.5123168, -6.3552299], [106.5124818, -6.3551913], [106.5126012, -6.3551446], [106.5127366, -6.355082], [106.5128305, -6.3550353], [106.5129941, -6.354938], [106.5131966, -6.3548181], [106.513844, -6.354433], [106.5140196, -6.3543464], [106.5141926, -6.3542624], [106.5143938, -6.3541851], [106.5145816, -6.3541251], [106.5147841, -6.3540585], [106.5149481, -6.3540183], [106.5151144, -6.3539943], [106.5154413, -6.3539601], [106.5158033, -6.35393], [106.5161244, -6.353905], [106.5164922, -6.353888], [106.5166688, -6.3538818], [106.5168989, -6.3538783], [106.5171378, -6.3539012], [106.5173997, -6.3539522], [106.517635, -6.354026], [106.5178916, -6.3541386], [106.5181146, -6.3542547], [106.5182933, -6.3543707], [106.5184986, -6.3545202], [106.5186084, -6.3546309], [106.5189263, -6.3549415], [106.5193621, -6.3553774], [106.5195271, -6.3555266], [106.5196974, -6.3556519], [106.519908, -6.3557719], [106.5201185, -6.3558545], [106.520305, -6.3558962], [106.5204667, -6.3559191], [106.5206193, -6.3559268], [106.5207918, -6.3559145], [106.5209397, -6.3558977], [106.5211107, -6.3558671], [106.5212986, -6.3558288], [106.5219549, -6.3556742], [106.5221767, -6.3556221], [106.5224463, -6.3555823], [106.5226389, -6.3555716], [106.5228607, -6.3555655], [106.5230949, -6.3555777], [106.5233136, -6.3556099], [106.5235124, -6.3556328], [106.5236895, -6.355668], [106.5238713, -6.3557186], [106.5240269, -6.3557737], [106.5242148, -6.3558472], [106.5244012, -6.3559299], [106.5247571, -6.3560921], [106.5248983, -6.3561644], [106.5251438, -6.3562805], [106.5256845, -6.3565438], [106.5260003, -6.3566862], [106.5262545, -6.3567827], [106.5264779, -6.3568546], [106.5266889, -6.3569021], [106.5269462, -6.3569465], [106.5272295, -6.3569862], [106.5274576, -6.3570047], [106.5276317, -6.3570138], [106.5279198, -6.3570077], [106.5281894, -6.3569893], [106.5285052, -6.3569404], [106.5287455, -6.3568852], [106.5290305, -6.3568163], [106.5291594, -6.3567731], [106.5292678, -6.3567367], [106.5296313, -6.3566127], [106.5312034, -6.3560171], [106.5318484, -6.3557746], [106.5326075, -6.3554867], [106.5332861, -6.3552294], [106.533644, -6.355105], [106.5338695, -6.3550188], [106.534194, -6.3549162], [106.5344649, -6.3548456], [106.5346219, -6.3548202], [106.5349263, -6.3547923], [106.535279, -6.3547895], [106.5354543, -6.3547906], [106.5357228, -6.3548018], [106.5366706, -6.3548369], [106.5370922, -6.3548669], [106.5374154, -6.3548695], [106.5377185, -6.3548509], [106.5380041, -6.3548016], [106.5382522, -6.3547483], [106.5385473, -6.354659], [106.5388396, -6.3545377], [106.5390743, -6.3544217], [106.5392527, -6.3543084], [106.5394364, -6.3541898], [106.5396201, -6.3540512], [106.5402062, -6.3536286], [106.5402062, -6.3536286], [106.5405764, -6.3533607], [106.540594, -6.3533479], [106.5413086, -6.3528303], [106.5423571, -6.3520725], [106.5428576, -6.3517173], [106.5431365, -6.351548], [106.5434503, -6.3513921], [106.5437548, -6.3512721], [106.5440445, -6.3511988], [106.5443127, -6.3511455], [106.5446225, -6.3511229], [106.5448196, -6.3511149], [106.5451133, -6.3511242], [106.5453386, -6.3511402], [106.5455934, -6.3511735], [106.5460655, -6.3512361], [106.5461835, -6.3512441], [106.5464048, -6.3512575], [106.5467776, -6.3512468], [106.5468272, -6.3512428], [106.5472222, -6.3511946], [106.5474624, -6.3511538], [106.547585, -6.351124], [106.5478619, -6.3510461], [106.5480737, -6.3509674], [106.5482628, -6.3508947], [106.5490575, -6.3505444], [106.5503815, -6.3499197], [106.5513738, -6.3494474], [106.551877, -6.349198], [106.5522166, -6.3490302], [106.5522206, -6.3490283], [106.5523324, -6.3489729], [106.552532, -6.3488765], [106.5532162, -6.348554], [106.5535781, -6.3483811], [106.5541607, -6.3481084], [106.5554076, -6.3475166], [106.5559586, -6.3472463], [106.5566673, -6.3469016], [106.5574425, -6.3465373], [106.5579223, -6.3463029], [106.5590373, -6.3457633], [106.5591333, -6.3457182], [106.5596701, -6.3454663], [106.5605539, -6.3450451], [106.5611685, -6.3447536], [106.5614288, -6.3446419], [106.5616291, -6.3445638], [106.5618432, -6.3444872], [106.5620389, -6.3444198], [106.5622199, -6.344367], [106.562491, -6.3442943], [106.5627005, -6.3442384], [106.5628993, -6.3441905], [106.5632692, -6.3441237], [106.5635116, -6.3440814], [106.5637704, -6.3440522], [106.563891, -6.344034], [106.5642053, -6.344017], [106.5643876, -6.3440146], [106.5647114, -6.3440181], [106.5650927, -6.3440278], [106.5652343, -6.3440357], [106.5657519, -6.3440639], [106.566019, -6.3440874], [106.5663748, -6.3441078], [106.5669676, -6.3441465], [106.5681533, -6.3442186], [106.5685924, -6.3442449], [106.568689, -6.3442507], [106.5693584, -6.3442907], [106.5715347, -6.3444292], [106.5715907, -6.3444323], [106.5733435, -6.3445255], [106.5743323, -6.34457], [106.5753662, -6.3446249], [106.5767234, -6.3447076], [106.5779091, -6.3447885], [106.5782718, -6.344799], [106.5785762, -6.3448008], [106.5789091, -6.3447732], [106.5792377, -6.3447045], [106.5795202, -6.3446188], [106.5798271, -6.3444948], [106.5800467, -6.3443836], [106.5802441, -6.344266], [106.5804893, -6.3440878], [106.580664, -6.3439397], [106.580806, -6.3438067], [106.5810317, -6.3435815], [106.5813878, -6.3431642], [106.5814571, -6.3430772], [106.5818022, -6.3427149], [106.5819615, -6.3425671], [106.5822021, -6.342386], [106.5825118, -6.3421996], [106.5827118, -6.3420958], [106.5831453, -6.3418971], [106.5835612, -6.3417018], [106.5839017, -6.3415487], [106.5847944, -6.341153], [106.5852656, -6.3409365], [106.5861572, -6.3405235], [106.5874136, -6.3399554], [106.5884913, -6.3394612], [106.5893265, -6.3390725], [106.5898061, -6.3388614], [106.5901535, -6.3387021], [106.5902113, -6.338675], [106.5906289, -6.3384956], [106.5911758, -6.338318], [106.5914978, -6.3382212], [106.5917473, -6.3381544], [106.5921986, -6.3380594], [106.5941558, -6.3376549], [106.5950384, -6.3374626], [106.5964474, -6.3371607], [106.5976171, -6.3369056], [106.5980143, -6.3368242], [106.5989514, -6.3366278], [106.5999224, -6.3364167], [106.6000644, -6.3363868], [106.6013916, -6.3360913], [106.6021471, -6.3359275], [106.6026003, -6.3358293], [106.6041611, -6.3354933], [106.6052087, -6.3352665], [106.6055569, -6.3351923], [106.6073552, -6.3348092], [106.6077222, -6.3347313], [106.6083992, -6.3345876], [106.609415, -6.3343677], [106.6099454, -6.3342516], [106.6104449, -6.3341549], [106.6108448, -6.3340634], [106.6111952, -6.3339667], [106.6114253, -6.3338964], [106.6114738, -6.3338802], [106.6117446, -6.3337962], [106.6120676, -6.3336793], [106.6123311, -6.3335683], [106.6126625, -6.3334204], [106.6129334, -6.3332829], [106.6130121, -6.3332424], [106.6134037, -6.3329959], [106.613731, -6.3327778], [106.6140407, -6.3325526], [106.6142141, -6.3324084], [106.6144778, -6.3321868], [106.6155077, -6.3313092], [106.6157431, -6.3311122], [106.6159643, -6.3309504], [106.6161784, -6.330822], [106.6164421, -6.3306813], [106.6166509, -6.3305845], [106.6168508, -6.3305001], [106.6173878, -6.3302859], [106.6180155, -6.3300393], [106.6181652, -6.3299806], [106.619719, -6.329364], [106.6201807, -6.329207], [106.6206175, -6.3291069], [106.6210847, -6.3290306], [106.6251759, -6.3284658], [106.6254153, -6.3284239], [106.6257517, -6.328361], [106.6271789, -6.3280481], [106.627529, -6.3279685], [106.627695, -6.3279252], [106.6279374, -6.3278518], [106.6280949, -6.327791], [106.6282653, -6.3277151], [106.6284078, -6.3276332], [106.628568, -6.3275375], [106.6287252, -6.3274226], [106.6289336, -6.3272479], [106.6294562, -6.3267824], [106.6296271, -6.3266382], [106.629795, -6.326505], [106.6300892, -6.3263232], [106.6302505, -6.3262446], [106.6303841, -6.3261865], [106.6305432, -6.3261325], [106.6307132, -6.3260839], [106.6309265, -6.3260361], [106.6312624, -6.3259939], [106.6317455, -6.3259729], [106.6358417, -6.3258615], [106.6365314, -6.3258362], [106.63688, -6.3258248], [106.6375754, -6.3258035], [106.6379431, -6.3257978], [106.6381346, -6.3257861], [106.6383017, -6.3257727], [106.6385717, -6.3257368], [106.6387606, -6.3257062], [106.6390511, -6.3256363], [106.6392034, -6.3255933], [106.6394476, -6.3255102], [106.6397309, -6.3253917], [106.6401827, -6.3251619], [106.6405909, -6.3249543], [106.6415, -6.3244876], [106.6417656, -6.3243507], [106.6427654, -6.323848], [106.6430868, -6.3236866], [106.6434456, -6.3235247], [106.6437996, -6.3234111], [106.6440009, -6.323367], [106.6440947, -6.3233544], [106.6442973, -6.3233271], [106.6453784, -6.3232642], [106.6460829, -6.3232306], [106.6482552, -6.3231209], [106.649546, -6.3230557], [106.6516445, -6.3229504], [106.6547652, -6.3227933], [106.6550556, -6.3227651], [106.6552749, -6.3227379], [106.655672, -6.3226567], [106.655944, -6.3225838], [106.6563071, -6.3224573], [106.656655, -6.3223148], [106.6569553, -6.322173], [106.6573343, -6.3219538], [106.6578759, -6.3215881], [106.6592169, -6.3207313], [106.6595234, -6.320564], [106.6598289, -6.320414], [106.6601224, -6.320314], [106.6602924, -6.3202671], [106.6606343, -6.3201972], [106.660656, -6.3201949], [106.6607716, -6.3201824], [106.6610096, -6.3201704], [106.6612886, -6.3201565], [106.6623081, -6.3201631], [106.6630241, -6.3201564], [106.6635471, -6.3201588], [106.6641863, -6.3201591], [106.6647456, -6.3201457], [106.6654771, -6.3201416], [106.6657133, -6.3201403], [106.6667084, -6.3201354], [106.6674266, -6.3201374], [106.6674829, -6.3201368], [106.6680319, -6.3201354], [106.6684192, -6.32013], [106.6686764, -6.3201136], [106.6688954, -6.3200753], [106.6691472, -6.3200108], [106.6694674, -6.3199011], [106.6698269, -6.3197264], [106.6701163, -6.3195455], [106.6704069, -6.319305], [106.6704711, -6.3192332], [106.6706278, -6.3190772], [106.6708517, -6.3187714], [106.6712883, -6.3181517], [106.6714909, -6.3178467], [106.6715816, -6.3177346], [106.6717097, -6.3175875], [106.6718067, -6.3174833], [106.6719882, -6.3173082], [106.6721406, -6.3171816], [106.6724722, -6.3169426], [106.6727407, -6.3167801], [106.6732007, -6.3165156], [106.6742398, -6.3159578], [106.6750473, -6.3155065], [106.6760909, -6.3149062], [106.6767656, -6.314519], [106.6772238, -6.3142481], [106.6773953, -6.3141475], [106.6778687, -6.3138582], [106.6780651, -6.3137197], [106.6782645, -6.3135675], [106.6789509, -6.3130075], [106.6794394, -6.3126126], [106.6800278, -6.3121566], [106.6803115, -6.3119721], [106.6804169, -6.3119022], [106.680662, -6.3117544], [106.6810048, -6.3115717], [106.6812452, -6.3114457], [106.6818518, -6.3111684], [106.6822161, -6.3110337], [106.6825329, -6.310931], [106.6831878, -6.3107263], [106.6851936, -6.3100949], [106.686276, -6.3097486], [106.6874393, -6.3093771], [106.6902055, -6.3084973], [106.6905246, -6.3083738], [106.6907292, -6.3082946], [106.6909419, -6.3082016], [106.6912166, -6.308077], [106.6926422, -6.3074213], [106.6933867, -6.3070697], [106.6940244, -6.3067903], [106.6942968, -6.3066656], [106.696149, -6.3058211], [106.6985643, -6.3047194], [106.6989952, -6.3045268], [106.7000663, -6.3040423], [106.7002582, -6.3039436], [106.7006015, -6.303749], [106.7009475, -6.3035546], [106.7014919, -6.3032214], [106.7025308, -6.3025746], [106.7026185, -6.30252], [106.7030262, -6.302272], [106.7033628, -6.302063], [106.7037034, -6.3018677], [106.7056574, -6.3007577], [106.7068148, -6.3001098], [106.7074371, -6.2997576], [106.7078808, -6.299508], [106.7082829, -6.299286], [106.7089561, -6.2989065], [106.7110433, -6.2977292], [106.7114026, -6.2975266], [106.7118672, -6.2972742], [106.7133918, -6.2964093], [106.7137313, -6.2962164], [106.714894, -6.2955529], [106.715308, -6.2953084], [106.7156279, -6.295144], [106.7159613, -6.295021], [106.7164212, -6.2948816], [106.7168402, -6.2947851], [106.7173331, -6.2946765], [106.7178964, -6.2945486], [106.7184597, -6.2944046], [106.7186739, -6.2943273], [106.7190042, -6.2941827], [106.7191688, -6.2941061], [106.7194043, -6.2939801], [106.7196163, -6.2938497], [106.7197952, -6.2937345], [106.7200259, -6.2935658], [106.7202637, -6.2933769], [106.7204492, -6.2932161], [106.7206253, -6.2930576], [106.7208087, -6.2928775], [106.7211749, -6.2924962], [106.7216971, -6.2919838], [106.721917, -6.2918025], [106.7221638, -6.2916292], [106.7223456, -6.2915174], [106.7227025, -6.291342], [106.7229585, -6.2912329], [106.7232171, -6.2911379], [106.7235243, -6.2910442], [106.7238401, -6.2909654], [106.7241861, -6.2909174], [106.7245429, -6.2908721], [106.7249854, -6.2908188], [106.7252859, -6.2907681], [106.7254302, -6.2907429], [106.7255702, -6.2907121], [106.72586, -6.2906273], [106.7261281, -6.2905308], [106.7264375, -6.2903917], [106.7266154, -6.2903077], [106.7269208, -6.2901361], [106.7269208, -6.2901361], [106.7273056, -6.2898718], [106.7274854, -6.2897484], [106.7279895, -6.2893844], [106.7293521, -6.2884086], [106.7295492, -6.2882775], [106.7297372, -6.2881429], [106.7311975, -6.2871133], [106.7311975, -6.2871133], [106.7316697, -6.2867997], [106.7319716, -6.2865835], [106.7324289, -6.2862603], [106.7330643, -6.2858012], [106.7339986, -6.2851473], [106.73429, -6.2849481], [106.7347534, -6.2846257], [106.7354085, -6.2841376], [106.7363491, -6.2833931], [106.7374202, -6.2825193], [106.738384, -6.2817416], [106.7389802, -6.2812593], [106.7400222, -6.2804316], [106.7406499, -6.2799396], [106.7408818, -6.2797532], [106.7417971, -6.2789954], [106.7421877, -6.2786893], [106.7435652, -6.2775918], [106.7451833, -6.2763061], [106.7454282, -6.2761056], [106.7455652, -6.2760062], [106.745728, -6.2758781], [106.7464172, -6.2753338], [106.7469286, -6.2749265], [106.7473061, -6.2746217], [106.7477621, -6.2742466], [106.748215, -6.2738867], [106.748748, -6.2734074], [106.7491378, -6.273046], [106.7495121, -6.2726923], [106.7497463, -6.272458], [106.7500841, -6.2721003], [106.7502276, -6.271949], [106.7504475, -6.2717183], [106.750638, -6.2715237], [106.7510068, -6.2711464], [106.7513863, -6.2707439], [106.7517203, -6.2704093], [106.7521548, -6.2699667], [106.7525477, -6.2695601], [106.7528039, -6.2692828], [106.7531512, -6.2689415], [106.7534516, -6.2686149], [106.7537628, -6.268307], [106.7542775, -6.2677873], [106.7542775, -6.2677873], [106.7543377, -6.2677265], [106.75444, -6.2676244], [106.7547726, -6.2672738], [106.7551494, -6.2668939], [106.7557181, -6.266314], [106.7560212, -6.2660114], [106.7565831, -6.2654435], [106.7568312, -6.2652116], [106.7569078, -6.2651472], [106.7572176, -6.264926], [106.7575361, -6.2647154], [106.7577681, -6.2645514], [106.7583873, -6.2641158], [106.7589005, -6.2637625], [106.7593163, -6.2634852], [106.7595666, -6.2633069], [106.7598084, -6.2631199], [106.7600002, -6.2629466], [106.76012, -6.2628247], [106.7602968, -6.2626331], [106.7604339, -6.2624567], [106.760692, -6.2620849], [106.7609089, -6.261715], [106.7610226, -6.2614837], [106.7610783, -6.2613479], [106.7611768, -6.261065], [106.7612325, -6.260862], [106.7613244, -6.2604947], [106.761443, -6.2599914], [106.7615302, -6.2596282], [106.7618587, -6.2583259], [106.7619404, -6.25806], [106.7620732, -6.2577234], [106.7621753, -6.2575278], [106.7623682, -6.257212], [106.7625367, -6.2569989], [106.7627517, -6.2567694], [106.7629945, -6.2565778], [106.7632607, -6.256396], [106.7639208, -6.2560002], [106.7645457, -6.2556526], [106.7652162, -6.2553046], [106.7657084, -6.2550607], [106.7660102, -6.2549154], [106.7662851, -6.2547889], [106.7666848, -6.2546021], [106.7674586, -6.2543048], [106.7677825, -6.2541824], [106.7681587, -6.2540365], [106.7683771, -6.2539344], [106.7685709, -6.2538288], [106.7688111, -6.2536774], [106.7690494, -6.2535023], [106.7692334, -6.2533555], [106.7696085, -6.2530599], [106.7697921, -6.2529104], [106.7703017, -6.2525091], [106.7706761, -6.2522299], [106.7714846, -6.2515652], [106.7719312, -6.251176], [106.7721391, -6.2509877], [106.7724395, -6.250708], [106.7727992, -6.2503604], [106.773031, -6.2501253], [106.773177, -6.2499575], [106.7734842, -6.2496295], [106.7738945, -6.2491643], [106.7740596, -6.2489528], [106.7742606, -6.2487283], [106.7749661, -6.2478844], [106.7760162, -6.246646], [106.7768946, -6.2456034], [106.7772299, -6.2452035], [106.7775598, -6.2448129], [106.7778132, -6.2445103], [106.7781458, -6.2441156], [106.7785369, -6.243655], [106.7788378, -6.2432838], [106.7791932, -6.2428625], [106.7794768, -6.2425439], [106.77977, -6.2421891], [106.7799071, -6.2420237], [106.780108, -6.2417909], [106.7804202, -6.2414201], [106.7807328, -6.2410347], [106.7808005, -6.2409505], [106.781052, -6.2406121], [106.7811754, -6.2404295], [106.7812823, -6.2402664], [106.7814442, -6.2399906], [106.7815306, -6.2398335], [106.7816768, -6.2395155], [106.7818371, -6.2391378], [106.7822802, -6.2378425], [106.7822894, -6.2378091], [106.7826589, -6.2367504], [106.782998, -6.2357903], [106.7831882, -6.2353204], [106.7832743, -6.2351356], [106.7834899, -6.2347511], [106.7844491, -6.2331178], [106.7847315, -6.2326429], [106.7856112, -6.2311751], [106.7857277, -6.2309839], [106.7859907, -6.2305525], [106.7863005, -6.2300245], [106.7872563, -6.2283573], [106.7875276, -6.2279141], [106.7876953, -6.2276301], [106.7884852, -6.2263129], [106.7887494, -6.225853], [106.7892147, -6.225049], [106.7896291, -6.2243411], [106.7898061, -6.2239872], [106.789947, -6.2236745], [106.7900964, -6.2233337], [106.790301, -6.2228586], [106.7905062, -6.222364], [106.7907194, -6.22186], [106.7914439, -6.2201394], [106.7919745, -6.2188415], [106.7921637, -6.2183935], [106.7923341, -6.217978], [106.7924836, -6.2176971], [106.792612, -6.2174789], [106.7927614, -6.2172294], [106.7929085, -6.2169915], [106.793051, -6.2167756], [106.7932539, -6.2164944], [106.7933689, -6.2163641], [106.7934712, -6.2162343], [106.7936258, -6.2160415], [106.793847, -6.2157884], [106.7941548, -6.2154675], [106.7943905, -6.2152459], [106.794615, -6.2150414], [106.7952089, -6.2145142], [106.7954707, -6.2142566], [106.795636, -6.2140462], [106.795636, -6.2140462], [106.7958256, -6.2137559], [106.7959584, -6.2135061], [106.796042, -6.2132658], [106.7961041, -6.2130137], [106.7961391, -6.2127644], [106.7961597, -6.2125373], [106.796159, -6.2123764], [106.796138, -6.212093], [106.7961181, -6.2116269], [106.7960984, -6.2111324], [106.7960999, -6.2108692], [106.7961191, -6.210671], [106.796153, -6.2104474], [106.7962328, -6.210167], [106.7963313, -6.2099221], [106.7964526, -6.2096309], [106.796555, -6.2094199], [106.7971063, -6.2082024], [106.7972321, -6.2079197], [106.7981146, -6.2059926], [106.7982024, -6.2058267], [106.7983239, -6.2056291], [106.7984476, -6.2054563], [106.7986256, -6.2052426], [106.7987753, -6.2050971], [106.7989554, -6.2049487], [106.79922, -6.2047838], [106.7993921, -6.2046965], [106.8004914, -6.2041852], [106.8013228, -6.2038021], [106.8017337, -6.2035954], [106.8022282, -6.2033702], [106.802539, -6.2032301], [106.8033698, -6.2028465], [106.8039536, -6.20258], [106.8044266, -6.202364], [106.8052839, -6.2019743], [106.8060012, -6.2016417], [106.8063091, -6.2014896], [106.806733, -6.2013025], [106.8070817, -6.2010998], [106.8072292, -6.2010021], [106.8073767, -6.200895], [106.807519, -6.2007877], [106.807633, -6.2006904], [106.8078004, -6.2005359], [106.8079485, -6.2003878], [106.8083317, -6.1999482], [106.8087456, -6.199467], [106.8092794, -6.198823], [106.809583, -6.1984791], [106.8097713, -6.1982406], [106.8097713, -6.1982406], [106.8099971, -6.1979523], [106.8100195, -6.1979189], [106.8100861, -6.1978078], [106.8101867, -6.1976212], [106.8103071, -6.1973283], [106.8103818, -6.1970674], [106.810421, -6.1968664], [106.810454, -6.1965547], [106.8104484, -6.1962103], [106.8104117, -6.1959518], [106.8103376, -6.1955307], [106.8100434, -6.1942186], [106.8099841, -6.1937906], [106.8099622, -6.1933368], [106.8099747, -6.1930939], [106.8099998, -6.1928461], [106.8100405, -6.1925578], [106.810097, -6.1923096], [106.810277, -6.1916365], [106.8108347, -6.1896021], [106.8109181, -6.1891492], [106.8109738, -6.188822], [106.811003, -6.1884968], [106.8110094, -6.1882362], [106.8109934, -6.1879682], [106.810966, -6.1876551], [106.8108982, -6.1871259], [106.8108616, -6.1869587], [106.8108195, -6.1867433], [106.8107942, -6.186527]]}, "properties": {"id": "krl-R", "line_id": "krl-R", "line_name": "Commuter Line Rangkasbitung", "name": "Commuter Line Rangkasbitung", "route_name": "Commuter Line Rangkasbitung", "line_code": "R", "line_codes": ",R,", "short": "Rangkasbitung", "from_name": "Tanah Abang", "to_name": "Rangkasbitung", "endpoint": "Tanah Abang - Rangkasbitung", "terminus": "Tanah Abang - Rangkasbitung", "branch": "", "parent": "", "mode": "KRL", "status": "existing", "status_label": "Jaringan saat ini", "color": "#D83A72", "operator": "KAI Commuter", "source": "OpenStreetMap route relations KAI Commuter", "source_type": "osm", "source_url": "https://www.openstreetmap.org", "license": "ODbL", "retrieved_at": "2026-09-04", "geometry_source": "osm_rail_relation", "length_km": 72.86, "stop_count": 20, "osm_relation": 15094546}}, {"type": "Feature", "id": "krl-C", "geometry": {"type": "MultiLineString", "coordinates": [[[106.8719404, -6.2150102], [106.8720665, -6.2150082], [106.8720866, -6.2150078], [106.8725417, -6.2149999], [106.8729897, -6.2149775], [106.873062, -6.2149721], [106.8733406, -6.2149582], [106.8741114, -6.2149124], [106.8747228, -6.214876], [106.8748921, -6.2148678], [106.875207, -6.2148541], [106.8755445, -6.2148394], [106.8759728, -6.2148132], [106.8761632, -6.2147985], [106.8769571, -6.2147359], [106.8774817, -6.2147034], [106.8799769, -6.2145563], [106.880037, -6.2145528], [106.8848916, -6.2142693], [106.8869275, -6.2141392], [106.8872938, -6.2140967], [106.8874683, -6.2140703], [106.8875928, -6.2140476], [106.8877313, -6.2140224], [106.8881707, -6.2139251], [106.888362, -6.2138815], [106.8885505, -6.2138301], [106.8898057, -6.2134224], [106.8902836, -6.2133047], [106.8907719, -6.2132226], [106.8912265, -6.2131694], [106.8916861, -6.2131373], [106.892294, -6.2131228], [106.8925268, -6.2131292], [106.8941561, -6.2131627], [106.8956681, -6.2131951], [106.8941541, -6.2132004], [106.8925212, -6.2131658], [106.8925212, -6.2131658], [106.8916822, -6.2131685], [106.8912422, -6.2132032], [106.8907825, -6.2132599], [106.8902982, -6.2133412], [106.8898065, -6.2134581], [106.8883648, -6.2139154], [106.8881211, -6.2139802], [106.8876275, -6.2140802], [106.8874683, -6.2141066], [106.8872955, -6.2141324], [106.8869267, -6.2141763], [106.886506, -6.2142068], [106.8863693, -6.214215], [106.8842959, -6.2143386], [106.8842278, -6.2143427], [106.8830935, -6.2144103], [106.8802116, -6.214583], [106.8778931, -6.2147136], [106.8777786, -6.21472], [106.8769588, -6.2147713], [106.8766892, -6.2147919], [106.8759778, -6.2148505], [106.8754495, -6.2148842], [106.8753287, -6.2148824], [106.8751707, -6.214876], [106.875047, -6.2148698], [106.8748921, -6.2148678], [106.8752543, -6.2148284], [106.8755445, -6.2148394], [106.8748973, -6.2149104], [106.8744699, -6.2149289], [106.8738911, -6.2149645], [106.873874, -6.2149656], [106.8728079, -6.2150278], [106.8725591, -6.2150417], [106.8720812, -6.2150673], [106.871941, -6.2150754], [106.8706001, -6.2150209], [106.8712216, -6.2151027], [106.871941, -6.2150754]], [[106.8502568, -6.2105436], [106.8499237, -6.2101032], [106.8496485, -6.2097433], [106.849896, -6.2101267], [106.8502314, -6.2105681], [106.8508608, -6.2113964], [106.8509708, -6.2115499], [106.8510133, -6.2116091], [106.8513677, -6.2121257], [106.8510405, -6.2115866], [106.8510374, -6.2115821], [106.8510011, -6.211533], [106.8508223, -6.2112903], [106.8504064, -6.2107413], [106.8502568, -6.2105436]], [[106.807116, -6.1316832], [106.8070475, -6.1317566], [106.8070475, -6.1317566], [106.8064913, -6.1318488], [106.807127, -6.1317369], [106.8096407, -6.1310836], [106.8101819, -6.1309438], [106.8102367, -6.1309307], [106.8096303, -6.131034], [106.8096407, -6.1310836], [106.8095507, -6.1310574], [106.807116, -6.1316832]], [[107.1434554, -6.2545962], [107.1433368, -6.254541], [107.1440227, -6.2548134], [107.1448554, -6.2551675], [107.1434554, -6.2545962], [107.1433802, -6.254521], [107.1429199, -6.2543119], [107.1428522, -6.2542796], [107.1425563, -6.2541385], [107.1420672, -6.2539534], [107.1425563, -6.2541385], [107.1428377, -6.2543126], [107.1429093, -6.2543456], [107.1433368, -6.254541]], [[106.8522885, -6.2133972], [106.8520644, -6.2131212], [106.8520143, -6.213056], [106.8519625, -6.2129825], [106.8518616, -6.2128456], [106.8515552, -6.2124001], [106.8513994, -6.2121046], [106.8515901, -6.2123837], [106.851887, -6.2128244], [106.8520277, -6.2130162], [106.8520935, -6.213101], [106.852253, -6.2132958], [106.8523686, -6.2134341], [106.8525892, -6.2136919], [106.8527059, -6.2138149], [106.8528069, -6.2139054], [106.8529345, -6.2140196], [106.8530715, -6.21412], [106.853207, -6.2142441], [106.8535489, -6.2144023], [106.8537819, -6.2144742], [106.8539756, -6.2145231], [106.8542893, -6.2145611], [106.8545305, -6.2145698], [106.8547776, -6.214556], [106.8550085, -6.2145273], [106.8552376, -6.2144717], [106.8554629, -6.2143933], [106.8557634, -6.2142683], [106.8558057, -6.2142501], [106.8558684, -6.2142233], [106.8583164, -6.213195], [106.8586747, -6.2130563], [106.8589498, -6.2129536], [106.8587917, -6.2129464], [106.8586711, -6.2129988], [106.8584505, -6.2130885], [106.8583974, -6.2131105], [106.8582956, -6.2131525], [106.8563797, -6.2139681], [106.8563218, -6.2139929], [106.8557496, -6.2142327], [106.8554668, -6.2143526], [106.8552125, -6.2144336], [106.8550068, -6.2144819], [106.8547758, -6.214515], [106.854546, -6.2145294], [106.854291, -6.2145201], [106.8539774, -6.214484], [106.8537879, -6.2144362], [106.853562, -6.2143699], [106.8532232, -6.2142104], [106.8530524, -6.2141505], [106.8529097, -6.2140427], [106.8526887, -6.2138441], [106.8525753, -6.2137246], [106.8523323, -6.2134508], [106.8522885, -6.2133972]], [[106.8510832, -6.1864016], [106.8501981, -6.1852414], [106.8469624, -6.1808874], [106.8466879, -6.1804541], [106.8464739, -6.1799655], [106.8463409, -6.1795213], [106.8457604, -6.1773304], [106.8456169, -6.1768815], [106.8454217, -6.1763823], [106.8453171, -6.1760268], [106.8452597, -6.1757983], [106.8451597, -6.1755393], [106.8451493, -6.175512], [106.8450192, -6.175172], [106.8440952, -6.1727569], [106.8439977, -6.1725343], [106.8438776, -6.1722935], [106.8438466, -6.1722326], [106.8435459, -6.1718043], [106.8434055, -6.1713817], [106.8433945, -6.1713498], [106.8433454, -6.1711862], [106.8431831, -6.1706573], [106.8431407, -6.1704261], [106.8431084, -6.170125], [106.8430895, -6.169839], [106.8430979, -6.1685888], [106.8430829, -6.1677428], [106.843026, -6.1672303], [106.8425468, -6.1654223], [106.8421808, -6.163832], [106.8420405, -6.1633436], [106.842023, -6.1632825], [106.8418639, -6.1627319], [106.8418409, -6.1626607], [106.8412461, -6.1607633], [106.8410144, -6.1600762], [106.8408328, -6.1595275], [106.8406414, -6.1589572], [106.8404776, -6.1584253], [106.8403668, -6.1579908], [106.8389527, -6.1521468], [106.8378186, -6.1483487], [106.8377899, -6.1482622], [106.8377484, -6.1481189], [106.8372131, -6.1463028], [106.8371243, -6.1459908], [106.8366981, -6.1446199], [106.8366149, -6.1444256], [106.8364887, -6.1441763], [106.8363565, -6.1439433], [106.836205, -6.143705], [106.8359866, -6.1434105], [106.8356867, -6.1430689], [106.8354963, -6.142875], [106.8353103, -6.1427114], [106.8349551, -6.1424352], [106.8345402, -6.1421621], [106.834053, -6.1419087], [106.8335599, -6.1417048], [106.833474, -6.1416742], [106.8334129, -6.1416518], [106.833346, -6.1416252], [106.8332465, -6.1415896], [106.8328404, -6.1414375], [106.8322583, -6.141259], [106.8319721, -6.1410841], [106.8316944, -6.1408848], [106.8314246, -6.1406272], [106.8312426, -6.1404169], [106.8310544, -6.1401353], [106.8309459, -6.1399375], [106.8308432, -6.1396979], [106.830778, -6.1394821], [106.8307145, -6.1391144], [106.830692, -6.1385307], [106.8307025, -6.1353016], [106.8307004, -6.1352489], [106.8306903, -6.1349961], [106.8306856, -6.1349198], [106.8306695, -6.1347088], [106.8305088, -6.1341877], [106.8302589, -6.133758], [106.8300555, -6.1335103], [106.8296438, -6.1331236], [106.8294374, -6.1329838], [106.8289307, -6.1327011], [106.8282018, -6.1322989], [106.8279881, -6.1322036], [106.8277192, -6.1321143], [106.8275202, -6.1320678], [106.8272806, -6.132031], [106.82749, -6.1320176], [106.8277176, -6.1320694], [106.8279618, -6.1321566], [106.8281842, -6.1322511], [106.8284482, -6.1323925], [106.8290171, -6.132707], [106.8293357, -6.1328832], [106.8295446, -6.133001], [106.829676, -6.1331023], [106.830063, -6.1334643], [106.8302843, -6.1337523], [106.8305391, -6.1341856], [106.8307097, -6.134706], [106.8307345, -6.1349083], [106.8307343, -6.1349837], [106.8307529, -6.1352377], [106.8307566, -6.1352874], [106.8307506, -6.1358448], [106.8307414, -6.1367022], [106.8307216, -6.1385381], [106.8307547, -6.1391069], [106.8308218, -6.1394766], [106.8308856, -6.1396843], [106.8309907, -6.1399205], [106.8311011, -6.1401217], [106.8312837, -6.1403952], [106.8314645, -6.1406037], [106.8317321, -6.1408584], [106.8320349, -6.1410571], [106.8322807, -6.1411997], [106.8322871, -6.1412031], [106.8328404, -6.1414375], [106.8332569, -6.1416744], [106.8332699, -6.1416792], [106.8333644, -6.1417104], [106.8334325, -6.1417314], [106.8334989, -6.1417544], [106.8335727, -6.1417763], [106.8340033, -6.1419374], [106.8345079, -6.1421902], [106.8351434, -6.1426291], [106.8352779, -6.1427349], [106.8354709, -6.1429029], [106.8356752, -6.1431182], [106.8359559, -6.1434362], [106.8361567, -6.1437039], [106.8363213, -6.1439483], [106.8364605, -6.1441908], [106.8365893, -6.1444374], [106.8366642, -6.1446184], [106.8367584, -6.1449043], [106.8370974, -6.1459975], [106.8371821, -6.1463115], [106.8377029, -6.148094], [106.8377497, -6.1482379], [106.8377901, -6.1483581], [106.8389209, -6.1521533], [106.8403308, -6.1579987], [106.8404187, -6.1583394], [106.8406059, -6.1589772], [106.8412205, -6.1608914], [106.8414721, -6.1616991], [106.8417414, -6.1625539], [106.8417829, -6.1626798], [106.8418064, -6.1627479], [106.8419489, -6.1631733], [106.8421491, -6.1638407], [106.8425773, -6.1654155], [106.8430637, -6.1672334], [106.8431225, -6.1677381], [106.8431347, -6.1685865], [106.8431283, -6.1698073], [106.8431515, -6.1701305], [106.843182, -6.1703544], [106.8433386, -6.1710023], [106.843433, -6.1712946], [106.8435668, -6.1716169], [106.8436884, -6.1719157], [106.8437551, -6.1724146], [106.8441828, -6.173701], [106.8447867, -6.1752709], [106.8447867, -6.1752709], [106.8449879, -6.1756997], [106.8450073, -6.1757411], [106.8451344, -6.1760268], [106.8452662, -6.1762992], [106.8452978, -6.1763689], [106.8454481, -6.1766906], [106.8455215, -6.176871], [106.8455995, -6.1771095], [106.8462655, -6.1796223], [106.8463995, -6.1800153], [106.8465136, -6.1802609], [106.8466162, -6.1804669], [106.8467447, -6.1806829], [106.8469086, -6.1809177], [106.8501171, -6.1851771], [106.8501793, -6.1852595], [106.8508058, -6.1860896], [106.8510519, -6.1864157], [106.8511482, -6.186487], [106.8511739, -6.1865214], [106.8516507, -6.1871676], [106.852631, -6.1885464], [106.85448, -6.1909884], [106.8553713, -6.1921655], [106.8554509, -6.192271], [106.8567943, -6.194051], [106.8554903, -6.192261], [106.855399, -6.1921442], [106.8526663, -6.188523], [106.8517267, -6.1872707], [106.8517267, -6.1872707], [106.8516974, -6.1872951], [106.8511482, -6.1865405], [106.8511232, -6.1865059], [106.8510519, -6.1864157]], [[106.938393, -6.2174623], [106.9378509, -6.2174022], [106.9369716, -6.2172777], [106.9361307, -6.2171586], [106.936064, -6.2171492], [106.9354174, -6.2170754], [106.9346563, -6.2169885], [106.9337614, -6.2168893], [106.9336628, -6.2168784], [106.9335745, -6.2168672], [106.932924, -6.2167847], [106.9319861, -6.2166745], [106.9312141, -6.2165838], [106.9311, -6.2165701], [106.930367, -6.2164823], [106.9290021, -6.2163187], [106.927508, -6.2161396], [106.9268764, -6.2160639], [106.9248666, -6.2157847], [106.9246209, -6.2157889], [106.9248666, -6.2157847], [106.9268812, -6.216026], [106.9270356, -6.2160441], [106.9312187, -6.2165506], [106.9329208, -6.2167513], [106.9336813, -6.216848], [106.9346731, -6.2169596], [106.9360672, -6.2171173], [106.9369685, -6.2172418], [106.9378564, -6.2173485], [106.9384673, -6.2174098], [106.9384776, -6.2174108], [106.9388064, -6.2174436], [106.9392534, -6.2175794], [106.9398107, -6.2176472], [106.9402519, -6.2177126], [106.9417608, -6.2178838], [106.9392621, -6.217489], [106.9388064, -6.2174436], [106.9386074, -6.2174861], [106.938393, -6.2174623]], [[106.82315, -6.1326359], [106.8244641, -6.1324184], [106.8251395, -6.1323007], [106.8254997, -6.1322387], [106.8258834, -6.1321282], [106.8266461, -6.1320016], [106.826801, -6.1319834], [106.8270247, -6.1319729], [106.8272806, -6.132031], [106.8269713, -6.1320175], [106.8266835, -6.132033], [106.8258834, -6.1321282], [106.8255215, -6.1321943], [106.8246424, -6.1323489], [106.823932, -6.1324657], [106.8233433, -6.1325647], [106.8229297, -6.1326343], [106.822606, -6.1327128], [106.8220883, -6.1328444], [106.821805, -6.1328901], [106.8215951, -6.1329096], [106.8213378, -6.1329115], [106.8210762, -6.1328914], [106.8207644, -6.1328383], [106.8204247, -6.1327526], [106.8193483, -6.1323596], [106.8189271, -6.1321462], [106.8185985, -6.1319702], [106.8168257, -6.1309315], [106.8158722, -6.1304441], [106.8155823, -6.1303358], [106.8152724, -6.1302602], [106.8148454, -6.1302031], [106.8141, -6.1300433], [106.8137295, -6.1300305], [106.813383, -6.1300934], [106.8123294, -6.1303728], [106.8120452, -6.1304481], [106.8124297, -6.1303109], [106.8134211, -6.1300446], [106.8137355, -6.1299886], [106.8141148, -6.1300028], [106.8148541, -6.1301726], [106.8152724, -6.1302602], [106.8155677, -6.1303715], [106.815858, -6.1304777], [106.8168209, -6.1309719], [106.8185918, -6.1320049], [106.8189137, -6.1321862], [106.8193457, -6.1323898], [106.8196315, -6.1325081], [106.8205593, -6.1328306], [106.8209226, -6.132909], [106.8211587, -6.1329383], [106.8214278, -6.1329471], [106.8215901, -6.1329481], [106.8217877, -6.1329318], [106.8220988, -6.1328832], [106.8226088, -6.132751], [106.8229445, -6.132671], [106.82315, -6.1326359]], [[106.9010222, -6.2132958], [106.9006384, -6.2132869], [106.8986535, -6.2133596], [106.9006416, -6.2134066], [106.9016693, -6.2134076], [106.9019884, -6.2134079], [106.90224, -6.2134026], [106.9025166, -6.2133968], [106.9029332, -6.2133881], [106.9031914, -6.2133929], [106.9037394, -6.2134031], [106.9041002, -6.2134098], [106.9041738, -6.2134112], [106.9046863, -6.2134207], [106.9050607, -6.2134383], [106.9053368, -6.2134513], [106.9055447, -6.2134671], [106.905808, -6.2134871], [106.9062349, -6.2135299], [106.9062833, -6.2135348], [106.907091, -6.2136258], [106.9071839, -6.2136374], [106.9086027, -6.2138138], [106.909989, -6.2139863], [106.9100367, -6.2139922], [106.910232, -6.214018], [106.9111778, -6.2141307], [106.9123961, -6.2142759], [106.9124667, -6.2142843], [106.9149146, -6.2145933], [106.9152325, -6.2146334], [106.9175293, -6.2149234], [106.9177214, -6.2149476], [106.918805, -6.2150844], [106.91951, -6.2151734], [106.9197714, -6.2152129], [106.9198778, -6.215229], [106.9203155, -6.2152867], [106.9213905, -6.2154285], [106.9201108, -6.2151982], [106.9194267, -6.2151197], [106.9124712, -6.2142501], [106.9102069, -6.2139807], [106.9101989, -6.2140141], [106.9102069, -6.2139807], [106.9071021, -6.2135907], [106.9062845, -6.2134959], [106.9058079, -6.2134505], [106.9053424, -6.2134162], [106.9046907, -6.2133813], [106.9010222, -6.2132958]], [[106.8956681, -6.2131951], [106.8958509, -6.2131986], [106.8958487, -6.2132394], [106.897488, -6.2132253], [106.8986471, -6.2132396], [106.8981735, -6.2133321], [106.8974835, -6.2133095], [106.8963798, -6.2132622], [106.8958487, -6.2132394]], [[106.8650956, -6.2131172], [106.8646895, -6.2127423], [106.864287, -6.2123735], [106.8641666, -6.2122679], [106.8640018, -6.2121953], [106.8641463, -6.2123022], [106.8646614, -6.2127654], [106.8646935, -6.2127946], [106.8651275, -6.2131939], [106.8661252, -6.2141144], [106.8663739, -6.2143404], [106.8664931, -6.2144434], [106.8665835, -6.2145153], [106.866656, -6.2145656], [106.8667701, -6.2146435], [106.8669133, -6.2147295], [106.8670318, -6.214791], [106.8671309, -6.2148372], [106.8673316, -6.214914], [106.8673804, -6.2149294], [106.8675484, -6.2149799], [106.8676434, -6.215002], [106.8677975, -6.21503], [106.8679634, -6.2150484], [106.8680957, -6.2150583], [106.8683281, -6.2150649], [106.8684006, -6.2150669], [106.8689093, -6.215078], [106.868974, -6.2150797], [106.86928, -6.2150877], [106.8693767, -6.2150903], [106.869976, -6.2150943], [106.8695933, -6.2150151], [106.8695228, -6.2150132], [106.8693696, -6.2150128], [106.8692758, -6.215015], [106.8690252, -6.215027], [106.8689743, -6.2150301], [106.8689097, -6.2150343], [106.8684017, -6.2150293], [106.8683291, -6.2150273], [106.8680664, -6.2150199], [106.8679547, -6.2150116], [106.867799, -6.2149892], [106.8676729, -6.2149658], [106.8675584, -6.2149379], [106.8674565, -6.2149106], [106.8673445, -6.2148729], [106.867152, -6.2147993], [106.8670587, -6.2147573], [106.8669619, -6.214711], [106.866792, -6.2146114], [106.8666823, -6.2145365], [106.8665988, -6.214476], [106.8665169, -6.2144109], [106.8663998, -6.2143115], [106.8661508, -6.2140873], [106.8658325, -6.2137926], [106.8657948, -6.2137584], [106.8652293, -6.2132388], [106.8652293, -6.2132388]], [[106.8014058, -6.1574522], [106.8014482, -6.1580778], [106.8015322, -6.1589305], [106.8015566, -6.1591471], [106.8015823, -6.1596068], [106.8016772, -6.1615934], [106.8019785, -6.166719], [106.8020032, -6.1669758], [106.8020313, -6.1672041], [106.8020654, -6.1673873], [106.8021432, -6.1676688], [106.8022342, -6.1679128], [106.8023692, -6.1682224], [106.8024385, -6.1683839], [106.802535, -6.1685647], [106.8032843, -6.1696921], [106.8052312, -6.1724937], [106.8065105, -6.1743463], [106.8095077, -6.178693], [106.809807, -6.1791092], [106.8100166, -6.1794352], [106.8101002, -6.1796045], [106.8101599, -6.1797401], [106.8102161, -6.1799283], [106.8102633, -6.1801314], [106.8103117, -6.1804435], [106.8103598, -6.1809184], [106.8103985, -6.1813161], [106.8105019, -6.1822579], [106.8105296, -6.1823827], [106.8105732, -6.1825331], [106.8106026, -6.1826536], [106.8106347, -6.1828731], [106.8107545, -6.183903], [106.8108228, -6.1844964], [106.8108592, -6.1848067], [106.810939, -6.1854871], [106.8110355, -6.1859014], [106.8109854, -6.1854798], [106.8109229, -6.1849459], [106.8109047, -6.1847913], [106.8108944, -6.1846464], [106.8108808, -6.1844856], [106.8108734, -6.1842457], [106.810863, -6.184018], [106.8107407, -6.1829199], [106.8107191, -6.1828062], [106.8106831, -6.1826772], [106.8106528, -6.1825903], [106.8106222, -6.182506], [106.8105735, -6.1823719], [106.8105465, -6.182284], [106.8105324, -6.1822193], [106.8103896, -6.1808285], [106.8103505, -6.180443], [106.8103013, -6.180117], [106.8102531, -6.1799092], [106.8102012, -6.1797337], [106.810138, -6.1795874], [106.8100526, -6.1794165], [106.8098272, -6.1790951], [106.8095227, -6.1786558], [106.8065387, -6.1743247], [106.8052527, -6.1724629], [106.8032856, -6.1696312], [106.8028178, -6.1689193], [106.8025664, -6.1685341], [106.8024712, -6.1683692], [106.8024079, -6.1682261], [106.8022635, -6.1678966], [106.8021693, -6.1676565], [106.8020922, -6.1673744], [106.8020638, -6.1671842], [106.8020394, -6.1669726], [106.8020109, -6.166715], [106.8017056, -6.1615838], [106.8016278, -6.1600863], [106.801608, -6.1594994], [106.8015869, -6.1591381], [106.801536, -6.1586518], [106.8014903, -6.157548], [106.8014932, -6.1574429], [106.8015036, -6.1567882], [106.801501, -6.1565675], [106.8014761, -6.1561145], [106.8014462, -6.1555938], [106.8013252, -6.1550715], [106.8014462, -6.1555938], [106.801416, -6.1566058], [106.8014475, -6.1571173], [106.8014058, -6.1574522]], [[106.8111466, -6.1876313], [106.811062, -6.186868], [106.8110555, -6.1867915], [106.811056, -6.1867336], [106.8110707, -6.1863241], [106.8110723, -6.186261], [106.8110662, -6.1861865], [106.8110411, -6.185948], [106.8109953, -6.1859535], [106.8110252, -6.1862173], [106.8110252, -6.1862821], [106.8110231, -6.1863333], [106.8109923, -6.1867646], [106.8109995, -6.186825], [106.8110794, -6.1876281], [106.8111815, -6.1879794], [106.8111903, -6.1881431], [106.8111896, -6.1882696], [106.8111639, -6.1884525], [106.81113, -6.1886412], [106.8110414, -6.1891498], [106.8109728, -6.1895489], [106.8108935, -6.1897197], [106.8105427, -6.1909596], [106.8104011, -6.1914754], [106.8102934, -6.1919492], [106.8102255, -6.1922974], [106.8102101, -6.1924523], [106.8102004, -6.192639], [106.8102087, -6.1930677], [106.8104246, -6.1946251], [106.8104523, -6.1947724], [106.8105002, -6.1949621], [106.810578, -6.1952107], [106.8107219, -6.1955881], [106.8107895, -6.1956558], [106.8106074, -6.1952017], [106.8105277, -6.194952], [106.810482, -6.194769], [106.8104521, -6.1946176], [106.8102478, -6.1930717], [106.8102396, -6.1926349], [106.8102444, -6.1924558], [106.8102612, -6.1922956], [106.810324, -6.1919581], [106.8104394, -6.1914826], [106.8105817, -6.1909664], [106.8109353, -6.1897261], [106.8109728, -6.1895489], [106.8110025, -6.189146], [106.8110683, -6.188779], [106.8110959, -6.1886192], [106.8111135, -6.1885065], [106.8111308, -6.1882953], [106.8111248, -6.1881243], [106.8111129, -6.1879482], [106.8110794, -6.1876281]], [[106.8686651, -6.2148129], [106.8694509, -6.214782], [106.8694756, -6.214781], [106.8696416, -6.2147732], [106.8694772, -6.2147459], [106.8694474, -6.2147471], [106.8686628, -6.2147777], [106.8685114, -6.2147814], [106.8683617, -6.2147828], [106.868215, -6.21478], [106.8681011, -6.2147731], [106.8679862, -6.2147611], [106.8678067, -6.2147295], [106.8676215, -6.2146841], [106.8675211, -6.2146552], [106.8674129, -6.214616], [106.8672612, -6.2145582], [106.8671048, -6.2144864], [106.8669109, -6.2143773], [106.8667272, -6.2142512], [106.8665473, -6.2141082], [106.8664047, -6.2139842], [106.8663683, -6.2139498], [106.866322, -6.2139062], [106.8663131, -6.2139492], [106.8663297, -6.2139653], [106.8665215, -6.2141412], [106.8667188, -6.2142984], [106.8668848, -6.2144108], [106.8670916, -6.2145251], [106.8672446, -6.2145954], [106.8674065, -6.21466], [106.867508, -6.2146958], [106.8676141, -6.2147239], [106.8678059, -6.2147728], [106.8680223, -6.2148053], [106.8682065, -6.2148205], [106.8683618, -6.2148216], [106.8685111, -6.2148186], [106.8686651, -6.2148129]], [[106.9483425, -6.2186178], [106.9477101, -6.2185045], [106.9467423, -6.2183688], [106.9453285, -6.2182564], [106.9455209, -6.2182786], [106.9461973, -6.2183493], [106.9467281, -6.2184047], [106.9468203, -6.2184177], [106.9469271, -6.2184327], [106.9476207, -6.2185302], [106.9477221, -6.2185444], [106.9483425, -6.2186178], [106.948706, -6.2186791], [106.9483056, -6.218641], [106.9486893, -6.2187133], [106.9491167, -6.2187812], [106.9492542, -6.2188031], [106.949405, -6.2188227], [106.9494218, -6.2188245], [106.9507741, -6.2189678], [106.9509471, -6.2189861], [106.9502605, -6.2188832], [106.949593, -6.2188086], [106.9492692, -6.2187667], [106.948706, -6.2186791]], [[106.9509471, -6.2189861], [106.9520435, -6.2191179], [106.9542687, -6.2193777], [106.9549163, -6.2194516], [106.9558278, -6.2195514], [106.9569745, -6.2196521], [106.9582177, -6.2197798], [106.9590647, -6.219868], [106.9626846, -6.2203259], [106.965419, -6.2206498], [106.966657, -6.220785], [106.9704406, -6.2212444], [106.9706839, -6.2212739], [106.9704486, -6.2212108], [106.9697719, -6.2211322], [106.9687682, -6.2210035], [106.9666581, -6.2207515], [106.9653501, -6.2206071], [106.9645064, -6.2205088], [106.9633596, -6.2203695], [106.9626829, -6.2202931], [106.9620793, -6.2202139], [106.9606139, -6.2200388], [106.9590663, -6.2198368], [106.9577426, -6.2196945], [106.9569835, -6.2196118], [106.955808, -6.2195123], [106.9554884, -6.2194807], [106.954923, -6.2194241], [106.9542693, -6.2193453], [106.9520607, -6.2190888], [106.9516129, -6.2190408], [106.9509523, -6.2189604]], [[107.0005734, -6.2373888], [107.0002363, -6.2371795], [106.9999856, -6.2370281], [106.9999484, -6.2370056], [106.9993369, -6.2366804], [106.9997824, -6.2369502], [106.9999306, -6.2370367], [106.9999683, -6.2370597], [107.0002259, -6.2372165], [107.0005535, -6.2374194], [107.0006015, -6.2374489], [107.0020219, -6.2383365], [107.0006303, -6.2374238], [107.0005734, -6.2373888]], [[106.8155484, -6.2007087], [106.8152254, -6.2006373], [106.8139444, -6.2003511], [106.8136462, -6.2002634], [106.8134104, -6.2001566], [106.8131285, -6.2000038], [106.8128382, -6.199792], [106.8126501, -6.1996269], [106.8123908, -6.1993459], [106.8121999, -6.1990696], [106.8120578, -6.1987881], [106.8111017, -6.196471], [106.8107219, -6.1955881], [106.8107556, -6.1956697], [106.8111345, -6.1964608], [106.8121042, -6.1987758], [106.8122407, -6.1990419], [106.81243, -6.1993248], [106.8126801, -6.199588], [106.8128641, -6.1997621], [106.8131409, -6.1999648], [106.8133934, -6.200106], [106.8136705, -6.2002312], [106.8139518, -6.2003147], [106.81521, -6.2005941], [106.8155342, -6.2006687], [106.8157525, -6.2007159], [106.8159745, -6.2007639], [106.8178389, -6.2011668], [106.818165, -6.2012741], [106.8207409, -6.2018331], [106.8216828, -6.2020363], [106.8223376, -6.2021776], [106.8186815, -6.2013528], [106.8178389, -6.2011668], [106.8174879, -6.2011259], [106.8155484, -6.2007087]], [[106.8483307, -6.2080782], [106.8483145, -6.2080574], [106.8481638, -6.2078609], [106.8481061, -6.2078735], [106.848143, -6.207914], [106.8482732, -6.2080655], [106.8483, -6.2081], [106.8482878, -6.2080842], [106.8486684, -6.2084625], [106.8484649, -6.2082852], [106.8484322, -6.2082508], [106.8483744, -6.2081856], [106.8483, -6.2081]], [[106.8008861, -6.1468829], [106.8008306, -6.1461419], [106.8007959, -6.1455164], [106.8006901, -6.1435409], [106.8006554, -6.1429676], [106.8006484, -6.1428661], [106.800609, -6.1421349], [106.8006032, -6.1420057], [106.8005573, -6.1419872], [106.8005562, -6.1420064], [106.8005636, -6.1421373], [106.800568, -6.1422428], [106.8005985, -6.1427614], [106.8006115, -6.1435488], [106.8007363, -6.1458393], [106.8007504, -6.1459477], [106.8007787, -6.1461143], [106.800806, -6.1463115], [106.8008188, -6.1464919], [106.8008548, -6.1468869], [106.8008716, -6.1471524], [106.8009047, -6.1477201], [106.8009397, -6.1483615], [106.8011675, -6.1517873], [106.8011984, -6.1521714], [106.8013026, -6.1537799], [106.8013553, -6.1544368], [106.8013972, -6.1548503], [106.8014059, -6.154958], [106.8014135, -6.1550667], [106.8012902, -6.1544308], [106.8012612, -6.1537582], [106.8012494, -6.1535033], [106.801216, -6.1532976], [106.8012008, -6.1529299], [106.8011901, -6.152718], [106.8011545, -6.1521758], [106.8011244, -6.1517891], [106.8009446, -6.1484789], [106.8009738, -6.1483617], [106.800937, -6.1477175], [106.8009039, -6.1471516], [106.8008861, -6.1468829]], [[106.8226786, -6.2022518], [106.8230659, -6.2023352], [106.8226861, -6.2022207], [106.82252, -6.2021833], [106.822345, -6.2021439], [106.8225135, -6.2022159], [106.8226786, -6.2022518]], [[106.9453378, -6.2182186], [106.9455259, -6.2182397], [106.9429476, -6.2179349], [106.941762, -6.2177883], [106.9429397, -6.2179877], [106.9433654, -6.2180356], [106.9449163, -6.21821], [106.9453285, -6.2182564]], [[106.862761, -6.2105049], [106.8628621, -6.2107083], [106.8628948, -6.2107641], [106.8629122, -6.2107923], [106.8629262, -6.2108149], [106.8630059, -6.210944], [106.8630864, -6.2110583], [106.8632879, -6.2113007], [106.8634449, -6.2114605], [106.8635096, -6.211517], [106.8639042, -6.2118405], [106.8646469, -6.212444], [106.8648773, -6.2126486], [106.8649129, -6.2126803], [106.8656851, -6.2133812], [106.8659184, -6.2135927], [106.866322, -6.2139062], [106.8659428, -6.2135638], [106.8657112, -6.2133549], [106.8649046, -6.2126221], [106.8646591, -6.2124072], [106.863921, -6.2118084], [106.8635143, -6.2114699], [106.8634758, -6.2114345], [106.8633099, -6.2112708], [106.8631206, -6.2110401], [106.8630358, -6.2109208], [106.8629303, -6.2107442], [106.8628964, -6.2106807], [106.8628106, -6.2104808], [106.8626706, -6.21024], [106.8625807, -6.2099765], [106.8625081, -6.2097607], [106.8623832, -6.2093192], [106.8621783, -6.208566], [106.8624125, -6.2093114], [106.862546, -6.2097627], [106.8626121, -6.2099682], [106.8627022, -6.2102274], [106.8628106, -6.2104808]], [[106.8474909, -6.2070349], [106.8474644, -6.2069992], [106.8472855, -6.2067669], [106.8472189, -6.2066825], [106.8471116, -6.2065551], [106.8470097, -6.2064438], [106.8468944, -6.2063346], [106.846615, -6.2061084], [106.8464746, -6.2060188], [106.8463827, -6.205971], [106.846319, -6.2059378], [106.8461793, -6.2058743], [106.8460709, -6.2058295], [106.8459304, -6.2057797], [106.8456917, -6.2057107], [106.8453926, -6.2056675], [106.8451829, -6.2056502], [106.8449738, -6.2056496], [106.8448746, -6.2056547], [106.844748, -6.2056685], [106.8444417, -6.2057244], [106.844163, -6.2058094], [106.8438983, -6.2059303], [106.8435318, -6.2061235], [106.8432342, -6.2062855], [106.8430282, -6.2063747], [106.8428681, -6.2064297], [106.8426825, -6.206477], [106.8424655, -6.2065237], [106.8420502, -6.2065545], [106.8418614, -6.2065511], [106.8416939, -6.2065391], [106.8414618, -6.2064933], [106.8411486, -6.206397], [106.8408565, -6.2062969], [106.8388221, -6.2055998], [106.8387431, -6.2055727], [106.83733, -6.2051048], [106.8370604, -6.205041], [106.8340365, -6.2045969], [106.8313791, -6.2042187], [106.8312942, -6.2042066], [106.8305629, -6.2040702], [106.8256164, -6.2029437], [106.8256527, -6.2029522], [106.8257404, -6.2029371], [106.8256164, -6.2029437], [106.8249779, -6.2027916], [106.8243422, -6.2026049], [106.8249849, -6.2027599], [106.8257316, -6.2029705], [106.8286232, -6.2036526], [106.8305552, -6.2041083], [106.8312259, -6.2042286], [106.8312592, -6.2042346], [106.8326695, -6.204442], [106.8340312, -6.2046423], [106.8355812, -6.2048673], [106.835855, -6.204907], [106.8367049, -6.2050321], [106.8370355, -6.2050807], [106.8373244, -6.2051534], [106.8387337, -6.2056274], [106.8388189, -6.2056557], [106.8410473, -6.2063957], [106.8411463, -6.2064286], [106.8414826, -6.2065338], [106.8416829, -6.2065699], [106.841912, -6.2065905], [106.8420513, -6.2065924], [106.8422093, -6.2065826], [106.8425142, -6.2065581], [106.8427115, -6.2065141], [106.8428845, -6.2064682], [106.8430319, -6.2064165], [106.8432435, -6.2063249], [106.8439122, -6.2059651], [106.8441839, -6.2058494], [106.8444569, -6.2057724], [106.8447569, -6.2057175], [106.844885, -6.2057058], [106.8450403, -6.2057019], [106.8452445, -6.2057032], [106.8454907, -6.2057307], [106.845704, -6.2057707], [106.8459592, -6.2058413], [106.846151, -6.2059219], [106.8462806, -6.2059756], [106.8463408, -6.2060065], [106.8463669, -6.2060199], [106.8464437, -6.2060628], [106.8465925, -6.2061563], [106.8467758, -6.2062887], [106.8468599, -6.2063634], [106.8469386, -6.2064382], [106.8470801, -6.2065843], [106.8471746, -6.2066886], [106.8472697, -6.2067984], [106.847437, -6.2070217], [106.8474608, -6.2070533], [106.8477972, -6.2074369], [106.847779, -6.2074735], [106.8479084, -6.2076441], [106.8479343, -6.2076785], [106.8480363, -6.2077971], [106.8480791, -6.2077652], [106.8479965, -6.2076714], [106.847827, -6.207476], [106.8474608, -6.2070533]], [[106.8232354, -6.2023736], [106.8233736, -6.202405], [106.8236809, -6.2024803], [106.8232424, -6.2023449], [106.8232424, -6.2023449], [106.8232354, -6.2023736]], [[106.9788886, -6.2238316], [106.9780082, -6.2232741], [106.9773768, -6.2228931], [106.977025, -6.2226864], [106.9768078, -6.2225591], [106.976546, -6.2224235], [106.9763274, -6.222324], [106.9758999, -6.222141], [106.9752648, -6.221918], [106.9748485, -6.2217957], [106.9745345, -6.2217217], [106.9742125, -6.2216627], [106.9739699, -6.2216226], [106.9736051, -6.2215782], [106.9719399, -6.2213703], [106.9711355, -6.221287], [106.9706925, -6.2212391], [106.9706901, -6.2212388], [106.9736004, -6.2216143], [106.973982, -6.2216618], [106.9741866, -6.2216989], [106.9745269, -6.2217599], [106.9748544, -6.2218405], [106.9752545, -6.2219565], [106.9759021, -6.2221751], [106.9763179, -6.2223591], [106.9765314, -6.2224566], [106.9767914, -6.2225865], [106.9769977, -6.2227047], [106.9773605, -6.2229291], [106.9779876, -6.2233079], [106.9788171, -6.2238987], [106.9798787, -6.2244525], [106.9807916, -6.2250274], [106.9796847, -6.2244786], [106.9788171, -6.2238987]], [[106.9213905, -6.2154285], [106.9219477, -6.2155], [106.9226747, -6.2155933], [106.9229513, -6.2156288], [106.9229619, -6.2156303], [106.9236358, -6.2157285], [106.9214031, -6.2153263]], [[106.9239694, -6.215749], [106.9246209, -6.2157889], [106.9239613, -6.2156565], [106.9236581, -6.2156125], [106.9237339, -6.2157345], [106.9239694, -6.215749]], [[107.085714, -6.2614607], [107.0862004, -6.2613954], [107.0869005, -6.2612838], [107.0883314, -6.2610557], [107.0891378, -6.2609296], [107.0900306, -6.2607928], [107.0919647, -6.2605072], [107.0991699, -6.2593865], [107.1011907, -6.2590725], [107.1055998, -6.2583664], [107.1065011, -6.2582283], [107.1101262, -6.25766], [107.1102351, -6.2576096], [107.1109586, -6.2575011], [107.1109176, -6.2575074], [107.1112509, -6.257457], [107.1124158, -6.2572722], [107.1102351, -6.2576432], [107.1101227, -6.2576267], [107.1064883, -6.2581962], [107.1055925, -6.2583423], [107.104367, -6.2585372], [107.1016445, -6.2589771], [107.1011997, -6.2590453], [107.0991725, -6.2593518], [107.0974227, -6.2596303], [107.0950838, -6.2600116], [107.0919618, -6.2604601], [107.0891411, -6.2609672], [107.0869976, -6.2613023], [107.0869077, -6.2613193], [107.0857556, -6.261537], [107.085656, -6.2615533], [107.0836549, -6.2618811], [107.0831764, -6.2619493], [107.0828188, -6.2619935], [107.0807594, -6.2623023], [107.0790292, -6.2625803], [107.0784717, -6.2626623], [107.0767656, -6.2628979], [107.0762813, -6.2629492], [107.0752977, -6.262995], [107.0747994, -6.2630097], [107.0743149, -6.2629957], [107.0737343, -6.2629714], [107.0732773, -6.262941], [107.0743494, -6.2629761], [107.0748075, -6.2629843], [107.0752835, -6.2629732], [107.0762778, -6.2629213], [107.0767483, -6.2628778], [107.0771962, -6.2628138], [107.0784703, -6.2626278], [107.079814, -6.2624165], [107.0807559, -6.2622652], [107.0828513, -6.2619187], [107.0832401, -6.2618585], [107.084406, -6.261678], [107.085714, -6.2614607]], [[106.999357, -6.2366515], [106.9988453, -6.2363272], [106.9993369, -6.2366804]], [[106.8496485, -6.2097433], [106.8494362, -6.2094714], [106.8494073, -6.2094335], [106.8493938, -6.2094158], [106.8492538, -6.2092322], [106.8490302, -6.2089386], [106.8492275, -6.2092582], [106.8492811, -6.2093287], [106.8493639, -6.2094376], [106.849378, -6.2094561], [106.849411, -6.2094995], [106.8496215, -6.2097653]], [[106.8706001, -6.2150209], [106.8703372, -6.215023], [106.8699744, -6.2150191], [106.8705988, -6.2150985]], [[106.8056564, -6.1321135], [106.8064913, -6.1318488], [106.8056435, -6.1320655], [106.8025774, -6.1328523], [106.8021383, -6.1330095], [106.8018558, -6.1331512], [106.8015709, -6.1333253], [106.8013553, -6.1334958], [106.8011144, -6.1337098], [106.8008777, -6.1339846], [106.8007223, -6.1342087], [106.8005464, -6.1345374], [106.8003964, -6.1348966], [106.8003378, -6.1350944], [106.8002796, -6.1353889], [106.8002289, -6.1357172], [106.8002286, -6.1359275], [106.8002489, -6.1365507], [106.8002602, -6.1367063], [106.8003297, -6.1376005], [106.8004198, -6.1391778], [106.8005474, -6.1417731], [106.8004514, -6.139182], [106.8003614, -6.1376106], [106.8002938, -6.1367029], [106.8002868, -6.1366091], [106.8002819, -6.1365449], [106.8002607, -6.1359305], [106.8002635, -6.1357081], [106.8003161, -6.1353947], [106.8003935, -6.1350489], [106.8004811, -6.1347909], [106.8005751, -6.1345686], [106.8007567, -6.1342339], [106.8009391, -6.1339831], [106.8011579, -6.1337368], [106.8013781, -6.1335323], [106.8016008, -6.1333568], [106.8018717, -6.1331872], [106.8021429, -6.1330533], [106.8025922, -6.1328962], [106.8056564, -6.1321135]], [[106.8739603, -6.2148379], [106.8738083, -6.2148338], [106.8737873, -6.2148332], [106.8734892, -6.2148251], [106.8731566, -6.2148193], [106.8730847, -6.2148234], [106.8729638, -6.2148283], [106.8728088, -6.2148243], [106.8726934, -6.2148547], [106.8728359, -6.2148636], [106.8728879, -6.2148661], [106.8731482, -6.2148718], [106.8735491, -6.2148674], [106.8737033, -6.2148669], [106.8739059, -6.2148684], [106.8742002, -6.2148665], [106.8739603, -6.2148379], [106.8742002, -6.2148665], [106.8744504, -6.214871], [106.8747228, -6.214876], [106.8749633, -6.2148233], [106.8745181, -6.2148255], [106.8742121, -6.2148245]], [[106.8102227, -6.1308814], [106.8101682, -6.1308953], [106.8102227, -6.1308814], [106.810632, -6.1307774], [106.8110146, -6.1306791], [106.8118768, -6.1304577], [106.8118768, -6.1304577], [106.8115444, -6.1305802], [106.8106455, -6.1308258], [106.8103519, -6.1309021], [106.8103519, -6.1309021]], [[106.8009397, -6.1483615], [106.8009446, -6.1484789]], [[107.1376073, -6.2533451], [107.1370969, -6.2534254], [107.1373176, -6.2534039], [107.1374932, -6.253396], [107.1380619, -6.2533249], [107.1383974, -6.2532878], [107.1386248, -6.2532712], [107.138964, -6.2532598], [107.1393429, -6.253265], [107.139811, -6.2532934], [107.1400244, -6.2533151], [107.1404178, -6.253379], [107.1407136, -6.2534417], [107.1411233, -6.2535608], [107.1414298, -6.2536642], [107.1420672, -6.2539534], [107.1416377, -6.2537192], [107.1413649, -6.2536065], [107.1410856, -6.2535076], [107.1407371, -6.253411], [107.140424, -6.2533395], [107.1400938, -6.2532853], [107.1398105, -6.2532517], [107.1393436, -6.2532262], [107.1389604, -6.2532208], [107.1388266, -6.2532233], [107.1382497, -6.2532587], [107.1380342, -6.2532767], [107.1376073, -6.2533451]], [[107.1123599, -6.2573085], [107.120149, -6.256105], [107.1281895, -6.2548048], [107.1201464, -6.2560555], [107.1197428, -6.2561189], [107.1190393, -6.2562309], [107.1173028, -6.2565073], [107.1124158, -6.2572722]], [[106.8006029, -6.1419868], [106.8005945, -6.1417691], [106.8005573, -6.1419872]], [[106.8118857, -6.1304869], [106.8120452, -6.1304481]], [[106.9962369, -6.2347266], [106.9966574, -6.2349894], [106.9967011, -6.2350169], [106.9968461, -6.2351043], [106.9970961, -6.235262], [106.9988453, -6.2363272], [106.9971281, -6.2352392], [106.9968735, -6.2350776], [106.9967223, -6.2349884], [106.9966746, -6.2349586], [106.9962582, -6.2346997], [106.9961929, -6.2346565], [106.9961414, -6.2346224], [106.9953838, -6.2341266], [106.9950059, -6.2338908], [106.9945701, -6.2336267], [106.9931678, -6.2327891], [106.9929865, -6.2326754], [106.9924721, -6.2323527], [106.992179, -6.2321698], [106.9921649, -6.232161], [106.9909928, -6.2314296], [106.9907473, -6.2312764], [106.9906019, -6.2311857], [106.9897578, -6.2306594], [106.989703, -6.2306255], [106.9896782, -6.2306094], [106.9892698, -6.2303437], [106.988547, -6.2298725], [106.9883691, -6.2297565], [106.9876267, -6.2292926], [106.9864541, -6.22856], [106.9856468, -6.228058], [106.9853978, -6.2279012], [106.9847264, -6.2274836], [106.9840065, -6.2270374], [106.9836888, -6.2268401], [106.9836427, -6.2268114], [106.9833504, -6.2266299], [106.9828398, -6.226312], [106.9820844, -6.2258477], [106.9807916, -6.2250274], [106.9817469, -6.225719], [106.9817839, -6.2257387], [106.9821253, -6.2259291], [106.9823427, -6.2260527], [106.9828217, -6.226344], [106.9836697, -6.2268727], [106.9847078, -6.2275146], [106.9853992, -6.2279487], [106.985633, -6.2280927], [106.9864337, -6.2285906], [106.9876018, -6.2293149], [106.9876426, -6.2293402], [106.9883412, -6.2297819], [106.9892493, -6.2303735], [106.9896812, -6.2306564], [106.9905868, -6.2312218], [106.9915505, -6.2318204], [106.9915811, -6.2318394], [106.9924516, -6.2323829], [106.9929644, -6.2327031], [106.9931469, -6.232817], [106.9941596, -6.2334445], [106.9949807, -6.2339201], [106.995365, -6.2341642], [106.9957068, -6.2343777], [106.9961248, -6.234654], [106.9961671, -6.2346814], [106.9962369, -6.2347266]], [[107.145414, -6.2554036], [107.1448554, -6.2551675], [107.1453971, -6.2554316], [107.1457478, -6.2555849], [107.145414, -6.2554036]], [[107.0592404, -6.2594392], [107.0601239, -6.2596623], [107.0616291, -6.2600648], [107.0629644, -6.2604262], [107.0646341, -6.2608768], [107.0652374, -6.2610546], [107.0661991, -6.2613167], [107.0681557, -6.2618558], [107.0696941, -6.2622832], [107.0701046, -6.2623916], [107.0709716, -6.2625782], [107.0714429, -6.2626725], [107.0716623, -6.2627093], [107.0718559, -6.2627418], [107.0727062, -6.2628564], [107.0732788, -6.2629163], [107.0731972, -6.2629113], [107.0732773, -6.262941], [107.0727569, -6.2628915], [107.0723723, -6.2628432], [107.0716616, -6.2627365], [107.0709738, -6.2626068], [107.0700976, -6.2624176], [107.0681489, -6.2618822], [107.0652197, -6.2610762], [107.0646205, -6.2609178], [107.0629574, -6.2604651], [107.061613, -6.2601101], [107.0601184, -6.2597053], [107.059577, -6.2595703], [107.0592409, -6.2594699], [107.0582595, -6.2592096], [107.0580843, -6.2591631], [107.0565606, -6.2588326], [107.0564407, -6.258807], [107.0543623, -6.258231], [107.0537545, -6.2580289], [107.05413, -6.2580841], [107.0543693, -6.2581362], [107.056496, -6.2586888], [107.0580873, -6.2591308], [107.0586172, -6.2592725], [107.0592404, -6.2594392]], [[106.8109891, -6.1859053], [106.8109953, -6.1859535]], [[106.8734031, -6.2148773], [106.8735491, -6.2148674]], [[106.8490013, -6.2089624], [106.8489995, -6.2089005], [106.8489995, -6.2089005], [106.848695, -6.2084973], [106.8486736, -6.2084693], [106.8486684, -6.2084625], [106.8486461, -6.2084919], [106.8486669, -6.2085176], [106.84897, -6.2089198]], [[107.0919618, -6.2604601], [107.0917541, -6.2604939], [107.0919647, -6.2605072]], [[106.8696416, -6.2147732], [106.8698288, -6.2147642], [106.8699708, -6.2147596], [106.8698333, -6.2147356], [106.8695263, -6.2147454]], [[106.8699708, -6.2147596], [106.8703462, -6.2147567], [106.8706014, -6.2147563], [106.870348, -6.2147306], [106.8699747, -6.2147317]], [[106.8622121, -6.2085627], [106.8622023, -6.2085277], [106.861247, -6.2050198], [106.8603326, -6.2016622], [106.8600739, -6.2007324], [106.8590707, -6.1976131], [106.8587243, -6.1968137], [106.8585253, -6.1964294], [106.8584382, -6.1962743], [106.8582957, -6.196055], [106.8579987, -6.195604], [106.8569211, -6.1941468], [106.8568293, -6.1940303], [106.8568864, -6.1941735], [106.8579688, -6.1956195], [106.8582682, -6.1960747], [106.8584119, -6.1962915], [106.8584964, -6.1964411], [106.8586881, -6.1968297], [106.8590379, -6.1976397], [106.8600321, -6.2007355], [106.8602976, -6.2016709], [106.8612131, -6.2050273], [106.8621701, -6.2085359], [106.8621783, -6.208566]], [[106.8633123, -6.2117887], [106.8631096, -6.2117274], [106.8630179, -6.2117062], [106.86292, -6.2116876], [106.8627973, -6.2116692], [106.8626669, -6.2116538], [106.8624751, -6.2116428], [106.8623693, -6.2116436], [106.8621327, -6.2116587], [106.8619221, -6.2116913], [106.8617088, -6.2117435], [106.8615474, -6.2117924], [106.8614373, -6.2118338], [106.8611619, -6.2119472], [106.8611302, -6.2119604], [106.8611206, -6.2119643], [106.8609278, -6.2120437], [106.8608794, -6.2121326], [106.8609563, -6.2120958], [106.8610049, -6.2120726], [106.86116, -6.2120017], [106.8614574, -6.2118729], [106.8615632, -6.2118362], [106.8617205, -6.2117867], [106.8619255, -6.2117371], [106.8621354, -6.2117054], [106.8623777, -6.2116924], [106.8624675, -6.2116909], [106.8626635, -6.211703], [106.8627906, -6.2117165], [106.8629202, -6.2117354], [106.8630087, -6.2117535], [106.8631065, -6.2117751], [106.8632987, -6.2118323], [106.8633936, -6.211868], [106.8635275, -6.2119232], [106.8636225, -6.2119679], [106.8637618, -6.2120402], [106.8638658, -6.2121041], [106.8639464, -6.2121571], [106.8639757, -6.2121771], [106.8640018, -6.2121953], [106.8640012, -6.21214], [106.8638943, -6.2120703], [106.8637541, -6.2119873], [106.8636441, -6.211929], [106.8635137, -6.2118669], [106.8634222, -6.2118281], [106.8633123, -6.2117887]], [[106.8243422, -6.2026049], [106.8236881, -6.2024501], [106.8243353, -6.202636]], [[107.0192208, -6.2472688], [107.0206655, -6.2477805], [107.0245706, -6.2492859], [107.0270939, -6.250246], [107.0298143, -6.2512849], [107.0329008, -6.2524888], [107.0373193, -6.2536531], [107.0415417, -6.2547728], [107.0440974, -6.2554713], [107.0489378, -6.256714], [107.0513264, -6.2573482], [107.0517122, -6.2574506], [107.0517111, -6.2574207], [107.0508714, -6.2571961], [107.0489468, -6.2566814], [107.0471138, -6.2562076], [107.0450432, -6.2556797], [107.0443685, -6.2554945], [107.0431683, -6.2551651], [107.0415429, -6.2547401], [107.0413498, -6.2546905], [107.0385603, -6.2539413], [107.0373291, -6.2536074], [107.0367444, -6.2534667], [107.0347193, -6.2529174], [107.0329947, -6.2524562], [107.0328284, -6.2523975], [107.0318172, -6.2520136], [107.0306746, -6.2515657], [107.0298226, -6.2512469], [107.0286254, -6.2507924], [107.0271104, -6.2502077], [107.0255549, -6.2496081], [107.0245945, -6.2492384], [107.0206739, -6.2477312], [107.0193464, -6.2472278], [107.0192523, -6.2471888], [107.0181846, -6.2467815], [107.0169738, -6.2463179], [107.0187235, -6.2470864], [107.0192208, -6.2472688]], [[106.8002489, -6.1365507], [106.8002529, -6.1366129]], [[106.8477972, -6.2074369], [106.847819, -6.2074654], [106.847827, -6.207476]], [[107.1281895, -6.2548048], [107.1283119, -6.2547846], [107.128365, -6.2547758], [107.1320904, -6.2542045], [107.1370969, -6.2534254], [107.1320862, -6.2541717], [107.1283644, -6.2547446], [107.1283282, -6.2547499], [107.1281901, -6.2547682]], [[107.0129914, -6.244839], [107.013272, -6.2449464], [107.0135479, -6.2450491], [107.0144744, -6.2453883], [107.0151648, -6.2456616], [107.0159566, -6.2459615], [107.0159664, -6.2459652], [107.0169489, -6.2463811], [107.0162114, -6.2460272], [107.016012, -6.2459495], [107.015186, -6.2456256], [107.0145437, -6.2453719], [107.0135573, -6.2450227], [107.013268, -6.2449179], [107.0129929, -6.244814], [107.0118426, -6.2443648], [107.0105825, -6.2438908], [107.010097, -6.2436681], [107.0093576, -6.2433068], [107.0079032, -6.2425605], [107.0072448, -6.2422148], [107.0066743, -6.2418632], [107.0060738, -6.2414205], [107.0057972, -6.241188], [107.005586, -6.2409959], [107.0052667, -6.2406788], [107.0055577, -6.2410207], [107.0057648, -6.2412155], [107.0060455, -6.2414571], [107.0066509, -6.2418923], [107.0072269, -6.2422453], [107.0078432, -6.2425746], [107.0083456, -6.2428307], [107.0084274, -6.2428724], [107.0093465, -6.2433407], [107.0100881, -6.2437005], [107.0105661, -6.2439167], [107.0117284, -6.244354], [107.0129914, -6.244839]], [[107.0517122, -6.2574506], [107.0517984, -6.2574727], [107.053438, -6.2579011], [107.0537725, -6.2579925], [107.0534562, -6.2579435], [107.0517984, -6.2574727]], [[107.002572, -6.2386771], [107.0020429, -6.2383066], [107.002572, -6.2386771], [107.003111, -6.2390051], [107.0035463, -6.2393019], [107.003859, -6.2395438], [107.0044281, -6.2400104], [107.0047677, -6.2403069], [107.0050365, -6.2405309], [107.0052606, -6.2407234], [107.0050768, -6.2405197], [107.0048819, -6.2403563], [107.0044492, -6.2399765], [107.0038798, -6.2395108], [107.0035708, -6.2392747], [107.0031299, -6.2389752], [107.0025881, -6.2386417]], [[107.0048003, -6.2402821], [107.0048819, -6.2403563]], [[106.8261001, -6.1321289], [106.8259261, -6.1321612]], [[106.8726954, -6.2148165], [106.872513, -6.2147995], [106.872144, -6.2147711], [106.8721262, -6.2147698], [106.8719994, -6.2147592], [106.8716791, -6.2147356], [106.8713157, -6.2147305], [106.8705976, -6.2147306], [106.8713172, -6.2147552], [106.8716761, -6.214767], [106.8719991, -6.2147965], [106.8721207, -6.2148055], [106.8721459, -6.2148076], [106.8726934, -6.2148547]], [[106.8109854, -6.1854798], [106.810993, -6.185549]], [[106.8608492, -6.2120763], [106.8589052, -6.212894], [106.8594879, -6.2127533], [106.8607276, -6.2122011], [106.8608794, -6.2121326]]]}, "properties": {"id": "krl-C", "line_id": "krl-C", "line_name": "Commuter Line Cikarang", "name": "Commuter Line Cikarang", "route_name": "Commuter Line Cikarang", "line_code": "C", "line_codes": ",C,", "short": "Cikarang", "from_name": "Cikarang", "to_name": "Kampung Bandan", "endpoint": "Cikarang - Jatinegara - Kampung Bandan (loop)", "terminus": "Cikarang", "branch": "", "parent": "", "mode": "KRL", "status": "existing", "status_label": "Jaringan saat ini", "color": "#D83A72", "operator": "KAI Commuter", "source": "OpenStreetMap route relations KAI Commuter", "source_type": "osm", "source_url": "https://www.openstreetmap.org", "license": "ODbL", "retrieved_at": "2026-09-04", "geometry_source": "osm_rail_relation", "length_km": 122.57, "stop_count": 26, "osm_relation": 15094545}}, {"type": "Feature", "id": "krl-T", "geometry": {"type": "LineString", "coordinates": [[106.8011454, -6.1543527], [106.801147, -6.1544913], [106.8011538, -6.1547795], [106.8011681, -6.15508], [106.8011892, -6.1555014], [106.8012402, -6.1565236], [106.8012852, -6.1571492], [106.8013271, -6.1576585], [106.8013638, -6.1584337], [106.8013465, -6.1587435], [106.8012963, -6.1590025], [106.8011314, -6.1594599], [106.8009887, -6.1597282], [106.8005858, -6.1602026], [106.800084, -6.1605564], [106.7998842, -6.1606534], [106.7995536, -6.1607984], [106.7984476, -6.1612623], [106.7984448, -6.1612634], [106.7979251, -6.1614743], [106.7976865, -6.1615622], [106.7964407, -6.1620316], [106.7961027, -6.1621376], [106.7956863, -6.162205], [106.7951465, -6.1622631], [106.7943648, -6.1622571], [106.7905805, -6.1621092], [106.7905171, -6.1621073], [106.7901913, -6.1620981], [106.7899529, -6.1620907], [106.7899227, -6.1620898], [106.7898369, -6.1620875], [106.7894436, -6.1620735], [106.7872681, -6.1619976], [106.7863388, -6.1619548], [106.7846391, -6.1618903], [106.7815641, -6.161776], [106.776613, -6.1615965], [106.7760552, -6.1615785], [106.7737966, -6.1614934], [106.773571, -6.1614681], [106.7715864, -6.1611889], [106.7697036, -6.1608997], [106.7694861, -6.1608768], [106.7690653, -6.1608244], [106.7686639, -6.1607676], [106.7684845, -6.1607419], [106.7678826, -6.1606608], [106.7668501, -6.1605305], [106.7668009, -6.1605229], [106.7664741, -6.1604747], [106.7631423, -6.1599661], [106.7630819, -6.1599563], [106.7630431, -6.1599516], [106.7629868, -6.1599428], [106.7612581, -6.1595853], [106.75953, -6.1592169], [106.7592169, -6.1591517], [106.7585485, -6.1590228], [106.757716, -6.1588262], [106.7571198, -6.1587145], [106.7568434, -6.1586552], [106.7567234, -6.1586332], [106.7558252, -6.1584472], [106.7545627, -6.1581842], [106.7537115, -6.1579884], [106.7535432, -6.1579625], [106.7529092, -6.1579163], [106.7525331, -6.1578995], [106.7521073, -6.157897], [106.748665, -6.1581156], [106.748007, -6.1581757], [106.7479576, -6.1581825], [106.7474876, -6.1582323], [106.7474448, -6.1582362], [106.7456632, -6.158431], [106.7431676, -6.1586494], [106.7407893, -6.1588207], [106.7399156, -6.1588957], [106.739138, -6.1590407], [106.7384984, -6.1592223], [106.7375563, -6.1596077], [106.7374343, -6.1596555], [106.7372068, -6.1597503], [106.736771, -6.159932], [106.7364514, -6.1600652], [106.7360615, -6.1602267], [106.735378, -6.1604561], [106.7350302, -6.1605372], [106.7345776, -6.1606428], [106.7333131, -6.1608865], [106.7318322, -6.1611396], [106.7312372, -6.1612523], [106.7274709, -6.1619392], [106.7264475, -6.1621147], [106.7252368, -6.1623203], [106.72398, -6.1625489], [106.7227805, -6.1627563], [106.7213862, -6.1629954], [106.7208751, -6.1630741], [106.7206513, -6.16311], [106.7195497, -6.1632753], [106.7143277, -6.1641779], [106.7109648, -6.1647356], [106.7047022, -6.16579], [106.7025108, -6.1661506], [106.6991739, -6.1666997], [106.6958691, -6.1672437], [106.6929167, -6.1677197], [106.685683, -6.168913], [106.6802736, -6.1697901], [106.6797314, -6.169872], [106.6796704, -6.1698836], [106.6768728, -6.1703299], [106.6712119, -6.1712423], [106.6692582, -6.1715533], [106.6682708, -6.1717163], [106.6679728, -6.1717683], [106.667608, -6.1718401], [106.6675558, -6.1718485], [106.6670979, -6.1719237], [106.6663275, -6.172031], [106.6639437, -6.1724069], [106.6631314, -6.1725342], [106.6627581, -6.1725903], [106.6622199, -6.172675], [106.659803, -6.1730803], [106.6579626, -6.1733612], [106.6563776, -6.1736193], [106.6536791, -6.1740442], [106.6528128, -6.1741807], [106.65242, -6.1742425], [106.6516556, -6.1743629], [106.6492641, -6.1747474], [106.6479365, -6.1749515], [106.6478534, -6.1749649], [106.645729, -6.1752995], [106.6445195, -6.1754913], [106.6443955, -6.1755111], [106.6422043, -6.17585], [106.6421187, -6.1758646], [106.6380509, -6.1765033], [106.6379697, -6.1765156], [106.6370005, -6.1766742], [106.6368733, -6.1766949], [106.6360088, -6.1768211], [106.6349824, -6.1769244], [106.6346742, -6.1769504], [106.6340061, -6.1769491], [106.6336457, -6.1769411], [106.6307174, -6.1768139], [106.6304498, -6.1768034]]}, "properties": {"id": "krl-T", "line_id": "krl-T", "line_name": "Commuter Line Tangerang", "name": "Commuter Line Tangerang", "route_name": "Commuter Line Tangerang", "line_code": "T", "line_codes": ",T,", "short": "Tangerang", "from_name": "Duri", "to_name": "Tangerang", "endpoint": "Duri - Tangerang", "terminus": "Duri - Tangerang", "branch": "", "parent": "", "mode": "KRL", "status": "existing", "status_label": "Jaringan saat ini", "color": "#D83A72", "operator": "KAI Commuter", "source": "OpenStreetMap route relations KAI Commuter", "source_type": "osm", "source_url": "https://www.openstreetmap.org", "license": "ODbL", "retrieved_at": "2026-09-04", "geometry_source": "osm_rail_relation", "length_km": 19.76, "stop_count": 11, "osm_relation": 17193463}}, {"type": "Feature", "id": "krl-TP", "geometry": {"type": "LineString", "coordinates": [[106.8147969, -6.1376687], [106.8160713, -6.1372943], [106.8161942, -6.1372542], [106.8165858, -6.137075], [106.8168856, -6.1369567], [106.8170235, -6.1369135], [106.8180184, -6.1366683], [106.8180625, -6.1366555], [106.8183917, -6.1365727], [106.8184454, -6.1365637], [106.8187707, -6.136482], [106.8188167, -6.1364707], [106.8197914, -6.1362244], [106.8201046, -6.1361372], [106.8204654, -6.136006], [106.8207302, -6.1358751], [106.8210435, -6.1356909], [106.8214818, -6.1353946], [106.8222637, -6.1349057], [106.8225313, -6.1347665], [106.822763, -6.1346692], [106.8230953, -6.1345475], [106.8256368, -6.133826], [106.826967, -6.1334526], [106.8277795, -6.1332171], [106.8280063, -6.1331513], [106.8282978, -6.1330556], [106.8287448, -6.1328911], [106.8288842, -6.1328398], [106.8292133, -6.1327043], [106.8307227, -6.1321103], [106.8313504, -6.1318572], [106.8327982, -6.1311832], [106.8342627, -6.130398], [106.8351026, -6.1300408], [106.8358144, -6.1298272], [106.8360589, -6.1297539], [106.8388226, -6.1292732], [106.8389414, -6.129256], [106.8428053, -6.1285555], [106.8439237, -6.1283497], [106.8443079, -6.1282579], [106.8446242, -6.128187], [106.844855, -6.1281431], [106.846456, -6.127855], [106.8476768, -6.1276273], [106.8480429, -6.1275633], [106.8482036, -6.1275342], [106.848786, -6.1274288], [106.8499932, -6.1272104], [106.8507977, -6.1270774], [106.851392, -6.1269317], [106.8518412, -6.126808], [106.8526142, -6.1265494], [106.8537414, -6.1260788], [106.8538146, -6.1260482], [106.8540315, -6.1259554], [106.8546431, -6.1256766], [106.8555296, -6.1252598], [106.857764, -6.1242111], [106.857877, -6.1241637], [106.8582638, -6.1240055], [106.8611205, -6.1229353], [106.8617764, -6.1226716], [106.8620327, -6.1225846], [106.8623568, -6.1224912], [106.863141, -6.1223168], [106.8637191, -6.1221973], [106.8639333, -6.1221615], [106.866127, -6.1217542], [106.8666622, -6.1215993], [106.8669596, -6.1214888], [106.8674943, -6.1212487], [106.8677071, -6.1211366], [106.8681642, -6.1208599], [106.8684583, -6.1206539], [106.8689587, -6.1203032], [106.8695771, -6.1198183], [106.8703168, -6.1192384], [106.8720156, -6.117924], [106.8736131, -6.1166907], [106.8742563, -6.1161963], [106.8745943, -6.1159354], [106.8749872, -6.1156322], [106.8752219, -6.1154484], [106.8752629, -6.1154184], [106.8753232, -6.1153742], [106.8763745, -6.1145919], [106.8768993, -6.1141962], [106.8771766, -6.1139699], [106.877558, -6.1136197], [106.8778658, -6.1133547], [106.8779597, -6.113285], [106.878476, -6.1128836], [106.8793619, -6.1122], [106.8814496, -6.1106006], [106.8815061, -6.1105573]]}, "properties": {"id": "krl-TP", "line_id": "krl-TP", "line_name": "Commuter Line Tanjung Priok", "name": "Commuter Line Tanjung Priok", "route_name": "Commuter Line Tanjung Priok", "line_code": "TP", "line_codes": ",TP,", "short": "Tanjung Priok", "from_name": "Jakarta Kota", "to_name": "Tanjung Priok", "endpoint": "Jakarta Kota - Tanjung Priok", "terminus": "Jakarta Kota - Tanjung Priok", "branch": "", "parent": "", "mode": "KRL", "status": "existing", "status_label": "Jaringan saat ini", "color": "#D83A72", "operator": "KAI Commuter", "source": "OpenStreetMap route relations KAI Commuter", "source_type": "osm", "source_url": "https://www.openstreetmap.org", "license": "ODbL", "retrieved_at": "2026-09-04", "geometry_source": "osm_rail_relation", "length_km": 8.1, "stop_count": 4, "osm_relation": 17193008}}]}