{"type": "FeatureCollection", "features": [{"type": "Feature", "id": "rd-0", "geometry": {"type": "MultiLineString", "coordinates": [[[106.7468816, -6.3149259], [106.7471391, -6.312389], [106.7478125, -6.311379], [106.750362, -6.312164], [106.7513947, -6.3121167]], [[106.7514011, -6.3121907], [106.7503958, -6.3122611], [106.747809, -6.3114829], [106.7472363, -6.3123607], [106.7469396, -6.314922]], [[106.7468577, -6.3150819], [106.7468816, -6.3149259]], [[106.7469396, -6.314922], [106.7469213, -6.315075]], [[106.751979, -6.3121678], [106.7518332, -6.3121628], [106.7514011, -6.3121907]], [[106.7513947, -6.3121167], [106.7518203, -6.3120982], [106.751975, -6.3121021]]]}, "properties": {"id": "rd-0", "name": "Ciputat Flyover", "route_name": "Ciputat Flyover", "highway": "trunk", "mode": "road", "status": "context", "status_label": "Jalan - konteks", "source": "OpenStreetMap", "source_type": "osm", "license": "ODbL"}}, {"type": "Feature", "id": "rd-1", "geometry": {"type": "MultiLineString", "coordinates": [[[106.9001941, -6.2296377], [106.8964102, -6.2296735]], [[106.8964155, -6.2295832], [106.9002162, -6.2295491]]]}, "properties": {"id": "rd-1", "name": "Flyover", "route_name": "Flyover", "highway": "primary", "mode": "road", "status": "context", "status_label": "Jalan - konteks", "source": "OpenStreetMap", "source_type": "osm", "license": "ODbL"}}, {"type": "Feature", "id": "rd-2", "geometry": {"type": "MultiLineString", "coordinates": [[[106.749763, -6.3445243], [106.7497548, -6.3497532]], [[106.7496292, -6.3497702], [106.7496859, -6.3445222]]]}, "properties": {"id": "rd-2", "name": "Flyover Martadinata Simpang Gaplek", "route_name": "Flyover Martadinata Simpang Gaplek", "highway": "trunk", "mode": "road", "status": "context", "status_label": "Jalan - konteks", "source": "OpenStreetMap", "source_type": "osm", "license": "ODbL"}}, {"type": "Feature", "id": "rd-3", "geometry": {"type": "MultiLineString", "coordinates": [[[106.8558575, -6.1979442], [106.8520692, -6.2010116]], [[106.8520692, -6.2010116], [106.8518191, -6.2012184], [106.8517698, -6.2012626], [106.8517224, -6.2013156]], [[106.8563528, -6.1976362], [106.8560819, -6.1977961], [106.8558575, -6.1979442]]]}, "properties": {"id": "rd-3", "name": "Flyover Pramuka Matraman", "route_name": "Flyover Pramuka Matraman", "highway": "primary", "mode": "road", "status": "context", "status_label": "Jalan - konteks", "source": "OpenStreetMap", "source_type": "osm", "license": "ODbL"}}, {"type": "Feature", "id": "rd-4", "geometry": {"type": "MultiLineString", "coordinates": [[[106.8554961, -6.1981014], [106.8538524, -6.1991733], [106.8522507, -6.1979715]], [[106.8563528, -6.1976362], [106.8560086, -6.1977523], [106.8556862, -6.1979714], [106.8554961, -6.1981014]], [[106.8522507, -6.1979715], [106.851447, -6.1972635], [106.8512973, -6.197151], [106.8512423, -6.1971174]]]}, "properties": {"id": "rd-4", "name": "Flyover Pramuka Salemba", "route_name": "Flyover Pramuka Salemba", "highway": "primary", "mode": "road", "status": "context", "status_label": "Jalan - konteks", "source": "OpenStreetMap", "source_type": "osm", "license": "ODbL"}}, {"type": "Feature", "id": "rd-5", "geometry": {"type": "MultiLineString", "coordinates": [[[106.9915887, -6.2511595], [106.9919062, -6.2496235]], [[106.9910262, -6.2538269], [106.9912186, -6.2529696]], [[106.9944411, -6.2591165], [106.9941291, -6.2589055], [106.9934773, -6.2584458]], [[106.9911091, -6.2538651], [106.9907781, -6.255401], [106.9911727, -6.2565636]], [[106.9913227, -6.2529639], [106.9912314, -6.2533438], [106.9911553, -6.2536895], [106.9911091, -6.2538651]], [[106.9927598, -6.2578571], [106.99353, -6.2583808]], [[106.9934773, -6.2584458], [106.9927151, -6.2579246]], [[106.99353, -6.2583808], [106.9939632, -6.2586608], [106.9943756, -6.2589113], [106.9946259, -6.2590642]], [[106.9934073, -6.2367526], [106.9928726, -6.2436864]], [[106.9935869, -6.23373], [106.9935505, -6.2346097]], [[106.9927172, -6.2436865], [106.9931063, -6.2386627]], [[106.9923905, -6.2471319], [106.992423, -6.2469415]], [[106.9922077, -6.2480724], [106.992334, -6.2474227]], [[106.9925169, -6.2471352], [106.9924707, -6.2473922]], [[106.992334, -6.2474227], [106.9923905, -6.2471319]], [[106.9924707, -6.2473922], [106.9923869, -6.2478584], [106.9923784, -6.247906], [106.9923612, -6.2480013]], [[106.9906945, -6.2553201], [106.99072, -6.2551724], [106.9910262, -6.2538269]], [[106.9920892, -6.2486822], [106.9921814, -6.2482075], [106.9922058, -6.2480819], [106.9922077, -6.2480724]], [[106.9925725, -6.2468255], [106.9925536, -6.2469311]], [[106.9925536, -6.2469311], [106.9925169, -6.2471352]], [[106.9921682, -6.2490481], [106.9917902, -6.2508664]], [[106.9926502, -6.2448411], [106.9927135, -6.243763]], [[106.9926329, -6.2450847], [106.9926502, -6.2448411]], [[106.9927972, -6.245104], [106.9926709, -6.2460604]], [[106.9928238, -6.2448582], [106.9927972, -6.245104]], [[106.9924423, -6.246819], [106.9926329, -6.2450847]], [[106.992423, -6.2469415], [106.9924423, -6.246819]], [[106.9930972, -6.234097], [106.9931537, -6.2339695], [106.9931819, -6.2337559], [106.9931935, -6.2336595]], [[106.9928713, -6.2437633], [106.9928479, -6.2444238], [106.9928238, -6.2448582]], [[106.9928726, -6.2436864], [106.9928713, -6.2437633]], [[106.9927135, -6.243763], [106.9927172, -6.2436865]], [[106.9922077, -6.2480724], [106.992203, -6.2478399], [106.9921822, -6.2477332], [106.9921122, -6.2476723]], [[106.9935505, -6.2346097], [106.9935404, -6.2347921]], [[106.9934427, -6.2362526], [106.9934352, -6.2365741], [106.9934073, -6.2367526]], [[106.9935404, -6.2347921], [106.9934626, -6.2359241]], [[106.9923612, -6.2480013], [106.9922824, -6.2484397], [106.9922074, -6.2488574], [106.9921682, -6.2490481]], [[106.9919062, -6.2496235], [106.9920236, -6.2490194]], [[106.9912186, -6.2529696], [106.9915887, -6.2511595]], [[106.9927151, -6.2579246], [106.9909655, -6.2564834]], [[106.9917902, -6.2508664], [106.991614, -6.2515945], [106.9915137, -6.2520788], [106.9913227, -6.2529639]], [[106.9920236, -6.2490194], [106.9920892, -6.2486822]], [[106.9931536, -6.238037], [106.9931827, -6.2376523], [106.9931927, -6.2375196]], [[106.9931708, -6.2366014], [106.9930972, -6.234097]], [[106.9931063, -6.2386627], [106.993135, -6.2382825], [106.9931396, -6.2382221], [106.9931536, -6.238037]], [[106.9926709, -6.2460604], [106.9925725, -6.2468255]], [[106.9946259, -6.2590642], [106.9946445, -6.2590732], [106.9948702, -6.2592135], [106.9949712, -6.259278]], [[106.9913508, -6.2567696], [106.9927598, -6.2578571]], [[106.9911727, -6.2565636], [106.9911823, -6.2565761], [106.9912738, -6.2566903], [106.9913508, -6.2567696]], [[106.9908428, -6.2562786], [106.9907207, -6.25596]], [[106.9909655, -6.2564834], [106.990911, -6.2563861], [106.9908791, -6.2563286], [106.9908428, -6.2562786]], [[106.9949025, -6.2593741], [106.9944411, -6.2591165]], [[106.9907207, -6.25596], [106.9906722, -6.2554865]], [[106.9906722, -6.2554865], [106.9906945, -6.2553201]], [[106.9931927, -6.2375196], [106.9931708, -6.2366014]], [[106.9934626, -6.2359241], [106.9934427, -6.2362526]]]}, "properties": {"id": "rd-5", "name": "Jalan Ahmad Yani", "route_name": "Jalan Ahmad Yani", "highway": "trunk", "mode": "road", "status": "context", "status_label": "Jalan - konteks", "source": "OpenStreetMap", "source_type": "osm", "license": "ODbL"}}, {"type": "Feature", "id": "rd-6", "geometry": {"type": "MultiLineString", "coordinates": [[[106.8111921, -6.189102], [106.8102153, -6.1889063]], [[106.8080002, -6.1887798], [106.8103424, -6.1888204]], [[106.7998468, -6.2006308], [106.8027738, -6.1989626], [106.8042213, -6.1973996], [106.8050763, -6.1956123], [106.8054161, -6.1932599]], [[106.8103424, -6.1888204], [106.8112213, -6.1889841]], [[106.8051554, -6.1955706], [106.8043342, -6.1973761], [106.8030504, -6.1988573], [106.799941, -6.2006862]], [[106.8116871, -6.1896272], [106.8111921, -6.189102]], [[106.8112213, -6.1889841], [106.8113393, -6.1889574]], [[106.799941, -6.2006862], [106.799991, -6.2014629]], [[106.8102153, -6.1889063], [106.8072132, -6.18892]], [[106.8067357, -6.1892603], [106.8059982, -6.1917343]], [[106.8072132, -6.18892], [106.8067357, -6.1892603]], [[106.8066918, -6.1892072], [106.8071129, -6.1888857]], [[106.8059268, -6.1916994], [106.8066918, -6.1892072]], [[106.8059982, -6.1917343], [106.8055518, -6.1929129]], [[106.8054161, -6.1932599], [106.8059268, -6.1916994]], [[106.8071129, -6.1888857], [106.8080002, -6.1887798]], [[106.8055518, -6.1929129], [106.8051554, -6.1955706]]]}, "properties": {"id": "rd-6", "name": "Jalan Aipda Karel Satsuit Tubun", "route_name": "Jalan Aipda Karel Satsuit Tubun", "highway": "primary", "mode": "road", "status": "context", "status_label": "Jalan - konteks", "source": "OpenStreetMap", "source_type": "osm", "license": "ODbL"}}, {"type": "Feature", "id": "rd-7", "geometry": {"type": "MultiLineString", "coordinates": [[[106.8086875, -6.1863059], [106.8081049, -6.1867235]], [[106.8067901, -6.1886754], [106.8070576, -6.1876881], [106.8080106, -6.1866663]], [[106.8089459, -6.1861035], [106.8086875, -6.1863059]], [[106.8078644, -6.1869112], [106.807073, -6.1877961], [106.8068801, -6.1886673]], [[106.8080106, -6.1866663], [106.8087179, -6.186161]], [[106.8081049, -6.1867235], [106.8079528, -6.1868381]], [[106.8065648, -6.1889914], [106.8067901, -6.1886754]], [[106.8079528, -6.1868381], [106.8078644, -6.1869112]], [[106.8087179, -6.186161], [106.8087573, -6.1861371]]]}, "properties": {"id": "rd-7", "name": "Jalan Aipda Karel Satsuit Tubun I", "route_name": "Jalan Aipda Karel Satsuit Tubun I", "highway": "primary", "mode": "road", "status": "context", "status_label": "Jalan - konteks", "source": "OpenStreetMap", "source_type": "osm", "license": "ODbL"}}, {"type": "Feature", "id": "rd-8", "geometry": {"type": "MultiLineString", "coordinates": [[[106.938151, -6.1103636], [106.9382764, -6.1103509], [106.9389634, -6.1102381]], [[106.9357494, -6.1108656], [106.935976, -6.1108136]], [[106.9359846, -6.1109189], [106.9357672, -6.110968]], [[106.938528, -6.1103879], [106.938289, -6.1104205], [106.9381516, -6.1104322]], [[106.935976, -6.1108136], [106.936617, -6.1106735], [106.9378439, -6.1103962], [106.938151, -6.1103636]], [[106.9381516, -6.1104322], [106.9359846, -6.1109189]], [[106.9247248, -6.1147214], [106.9246787, -6.1147332], [106.9243906, -6.1148092]], [[106.9357672, -6.110968], [106.9337375, -6.1115411], [106.9289661, -6.1139766], [106.9247248, -6.1147214]], [[106.9247248, -6.1147214], [106.9289499, -6.1138805], [106.9336874, -6.1114823], [106.9357494, -6.1108656]], [[106.9243906, -6.1148092], [106.9242974, -6.1148394]]]}, "properties": {"id": "rd-8", "name": "Jalan Akses Marunda", "route_name": "Jalan Akses Marunda", "highway": "primary", "mode": "road", "status": "context", "status_label": "Jalan - konteks", "source": "OpenStreetMap", "source_type": "osm", "license": "ODbL"}}, {"type": "Feature", "id": "rd-9", "geometry": {"type": "MultiLineString", "coordinates": [[[106.8349046, -6.1831407], [106.8346265, -6.1837134]], [[106.8349046, -6.1831407], [106.8344658, -6.1833696], [106.8341071, -6.1830429]], [[106.836681, -6.1818133], [106.8351996, -6.1828616]], [[106.8359706, -6.1819269], [106.8362461, -6.1818369], [106.8364105, -6.1817477]], [[106.8338897, -6.1826361], [106.8348955, -6.1823416]], [[106.8370124, -6.18171], [106.8369359, -6.1817084], [106.8368709, -6.1817258]], [[106.8368709, -6.1817258], [106.8367849, -6.1817638], [106.836681, -6.1818133]], [[106.8364105, -6.1817477], [106.8366546, -6.1816185]], [[106.8348955, -6.1823416], [106.835044, -6.1822827], [106.8351379, -6.1822444], [106.8352384, -6.1822043]], [[106.8352384, -6.1822043], [106.8356185, -6.1820657], [106.835696, -6.1820344], [106.8359706, -6.1819269]], [[106.8366546, -6.1816185], [106.8366811, -6.181601], [106.8367927, -6.1815284]], [[106.8351996, -6.1828616], [106.8351135, -6.1829431], [106.8349701, -6.1830787], [106.8349046, -6.1831407]], [[106.8336893, -6.1826047], [106.8338897, -6.1826361]]]}, "properties": {"id": "rd-9", "name": "Jalan Arief Rachman Hakim", "route_name": "Jalan Arief Rachman Hakim", "highway": "primary", "mode": "road", "status": "context", "status_label": "Jalan - konteks", "source": "OpenStreetMap", "source_type": "osm", "license": "ODbL"}}, {"type": "Feature", "id": "rd-10", "geometry": {"type": "MultiLineString", "coordinates": [[[106.7685556, -6.1907668], [106.7685834, -6.1902887], [106.7689856, -6.1901393]], [[106.7696182, -6.190043], [106.769089, -6.1904153]], [[106.7749959, -6.188289], [106.7818203, -6.1857816]], [[106.7687203, -6.1917305], [106.7685889, -6.1912809]], [[106.783391, -6.1854007], [106.7886999, -6.1851487], [106.7921666, -6.1838224]], [[106.7826161, -6.1855711], [106.7828916, -6.185509]], [[106.7685556, -6.1907668], [106.7685576, -6.1910797]], [[106.7701712, -6.1899313], [106.7705181, -6.1898383]], [[106.7708854, -6.1897533], [106.7726576, -6.1892887]], [[106.7726576, -6.1892887], [106.7732635, -6.1890297], [106.7749464, -6.1883083], [106.7749959, -6.188289]], [[106.7696182, -6.190043], [106.7697191, -6.1900236], [106.7701712, -6.1899313]], [[106.7818203, -6.1857816], [106.7821475, -6.185687], [106.7826161, -6.1855711]], [[106.7705181, -6.1898383], [106.7708854, -6.1897533]], [[106.7690648, -6.1908513], [106.7690319, -6.1910826], [106.7690018, -6.1913596], [106.7689495, -6.1914685]], [[106.7685576, -6.1910797], [106.7685889, -6.1912809]], [[106.7828916, -6.185509], [106.783092, -6.1854626]], [[106.769089, -6.1904153], [106.7690648, -6.1908513]], [[106.783092, -6.1854626], [106.783391, -6.1854007]], [[106.7689856, -6.1901393], [106.7696182, -6.190043]]]}, "properties": {"id": "rd-10", "name": "Jalan Arjuna Selatan", "route_name": "Jalan Arjuna Selatan", "highway": "primary", "mode": "road", "status": "context", "status_label": "Jalan - konteks", "source": "OpenStreetMap", "source_type": "osm", "license": "ODbL"}}, {"type": "Feature", "id": "rd-11", "geometry": {"type": "MultiLineString", "coordinates": [[[106.7685237, -6.1896433], [106.7684848, -6.18959], [106.7684606, -6.1895307], [106.7684431, -6.1894841]], [[106.7827512, -6.1852216], [106.7884974, -6.1848901], [106.7913191, -6.1839394], [106.7919883, -6.1835155], [106.7924526, -6.1815208]], [[106.7824731, -6.1852859], [106.7827512, -6.1852216]], [[106.7685237, -6.1896433], [106.7710691, -6.1893853], [106.7761178, -6.1875566]], [[106.7683882, -6.1894067], [106.7683621, -6.189332], [106.7683386, -6.1892187], [106.7683224, -6.1891006]], [[106.7761178, -6.1875566], [106.7824731, -6.1852859]], [[106.7684431, -6.1894841], [106.7684191, -6.189442], [106.7683882, -6.1894067]], [[106.7683224, -6.1891006], [106.7685193, -6.1880104]]]}, "properties": {"id": "rd-11", "name": "Jalan Arjuna Utara", "route_name": "Jalan Arjuna Utara", "highway": "primary", "mode": "road", "status": "context", "status_label": "Jalan - konteks", "source": "OpenStreetMap", "source_type": "osm", "license": "ODbL"}}, {"type": "Feature", "id": "rd-12", "geometry": {"type": "MultiLineString", "coordinates": [[[106.7770398, -6.2180884], [106.7747932, -6.2163014]], [[106.774975, -6.2162624], [106.7784529, -6.2188848]], [[106.7785426, -6.2190744], [106.7784491, -6.2190379]], [[106.7748855, -6.2162022], [106.774975, -6.2162624]], [[106.7747932, -6.2163014], [106.7747117, -6.2162406]], [[106.7784529, -6.2188848], [106.7785444, -6.2189207]], [[106.7778132, -6.2186637], [106.7770398, -6.2180884]], [[106.7784491, -6.2190379], [106.778261, -6.2189493], [106.7782224, -6.2189247], [106.7778132, -6.2186637]]]}, "properties": {"id": "rd-12", "name": "Jalan Arteri Pos Pengumben", "route_name": "Jalan Arteri Pos Pengumben", "highway": "primary", "mode": "road", "status": "context", "status_label": "Jalan - konteks", "source": "OpenStreetMap", "source_type": "osm", "license": "ODbL"}}, {"type": "Feature", "id": "rd-13", "geometry": {"type": "MultiLineString", "coordinates": [[[106.798162, -6.228668], [106.7981609, -6.2285985], [106.798161, -6.2285472]], [[106.79814, -6.2150038], [106.7981699, -6.2152844], [106.798192, -6.2155046]], [[106.798328, -6.2236], [106.7983407, -6.2245631], [106.7983409, -6.2246086], [106.7983415, -6.2247563]], [[106.798161, -6.2285472], [106.7981588, -6.228382]], [[106.7981588, -6.228382], [106.7981618, -6.2277011], [106.7981778, -6.2272932]], [[106.7981394, -6.2174416], [106.7981451, -6.217234], [106.7981355, -6.2169342]], [[106.7983324, -6.2287063], [106.7994669, -6.228886]], [[106.7981037, -6.2210668], [106.7980715, -6.2200457]], [[106.798192, -6.2155046], [106.7982061, -6.2155919]], [[106.7982061, -6.2155919], [106.7982117, -6.2156526], [106.7982599, -6.2162315]], [[106.798308, -6.2173087], [106.7983136, -6.217567]], [[106.7982933, -6.2169815], [106.798308, -6.2173087]], [[106.7982599, -6.2162315], [106.7982822, -6.2167325], [106.7982933, -6.2169815]], [[106.7983136, -6.217567], [106.7982633, -6.2192401]], [[106.7982386, -6.219631], [106.7982043, -6.2199914], [106.798205, -6.2203507]], [[106.798205, -6.2203507], [106.7982172, -6.2206847]], [[106.7982172, -6.2206847], [106.7982181, -6.2207389]], [[106.7982181, -6.2207389], [106.7982284, -6.2211108]], [[106.7983415, -6.2247563], [106.7983468, -6.2255631], [106.7983542, -6.2264118], [106.7983633, -6.2267599]], [[106.7983633, -6.2267599], [106.7983638, -6.2268617], [106.7983593, -6.2270692], [106.7983473, -6.2272939]], [[106.7982284, -6.2211108], [106.7982391, -6.2213283]], [[106.7983473, -6.2272939], [106.7983408, -6.2274613]], [[106.7982391, -6.2213283], [106.7982345, -6.2216029]], [[106.798278, -6.2226714], [106.7982916, -6.2229132], [106.7983015, -6.2230092]], [[106.7982345, -6.2216029], [106.798278, -6.2226714]], [[106.7983408, -6.2274613], [106.798333, -6.2280547]], [[106.7983015, -6.2230092], [106.7983081, -6.2230997], [106.798328, -6.2236]], [[106.7983325, -6.2281617], [106.7983294, -6.2285972], [106.7983324, -6.2287063]], [[106.7981416, -6.2220743], [106.7981224, -6.2216013], [106.7981173, -6.2214409], [106.7981037, -6.2210668]], [[106.7980715, -6.2200457], [106.798086, -6.2197707]], [[106.798086, -6.2197707], [106.7980943, -6.2189546], [106.7981028, -6.2186724]], [[106.7981028, -6.2186724], [106.7981088, -6.2184537]], [[106.7981173, -6.216253], [106.7981088, -6.216027], [106.7980888, -6.2157386]], [[106.7980888, -6.2157386], [106.7980726, -6.2155628]], [[106.7980726, -6.2155628], [106.7980516, -6.2152399]], [[106.7980516, -6.2152399], [106.7980248, -6.2149777]], [[106.7981355, -6.2169342], [106.7981173, -6.216253]], [[106.7981088, -6.2184537], [106.7981198, -6.2179633], [106.7981394, -6.2174416]], [[106.7982274, -6.2265938], [106.7982369, -6.2247601]], [[106.7982243, -6.2269607], [106.7982318, -6.2268628], [106.7982274, -6.2265938]], [[106.7981778, -6.2272932], [106.7982154, -6.2270542], [106.7982243, -6.2269607]], [[106.7982369, -6.2247601], [106.7981416, -6.2220743]], [[106.798333, -6.2280547], [106.7983325, -6.2281617]], [[106.7982633, -6.2192401], [106.7982575, -6.2193864], [106.7982386, -6.219631]]]}, "properties": {"id": "rd-13", "name": "Jalan Asia Afrika", "route_name": "Jalan Asia Afrika", "highway": "primary", "mode": "road", "status": "context", "status_label": "Jalan - konteks", "source": "OpenStreetMap", "source_type": "osm", "license": "ODbL"}}, {"type": "Feature", "id": "rd-15", "geometry": {"type": "MultiLineString", "coordinates": [[[106.8113064, -6.1708846], [106.8137599, -6.1704448]], [[106.8137985, -6.1706112], [106.8125252, -6.1708473], [106.8116516, -6.1709983]], [[106.8111293, -6.1710863], [106.8110897, -6.1710909]], [[106.8108238, -6.1709392], [106.8108799, -6.1709334]], [[106.8116516, -6.1709983], [106.811585, -6.1710095], [106.8111428, -6.1710848]], [[106.8111253, -6.1709075], [106.8113064, -6.1708846]], [[106.8137599, -6.1704448], [106.8147219, -6.1702654]], [[106.8147602, -6.1704394], [106.8142995, -6.1705217], [106.8137985, -6.1706112]], [[106.8110897, -6.1710909], [106.8108861, -6.1711143]], [[106.8108861, -6.1711143], [106.8108378, -6.17112]], [[106.8110715, -6.1709138], [106.8111008, -6.1709105], [106.8111138, -6.170909]], [[106.8108799, -6.1709334], [106.8110715, -6.1709138]], [[106.8111428, -6.1710848], [106.8111293, -6.1710863]], [[106.8111138, -6.170909], [106.8111253, -6.1709075]], [[106.8147219, -6.1702654], [106.8147574, -6.170259]], [[106.8148005, -6.1704322], [106.8147602, -6.1704394]]]}, "properties": {"id": "rd-15", "name": "Jalan Balikpapan Raya", "route_name": "Jalan Balikpapan Raya", "highway": "primary", "mode": "road", "status": "context", "status_label": "Jalan - konteks", "source": "OpenStreetMap", "source_type": "osm", "license": "ODbL"}}, {"type": "Feature", "id": "rd-16", "geometry": {"type": "MultiLineString", "coordinates": [[[106.8670183, -6.2156247], [106.8729574, -6.2151347]], [[106.8703263, -6.2155205], [106.8673111, -6.2157362]], [[106.8669159, -6.2157437], [106.8664237, -6.2158119]], [[106.8670982, -6.2157416], [106.8669159, -6.2157437]], [[106.8668622, -6.2156178], [106.8670183, -6.2156247]], [[106.8661194, -6.2153285], [106.8668622, -6.2156178]], [[106.8722769, -6.2152869], [106.8703263, -6.2155205]], [[106.873881, -6.2150511], [106.8744962, -6.2150347]], [[106.8744962, -6.2150347], [106.875286, -6.2150016], [106.8753569, -6.2149953]], [[106.8673111, -6.2157362], [106.8670982, -6.2157416]], [[106.8730344, -6.2151295], [106.873881, -6.2150511]], [[106.8730337, -6.2152623], [106.8729569, -6.2152614]], [[106.8729569, -6.2152614], [106.8722769, -6.2152869]], [[106.8734546, -6.2152504], [106.8733296, -6.2152556], [106.8732368, -6.2152577]], [[106.8737457, -6.2152383], [106.8734546, -6.2152504]], [[106.8738946, -6.2152286], [106.8737457, -6.2152383]], [[106.8752922, -6.2151662], [106.8738946, -6.2152286]], [[106.8753658, -6.2151574], [106.8752922, -6.2151662]], [[106.8732368, -6.2152577], [106.8731075, -6.2152606], [106.8730946, -6.2152609], [106.8730337, -6.2152623]], [[106.8729574, -6.2151347], [106.8730344, -6.2151295]]]}, "properties": {"id": "rd-16", "name": "Jalan Bekasi Barat Raya", "route_name": "Jalan Bekasi Barat Raya", "highway": "primary", "mode": "road", "status": "context", "status_label": "Jalan - konteks", "source": "OpenStreetMap", "source_type": "osm", "license": "ODbL"}}, {"type": "Feature", "id": "rd-17", "geometry": {"type": "MultiLineString", "coordinates": [[[106.9113545, -6.1823698], [106.9122607, -6.1827023], [106.9149743, -6.1825149]], [[106.9057076, -6.19323], [106.9050873, -6.1978647]], [[106.9088145, -6.1836439], [106.9090387, -6.1834572], [106.9094338, -6.1831281]], [[106.9149659, -6.182605], [106.9121162, -6.1828172], [106.9113318, -6.1824776]], [[106.9349086, -6.1824299], [106.9367753, -6.1822795], [106.9379453, -6.182813]], [[106.9504804, -6.18568], [106.9426343, -6.1843669]], [[106.9690523, -6.1908511], [106.969589, -6.1911047]], [[106.9695612, -6.1911794], [106.9694386, -6.1911212], [106.9691522, -6.1909853], [106.9690403, -6.1909313]], [[106.9368121, -6.1824617], [106.936329, -6.1824889]], [[106.936329, -6.1824889], [106.9359706, -6.1825564], [106.9355729, -6.1826471]], [[106.9045989, -6.2017888], [106.9056299, -6.1932198]], [[106.9062224, -6.1903434], [106.9061775, -6.1905024]], [[106.9059142, -6.1871596], [106.9064887, -6.1892541]], [[106.9060976, -6.1904926], [106.9061392, -6.1903492]], [[106.9063967, -6.1892609], [106.9057884, -6.1871946]], [[106.9290292, -6.1834923], [106.928899, -6.1834767], [106.928651, -6.1835057]], [[106.9322829, -6.1831108], [106.9290292, -6.1834923]], [[106.9289076, -6.1832833], [106.9323942, -6.1828733]], [[106.9111175, -6.1823987], [106.9102206, -6.1823247]], [[106.9113318, -6.1824776], [106.9111175, -6.1823987]], [[106.9111867, -6.1823145], [106.9113545, -6.1823698]], [[106.9102701, -6.1822267], [106.9111867, -6.1823145]], [[106.9594243, -6.1874075], [106.965491, -6.1893967]], [[106.922385, -6.1830069], [106.9225956, -6.1830248]], [[106.9225781, -6.1832873], [106.9223656, -6.1832727]], [[106.9286797, -6.1833129], [106.9289076, -6.1832833]], [[106.9285891, -6.1833262], [106.9286797, -6.1833129]], [[106.965776, -6.1895093], [106.9690523, -6.1908511]], [[106.968988, -6.190908], [106.9662124, -6.1897484]], [[106.9230949, -6.1830746], [106.923696, -6.1831352]], [[106.9656198, -6.1894527], [106.965776, -6.1895093]], [[106.9662124, -6.1897484], [106.9659286, -6.1896405], [106.9656023, -6.1895287]], [[106.9050873, -6.1978647], [106.9046968, -6.2018179]], [[106.9102206, -6.1823247], [106.9102429, -6.1822806], [106.9102701, -6.1822267]], [[106.9058081, -6.1916076], [106.9059039, -6.1911598], [106.9059209, -6.1910962], [106.9060303, -6.1906807]], [[106.9592805, -6.1874614], [106.9575802, -6.1871124], [106.9571167, -6.1869868]], [[106.9600609, -6.1876641], [106.9594045, -6.187494], [106.9592805, -6.1874614]], [[106.9654655, -6.1894767], [106.9600609, -6.1876641]], [[106.9374716, -6.1827255], [106.9368121, -6.1824617]], [[106.9179393, -6.1828346], [106.9175361, -6.1827858]], [[106.9223087, -6.1832688], [106.9179393, -6.1828346]], [[106.9432249, -6.1843269], [106.9440711, -6.184476]], [[106.942634, -6.1842377], [106.9427816, -6.1842626], [106.9429224, -6.1842841], [106.9432249, -6.1843269]], [[106.9398564, -6.1838477], [106.9382258, -6.1831675]], [[106.9418265, -6.1840896], [106.942634, -6.1842377]], [[106.923696, -6.1831352], [106.9238108, -6.1831484]], [[106.9261216, -6.1837715], [106.924057, -6.1834328]], [[106.928651, -6.1835057], [106.9264791, -6.1837725]], [[106.9243299, -6.1832322], [106.9261434, -6.1835302]], [[106.9264887, -6.1835318], [106.9285891, -6.1833262]], [[106.926409, -6.1835339], [106.9264887, -6.1835318]], [[106.9378488, -6.1829525], [106.9374716, -6.1827255]], [[106.9175361, -6.1827858], [106.9173917, -6.1827684], [106.916872, -6.1827413], [106.9167615, -6.1827332]], [[106.9379091, -6.1829898], [106.9378488, -6.1829525]], [[106.9168659, -6.1826174], [106.917497, -6.182661], [106.9180334, -6.1827012], [106.9185731, -6.182744]], [[106.916354, -6.1825876], [106.9165513, -6.1825974], [106.9167534, -6.1826097]], [[106.9185731, -6.182744], [106.922385, -6.1830069]], [[106.9057093, -6.1924488], [106.9057207, -6.1923096], [106.9057277, -6.1922182]], [[106.9056851, -6.1927447], [106.9056945, -6.1926293], [106.9057093, -6.1924488]], [[106.9656023, -6.1895287], [106.9654655, -6.1894767]], [[106.965491, -6.1893967], [106.9656198, -6.1894527]], [[106.9065297, -6.1856175], [106.9079753, -6.1843859]], [[106.9087012, -6.1837499], [106.906597, -6.185685]], [[106.9690403, -6.1909313], [106.968988, -6.190908]], [[106.9041076, -6.2029596], [106.904141, -6.2028859]], [[106.9058837, -6.1920691], [106.9058594, -6.192232]], [[106.9057277, -6.1922182], [106.9057357, -6.1921476], [106.9057436, -6.1920778], [106.9057474, -6.1920445]], [[106.9061348, -6.1907067], [106.9058837, -6.1920691]], [[106.9399199, -6.1837188], [106.9418265, -6.1840896]], [[106.9426343, -6.1843669], [106.9398564, -6.1838477]], [[106.9167615, -6.1827332], [106.9149659, -6.182605]], [[106.9149743, -6.1825149], [106.916354, -6.1825876]], [[106.9046968, -6.2018179], [106.9042421, -6.2029342]], [[106.904141, -6.2028859], [106.9045989, -6.2017888]], [[106.9062217, -6.1861041], [106.9061537, -6.1861776], [106.9060179, -6.1863505]], [[106.906597, -6.185685], [106.9062217, -6.1861041]], [[106.9061319, -6.1860345], [106.9064097, -6.1857433], [106.9065297, -6.1856175]], [[106.9058879, -6.1863184], [106.9060627, -6.1861163], [106.9061319, -6.1860345]], [[106.9223656, -6.1832727], [106.9223087, -6.1832688]], [[106.9353758, -6.1827056], [106.9347114, -6.1827762]], [[106.9347114, -6.1827762], [106.9332605, -6.1829897]], [[106.9541633, -6.1862155], [106.9544725, -6.1862733]], [[106.9525506, -6.1859156], [106.9541633, -6.1862155]], [[106.9544374, -6.1864219], [106.9543499, -6.1863908], [106.9541472, -6.1863604]], [[106.9541472, -6.1863604], [106.952518, -6.1860545]], [[106.952518, -6.1860545], [106.9513785, -6.1858409], [106.9509755, -6.1857692], [106.9504804, -6.18568]], [[106.9520156, -6.1858208], [106.9521355, -6.1858421], [106.9525506, -6.1859156]], [[106.9440711, -6.184476], [106.9520156, -6.1858208]], [[106.9571167, -6.1869868], [106.9544374, -6.1864219]], [[106.9579374, -6.1870437], [106.9594243, -6.1874075]], [[106.9544725, -6.1862733], [106.9579374, -6.1870437]], [[106.9087012, -6.1837499], [106.9088145, -6.1836439]], [[106.9100146, -6.1826264], [106.9102206, -6.1823247]], [[106.9264791, -6.1837725], [106.9261965, -6.1837718], [106.9261216, -6.1837715]], [[106.9261434, -6.1835302], [106.9262087, -6.1835353], [106.926409, -6.1835339]], [[106.9230949, -6.1830746], [106.9243299, -6.1832322]], [[106.9237797, -6.1833836], [106.9236735, -6.1833709]], [[106.924057, -6.1834328], [106.9238415, -6.1833952], [106.9237797, -6.1833836]], [[106.9236735, -6.1833709], [106.9233763, -6.1833389]], [[106.9233763, -6.1833389], [106.9225781, -6.1832873]], [[106.9058594, -6.192232], [106.9058417, -6.1923224]], [[106.9057474, -6.1920445], [106.9057596, -6.1919452]], [[106.9060179, -6.1863505], [106.9059142, -6.1871596]], [[106.9057884, -6.1871946], [106.9058879, -6.1863184]], [[106.9225956, -6.1830248], [106.9226318, -6.1830267], [106.9230949, -6.1830746]], [[106.9238108, -6.1831484], [106.9243299, -6.1832322]], [[106.9061392, -6.1903492], [106.9063967, -6.1892609]], [[106.9064887, -6.1892541], [106.9062224, -6.1903434]], [[106.9060439, -6.1906289], [106.9060976, -6.1904926]], [[106.9061775, -6.1905024], [106.906168, -6.1905452], [106.9061482, -6.1906529]], [[106.9057596, -6.1919452], [106.9057854, -6.191778], [106.9057927, -6.1916968], [106.9058081, -6.1916076]], [[106.9060303, -6.1906807], [106.9060439, -6.1906289]], [[106.9061482, -6.1906529], [106.9061348, -6.1907067]], [[106.9167534, -6.1826097], [106.9168659, -6.1826174]], [[106.9332598, -6.1827464], [106.9349086, -6.1824299]], [[106.9332605, -6.1829897], [106.9331956, -6.182999], [106.9326508, -6.1830544]], [[106.9326508, -6.1830544], [106.9324815, -6.1830939], [106.9322829, -6.1831108]], [[106.9323942, -6.1828733], [106.9328874, -6.1828034], [106.9332598, -6.1827464]], [[106.9383052, -6.1830308], [106.9399199, -6.1837188]], [[106.9079753, -6.1843859], [106.9087012, -6.1837499]], [[106.9094795, -6.1830904], [106.9100146, -6.1826264]], [[106.9058417, -6.1923224], [106.905751, -6.1929436], [106.9057076, -6.19323]], [[106.9056299, -6.1932198], [106.9056684, -6.1929299], [106.9056851, -6.1927447]], [[106.9094338, -6.1831281], [106.9094795, -6.1830904]], [[106.9355729, -6.1826471], [106.9353758, -6.1827056]], [[106.9379453, -6.182813], [106.938112, -6.1829156], [106.9381875, -6.1829607], [106.9383052, -6.1830308]], [[106.9382258, -6.1831675], [106.9380545, -6.183075], [106.9379091, -6.1829898]]]}, "properties": {"id": "rd-17", "name": "Jalan Bekasi Raya", "route_name": "Jalan Bekasi Raya", "highway": "trunk", "mode": "road", "status": "context", "status_label": "Jalan - konteks", "source": "OpenStreetMap", "source_type": "osm", "license": "ODbL"}}, {"type": "Feature", "id": "rd-18", "geometry": {"type": "MultiLineString", "coordinates": [[[106.9031358, -6.2052545], [106.9015687, -6.2102552]], [[106.9014861, -6.2101461], [106.9030478, -6.2052155]], [[106.9015687, -6.2102552], [106.901068, -6.212367]], [[106.9009529, -6.2123408], [106.9014861, -6.2101461]], [[106.9042421, -6.2029342], [106.9031358, -6.2052545]], [[106.9030478, -6.2052155], [106.9041076, -6.2029596]]]}, "properties": {"id": "rd-18", "name": "Jalan Bekasi Timur", "route_name": "Jalan Bekasi Timur", "highway": "primary", "mode": "road", "status": "context", "status_label": "Jalan - konteks", "source": "OpenStreetMap", "source_type": "osm", "license": "ODbL"}}, {"type": "Feature", "id": "rd-19", "geometry": {"type": "MultiLineString", "coordinates": [[[106.8466016, -6.1320362], [106.8483705, -6.1413922]], [[106.8458958, -6.12938], [106.8455179, -6.1265848]], [[106.8523497, -6.1631047], [106.8521488, -6.1626926]], [[106.8518741, -6.1602705], [106.852267, -6.1623813]], [[106.8514229, -6.1577944], [106.8514422, -6.1579064], [106.8516614, -6.1591762]], [[106.8484984, -6.1420695], [106.8496382, -6.1483806]], [[106.849681, -6.1485401], [106.8497555, -6.148969]], [[106.8495113, -6.1484261], [106.8483716, -6.1421006]], [[106.8499125, -6.1497511], [106.8506253, -6.1534649]], [[106.8457448, -6.1273776], [106.8459835, -6.1293488]], [[106.8455179, -6.1265848], [106.845096, -6.1261623], [106.844648, -6.1265431], [106.8448955, -6.1269343], [106.8457203, -6.1269646]], [[106.8518042, -6.1597806], [106.8518741, -6.1602705]], [[106.8520985, -6.1624163], [106.8516702, -6.1602858]], [[106.852267, -6.1623813], [106.8525011, -6.1631329]], [[106.8516011, -6.1598183], [106.851133, -6.157253]], [[106.8510434, -6.1557048], [106.8511023, -6.1561662]], [[106.8507877, -6.1557572], [106.850233, -6.1523305]], [[106.8465216, -6.1320543], [106.846478, -6.1318037]], [[106.8465465, -6.1317362], [106.8466016, -6.1320362]], [[106.8459835, -6.1293488], [106.8465465, -6.1317362]], [[106.846478, -6.1318037], [106.8464582, -6.1316751], [106.8462573, -6.1306661], [106.8458958, -6.12938]], [[106.8506253, -6.1534649], [106.8507658, -6.1543759], [106.8509378, -6.1552196]], [[106.8444289, -6.1272634], [106.8448143, -6.1261137], [106.8453266, -6.126143], [106.8455997, -6.1265692]], [[106.8482552, -6.1414668], [106.8470328, -6.1349909]], [[106.8467873, -6.1335968], [106.846714, -6.1331359], [106.8465757, -6.1323139], [106.8465216, -6.1320543]], [[106.8470328, -6.1349909], [106.8469227, -6.1343336], [106.8467873, -6.1335968]], [[106.8521488, -6.1626926], [106.8520985, -6.1624163]], [[106.8455997, -6.1265692], [106.8457448, -6.1273776]], [[106.8496434, -6.149178], [106.8496014, -6.1489987]], [[106.8497555, -6.148969], [106.8497763, -6.149079], [106.8498037, -6.1492106]], [[106.8495129, -6.1485584], [106.8495113, -6.1484261]], [[106.8496382, -6.1483806], [106.849681, -6.1485401]], [[106.848425, -6.1415172], [106.8484984, -6.1420695]], [[106.8483705, -6.1413922], [106.848425, -6.1415172]], [[106.8482601, -6.1415612], [106.8482552, -6.1414668]], [[106.8483716, -6.1421006], [106.8482601, -6.1415612]], [[106.8508974, -6.1562051], [106.8507877, -6.1557572]], [[106.8496014, -6.1489987], [106.8495129, -6.1485584]], [[106.8516702, -6.1602858], [106.8516011, -6.1598183]], [[106.8498037, -6.1492106], [106.8499002, -6.1496899], [106.8499125, -6.1497511]], [[106.8509378, -6.1552196], [106.8509838, -6.1554686], [106.8510145, -6.1555978], [106.8510434, -6.1557048]], [[106.8511023, -6.1561662], [106.8511271, -6.1562681], [106.8512259, -6.1567921], [106.8514229, -6.1577944]], [[106.850233, -6.1523305], [106.8496434, -6.149178]], [[106.8516614, -6.1591762], [106.8517524, -6.1596419], [106.8517769, -6.1597093], [106.8518042, -6.1597806]], [[106.851133, -6.157253], [106.8508974, -6.1562051]]]}, "properties": {"id": "rd-19", "name": "Jalan Benyamin Sueb", "route_name": "Jalan Benyamin Sueb", "highway": "primary", "mode": "road", "status": "context", "status_label": "Jalan - konteks", "source": "OpenStreetMap", "source_type": "osm", "license": "ODbL"}}, {"type": "Feature", "id": "rd-20", "geometry": {"type": "MultiLineString", "coordinates": [[[106.9517461, -6.2277878], [106.950531, -6.2261565], [106.94765, -6.225089]], [[106.9517461, -6.2277878], [106.9523946, -6.2281624], [106.9525524, -6.2282535]], [[106.9561318, -6.2297024], [106.9587895, -6.2309429], [106.9664242, -6.2333931]], [[106.9665575, -6.2334114], [106.9702288, -6.2342755], [106.9723673, -6.2342345]], [[106.9664242, -6.2333931], [106.9665575, -6.2334114]], [[106.9560424, -6.2296555], [106.9561318, -6.2297024]], [[106.9525524, -6.2282535], [106.9534946, -6.2287184], [106.9543087, -6.2286683], [106.9560424, -6.2296555]], [[106.9723673, -6.2342345], [106.9725104, -6.2342361], [106.972856, -6.2342357], [106.9735561, -6.2342229]]]}, "properties": {"id": "rd-20", "name": "Jalan Bintara Raya", "route_name": "Jalan Bintara Raya", "highway": "primary", "mode": "road", "status": "context", "status_label": "Jalan - konteks", "source": "OpenStreetMap", "source_type": "osm", "license": "ODbL"}}, {"type": "Feature", "id": "rd-21", "geometry": {"type": "MultiLineString", "coordinates": [[[106.7079787, -6.2749659], [106.7062984, -6.2754173], [106.7047068, -6.2749152]], [[106.7047427, -6.2748409], [106.7061503, -6.2753257], [106.707949, -6.2748781]], [[106.7219182, -6.2770194], [106.7238885, -6.2793934]], [[106.7047068, -6.2749152], [106.7016235, -6.274623], [106.6998422, -6.2734432]], [[106.7141876, -6.2722792], [106.7153607, -6.2726475], [106.7164943, -6.2736152], [106.7189752, -6.2745312], [106.7217063, -6.2767495]], [[106.7274982, -6.2820972], [106.7268809, -6.2818306]], [[106.6936894, -6.2713315], [106.6922077, -6.268682], [106.6913736, -6.267917]], [[106.6999711, -6.2733377], [106.7015908, -6.2744723], [106.7043909, -6.2747176]], [[106.7246531, -6.2799958], [106.7261668, -6.2812131], [106.7278776, -6.2819564]], [[106.7215817, -6.2768848], [106.7186181, -6.2745734]], [[106.7238885, -6.2793934], [106.7240549, -6.2795538], [106.7242421, -6.2796259]], [[106.7238319, -6.2794413], [106.7218669, -6.2770764]], [[106.7241914, -6.2798477], [106.7240025, -6.2796069], [106.7238319, -6.2794413]], [[106.7133461, -6.2724829], [106.7090435, -6.2745831]], [[106.6996832, -6.2733084], [106.6978574, -6.2725004]], [[106.6998422, -6.2734432], [106.6996832, -6.2733084]], [[106.6998039, -6.2731775], [106.6999711, -6.2733377]], [[106.6978512, -6.2723], [106.6988478, -6.2724964], [106.6998039, -6.2731775]], [[106.7218669, -6.2770764], [106.7215817, -6.2768848]], [[106.7223914, -6.2777411], [106.7215817, -6.2768848]], [[106.691466, -6.2678147], [106.6922364, -6.2684717], [106.6938168, -6.2712555], [106.6945976, -6.2719717]], [[106.7217063, -6.2767495], [106.7219182, -6.2770194]], [[106.7278776, -6.2819564], [106.7286989, -6.2823161]], [[106.7242421, -6.2796259], [106.7243524, -6.2797364], [106.7244389, -6.2798138]], [[106.697706, -6.2724888], [106.6954265, -6.2724575]], [[106.6954631, -6.2723055], [106.6970509, -6.2723332]], [[106.7138274, -6.2724345], [106.7136477, -6.2724486], [106.7133461, -6.2724829]], [[106.713976, -6.272431], [106.7138274, -6.2724345]], [[106.7145407, -6.2725226], [106.713976, -6.272431]], [[106.7186181, -6.2745734], [106.7163532, -6.2737568], [106.7145407, -6.2725226]], [[106.7139654, -6.2722606], [106.7141876, -6.2722792]], [[106.71381, -6.2722702], [106.7139654, -6.2722606]], [[106.7132084, -6.2723591], [106.7133206, -6.2723349], [106.7134393, -6.2723126]], [[106.7127833, -6.2724829], [106.7129127, -6.2724362], [106.7130567, -6.2723913], [106.7132084, -6.2723591]], [[106.7108094, -6.2734675], [106.7127833, -6.2724829]], [[106.6970509, -6.2723332], [106.6976926, -6.2722994]], [[106.6976926, -6.2722994], [106.6978512, -6.2723]], [[106.7229621, -6.278532], [106.7228835, -6.2784158], [106.7228446, -6.2783583]], [[106.724521, -6.2801071], [106.7241914, -6.2798477]], [[106.7241914, -6.2798477], [106.7235613, -6.2793338]], [[106.7238077, -6.2791324], [106.7242421, -6.2796259]], [[106.7230286, -6.2780679], [106.7231036, -6.2781737]], [[106.7231036, -6.2781737], [106.7238077, -6.2791324]], [[106.7222852, -6.2772555], [106.7224004, -6.2773645], [106.7226117, -6.2775836], [106.7227138, -6.2776905]], [[106.7235613, -6.2793338], [106.7232796, -6.2790009]], [[106.7227765, -6.2782578], [106.7226653, -6.2780864], [106.722584, -6.2779656], [106.7223914, -6.2777411]], [[106.7227138, -6.2776905], [106.7228266, -6.2778229], [106.7228854, -6.2778909]], [[106.7228854, -6.2778909], [106.7229805, -6.2780048], [106.7230286, -6.2780679]], [[106.7217063, -6.2767495], [106.7220094, -6.277017], [106.7221849, -6.277163], [106.7222852, -6.2772555]], [[106.726271, -6.2814221], [106.7258599, -6.2811682], [106.7257357, -6.2810775], [106.724521, -6.2801071]], [[106.7281826, -6.2822719], [106.7274982, -6.2820972]], [[106.7232796, -6.2790009], [106.7229621, -6.278532]], [[106.7268809, -6.2818306], [106.7266819, -6.2817227], [106.7265296, -6.2816275], [106.726271, -6.2814221]], [[106.708663, -6.2747285], [106.7079787, -6.2749659]], [[106.7090435, -6.2745831], [106.7086969, -6.2747164], [106.708663, -6.2747285]], [[106.7244389, -6.2798138], [106.7245509, -6.2799111], [106.7246531, -6.2799958]], [[106.7089653, -6.2744362], [106.709007, -6.2744178], [106.7095668, -6.2741193]], [[106.7079973, -6.2748572], [106.7084307, -6.2746697], [106.7089653, -6.2744362]], [[106.7043909, -6.2747176], [106.7047427, -6.2748409]], [[106.6911523, -6.2676562], [106.6912097, -6.267684], [106.6912687, -6.2677122], [106.691466, -6.2678147]], [[106.6898929, -6.2674274], [106.6911523, -6.2676562]], [[106.6910993, -6.2677864], [106.6908337, -6.2676869], [106.6905598, -6.2676128], [106.689934, -6.2675377]], [[106.6913736, -6.267917], [106.6910993, -6.2677864]], [[106.6978574, -6.2725004], [106.697706, -6.2724888]], [[106.7134393, -6.2723126], [106.7136012, -6.2722896], [106.71381, -6.2722702]], [[106.7228446, -6.2783583], [106.7227765, -6.2782578]], [[106.7286579, -6.2823963], [106.7281826, -6.2822719]], [[106.6954265, -6.2724575], [106.6936894, -6.2713315]], [[106.6945976, -6.2719717], [106.6954631, -6.2723055]], [[106.707949, -6.2748781], [106.7079973, -6.2748572]], [[106.7095668, -6.2741193], [106.7108094, -6.2734675]]]}, "properties": {"id": "rd-21", "name": "Jalan Boulevard Bintaro Jaya", "route_name": "Jalan Boulevard Bintaro Jaya", "highway": "primary", "mode": "road", "status": "context", "status_label": "Jalan - konteks", "source": "OpenStreetMap", "source_type": "osm", "license": "ODbL"}}, {"type": "Feature", "id": "rd-22", "geometry": {"type": "MultiLineString", "coordinates": [[[106.7987977, -6.189501], [106.7950093, -6.1896989]], [[106.8010751, -6.1893362], [106.8033797, -6.18917]], [[106.7986723, -6.1893743], [106.7991289, -6.1893933]], [[106.7965877, -6.1896959], [106.7953002, -6.1897426]], [[106.7989987, -6.189506], [106.7985125, -6.1895693]], [[106.7953167, -6.1895646], [106.7965585, -6.1894883]], [[106.7950093, -6.1896989], [106.7945965, -6.189725]], [[106.7994383, -6.189367], [106.8009576, -6.1893275]], [[106.8051257, -6.1891194], [106.7989987, -6.189506]], [[106.7946275, -6.189643], [106.7950038, -6.1896283]], [[106.7950038, -6.1896283], [106.7955308, -6.1896197], [106.7987923, -6.189429]], [[106.7946275, -6.189643], [106.7949227, -6.1895907], [106.7950683, -6.1895645], [106.7953167, -6.1895646]], [[106.804183, -6.1891226], [106.8065648, -6.1889914]], [[106.8033797, -6.18917], [106.804183, -6.1891226]], [[106.7991289, -6.1893933], [106.7993077, -6.1893778], [106.7993369, -6.1893753], [106.7994383, -6.189367]], [[106.8009576, -6.1893275], [106.8010488, -6.1893349], [106.8010751, -6.1893362]], [[106.8068801, -6.1886673], [106.8064612, -6.1890977]], [[106.8064612, -6.1890977], [106.8063368, -6.1890954], [106.8056514, -6.1890964], [106.8051257, -6.1891194]], [[106.7973052, -6.1892034], [106.797504, -6.1894065]], [[106.7975216, -6.1896389], [106.7973471, -6.1898602]], [[106.7969325, -6.1899306], [106.7965877, -6.1896959]], [[106.7965585, -6.1894883], [106.7968668, -6.1891471]], [[106.797504, -6.1894065], [106.7986723, -6.1893743]], [[106.7982643, -6.189583], [106.7980402, -6.1896035], [106.7975216, -6.1896389]], [[106.7987923, -6.189429], [106.7989627, -6.1894207], [106.7990499, -6.1894127], [106.7991289, -6.1893933]], [[106.7985125, -6.1895693], [106.7982643, -6.189583]], [[106.7953002, -6.1897426], [106.7945965, -6.189725]], [[106.7989987, -6.189506], [106.7987977, -6.189501]]]}, "properties": {"id": "rd-22", "name": "Jalan Brigadir Jenderal Katamso Darmokusumo", "route_name": "Jalan Brigadir Jenderal Katamso Darmokusumo", "highway": "primary", "mode": "road", "status": "context", "status_label": "Jalan - konteks", "source": "OpenStreetMap", "source_type": "osm", "license": "ODbL"}}, {"type": "Feature", "id": "rd-23", "geometry": {"type": "MultiLineString", "coordinates": [[[106.6847904, -6.3277323], [106.6848695, -6.3279546]], [[106.6859901, -6.3315072], [106.6869758, -6.3340909], [106.6867954, -6.3404348], [106.6876331, -6.3458311]], [[106.687834, -6.3469665], [106.6877417, -6.3465993]], [[106.6877417, -6.3465993], [106.6876954, -6.3462476], [106.6876505, -6.3459474]], [[106.6859901, -6.3315072], [106.6848035, -6.3279398]], [[106.6848695, -6.3279546], [106.6859901, -6.3315072]], [[106.6877433, -6.3458612], [106.6884121, -6.3461036], [106.6884472, -6.3469262]], [[106.6876505, -6.3459474], [106.6876331, -6.3458311]], [[106.6876331, -6.3458311], [106.6877433, -6.3458612]]]}, "properties": {"id": "rd-23", "name": "Jalan Buaran Raya", "route_name": "Jalan Buaran Raya", "highway": "primary", "mode": "road", "status": "context", "status_label": "Jalan - konteks", "source": "OpenStreetMap", "source_type": "osm", "license": "ODbL"}}, {"type": "Feature", "id": "rd-24", "geometry": {"type": "MultiLineString", "coordinates": [[[106.7834134, -6.1866161], [106.783092, -6.1854626]], [[106.7834916, -6.1865813], [106.7834246, -6.1878732]], [[106.7822546, -6.1932205], [106.7823953, -6.1909492], [106.7833051, -6.1881127]], [[106.7833051, -6.1881127], [106.783324, -6.1877605], [106.7833871, -6.1870694], [106.7834134, -6.1866161]], [[106.783391, -6.1854007], [106.7834477, -6.185839], [106.7834783, -6.1862902], [106.7834916, -6.1865813]]]}, "properties": {"id": "rd-24", "name": "Jalan Budi Raya", "route_name": "Jalan Budi Raya", "highway": "primary", "mode": "road", "status": "context", "status_label": "Jalan - konteks", "source": "OpenStreetMap", "source_type": "osm", "license": "ODbL"}}, {"type": "Feature", "id": "rd-25", "geometry": {"type": "MultiLineString", "coordinates": [[[106.9941039, -6.2317539], [106.9939003, -6.2320671]], [[106.9969807, -6.2259317], [106.9984392, -6.2250288], [107.0014355, -6.2243098]], [[107.0035511, -6.2271219], [107.0028976, -6.225542]], [[106.9932747, -6.2362796], [106.9932614, -6.2336973], [106.9938747, -6.2319639]], [[106.9939003, -6.2320671], [106.9933381, -6.2336133], [106.993344, -6.2362744]], [[107.0017997, -6.2244149], [106.9987706, -6.2250859], [106.9971131, -6.2260612]], [[107.001973, -6.2243141], [107.0030218, -6.2253315], [107.0037328, -6.2270476]], [[106.9952194, -6.2282751], [106.9950134, -6.2288254]], [[106.9938747, -6.2319639], [106.9948005, -6.2304417], [106.9949325, -6.2288139]], [[106.9950134, -6.2288254], [106.9948871, -6.2304387], [106.9941039, -6.2317539]], [[106.9964595, -6.2264197], [106.9969807, -6.2259317]], [[106.9931927, -6.2375196], [106.9932666, -6.2368489], [106.9932747, -6.2362796]], [[107.0028976, -6.225542], [107.0019689, -6.2245406]], [[106.9951904, -6.2279493], [106.9960302, -6.2267566]], [[106.993344, -6.2362744], [106.9934073, -6.2367526]], [[107.0014355, -6.2243098], [107.0016559, -6.2242756], [107.0017607, -6.2242639]], [[106.9971131, -6.2260612], [106.9967401, -6.2264034], [106.9966851, -6.2264701], [106.9966233, -6.2265705]], [[106.9962206, -6.2269987], [106.9952194, -6.2282751]], [[106.9949325, -6.2288139], [106.9950273, -6.2284001], [106.9950925, -6.2281825], [106.9951904, -6.2279493]], [[107.0019689, -6.2245406], [107.0018578, -6.224432]]]}, "properties": {"id": "rd-25", "name": "Jalan Bulevar Ahmad Yani", "route_name": "Jalan Bulevar Ahmad Yani", "highway": "primary", "mode": "road", "status": "context", "status_label": "Jalan - konteks", "source": "OpenStreetMap", "source_type": "osm", "license": "ODbL"}}, {"type": "Feature", "id": "rd-26", "geometry": {"type": "MultiLineString", "coordinates": [[[106.9966302, -6.2268574], [106.9976526, -6.2283493], [106.9988841, -6.2288308], [107.0035511, -6.2271219]], [[107.0060356, -6.2274756], [107.0059906, -6.2274169]], [[107.0035511, -6.2271219], [107.0054355, -6.2266116]], [[107.0056193, -6.2266573], [107.0059831, -6.2271318]], [[107.0038207, -6.2272455], [106.9990735, -6.229017], [106.9973712, -6.2283287], [106.9964734, -6.2269938]], [[107.0058562, -6.2272696], [107.0054859, -6.2269988]], [[107.0059906, -6.2274169], [107.0058562, -6.2272696]], [[107.0061225, -6.2273072], [107.0061561, -6.2273491]], [[107.0060167, -6.2271736], [107.0060414, -6.2272045], [107.0060833, -6.2272567], [107.0061225, -6.2273072]], [[107.005296, -6.2268598], [107.0038207, -6.2272455]], [[107.0059831, -6.2271318], [107.0060167, -6.2271736]]]}, "properties": {"id": "rd-26", "name": "Jalan Bulevar Selatan", "route_name": "Jalan Bulevar Selatan", "highway": "primary", "mode": "road", "status": "context", "status_label": "Jalan - konteks", "source": "OpenStreetMap", "source_type": "osm", "license": "ODbL"}}, {"type": "Feature", "id": "rd-27", "geometry": {"type": "MultiLineString", "coordinates": [[[106.7896303, -6.2366392], [106.7902185, -6.239375]], [[106.7895535, -6.2364343], [106.7896303, -6.2366392]], [[106.7902185, -6.239375], [106.7898865, -6.241036]]]}, "properties": {"id": "rd-27", "name": "Jalan Bumi", "route_name": "Jalan Bumi", "highway": "primary", "mode": "road", "status": "context", "status_label": "Jalan - konteks", "source": "OpenStreetMap", "source_type": "osm", "license": "ODbL"}}, {"type": "Feature", "id": "rd-28", "geometry": {"type": "MultiLineString", "coordinates": [[[106.8292688, -6.2789886], [106.8302248, -6.2768269], [106.8309567, -6.2686721], [106.8305596, -6.266215]], [[106.8307056, -6.2661995], [106.831103, -6.2686811], [106.8303639, -6.2768243], [106.8295259, -6.2789034]], [[106.8291894, -6.2790887], [106.8292688, -6.2789886]], [[106.8293876, -6.2790771], [106.829306, -6.2791757]], [[106.8307196, -6.2659236], [106.8307094, -6.266094]], [[106.8305705, -6.2628563], [106.8307196, -6.2659236]], [[106.8305735, -6.2660027], [106.8303099, -6.2627935]], [[106.8305615, -6.2661307], [106.8305735, -6.2660027]], [[106.8307094, -6.266094], [106.8307064, -6.2661402], [106.8307056, -6.2661995]], [[106.8305596, -6.266215], [106.8305615, -6.2661307]], [[106.8251912, -6.2881132], [106.8249728, -6.2885346]], [[106.8248463, -6.2884657], [106.825052, -6.2880497]], [[106.8228655, -6.2925944], [106.8248463, -6.2884657]], [[106.8249728, -6.2885346], [106.8230192, -6.2926159]], [[106.8254854, -6.2871675], [106.8255134, -6.2871087]], [[106.8257828, -6.286869], [106.8257568, -6.2869298], [106.8256903, -6.2870855], [106.8256559, -6.2871705]], [[106.825052, -6.2880497], [106.8251403, -6.28787], [106.8254854, -6.2871675]], [[106.8256559, -6.2871705], [106.8255978, -6.287296], [106.8254595, -6.2875875], [106.8251912, -6.2881132]], [[106.8230192, -6.2926159], [106.8229415, -6.2928069]], [[106.8227896, -6.2927745], [106.8228655, -6.2925944]], [[106.8229415, -6.2928069], [106.8226929, -6.2933934], [106.8226179, -6.2935939], [106.822597, -6.2936461]], [[106.8224641, -6.2935861], [106.8224848, -6.2935348], [106.8227398, -6.2928789]], [[106.8222768, -6.2940594], [106.8224641, -6.2935861]], [[106.822597, -6.2936461], [106.8224138, -6.2941155]], [[106.8289388, -6.2794112], [106.828989, -6.2793436], [106.8291271, -6.279166]], [[106.8291271, -6.279166], [106.8291894, -6.2790887]], [[106.8260009, -6.2863095], [106.8259894, -6.2863461], [106.8258183, -6.2867756], [106.8257828, -6.286869]], [[106.8292772, -6.279216], [106.829105, -6.2794379], [106.8290762, -6.2794763], [106.8290617, -6.2794984]], [[106.8295259, -6.2789034], [106.8293876, -6.2790771]], [[106.8260282, -6.2862363], [106.8260009, -6.2863095]], [[106.8256393, -6.2868109], [106.8258866, -6.2862384]], [[106.8255134, -6.2871087], [106.8256393, -6.2868109]], [[106.8260495, -6.2861823], [106.8260282, -6.2862363]], [[106.8258866, -6.2862384], [106.8259086, -6.286189]], [[106.829306, -6.2791757], [106.8292772, -6.279216]], [[106.8227398, -6.2928789], [106.8227896, -6.2927745]]]}, "properties": {"id": "rd-28", "name": "Jalan Buncit Raya", "route_name": "Jalan Buncit Raya", "highway": "primary", "mode": "road", "status": "context", "status_label": "Jalan - konteks", "source": "OpenStreetMap", "source_type": "osm", "license": "ODbL"}}, {"type": "Feature", "id": "rd-29", "geometry": {"type": "MultiLineString", "coordinates": [[[106.94276, -6.1803558], [106.9427571, -6.1802265]], [[106.931052, -6.1298497], [106.9275277, -6.124963], [106.9264229, -6.1224514]], [[106.9426292, -6.1839321], [106.94276, -6.1803558]], [[106.9363525, -6.1372119], [106.9362398, -6.1370373], [106.9361194, -6.1368659], [106.9359866, -6.1367005]], [[106.9397691, -6.144664], [106.938877, -6.1411116], [106.9363525, -6.1372119]], [[106.9427571, -6.1802265], [106.9426687, -6.1741933]], [[106.9424461, -6.1710856], [106.9424188, -6.1708539], [106.9423904, -6.1706131]], [[106.942634, -6.1842377], [106.9426292, -6.1839321]], [[106.9425261, -6.171784], [106.9424461, -6.1710856]], [[106.9423904, -6.1706131], [106.942342, -6.1701612]], [[106.9398849, -6.1470834], [106.9397691, -6.144664]], [[106.9358258, -6.1365441], [106.9338645, -6.1357667], [106.9337098, -6.1338627], [106.9330322, -6.1326808]], [[106.9359866, -6.1367005], [106.9359057, -6.1366141], [106.9358258, -6.1365441]], [[106.9330322, -6.1326808], [106.931052, -6.1298497]]]}, "properties": {"id": "rd-29", "name": "Jalan Cakung Cilincing Barat", "route_name": "Jalan Cakung Cilincing Barat", "highway": "trunk", "mode": "road", "status": "context", "status_label": "Jalan - konteks", "source": "OpenStreetMap", "source_type": "osm", "license": "ODbL"}}, {"type": "Feature", "id": "rd-30", "geometry": {"type": "MultiLineString", "coordinates": [[[106.9314118, -6.1295576], [106.9347563, -6.1340285], [106.936365, -6.1351233], [106.9367749, -6.1366774]], [[106.9432648, -6.1809115], [106.9432249, -6.1843269]], [[106.9432676, -6.1807475], [106.9432648, -6.1809115]], [[106.9268522, -6.1222249], [106.9269075, -6.1223934]], [[106.9247664, -6.1150923], [106.9265142, -6.1211204]], [[106.9233943, -6.1101961], [106.9246787, -6.1147332]], [[106.922318, -6.1079947], [106.9233943, -6.1101961]], [[106.9368781, -6.1369246], [106.9395214, -6.1413794], [106.9401469, -6.1433443], [106.9404114, -6.1466773]], [[106.9367749, -6.1366774], [106.936804, -6.1367669], [106.9368387, -6.1368504], [106.9368781, -6.1369246]], [[106.9432809, -6.1766115], [106.9432676, -6.1807475]], [[106.9265142, -6.1211204], [106.9266811, -6.1216657], [106.926715, -6.1217764], [106.9268522, -6.1222249]], [[106.9269075, -6.1223934], [106.9278955, -6.1244982], [106.9314118, -6.1295576]], [[106.9246787, -6.1147332], [106.9247553, -6.1150366], [106.9247664, -6.1150923]]]}, "properties": {"id": "rd-30", "name": "Jalan Cakung Cilincing Timur", "route_name": "Jalan Cakung Cilincing Timur", "highway": "trunk", "mode": "road", "status": "context", "status_label": "Jalan - konteks", "source": "OpenStreetMap", "source_type": "osm", "license": "ODbL"}}, {"type": "Feature", "id": "rd-31", "geometry": {"type": "MultiLineString", "coordinates": [[[106.8754181, -6.2463517], [106.8751621, -6.2469162]], [[106.8740139, -6.249281], [106.8747536, -6.2476226]], [[106.8747536, -6.2476226], [106.875035, -6.2468827]], [[106.8748153, -6.2476578], [106.8742393, -6.2490059], [106.8740844, -6.2494673]], [[106.875171, -6.246548], [106.875945, -6.2447192]], [[106.8751621, -6.2469162], [106.8748153, -6.2476578]], [[106.8740844, -6.2494673], [106.873935, -6.2499488]], [[106.8736806, -6.2498239], [106.8740139, -6.249281]], [[106.875945, -6.2447192], [106.8762021, -6.2440933], [106.8762507, -6.2438643]], [[106.8758184, -6.2455588], [106.8757027, -6.2457175], [106.8754181, -6.2463517]], [[106.875035, -6.2468827], [106.875171, -6.246548]]]}, "properties": {"id": "rd-31", "name": "Jalan Cawang Underpass", "route_name": "Jalan Cawang Underpass", "highway": "trunk", "mode": "road", "status": "context", "status_label": "Jalan - konteks", "source": "OpenStreetMap", "source_type": "osm", "license": "ODbL"}}, {"type": "Feature", "id": "rd-32", "geometry": {"type": "MultiLineString", "coordinates": [[[107.005751, -6.2562887], [107.005665, -6.2562587]], [[107.003712, -6.2555787], [106.9990082, -6.2538348]], [[107.0097402, -6.2576031], [107.018987, -6.260847]], [[107.005665, -6.2562587], [107.003712, -6.2555787]], [[107.0189299, -6.2609276], [107.0097244, -6.2576767]], [[107.0094942, -6.2575955], [107.0086671, -6.2573056], [107.0073638, -6.2568488]], [[107.0097244, -6.2576767], [107.0094942, -6.2575955]], [[107.0095324, -6.2575306], [107.0097402, -6.2576031]], [[107.0055907, -6.2561595], [107.0073842, -6.2567816]], [[107.0073638, -6.2568488], [107.005751, -6.2562887]], [[107.0073842, -6.2567816], [107.0095324, -6.2575306]], [[107.0039338, -6.255473], [107.0055907, -6.2561595]], [[106.9990082, -6.2538348], [106.9984414, -6.2533531]]]}, "properties": {"id": "rd-32", "name": "Jalan Chairil Anwar", "route_name": "Jalan Chairil Anwar", "highway": "primary", "mode": "road", "status": "context", "status_label": "Jalan - konteks", "source": "OpenStreetMap", "source_type": "osm", "license": "ODbL"}}, {"type": "Feature", "id": "rd-33", "geometry": {"type": "MultiLineString", "coordinates": [[[106.7076752, -6.3164649], [106.7055997, -6.3157139]], [[106.7055997, -6.3157139], [106.7053871, -6.315712]], [[106.6892597, -6.3111971], [106.6895344, -6.3118136], [106.6903411, -6.3117936], [106.6908465, -6.3126088], [106.6915838, -6.3129918], [106.7019234, -6.3150836]], [[106.7053999, -6.3156256], [106.7056015, -6.3156312]], [[106.7053871, -6.315712], [106.7037305, -6.3157063], [106.7018856, -6.3152065]], [[106.7019234, -6.3150836], [106.7040934, -6.3156619], [106.7053999, -6.3156256]], [[106.6921815, -6.3131628], [106.6909822, -6.3128465], [106.6902709, -6.3118588], [106.6893672, -6.3118251]], [[106.6922592, -6.3131737], [106.6921815, -6.3131628]], [[106.7000717, -6.314672], [106.6922592, -6.3131737]], [[106.7018856, -6.3152065], [106.7000717, -6.314672]], [[106.7056015, -6.3156312], [106.7080845, -6.3163414]], [[106.7080011, -6.3165254], [106.7079058, -6.3164762], [106.7078253, -6.3164608], [106.7076752, -6.3164649]]]}, "properties": {"id": "rd-33", "name": "Jalan Ciater Raya", "route_name": "Jalan Ciater Raya", "highway": "primary", "mode": "road", "status": "context", "status_label": "Jalan - konteks", "source": "OpenStreetMap", "source_type": "osm", "license": "ODbL"}}, {"type": "Feature", "id": "rd-34", "geometry": {"type": "MultiLineString", "coordinates": [[[106.8133714, -6.1818307], [106.8132285, -6.1812422]], [[106.8127895, -6.1793118], [106.8118513, -6.1757187]], [[106.8104806, -6.1670633], [106.8103985, -6.1661466], [106.8103715, -6.1658253], [106.8103632, -6.1657519]], [[106.8108224, -6.1709208], [106.8104806, -6.1670633]], [[106.8109331, -6.1719295], [106.8109218, -6.1718472], [106.8108995, -6.171707]], [[106.810361, -6.1656956], [106.8103575, -6.165653], [106.8103538, -6.1656086]], [[106.8108995, -6.171707], [106.8108937, -6.1716514], [106.8108403, -6.1711397]], [[106.8118415, -6.1756829], [106.8109331, -6.1719295]], [[106.8131027, -6.1804036], [106.8128201, -6.1794254]], [[106.8135082, -6.1819855], [106.8132073, -6.1808936]], [[106.810832, -6.1710666], [106.8108283, -6.1710091], [106.8108238, -6.1709392]], [[106.8132073, -6.1808936], [106.8131027, -6.1804036]], [[106.8132285, -6.1812422], [106.8128201, -6.1794254]], [[106.8128201, -6.1794254], [106.8128048, -6.1793686], [106.8127895, -6.1793118]], [[106.8118513, -6.1757187], [106.8118415, -6.1756829]], [[106.8135805, -6.182321], [106.8136314, -6.1824343]], [[106.8135805, -6.182321], [106.8135338, -6.1822116], [106.8133714, -6.1818307]], [[106.8103632, -6.1657519], [106.810361, -6.1656956]], [[106.8108378, -6.17112], [106.8108346, -6.1710894], [106.810832, -6.1710666]], [[106.8108238, -6.1709392], [106.8108224, -6.1709208]], [[106.8108403, -6.1711397], [106.8108378, -6.17112]]]}, "properties": {"id": "rd-34", "name": "Jalan Cideng Barat", "route_name": "Jalan Cideng Barat", "highway": "primary", "mode": "road", "status": "context", "status_label": "Jalan - konteks", "source": "OpenStreetMap", "source_type": "osm", "license": "ODbL"}}, {"type": "Feature", "id": "rd-35", "geometry": {"type": "MultiLineString", "coordinates": [[[106.813512, -6.1811556], [106.8135583, -6.1815268]], [[106.8106747, -6.1656303], [106.8106759, -6.1656452], [106.8106782, -6.1656722], [106.8106806, -6.1657249]], [[106.8121431, -6.1756101], [106.8132707, -6.1800436]], [[106.8107154, -6.1662564], [106.8108203, -6.167691]], [[106.8132707, -6.1800436], [106.8134969, -6.1810671]], [[106.8108203, -6.167691], [106.8111017, -6.1708143]], [[106.8111214, -6.170985], [106.8111251, -6.1710339], [106.8111293, -6.1710863]], [[106.8106806, -6.1657249], [106.8106847, -6.1657963], [106.8107154, -6.1662564]], [[106.8111017, -6.1708143], [106.8111125, -6.1708989]], [[106.8121196, -6.1755233], [106.8121297, -6.1755637], [106.8121431, -6.1756101]], [[106.8111316, -6.1711083], [106.8121196, -6.1755233]], [[106.8135951, -6.1817218], [106.8136223, -6.1818629], [106.813678, -6.1820942], [106.8137122, -6.1822229]], [[106.8135583, -6.1815268], [106.8135951, -6.1817218]], [[106.8134969, -6.1810671], [106.813512, -6.1811556]], [[106.8111138, -6.170909], [106.8111144, -6.1709154], [106.8111214, -6.170985]], [[106.8106707, -6.1655826], [106.8106747, -6.1656303]], [[106.8111293, -6.1710863], [106.8111316, -6.1711083]], [[106.8111125, -6.1708989], [106.8111138, -6.170909]]]}, "properties": {"id": "rd-35", "name": "Jalan Cideng Timur", "route_name": "Jalan Cideng Timur", "highway": "primary", "mode": "road", "status": "context", "status_label": "Jalan - konteks", "source": "OpenStreetMap", "source_type": "osm", "license": "ODbL"}}, {"type": "Feature", "id": "rd-37", "geometry": {"type": "MultiLineString", "coordinates": [[[106.7786457, -6.23839], [106.7771156, -6.2382969], [106.7759931, -6.2373777]], [[106.7759576, -6.2372796], [106.7770061, -6.2381443], [106.7783149, -6.2382854]], [[106.7567339, -6.2358706], [106.7576415, -6.2362499], [106.7585874, -6.2372215], [106.7605054, -6.2374551]], [[106.7470863, -6.2363227], [106.7484174, -6.2364803]], [[106.7461295, -6.2363498], [106.7439835, -6.2364796]], [[106.7564182, -6.2358863], [106.7557308, -6.2357465], [106.7545185, -6.2364283], [106.7528415, -6.2367693]], [[106.7610738, -6.2374966], [106.7635328, -6.2380583]], [[106.7605054, -6.2374551], [106.7605647, -6.2374589]], [[106.7469111, -6.2363742], [106.746802, -6.2363606]], [[106.7605072, -6.2375768], [106.7584614, -6.2373128], [106.7573525, -6.2362588]], [[106.7606085, -6.237582], [106.7605072, -6.2375768]], [[106.7634782, -6.2381579], [106.7624535, -6.2376925], [106.760674, -6.2375836]], [[106.764619, -6.2378229], [106.7643482, -6.2378139]], [[106.7643436, -6.2377124], [106.7646153, -6.2377264]], [[106.7637882, -6.2378903], [106.7643436, -6.2377124]], [[106.7652693, -6.237726], [106.767432, -6.2378133]], [[106.7792109, -6.2383471], [106.7802208, -6.238395], [106.7803156, -6.2384166], [106.7804204, -6.2384566]], [[106.7804032, -6.238507], [106.7791801, -6.2384047]], [[106.7274023, -6.2313622], [106.7382493, -6.23394], [106.7394147, -6.2350944], [106.7417922, -6.2354681], [106.7432732, -6.2363371], [106.745097, -6.2364451]], [[106.7435448, -6.2364437], [106.7417597, -6.235535], [106.7392755, -6.2350791], [106.7383113, -6.2340332], [106.7278946, -6.2315705]], [[106.7233283, -6.2296087], [106.7235094, -6.2296506]], [[106.7689748, -6.2380077], [106.7652631, -6.2378791]], [[106.7720334, -6.2379998], [106.7730445, -6.2380387]], [[106.7251667, -6.2301692], [106.7261718, -6.2309546]], [[106.7730445, -6.2380387], [106.7745238, -6.2380861], [106.7753341, -6.2373629], [106.7759576, -6.2372796]], [[106.7759931, -6.2373777], [106.775423, -6.2374128], [106.7745759, -6.2381709], [106.7720363, -6.2381171]], [[106.7720363, -6.2381171], [106.7719678, -6.2381151]], [[106.7791801, -6.2384047], [106.7786457, -6.23839]], [[106.7251164, -6.2314465], [106.7245598, -6.2304162]], [[106.7500241, -6.2365986], [106.7478196, -6.2365053]], [[106.7484174, -6.2364803], [106.7512656, -6.2365516]], [[106.7470774, -6.2364087], [106.746963, -6.2363806], [106.7469111, -6.2363742]], [[106.7478196, -6.2365053], [106.7470774, -6.2364087]], [[106.7505531, -6.2366226], [106.7504668, -6.2366186], [106.7500241, -6.2365986]], [[106.7463612, -6.2362854], [106.7468109, -6.2363002]], [[106.746802, -6.2363606], [106.7467729, -6.2363592], [106.7465792, -6.2363496], [106.746537, -6.2363475]], [[106.745097, -6.2364451], [106.7461146, -6.2362889]], [[106.7512656, -6.2365516], [106.7528354, -6.2366387]], [[106.7528415, -6.2367693], [106.7517713, -6.2367042]], [[106.7517713, -6.2367042], [106.7505531, -6.2366226]], [[106.7783149, -6.2382854], [106.7792109, -6.2383471]], [[106.7468109, -6.2363002], [106.7469177, -6.2363047]], [[106.7469177, -6.2363047], [106.7469662, -6.236312], [106.7470863, -6.2363227]], [[106.7607682, -6.237471], [106.7609383, -6.2374852], [106.7610738, -6.2374966]], [[106.7439835, -6.2364796], [106.743639, -6.2364534], [106.7435448, -6.2364437]], [[106.723894, -6.2297349], [106.7248515, -6.2302407]], [[106.746537, -6.2363475], [106.7464162, -6.2363421], [106.7461295, -6.2363498]], [[106.7461146, -6.2362889], [106.7463612, -6.2362854]], [[106.7555988, -6.2356654], [106.7556861, -6.2356295]], [[106.7528354, -6.2366387], [106.7543606, -6.2363547], [106.7555988, -6.2356654]], [[106.7719669, -6.2379975], [106.7720334, -6.2379998]], [[106.7248515, -6.2302407], [106.7251226, -6.2301755], [106.7251667, -6.2301692]], [[106.7235094, -6.2296506], [106.723566, -6.2296648], [106.7236453, -6.2296832], [106.723894, -6.2297349]], [[106.7643482, -6.2378139], [106.7634782, -6.2381579]], [[106.7635328, -6.2380583], [106.7635929, -6.2380307], [106.763676, -6.2379867], [106.7637882, -6.2378903]], [[106.7652631, -6.2378791], [106.7652243, -6.2378766], [106.7650903, -6.2378681]], [[106.7650903, -6.2378681], [106.764619, -6.2378229]], [[106.7651375, -6.2377206], [106.7652693, -6.237726]], [[106.7647863, -6.2377022], [106.7650646, -6.2377179], [106.7651375, -6.2377206]], [[106.7643468, -6.2376558], [106.7646168, -6.2376703]], [[106.7646168, -6.2376703], [106.7647238, -6.2376784], [106.7647863, -6.2377022]], [[106.7646153, -6.2377264], [106.7647242, -6.2377256], [106.7647863, -6.2377022]], [[106.7637882, -6.2378903], [106.7643468, -6.2376558]], [[106.7689731, -6.2378919], [106.769261, -6.2379031], [106.7698079, -6.2379244]], [[106.7698018, -6.2380527], [106.7689748, -6.2380077]], [[106.770253, -6.2379318], [106.7707416, -6.2379372], [106.7716273, -6.2379803], [106.7719669, -6.2379975]], [[106.7719678, -6.2381151], [106.7702505, -6.2380659]], [[106.7698079, -6.2379244], [106.770048, -6.2379295], [106.770253, -6.2379318]], [[106.7702505, -6.2380659], [106.7699384, -6.2380567], [106.7698018, -6.2380527]], [[106.7643481, -6.2377834], [106.7641839, -6.2378148]], [[106.7646177, -6.2377954], [106.7643481, -6.2377834]], [[106.7647887, -6.2378332], [106.7646177, -6.2377954]], [[106.7556861, -6.2356295], [106.7564711, -6.2357841]], [[106.767432, -6.2378133], [106.7689731, -6.2378919]], [[106.7564711, -6.2357841], [106.7567339, -6.2358706]], [[106.760674, -6.2375836], [106.7606085, -6.237582]], [[106.7605647, -6.2374589], [106.7605826, -6.2374597], [106.7606741, -6.2374647], [106.7607682, -6.237471]], [[106.7265726, -6.2313262], [106.7274023, -6.2313622]], [[106.7254754, -6.2315299], [106.7251164, -6.2314465]], [[106.7277534, -6.2315346], [106.7254754, -6.2315299]], [[106.7261718, -6.2309546], [106.7265726, -6.2313262]], [[106.7278946, -6.2315705], [106.7277534, -6.2315346]]]}, "properties": {"id": "rd-37", "name": "Jalan Ciledug Raya", "route_name": "Jalan Ciledug Raya", "highway": "primary", "mode": "road", "status": "context", "status_label": "Jalan - konteks", "source": "OpenStreetMap", "source_type": "osm", "license": "ODbL"}}, {"type": "Feature", "id": "rd-40", "geometry": {"type": "MultiLineString", "coordinates": [[[106.8331471, -6.1870411], [106.8351037, -6.1868649]], [[106.8333728, -6.1877487], [106.8331954, -6.1880712]], [[106.8329792, -6.1881186], [106.8339259, -6.1872556], [106.8351037, -6.1868649]], [[106.8363464, -6.1870337], [106.8362294, -6.1870449]], [[106.8359539, -6.1868996], [106.8362123, -6.1866481]], [[106.8359409, -6.1870487], [106.8346333, -6.1870589]], [[106.8346333, -6.1870589], [106.8343658, -6.1871474], [106.8341508, -6.1872387], [106.8340361, -6.1872955]], [[106.8362294, -6.1870449], [106.8361781, -6.1870458], [106.8359828, -6.1870484]], [[106.8351037, -6.1868649], [106.8351068, -6.1868649], [106.8354715, -6.1868782], [106.8359539, -6.1868996]], [[106.8329175, -6.1871061], [106.8329646, -6.1870965], [106.8330936, -6.1870573], [106.8331471, -6.1870411]], [[106.8340361, -6.1872955], [106.8333728, -6.1877487]], [[106.8362123, -6.1866481], [106.8362344, -6.1865788]], [[106.8328269, -6.1871206], [106.8329175, -6.1871061]], [[106.8331954, -6.1880712], [106.8329792, -6.1881186]], [[106.8359828, -6.1870484], [106.8359409, -6.1870487]]]}, "properties": {"id": "rd-40", "name": "Jalan Cut Meutia", "route_name": "Jalan Cut Meutia", "highway": "primary", "mode": "road", "status": "context", "status_label": "Jalan - konteks", "source": "OpenStreetMap", "source_type": "osm", "license": "ODbL"}}, {"type": "Feature", "id": "rd-41", "geometry": {"type": "MultiLineString", "coordinates": [[[107.0043995, -6.2578053], [107.0042883, -6.2579444], [107.0039154, -6.2584143]], [[106.9989795, -6.2617597], [106.997556, -6.2612003], [106.9949831, -6.259424]], [[107.0056227, -6.2563128], [107.0054386, -6.2565442]], [[107.0054386, -6.2565442], [107.005356, -6.2566434], [107.0051375, -6.2568986], [107.0051245, -6.2569177]], [[107.0101482, -6.2534167], [107.0071836, -6.2543869], [107.0064223, -6.2551845]], [[106.9955994, -6.2597014], [106.9984384, -6.2615392], [107.0008105, -6.2614838]], [[107.0169199, -6.248926], [107.0146773, -6.250577]], [[107.005665, -6.2562587], [107.0056227, -6.2563128]], [[107.0063571, -6.2551402], [107.0073437, -6.254225], [107.0101038, -6.2533393]], [[107.005311, -6.2565084], [107.0055113, -6.2562624]], [[107.0038467, -6.2583733], [107.0042067, -6.2579093], [107.004338, -6.2577443]], [[107.004338, -6.2577443], [107.0049884, -6.2569262]], [[106.9950404, -6.2593228], [106.9952035, -6.2594303]], [[107.011697, -6.2526936], [107.0115683, -6.2527585]], [[107.0117579, -6.2526613], [107.011697, -6.2526936]], [[107.0116547, -6.2526412], [107.0140483, -6.2509041]], [[107.0115015, -6.2527129], [107.0116547, -6.2526412]], [[107.0102779, -6.2533662], [107.0101482, -6.2534167]], [[107.0115683, -6.2527585], [107.0102779, -6.2533662]], [[107.0102519, -6.2532795], [107.0115015, -6.2527129]], [[107.0101038, -6.2533393], [107.0102196, -6.2532925]], [[107.0055113, -6.2562624], [107.0055477, -6.2562179], [107.0055907, -6.2561595]], [[107.0058701, -6.2559797], [107.0057399, -6.2561578], [107.0057087, -6.2562005], [107.005665, -6.2562587]], [[107.0051245, -6.2569177], [107.0047616, -6.2573521], [107.0043995, -6.2578053]], [[107.0049884, -6.2569262], [107.0050172, -6.2568883], [107.005311, -6.2565084]], [[106.9952035, -6.2594303], [106.9955994, -6.2597014]], [[107.0064223, -6.2551845], [107.0060779, -6.2556667]], [[107.0060343, -6.2555829], [107.0063571, -6.2551402]], [[107.0055907, -6.2561595], [107.0056269, -6.2561121], [107.0060343, -6.2555829]], [[107.0102196, -6.2532925], [107.0102519, -6.2532795]], [[107.0060779, -6.2556667], [107.0058701, -6.2559797]], [[107.0008453, -6.2615592], [106.9989795, -6.2617597]], [[107.0039154, -6.2584143], [107.0019543, -6.2608056], [107.0008453, -6.2615592]], [[107.0008105, -6.2614838], [107.0019419, -6.2606842], [107.0038467, -6.2583733]], [[107.0141033, -6.2509879], [107.0117579, -6.2526613]], [[106.9949831, -6.259424], [106.9949025, -6.2593741]], [[106.9949712, -6.259278], [106.9950404, -6.2593228]], [[107.0140483, -6.2509041], [107.0144288, -6.2506312]], [[107.0144288, -6.2506312], [107.0154021, -6.2499075]], [[107.0146773, -6.250577], [107.0141033, -6.2509879]]]}, "properties": {"id": "rd-41", "name": "Jalan Cut Mutia", "route_name": "Jalan Cut Mutia", "highway": "trunk", "mode": "road", "status": "context", "status_label": "Jalan - konteks", "source": "OpenStreetMap", "source_type": "osm", "license": "ODbL"}}, {"type": "Feature", "id": "rd-43", "geometry": {"type": "MultiLineString", "coordinates": [[[106.8744031, -6.2146222], [106.8744342, -6.2154657]], [[106.8766141, -6.2320303], [106.8777106, -6.2365563]], [[106.8739999, -6.2154573], [106.8739629, -6.2145914]], [[106.8766464, -6.2437963], [106.8763976, -6.2441642], [106.8761178, -6.2447789]], [[106.8774455, -6.2427684], [106.8768806, -6.2434584]], [[106.8760543, -6.2307419], [106.8756275, -6.2290494], [106.8755782, -6.2288188]], [[106.875089, -6.2472923], [106.874982, -6.2475426]], [[106.8746839, -6.2251773], [106.8745956, -6.2245367]], [[106.8743724, -6.2217746], [106.8742218, -6.2190733]], [[106.8753208, -6.2459745], [106.8753773, -6.2458391], [106.8754417, -6.2456884], [106.8755552, -6.2454158]], [[106.8780626, -6.2411473], [106.877744, -6.2422357]], [[106.8741216, -6.2181624], [106.8740523, -6.2165627]], [[106.8744562, -6.2234111], [106.8744135, -6.223117], [106.8744218, -6.2230534], [106.8744725, -6.2229525]], [[106.8745572, -6.2242771], [106.8744562, -6.2234111]], [[106.8768806, -6.2434584], [106.8766464, -6.2437963]], [[106.8752788, -6.2468616], [106.8752477, -6.2469277], [106.8752025, -6.2470305]], [[106.8766851, -6.2428386], [106.8774603, -6.2407984]], [[106.8774603, -6.2407984], [106.8774904, -6.2407242], [106.8775021, -6.2406831], [106.8775725, -6.2404369]], [[106.8781138, -6.2404413], [106.878109, -6.240515], [106.8780843, -6.2408972], [106.8780626, -6.2411473]], [[106.8775725, -6.2404369], [106.8776613, -6.2401267], [106.8776974, -6.2400093], [106.8777313, -6.2398992]], [[106.8747516, -6.223182], [106.8747818, -6.2234453], [106.8747985, -6.2235983]], [[106.8744981, -6.2189164], [106.8747516, -6.223182]], [[106.8742218, -6.2190733], [106.8742024, -6.2189635]], [[106.8740523, -6.2165627], [106.8739999, -6.2154573]], [[106.8744997, -6.2167501], [106.8745153, -6.2169099], [106.8745294, -6.2172998], [106.8745469, -6.2182824]], [[106.8749162, -6.2262921], [106.8747174, -6.2254733]], [[106.8749731, -6.2264701], [106.8749162, -6.2262921]], [[106.8747985, -6.2235983], [106.8748, -6.2236155]], [[106.8745576, -6.2233318], [106.8745184, -6.2231603], [106.8745023, -6.2230841], [106.8744725, -6.2229525]], [[106.8746843, -6.2243328], [106.8746794, -6.2242252], [106.8746151, -6.2237322], [106.8745576, -6.2233318]], [[106.8748037, -6.2252669], [106.8747329, -6.2247534], [106.8746843, -6.2243328]], [[106.8750153, -6.2262777], [106.8748037, -6.2252669]], [[106.8750508, -6.2264464], [106.8750153, -6.2262777]], [[106.8752392, -6.2274423], [106.8752241, -6.2272514], [106.875149, -6.2268758]], [[106.8752392, -6.2274423], [106.8749731, -6.2264701]], [[106.8744659, -6.2228665], [106.8743724, -6.2217746]], [[106.8758381, -6.2289829], [106.8765864, -6.2319199]], [[106.8773618, -6.2363309], [106.8767767, -6.233717]], [[106.8779052, -6.2382381], [106.8777435, -6.2376187], [106.8775693, -6.2370464]], [[106.8775693, -6.2370464], [106.877428, -6.2365599], [106.877385, -6.2364112], [106.8773757, -6.2363791]], [[106.8778376, -6.2395496], [106.8779179, -6.2385325]], [[106.8763607, -6.2436126], [106.8766851, -6.2428386]], [[106.8767767, -6.233717], [106.8760567, -6.2307562]], [[106.8782376, -6.2396155], [106.8782073, -6.2398525], [106.8781138, -6.2404413]], [[106.8755552, -6.2454158], [106.8762507, -6.2438643]], [[106.877744, -6.2422357], [106.8776435, -6.2424393], [106.8775235, -6.2426492], [106.8774791, -6.2427209]], [[106.8774791, -6.2427209], [106.8774455, -6.2427684]], [[106.8747106, -6.2474101], [106.8749261, -6.2469093], [106.874954, -6.2468228], [106.8750229, -6.2466317]], [[106.8762507, -6.2438643], [106.8763607, -6.2436126]], [[106.8781973, -6.2389509], [106.8782376, -6.2396155]], [[106.8777313, -6.2398992], [106.8778376, -6.2395496]], [[106.8765864, -6.2319199], [106.8765955, -6.2319575], [106.8766141, -6.2320303]], [[106.8777106, -6.2365563], [106.8781973, -6.2389509]], [[106.8773757, -6.2363791], [106.8773618, -6.2363309]], [[106.8760567, -6.2307562], [106.8760543, -6.2307419]], [[106.8755782, -6.2288188], [106.8754743, -6.2283621], [106.8753708, -6.2279682]], [[106.8753708, -6.2279682], [106.8752392, -6.2274423]], [[106.875149, -6.2268758], [106.8750943, -6.2266196], [106.8750508, -6.2264464]], [[106.8748, -6.2236155], [106.8753461, -6.2268473]], [[106.8761178, -6.2447789], [106.8758879, -6.245373], [106.8758327, -6.2455228], [106.8758184, -6.2455588]], [[106.8753461, -6.2268473], [106.8758381, -6.2289829]], [[106.8752025, -6.2470305], [106.875089, -6.2472923]], [[106.8744725, -6.2229525], [106.8744697, -6.222921], [106.8744659, -6.2228665]], [[106.8779179, -6.2385325], [106.8779052, -6.2382381]], [[106.8742024, -6.2189635], [106.8741216, -6.2181624]], [[106.8745469, -6.2182824], [106.8745067, -6.218651], [106.8744981, -6.2189164]], [[106.8758184, -6.2455588], [106.8753925, -6.2465897]], [[106.8753925, -6.2465897], [106.8752788, -6.2468616]], [[106.8750229, -6.2466317], [106.8753208, -6.2459745]], [[106.8745956, -6.2245367], [106.8745572, -6.2242771]], [[106.8744342, -6.2154657], [106.874459, -6.2158279], [106.8744997, -6.2167501]], [[106.8747174, -6.2254733], [106.8747123, -6.2253322], [106.8746839, -6.2251773]]]}, "properties": {"id": "rd-43", "name": "Jalan D. I. Panjaitan", "route_name": "Jalan D. I. Panjaitan", "highway": "trunk", "mode": "road", "status": "context", "status_label": "Jalan - konteks", "source": "OpenStreetMap", "source_type": "osm", "license": "ODbL"}}, {"type": "Feature", "id": "rd-44", "geometry": {"type": "MultiLineString", "coordinates": [[[106.7248293, -6.1535235], [106.724887, -6.1535287]], [[106.7030681, -6.1573305], [106.6977938, -6.1591842], [106.6873693, -6.1596705]], [[106.7721819, -6.1622592], [106.7721233, -6.1621896], [106.7720691, -6.1621505], [106.7718188, -6.1620476]], [[106.7598374, -6.1576825], [106.7598716, -6.15771], [106.759906, -6.1577309], [106.7602048, -6.1578394]], [[106.7602048, -6.1578394], [106.7619756, -6.1584097], [106.7641027, -6.1583822], [106.7670874, -6.1575355], [106.7686739, -6.1586128], [106.769903, -6.1611942], [106.7718337, -6.1620116]], [[106.7601822, -6.1578891], [106.7598284, -6.1578293]], [[106.7718337, -6.1620116], [106.7720874, -6.1621041], [106.7721426, -6.1621111], [106.7722213, -6.1621169]], [[106.7718188, -6.1620476], [106.7698225, -6.1611882], [106.7686772, -6.1586742], [106.7671739, -6.1576195], [106.7641048, -6.1584153], [106.7620213, -6.1584593], [106.7601822, -6.1578891]], [[106.6889837, -6.1594675], [106.6977388, -6.1590521], [106.7033078, -6.1570588]], [[106.7652374, -6.1582218], [106.7637848, -6.1585157]], [[106.7830765, -6.1654002], [106.7792588, -6.1650075], [106.7770555, -6.1641934]], [[106.7812244, -6.1648273], [106.7831146, -6.1652248]], [[106.7675, -6.1577049], [106.7678061, -6.1579046], [106.7678838, -6.1579553]], [[106.7374186, -6.1546691], [106.7330066, -6.1548447]], [[106.7482129, -6.155452], [106.7476812, -6.1553927]], [[106.7476789, -6.1552128], [106.7476879, -6.1552136], [106.7476943, -6.1552141]], [[106.729897, -6.1546034], [106.7318338, -6.1548017], [106.7346091, -6.1544061], [106.7374264, -6.1544796]], [[106.7598284, -6.1578293], [106.7547285, -6.1562959]], [[106.7598374, -6.1576825], [106.7618631, -6.1583594], [106.7631268, -6.1583463]], [[106.7678315, -6.1581234], [106.7674056, -6.1578457]], [[106.7271396, -6.1541957], [106.7269117, -6.1541472], [106.7263717, -6.1540262], [106.7260851, -6.153962]], [[106.7523498, -6.1557893], [106.7557704, -6.1564551]], [[106.7248235, -6.1537003], [106.7220745, -6.1529873]], [[106.741364, -6.1546203], [106.7475918, -6.1552054]], [[106.7501463, -6.1556471], [106.7487262, -6.1555038], [106.7485478, -6.1554858], [106.7482129, -6.155452]], [[106.7679961, -6.15823], [106.7679006, -6.1581684], [106.7678315, -6.1581234]], [[106.7279101, -6.1541645], [106.7287968, -6.1543466], [106.7289917, -6.1543867], [106.7294194, -6.1544816]], [[106.7482267, -6.1552648], [106.7483459, -6.1552758]], [[106.7476943, -6.1552141], [106.7482267, -6.1552648]], [[106.7702292, -6.1613212], [106.7702994, -6.1613526], [106.7703994, -6.1613895]], [[106.7703189, -6.1615498], [106.7701218, -6.1614599]], [[106.7680891, -6.158089], [106.7687818, -6.1586708], [106.7696599, -6.1608226], [106.7702292, -6.1613212]], [[106.7701218, -6.1614599], [106.7695423, -6.1609862], [106.7687094, -6.1588782], [106.7679961, -6.15823]], [[106.7631194, -6.1585175], [106.7611806, -6.1583233]], [[106.7632916, -6.1583388], [106.7645902, -6.1582441], [106.7667474, -6.1574588], [106.7675, -6.1577049]], [[106.7557704, -6.1564551], [106.7598374, -6.1576825]], [[106.7703994, -6.1613895], [106.7713066, -6.1617396], [106.7713304, -6.1617497]], [[106.7678838, -6.1579553], [106.7679604, -6.1580044]], [[106.7875396, -6.1668483], [106.7870075, -6.1667356], [106.7866002, -6.1666803]], [[106.7878063, -6.1668917], [106.7877233, -6.1668782], [106.7875396, -6.1668483]], [[106.7861392, -6.166259], [106.7871345, -6.1665448]], [[106.7780757, -6.1644142], [106.7792892, -6.1648463], [106.7812244, -6.1648273]], [[106.7771186, -6.1640415], [106.7780757, -6.1644142]], [[106.7734266, -6.1625948], [106.7771186, -6.1640415]], [[106.7726038, -6.1622722], [106.7734266, -6.1625948]], [[106.7143379, -6.155285], [106.7185382, -6.1531057], [106.7208896, -6.1527681]], [[106.6867183, -6.1596542], [106.6884906, -6.1594659]], [[106.7220745, -6.1529873], [106.7185812, -6.153278], [106.7145228, -6.1553782]], [[106.7136943, -6.1555386], [106.7141999, -6.155365]], [[106.7065449, -6.1557253], [106.7136943, -6.1555386]], [[106.7871345, -6.1665448], [106.7878767, -6.1667066]], [[106.7723434, -6.1621693], [106.7726038, -6.1622722]], [[106.7674056, -6.1578457], [106.7667832, -6.1576285]], [[106.7667832, -6.1576285], [106.7652374, -6.1582218]], [[106.6873693, -6.1596705], [106.6871851, -6.1596822], [106.6870214, -6.1597009], [106.6869829, -6.1597079]], [[106.7069098, -6.1558201], [106.7067091, -6.1558327], [106.7065329, -6.1558709]], [[106.7271374, -6.1539922], [106.7274116, -6.1540571], [106.7279101, -6.1541645]], [[106.7260851, -6.153962], [106.7248235, -6.1537003]], [[106.7679604, -6.1580044], [106.7680165, -6.1580402], [106.7680891, -6.158089]], [[106.7721819, -6.1622592], [106.7703189, -6.1615498]], [[106.7071259, -6.1558274], [106.70692, -6.1558188], [106.7069098, -6.1558201]], [[106.7064707, -6.1557453], [106.7065349, -6.1557287]], [[106.7547285, -6.1562959], [106.7512258, -6.15579]], [[106.6844009, -6.1605066], [106.6842913, -6.1605466]], [[106.6869829, -6.1597079], [106.6844009, -6.1605066]], [[106.684372, -6.1604022], [106.6867183, -6.1596542]], [[106.7039651, -6.1568084], [106.7060696, -6.1559124]], [[106.7037996, -6.1568678], [106.7039651, -6.1568084]], [[106.724887, -6.1535287], [106.7271374, -6.1539922]], [[106.7307298, -6.1549348], [106.7272001, -6.1542069]], [[106.6785775, -6.1630424], [106.684372, -6.1604022]], [[106.6842913, -6.1605466], [106.6786156, -6.1631419]], [[106.7033078, -6.1570588], [106.7037996, -6.1568678]], [[106.7064208, -6.1559024], [106.7030681, -6.1573305]], [[106.6884906, -6.1594659], [106.6885572, -6.1594651], [106.6889837, -6.1594675]], [[106.7637848, -6.1585157], [106.7632599, -6.1585157], [106.7631194, -6.1585175]], [[106.7611806, -6.1583233], [106.7598284, -6.1578293]], [[106.7476812, -6.1553927], [106.741662, -6.1548199]], [[106.7475918, -6.1552054], [106.7476789, -6.1552128]], [[106.7272001, -6.1542069], [106.7271396, -6.1541957]], [[106.7631268, -6.1583463], [106.7632916, -6.1583388]], [[106.7722952, -6.1623129], [106.7721819, -6.1622592]], [[106.7722213, -6.1621169], [106.7722815, -6.1621421], [106.7723434, -6.1621693]], [[106.7713304, -6.1617497], [106.7722213, -6.1621169]], [[106.7770555, -6.1641934], [106.7722952, -6.1623129]], [[106.7840298, -6.1654175], [106.7852355, -6.1657358]], [[106.7065349, -6.1557287], [106.7065449, -6.1557253]], [[106.7208896, -6.1527681], [106.7248293, -6.1535235]], [[106.7294194, -6.1544816], [106.729897, -6.1546034]], [[106.7374264, -6.1544796], [106.741364, -6.1546203]], [[106.741662, -6.1548199], [106.7374186, -6.1546691]], [[106.7330066, -6.1548447], [106.7307298, -6.1549348]], [[106.7060696, -6.1559124], [106.7063713, -6.1557773], [106.7064084, -6.1557607], [106.7064581, -6.1557467]], [[106.7065329, -6.1558709], [106.7065325, -6.155871], [106.7064208, -6.1559024]], [[106.7064581, -6.1557467], [106.7064707, -6.1557453]], [[106.751245, -6.1556174], [106.7523498, -6.1557893]], [[106.7512258, -6.15579], [106.7511078, -6.155772], [106.7501463, -6.1556471]], [[106.7483459, -6.1552758], [106.751245, -6.1556174]], [[106.7831146, -6.1652248], [106.7835771, -6.1653221], [106.7836418, -6.1653351], [106.7839761, -6.1654061]], [[106.7866002, -6.1666803], [106.7849461, -6.165804], [106.7830765, -6.1654002]], [[106.7145228, -6.1553782], [106.7135988, -6.1557295], [106.7071259, -6.1558274]], [[106.7141999, -6.155365], [106.7143379, -6.155285]], [[106.7852355, -6.1657358], [106.7861392, -6.166259]], [[106.7839761, -6.1654061], [106.7840298, -6.1654175]]]}, "properties": {"id": "rd-44", "name": "Jalan Daan Mogot", "route_name": "Jalan Daan Mogot", "highway": "trunk", "mode": "road", "status": "context", "status_label": "Jalan - konteks", "source": "OpenStreetMap", "source_type": "osm", "license": "ODbL"}}, {"type": "Feature", "id": "rd-45", "geometry": {"type": "MultiLineString", "coordinates": [[[106.7098408, -6.1831004], [106.7089262, -6.1847481], [106.7058519, -6.1838216], [106.7026657, -6.1861436]], [[106.7025002, -6.1859383], [106.7057999, -6.1837046], [106.7089021, -6.1846067], [106.7097247, -6.1830552]], [[106.7098723, -6.1830267], [106.7098408, -6.1831004]], [[106.7097247, -6.1830552], [106.7097536, -6.1829805]]]}, "properties": {"id": "rd-45", "name": "Jalan Dasana Puri", "route_name": "Jalan Dasana Puri", "highway": "primary", "mode": "road", "status": "context", "status_label": "Jalan - konteks", "source": "OpenStreetMap", "source_type": "osm", "license": "ODbL"}}, {"type": "Feature", "id": "rd-46", "geometry": {"type": "MultiLineString", "coordinates": [[[106.7468927, -6.3153139], [106.7460708, -6.3207414]], [[106.8662143, -6.2491802], [106.863667, -6.2550082], [106.8638056, -6.2579809]], [[106.8637288, -6.258004], [106.8635091, -6.2552078], [106.8664271, -6.2485477]], [[106.745842, -6.3205771], [106.7459381, -6.3201844], [106.745977, -6.3200252]], [[106.8684151, -6.2449802], [106.8664941, -6.2485796]], [[106.866901, -6.2475458], [106.8670985, -6.2471477], [106.8671009, -6.2471435], [106.8678593, -6.2456591]], [[106.8638249, -6.258058], [106.8642685, -6.2593992], [106.8638948, -6.2610111], [106.8643139, -6.2618392]], [[106.8651581, -6.2630049], [106.8657389, -6.2631977]], [[106.8657749, -6.2633295], [106.8650768, -6.2630718]], [[106.8650768, -6.2630718], [106.86384, -6.2611226], [106.86419, -6.2593989], [106.8637543, -6.2580787]], [[106.745977, -6.3200252], [106.7468577, -6.3150819]], [[106.8679666, -6.2453558], [106.868136, -6.2450454], [106.8682777, -6.2449296]], [[106.8678593, -6.2456591], [106.8679103, -6.2454931], [106.8679666, -6.2453558]], [[106.8645921, -6.2623099], [106.8651581, -6.2630049]], [[106.8657389, -6.2631977], [106.8658051, -6.2632133]], [[106.8638056, -6.2579809], [106.8638249, -6.258058]], [[106.8637543, -6.2580787], [106.8637288, -6.258004]], [[106.8664271, -6.2485477], [106.8667281, -6.2479081], [106.866901, -6.2475458]], [[106.8664941, -6.2485796], [106.8663579, -6.2488714], [106.8662801, -6.2490415], [106.8662143, -6.2491802]], [[106.7469213, -6.315075], [106.7469198, -6.315091], [106.7468927, -6.3153139]], [[106.8644769, -6.262119], [106.8645921, -6.2623099]], [[106.8643139, -6.2618392], [106.8644568, -6.2620832]], [[106.8644568, -6.2620832], [106.8644769, -6.262119]]]}, "properties": {"id": "rd-46", "name": "Jalan Dewi Sartika", "route_name": "Jalan Dewi Sartika", "highway": "trunk", "mode": "road", "status": "context", "status_label": "Jalan - konteks", "source": "OpenStreetMap", "source_type": "osm", "license": "ODbL"}}, {"type": "Feature", "id": "rd-47", "geometry": {"type": "MultiLineString", "coordinates": [[[106.9239423, -6.2138473], [106.9236782, -6.2179467]], [[106.9221175, -6.1981197], [106.9229789, -6.2027898], [106.9228211, -6.2103362], [106.9232912, -6.2119481]], [[106.9235951, -6.2179315], [106.9238901, -6.214122]], [[106.9233222, -6.186366], [106.9233401, -6.1861505]], [[106.9231966, -6.2119774], [106.9227507, -6.2103829], [106.9228771, -6.2028445], [106.921977, -6.1981383]], [[106.9234496, -6.1861516], [106.9234418, -6.1863757]], [[106.9237538, -6.1835782], [106.9234496, -6.1861516]], [[106.9233401, -6.1861505], [106.9236527, -6.1835557]], [[106.9234418, -6.1863757], [106.9232657, -6.1883486]], [[106.9231905, -6.1898593], [106.9233222, -6.186366]], [[106.9238068, -6.2132056], [106.9239423, -6.2138473]], [[106.9236571, -6.2128492], [106.9237907, -6.2131603], [106.9238068, -6.2132056]], [[106.9221297, -6.1980088], [106.9221175, -6.1981197]], [[106.921977, -6.1981383], [106.9219802, -6.1981113], [106.9220043, -6.1979823]], [[106.9232962, -6.1898566], [106.9224947, -6.1950918]], [[106.9223946, -6.195122], [106.9231905, -6.1898593]], [[106.9232912, -6.2119481], [106.9234215, -6.2122724], [106.9235735, -6.2126507], [106.9236571, -6.2128492]], [[106.9238901, -6.214122], [106.9231966, -6.2119774]], [[106.9232657, -6.1883486], [106.9232962, -6.1898566]], [[106.9223741, -6.1952168], [106.9223946, -6.195122]], [[106.9220043, -6.1979823], [106.9223741, -6.1952168]], [[106.9224947, -6.1950918], [106.9224861, -6.1951364], [106.9224657, -6.1952303]], [[106.9224657, -6.1952303], [106.9221297, -6.1980088]], [[106.9237797, -6.1833836], [106.9237538, -6.1835782]], [[106.9238108, -6.1831484], [106.9238068, -6.1831868]], [[106.9236527, -6.1835557], [106.9236735, -6.1833709]], [[106.9236735, -6.1833709], [106.9236927, -6.1831729], [106.923696, -6.1831352]], [[106.9238068, -6.1831868], [106.9237797, -6.1833836]]]}, "properties": {"id": "rd-47", "name": "Jalan Dokter KRT Radjiman Widyodiningrat", "route_name": "Jalan Dokter KRT Radjiman Widyodiningrat", "highway": "primary", "mode": "road", "status": "context", "status_label": "Jalan - konteks", "source": "OpenStreetMap", "source_type": "osm", "license": "ODbL"}}, {"type": "Feature", "id": "rd-48", "geometry": {"type": "MultiLineString", "coordinates": [[[106.8475945, -6.2094457], [106.8440744, -6.2147439], [106.8438924, -6.2155786], [106.8441777, -6.2164372]], [[106.8474893, -6.2233542], [106.8448839, -6.2179939]], [[106.8488514, -6.208066], [106.8487348, -6.2081835]], [[106.8441356, -6.2164636], [106.8438179, -6.2158643]], [[106.8449429, -6.2179618], [106.8475664, -6.2234128]], [[106.8478775, -6.2088032], [106.8477014, -6.209196]], [[106.8486157, -6.2082732], [106.8483167, -6.2085012]], [[106.848041, -6.208672], [106.8479385, -6.2087425]], [[106.8483167, -6.2085012], [106.848041, -6.208672]], [[106.8473463, -6.2277373], [106.8473906, -6.2242788]], [[106.8474655, -6.2277418], [106.8474475, -6.2279821]], [[106.8474475, -6.2279821], [106.8473643, -6.2289191]], [[106.8473094, -6.2281244], [106.8473463, -6.2277373]], [[106.8472659, -6.228643], [106.8473094, -6.2281244]], [[106.8472422, -6.228903], [106.8472542, -6.2287771], [106.8472659, -6.228643]], [[106.8438179, -6.2158643], [106.8436669, -6.2156238]], [[106.8487348, -6.2081835], [106.8486157, -6.2082732]], [[106.8476603, -6.2092862], [106.8475945, -6.2094457]], [[106.8479385, -6.2087425], [106.8478775, -6.2088032]], [[106.8448839, -6.2179939], [106.8441356, -6.2164636]], [[106.8442151, -6.2165118], [106.8449429, -6.2179618]], [[106.8441777, -6.2164372], [106.8442151, -6.2165118]], [[106.8475643, -6.2236612], [106.8474655, -6.2277418]], [[106.8475664, -6.2234128], [106.8475659, -6.2234779]], [[106.8475659, -6.2234779], [106.8475656, -6.2235537], [106.8475643, -6.2236612]], [[106.8474972, -6.2234791], [106.8474893, -6.2233542]], [[106.8473906, -6.2242788], [106.8474672, -6.2239046], [106.8474857, -6.2236656]], [[106.8474857, -6.2236656], [106.8474929, -6.2235451], [106.8474972, -6.2234791]], [[106.8477014, -6.209196], [106.8476603, -6.2092862]]]}, "properties": {"id": "rd-48", "name": "Jalan Dokter Saharjo", "route_name": "Jalan Dokter Saharjo", "highway": "primary", "mode": "road", "status": "context", "status_label": "Jalan - konteks", "source": "OpenStreetMap", "source_type": "osm", "license": "ODbL"}}, {"type": "Feature", "id": "rd-49", "geometry": {"type": "MultiLineString", "coordinates": [[[106.8327903, -6.1880328], [106.8330685, -6.187775]], [[106.8291042, -6.1915534], [106.8300681, -6.1906314]], [[106.8329792, -6.1881186], [106.8328951, -6.188119], [106.8328447, -6.1881297], [106.8328138, -6.1881444]], [[106.8321333, -6.1886563], [106.8322335, -6.1885607], [106.8327346, -6.1880856], [106.8327903, -6.1880328]], [[106.8328138, -6.1881444], [106.8321896, -6.1887174]], [[106.8314006, -6.1893603], [106.8321333, -6.1886563]], [[106.8308105, -6.1900299], [106.830383, -6.1904355], [106.8301677, -6.1906357], [106.830116, -6.1906855]], [[106.8321896, -6.1887174], [106.8314266, -6.1894456]], [[106.8300681, -6.1906314], [106.8301172, -6.1905815], [106.8306853, -6.1900353], [106.8307714, -6.189955]], [[106.8314266, -6.1894456], [106.8309377, -6.1899089], [106.8308712, -6.1899723]], [[106.830116, -6.1906855], [106.8290813, -6.1916832]], [[106.8289725, -6.1916799], [106.8290822, -6.1915762], [106.8291042, -6.1915534]], [[106.8308157, -6.1899137], [106.831081, -6.1896629], [106.8313719, -6.189388], [106.8314006, -6.1893603]], [[106.8308712, -6.1899723], [106.8308105, -6.1900299]], [[106.8307714, -6.189955], [106.8308157, -6.1899137]]]}, "properties": {"id": "rd-49", "name": "Jalan Dokter Sam Ratulangi", "route_name": "Jalan Dokter Sam Ratulangi", "highway": "primary", "mode": "road", "status": "context", "status_label": "Jalan - konteks", "source": "OpenStreetMap", "source_type": "osm", "license": "ODbL"}}, {"type": "Feature", "id": "rd-50", "geometry": {"type": "MultiLineString", "coordinates": [[[106.9415246, -6.2122952], [106.945971, -6.2122954]], [[106.940402, -6.2125113], [106.9399894, -6.2126921]], [[106.948394, -6.2114876], [106.9490516, -6.2111008]], [[106.9490377, -6.2117221], [106.9485173, -6.2116204], [106.9472211, -6.2122167]], [[106.945711, -6.2125922], [106.941502, -6.2125455]], [[106.9479777, -6.2116033], [106.9481446, -6.2115647], [106.948394, -6.2114876]], [[106.9490516, -6.2111008], [106.9505811, -6.2102398]], [[106.945971, -6.2122954], [106.9473848, -6.2119365]], [[106.9473848, -6.2119365], [106.9479777, -6.2116033]], [[106.9402685, -6.21228], [106.9415246, -6.2122952]], [[106.9396721, -6.21239], [106.9402685, -6.21228]], [[106.941502, -6.2125455], [106.940402, -6.2125113]], [[106.9399894, -6.2126921], [106.9396641, -6.2131607]], [[106.9472211, -6.2122167], [106.945711, -6.2125922]]]}, "properties": {"id": "rd-50", "name": "Jalan Doktor Sumarno", "route_name": "Jalan Doktor Sumarno", "highway": "primary", "mode": "road", "status": "context", "status_label": "Jalan - konteks", "source": "OpenStreetMap", "source_type": "osm", "license": "ODbL"}}, {"type": "Feature", "id": "rd-51", "geometry": {"type": "MultiLineString", "coordinates": [[[106.8890929, -6.1100682], [106.8842832, -6.1099217]], [[106.8842818, -6.1098436], [106.889765, -6.1100035]], [[106.8828829, -6.1095022], [106.8829419, -6.1095128], [106.8837543, -6.1097413]], [[106.8930448, -6.1101762], [106.8928233, -6.1101779], [106.8927957, -6.1101781], [106.8927502, -6.1101787]], [[106.8919582, -6.1101503], [106.8899929, -6.1100962], [106.8898469, -6.1100922]], [[106.8927502, -6.1101787], [106.8924655, -6.1101685], [106.8919582, -6.1101503]], [[106.889851, -6.110004], [106.8930519, -6.1100745]], [[106.8898469, -6.1100922], [106.8890929, -6.1100682]], [[106.889765, -6.1100035], [106.8898091, -6.1100038], [106.889851, -6.110004]], [[106.8933355, -6.1101615], [106.8932097, -6.1101697]], [[106.8837543, -6.1097413], [106.8839019, -6.1097863], [106.8839651, -6.1098056], [106.8840649, -6.1098271]], [[106.8840632, -6.1099139], [106.8835487, -6.1098924], [106.8831211, -6.1098856], [106.8828738, -6.1098817]], [[106.8932097, -6.1101697], [106.8931331, -6.1101719], [106.8930448, -6.1101762]], [[106.8841735, -6.1098399], [106.8842818, -6.1098436]], [[106.8842832, -6.1099217], [106.8841741, -6.1099175]], [[106.8840649, -6.1098271], [106.8841735, -6.1098399]], [[106.8841741, -6.1099175], [106.8840632, -6.1099139]]]}, "properties": {"id": "rd-51", "name": "Jalan Enggano", "route_name": "Jalan Enggano", "highway": "trunk", "mode": "road", "status": "context", "status_label": "Jalan - konteks", "source": "OpenStreetMap", "source_type": "osm", "license": "ODbL"}}, {"type": "Feature", "id": "rd-52", "geometry": {"type": "MultiLineString", "coordinates": [[[106.8135828, -6.1819829], [106.8139067, -6.1828342], [106.8142245, -6.1836595]], [[106.8150926, -6.190352], [106.8154334, -6.1884479]], [[106.8142245, -6.1836595], [106.8148488, -6.1848728]], [[106.8139442, -6.1831415], [106.8137045, -6.1825103], [106.8135082, -6.1819855]], [[106.8154334, -6.1884479], [106.8155988, -6.1868301]], [[106.8155066, -6.1884614], [106.8152055, -6.1903673]], [[106.8156633, -6.1868292], [106.8155066, -6.1884614]], [[106.8157073, -6.1871915], [106.8155958, -6.1882289]], [[106.8151291, -6.1850048], [106.815667, -6.1858228], [106.8157151, -6.1870901]], [[106.8136829, -6.1828579], [106.8131624, -6.1828236]], [[106.8154871, -6.1869964], [106.8154259, -6.1858756], [106.8141199, -6.1837594]], [[106.8149977, -6.1850414], [106.8155796, -6.1858047], [106.8156633, -6.1868292]], [[106.8141554, -6.1836877], [106.8140535, -6.1834275], [106.8139442, -6.1831415]], [[106.8155988, -6.1868301], [106.8154977, -6.1858101], [106.8141554, -6.1836877]], [[106.8134661, -6.1815516], [106.8135043, -6.1817162], [106.8135412, -6.1818569], [106.8135828, -6.1819829]], [[106.8133467, -6.1806829], [106.8134661, -6.1815516]], [[106.8139227, -6.1832576], [106.8136829, -6.1828579]], [[106.8155958, -6.1882289], [106.8155837, -6.1884073]], [[106.8148488, -6.1848728], [106.8149977, -6.1850414]], [[106.8140185, -6.1835043], [106.8139227, -6.1832576]], [[106.8141199, -6.1837594], [106.8140185, -6.1835043]], [[106.8157151, -6.1870901], [106.8157111, -6.1871567]], [[106.8152605, -6.1882334], [106.8153433, -6.1881187]], [[106.8157111, -6.1871567], [106.8157073, -6.1871915]], [[106.8132707, -6.1800436], [106.8132676, -6.1803102], [106.8133065, -6.1804909], [106.8133467, -6.1806829]], [[106.8154733, -6.1871814], [106.8154871, -6.1869964]], [[106.8153433, -6.1881187], [106.8154733, -6.1871814]]]}, "properties": {"id": "rd-52", "name": "Jalan Fakhrudin", "route_name": "Jalan Fakhrudin", "highway": "primary", "mode": "road", "status": "context", "status_label": "Jalan - konteks", "source": "OpenStreetMap", "source_type": "osm", "license": "ODbL"}}, {"type": "Feature", "id": "rd-53", "geometry": {"type": "MultiLineString", "coordinates": [[[106.8196527, -6.1631971], [106.8192931, -6.1615963]], [[106.8173784, -6.152605], [106.8176988, -6.1540566]], [[106.8151241, -6.1437047], [106.8148574, -6.1427522]], [[106.8152632, -6.1442043], [106.815174, -6.1438823], [106.8151651, -6.1438506], [106.8151241, -6.1437047]], [[106.8167224, -6.1500592], [106.8167095, -6.1499973]], [[106.8167095, -6.1499973], [106.8162778, -6.1482217]], [[106.8167383, -6.150133], [106.8167224, -6.1500592]], [[106.8206711, -6.1675871], [106.8200024, -6.1647289]], [[106.8156522, -6.1457702], [106.8156238, -6.1456486]], [[106.8192931, -6.1615963], [106.818978, -6.1602367]], [[106.8188634, -6.1597136], [106.8181095, -6.1563186]], [[106.8176939, -6.1544166], [106.8173708, -6.1529608]], [[106.8172832, -6.1525662], [106.8170098, -6.1513621]], [[106.8170098, -6.1513621], [106.8167383, -6.150133]], [[106.8162778, -6.1482217], [106.8161417, -6.1476728], [106.8160786, -6.1474541]], [[106.8160786, -6.1474541], [106.8158555, -6.1465927]], [[106.8158555, -6.1465927], [106.8157146, -6.1460379], [106.8156522, -6.1457702]], [[106.8156238, -6.1456486], [106.8156115, -6.1455961], [106.8156014, -6.1455526], [106.8155237, -6.14522]], [[106.8148574, -6.1427522], [106.8148385, -6.1426965]], [[106.8176988, -6.1540566], [106.8177798, -6.1543815]], [[106.8167947, -6.1500391], [106.8168299, -6.1501873], [106.8168583, -6.1502938]], [[106.8188863, -6.1598196], [106.8188634, -6.1597136]], [[106.818978, -6.1602367], [106.8188863, -6.1598196]], [[106.8199685, -6.1645704], [106.8197019, -6.1634119]], [[106.8178331, -6.1545927], [106.8179472, -6.1550762]], [[106.8178344, -6.1550247], [106.8177083, -6.1544791]], [[106.8167947, -6.1500391], [106.8166862, -6.1498388]], [[106.8177798, -6.1543815], [106.8178331, -6.1545927]], [[106.8200024, -6.1647289], [106.8199941, -6.1646919], [106.8199842, -6.1646335], [106.8199685, -6.1645704]], [[106.8197019, -6.1634119], [106.8196817, -6.1633238], [106.8196527, -6.1631971]], [[106.8206923, -6.1676608], [106.8206711, -6.1675871]], [[106.8153991, -6.1446827], [106.8152632, -6.1442043]], [[106.8155237, -6.14522], [106.8154587, -6.1449315], [106.8154514, -6.1448991], [106.8153991, -6.1446827]], [[106.8173653, -6.1525461], [106.8173784, -6.152605]], [[106.8168583, -6.1502938], [106.8173653, -6.1525461]], [[106.8172989, -6.1526372], [106.8172872, -6.1525843], [106.8172832, -6.1525662]], [[106.8173708, -6.1529608], [106.8172989, -6.1526372]], [[106.8181095, -6.1563186], [106.8180485, -6.1560437], [106.8180214, -6.1559289], [106.8178344, -6.1550247]], [[106.8177083, -6.1544791], [106.8176939, -6.1544166]]]}, "properties": {"id": "rd-53", "name": "Jalan Gajah Mada", "route_name": "Jalan Gajah Mada", "highway": "primary", "mode": "road", "status": "context", "status_label": "Jalan - konteks", "source": "OpenStreetMap", "source_type": "osm", "license": "ODbL"}}, {"type": "Feature", "id": "rd-54", "geometry": {"type": "MultiLineString", "coordinates": [[[106.8339541, -6.2052843], [106.8298985, -6.2046468]], [[106.8273327, -6.2039378], [106.8276797, -6.2040135]], [[106.8276527, -6.2041268], [106.8273067, -6.2040463]], [[106.8249271, -6.2035245], [106.8234382, -6.2031962]], [[106.8299036, -6.2045275], [106.8339692, -6.2051595]], [[106.8230898, -6.2034843], [106.823054, -6.2042552]], [[106.8229589, -6.2044425], [106.8230235, -6.2034757]], [[106.8223153, -6.2029889], [106.8224787, -6.2030192]], [[106.8250006, -6.2042356], [106.8250968, -6.2037933], [106.8251434, -6.2035829]], [[106.8234225, -6.2043316], [106.8237362, -6.2043982], [106.8244777, -6.2045574]], [[106.8226948, -6.2046184], [106.8224842, -6.2046511]], [[106.8273067, -6.2040463], [106.8266807, -6.2039206], [106.8258834, -6.2037493], [106.8254339, -6.203646]], [[106.8234382, -6.2031962], [106.8229113, -6.2032088]], [[106.8276797, -6.2040135], [106.8299036, -6.2045275]], [[106.8259868, -6.2036427], [106.8273327, -6.2039378]], [[106.8228863, -6.2031118], [106.8251506, -6.2034738]], [[106.8228662, -6.2031986], [106.8224524, -6.2031097]], [[106.825217, -6.2035948], [106.8251434, -6.2035829]], [[106.8255093, -6.2035479], [106.8259868, -6.2036427]], [[106.8226948, -6.2046184], [106.822768, -6.2045719], [106.8228542, -6.2045136], [106.8229589, -6.2044425]], [[106.823054, -6.2042552], [106.8230504, -6.2042977], [106.8230388, -6.2043809]], [[106.8229867, -6.2042578], [106.8230026, -6.204255], [106.8230247, -6.2042533], [106.823054, -6.2042552]], [[106.823054, -6.2042552], [106.8231893, -6.2042839], [106.8234225, -6.2043316]], [[106.8251434, -6.2035829], [106.8250559, -6.2035657], [106.8249271, -6.2035245]], [[106.8224787, -6.2030192], [106.8228863, -6.2031118]], [[106.8230388, -6.2043809], [106.8229589, -6.2044425]], [[106.8230235, -6.2034757], [106.8229113, -6.2032088]], [[106.8234382, -6.2031962], [106.8232068, -6.2032482], [106.8231327, -6.2033304], [106.8230898, -6.2034843]], [[106.8244777, -6.2045574], [106.8249219, -6.2045772]], [[106.8251506, -6.2034738], [106.8253572, -6.2035181]], [[106.8224524, -6.2031097], [106.8223162, -6.2030795]], [[106.8229113, -6.2032088], [106.8228662, -6.2031986]], [[106.8253749, -6.203521], [106.8255093, -6.2035479]], [[106.8253572, -6.2035181], [106.8253749, -6.203521]], [[106.8254339, -6.203646], [106.8253747, -6.2036314], [106.8253031, -6.2036145]], [[106.8253031, -6.2036145], [106.825217, -6.2035948]], [[106.8249219, -6.2045772], [106.8250006, -6.2042356]], [[106.8298985, -6.2046468], [106.8276527, -6.2041268]]]}, "properties": {"id": "rd-54", "name": "Jalan Galunggung", "route_name": "Jalan Galunggung", "highway": "primary", "mode": "road", "status": "context", "status_label": "Jalan - konteks", "source": "OpenStreetMap", "source_type": "osm", "license": "ODbL"}}, {"type": "Feature", "id": "rd-55", "geometry": {"type": "MultiLineString", "coordinates": [[[106.8039849, -6.1251232], [106.8043562, -6.1261495]], [[106.8048822, -6.1281631], [106.804893, -6.1282134]], [[106.8042613, -6.126178], [106.8039261, -6.125209]], [[106.804893, -6.1282134], [106.8049202, -6.1283402]], [[106.8047394, -6.1282161], [106.8047042, -6.1280733]], [[106.8046021, -6.1270334], [106.8048822, -6.1281631]], [[106.8047616, -6.1283047], [106.8047394, -6.1282161]], [[106.8047042, -6.1280733], [106.8044125, -6.1268878]], [[106.8045556, -6.1268455], [106.8045893, -6.1269702]], [[106.8045893, -6.1269702], [106.8046021, -6.1270334]], [[106.8043562, -6.1261495], [106.8043913, -6.1262722], [106.8045556, -6.1268455]], [[106.8044125, -6.1268878], [106.8042613, -6.126178]]]}, "properties": {"id": "rd-55", "name": "Jalan Gedong Panjang", "route_name": "Jalan Gedong Panjang", "highway": "trunk", "mode": "road", "status": "context", "status_label": "Jalan - konteks", "source": "OpenStreetMap", "source_type": "osm", "license": "ODbL"}}, {"type": "Feature", "id": "rd-56", "geometry": {"type": "MultiLineString", "coordinates": [[[106.8025935, -6.213497], [106.7987216, -6.2144469]], [[106.8075974, -6.2121868], [106.8068597, -6.2124448], [106.8064726, -6.2125646]], [[106.8077127, -6.2125647], [106.8080635, -6.21236], [106.8075974, -6.2121868]], [[106.8064559, -6.2124826], [106.8068373, -6.2123746], [106.8075485, -6.2121254]], [[106.8075485, -6.2121254], [106.8080836, -6.2122327], [106.8082855, -6.2131006]], [[106.798374, -6.2143299], [106.800279, -6.2138726]], [[106.8047079, -6.2129837], [106.8045295, -6.2130293]], [[106.8064726, -6.2125646], [106.8055026, -6.2128053], [106.804991, -6.2129113], [106.8047079, -6.2129837]], [[106.8045295, -6.2130293], [106.8042271, -6.2131066]], [[106.7987216, -6.2144469], [106.7986467, -6.2144657], [106.7983807, -6.2145325]], [[106.8047663, -6.2128322], [106.805064, -6.212782]], [[106.8026762, -6.2133253], [106.8027401, -6.2133093], [106.8028037, -6.213295], [106.8037308, -6.2130765]], [[106.8010586, -6.2136824], [106.8024728, -6.2133737]], [[106.800279, -6.2138726], [106.800512, -6.2138158], [106.8009497, -6.213709], [106.8010586, -6.2136824]], [[106.8025685, -6.2133539], [106.8026042, -6.2133444], [106.8026762, -6.2133253]], [[106.8037308, -6.2130765], [106.8038802, -6.2130413], [106.804066, -6.2129974], [106.8044922, -6.2128969]], [[106.8044922, -6.2128969], [106.8045677, -6.2128791], [106.8047663, -6.2128322]], [[106.805064, -6.212782], [106.8053497, -6.212738]], [[106.8053497, -6.212738], [106.8064559, -6.2124826]], [[106.7980248, -6.2149777], [106.798374, -6.2143299]], [[106.8024728, -6.2133737], [106.8025685, -6.2133539]], [[106.7983807, -6.2145325], [106.79814, -6.2150038]], [[106.8042271, -6.2131066], [106.8039137, -6.2131815], [106.8027961, -6.2134485], [106.8027112, -6.2134688]], [[106.8027112, -6.2134688], [106.8025935, -6.213497]]]}, "properties": {"id": "rd-56", "name": "Jalan Gerbang Pemuda", "route_name": "Jalan Gerbang Pemuda", "highway": "primary", "mode": "road", "status": "context", "status_label": "Jalan - konteks", "source": "OpenStreetMap", "source_type": "osm", "license": "ODbL"}}, {"type": "Feature", "id": "rd-57", "geometry": {"type": "MultiLineString", "coordinates": [[[106.6878403, -6.2641114], [106.6884967, -6.2664064]], [[106.6883178, -6.2671531], [106.6883677, -6.2668626], [106.6883813, -6.2666724], [106.6883758, -6.2665531]], [[106.6881088, -6.2654423], [106.6876017, -6.2635561]], [[106.6883758, -6.2665531], [106.6881088, -6.2654423]], [[106.6876837, -6.2635274], [106.6878403, -6.2641114]], [[106.688271, -6.2673973], [106.6883178, -6.2671531]], [[106.6884967, -6.2664064], [106.688493, -6.2666148], [106.688462, -6.2667745]], [[106.688462, -6.2667745], [106.6883903, -6.2671625], [106.6883389, -6.2674073]]]}, "properties": {"id": "rd-57", "name": "Jalan Graha Bintaro Raya", "route_name": "Jalan Graha Bintaro Raya", "highway": "primary", "mode": "road", "status": "context", "status_label": "Jalan - konteks", "source": "OpenStreetMap", "source_type": "osm", "license": "ODbL"}}, {"type": "Feature", "id": "rd-58", "geometry": {"type": "MultiLineString", "coordinates": [[[106.7117028, -6.1781201], [106.7108507, -6.1806074]], [[106.7097536, -6.1829805], [106.7115208, -6.1781001]], [[106.71181, -6.1775275], [106.71177, -6.1776807], [106.7117028, -6.1781201]], [[106.7115208, -6.1781001], [106.7114857, -6.177412]], [[106.7108507, -6.1806074], [106.7098723, -6.1830267]]]}, "properties": {"id": "rd-58", "name": "Jalan Green Lake City Boulevard", "route_name": "Jalan Green Lake City Boulevard", "highway": "primary", "mode": "road", "status": "context", "status_label": "Jalan - konteks", "source": "OpenStreetMap", "source_type": "osm", "license": "ODbL"}}, {"type": "Feature", "id": "rd-59", "geometry": {"type": "MultiLineString", "coordinates": [[[106.8383918, -6.1636447], [106.8375783, -6.1603393]], [[106.8325907, -6.1382238], [106.832355, -6.1371055]], [[106.8326636, -6.1385599], [106.8325907, -6.1382238]], [[106.8310101, -6.1305518], [106.8310429, -6.13071], [106.8310678, -6.1308377]], [[106.8388213, -6.1645861], [106.8393123, -6.1665965]], [[106.8318089, -6.1346486], [106.8313079, -6.1324799]], [[106.8318279, -6.1347181], [106.8318089, -6.1346486]], [[106.8323633, -6.1363899], [106.8326215, -6.1375007]], [[106.8374708, -6.1591606], [106.8374809, -6.1592077]], [[106.8344075, -6.1462445], [106.8349056, -6.1491271]], [[106.8361378, -6.1539007], [106.837115, -6.1577753]], [[106.8400552, -6.1702313], [106.8399805, -6.1699393], [106.8399687, -6.1698915], [106.8399226, -6.1697052]], [[106.8406393, -6.1718585], [106.8410148, -6.1733354]], [[106.8350587, -6.150284], [106.8350104, -6.150122]], [[106.8351565, -6.1500666], [106.8351974, -6.1502473]], [[106.8346009, -6.1487306], [106.8341957, -6.1469298]], [[106.8355693, -6.1516717], [106.8361378, -6.1539007]], [[106.8342204, -6.145573], [106.8341922, -6.1453497]], [[106.8343571, -6.1453377], [106.8343793, -6.1454618], [106.8343963, -6.1455598], [106.8344056, -6.1456842]], [[106.8331411, -6.1398033], [106.8335504, -6.1416465]], [[106.8333376, -6.1415892], [106.8332767, -6.1412981], [106.8332521, -6.1411985], [106.8332446, -6.1411635]], [[106.8395067, -6.1680539], [106.8391171, -6.1665078]], [[106.8375313, -6.1594421], [106.838412, -6.1629973]], [[106.8374446, -6.1590377], [106.8374553, -6.1590877], [106.8374708, -6.1591606]], [[106.8339509, -6.1435725], [106.8341407, -6.1443882]], [[106.8339744, -6.1444252], [106.8333855, -6.1418055]], [[106.8333855, -6.1418055], [106.8333765, -6.1417685], [106.8333644, -6.1417104]], [[106.8335774, -6.1418081], [106.833903, -6.1433613]], [[106.8388016, -6.1652742], [106.8386588, -6.1646265]], [[106.8410148, -6.1733354], [106.8411056, -6.1736779]], [[106.8401031, -6.1697153], [106.8401834, -6.1700547]], [[106.8326215, -6.1375007], [106.8326962, -6.1378373]], [[106.8322912, -6.1360871], [106.8323179, -6.1361991], [106.8323633, -6.1363899]], [[106.83222, -6.1357611], [106.8322235, -6.1357769]], [[106.8320792, -6.135153], [106.83222, -6.1357611]], [[106.8354236, -6.1517489], [106.8352577, -6.1510986], [106.835247, -6.1510556], [106.8351156, -6.1505273]], [[106.8354508, -6.1518483], [106.8354236, -6.1517489]], [[106.8351156, -6.1505273], [106.8350587, -6.150284]], [[106.8347545, -6.1491846], [106.8346009, -6.1487306]], [[106.8350104, -6.150122], [106.8349223, -6.1497964], [106.8347761, -6.1492558], [106.8347545, -6.1491846]], [[106.834208, -6.1464583], [106.834227, -6.1456871]], [[106.8341957, -6.1469298], [106.8342022, -6.1466741], [106.8342039, -6.1466136], [106.834208, -6.1464583]], [[106.8311872, -6.1315272], [106.8314213, -6.1324441]], [[106.8311391, -6.1312745], [106.8311824, -6.1314942], [106.8311872, -6.1315272]], [[106.8386588, -6.1646265], [106.838502, -6.1640057]], [[106.8388268, -6.1654036], [106.8388016, -6.1652742]], [[106.8384686, -6.1638694], [106.8384353, -6.1637614]], [[106.8385795, -6.1636835], [106.8386084, -6.1637828]], [[106.8311872, -6.1315272], [106.8313173, -6.1322086]], [[106.8314213, -6.1324441], [106.8316273, -6.133289], [106.8316452, -6.1333818], [106.8316498, -6.1334042]], [[106.8369554, -6.1578136], [106.8354508, -6.1518483]], [[106.8319927, -6.1347624], [106.8320229, -6.1348898]], [[106.8319109, -6.1350478], [106.8319017, -6.1350091], [106.8318645, -6.1348528], [106.8318279, -6.1347181]], [[106.8327392, -6.138882], [106.8326972, -6.1387131], [106.8326636, -6.1385599]], [[106.8313079, -6.1324799], [106.8310975, -6.1315625]], [[106.8311084, -6.131539], [106.8309418, -6.1305608]], [[106.8312639, -6.1322222], [106.8311084, -6.131539]], [[106.8341407, -6.1443882], [106.8343571, -6.1453377]], [[106.8341823, -6.1452983], [106.8339744, -6.1444252]], [[106.8372514, -6.1589733], [106.8371601, -6.1586174], [106.8369892, -6.1579512]], [[106.8316498, -6.1334042], [106.8319727, -6.1346835]], [[106.8310678, -6.1308377], [106.8311391, -6.1312745]], [[106.8326962, -6.1378373], [106.8331411, -6.1398033]], [[106.8396842, -6.1680183], [106.8399735, -6.169216]], [[106.838412, -6.1629973], [106.8384663, -6.1632418], [106.8384928, -6.1633478], [106.8385602, -6.1636011]], [[106.8375783, -6.1603393], [106.8375103, -6.160061], [106.8373688, -6.1594783]], [[106.8399226, -6.1697052], [106.8395067, -6.1680539]], [[106.8399735, -6.169216], [106.8400716, -6.1695847], [106.8400904, -6.1696571], [106.8401031, -6.1697153]], [[106.8333537, -6.1416586], [106.833346, -6.1416252], [106.8333376, -6.1415892]], [[106.8335504, -6.1416465], [106.8335599, -6.1417048], [106.8335672, -6.1417391]], [[106.8393123, -6.1665965], [106.8396842, -6.1680183]], [[106.8372453, -6.1582628], [106.8372585, -6.1583134], [106.8373422, -6.1586424], [106.8374149, -6.1589279]], [[106.8369892, -6.1579512], [106.8369554, -6.1578136]], [[106.8309418, -6.1305608], [106.8309115, -6.1304019]], [[106.837324, -6.1592908], [106.8373126, -6.1592385]], [[106.8319727, -6.1346835], [106.8319821, -6.1347204], [106.8319927, -6.1347624]], [[106.8374809, -6.1592077], [106.8375292, -6.1594337]], [[106.8372859, -6.1591211], [106.837273, -6.159066], [106.8372514, -6.1589733]], [[106.8373126, -6.1592385], [106.8372859, -6.1591211]], [[106.8313173, -6.1322086], [106.8313401, -6.1322496], [106.8314213, -6.1324441]], [[106.8313079, -6.1324799], [106.8312697, -6.1322547], [106.8312639, -6.1322222]], [[106.8390941, -6.1664287], [106.8388268, -6.1654036]], [[106.8391171, -6.1665078], [106.8390941, -6.1664287]], [[106.8386569, -6.163959], [106.8386935, -6.1640813], [106.8388213, -6.1645861]], [[106.8309786, -6.1303917], [106.8310101, -6.1305518]], [[106.8329632, -6.1398488], [106.8327392, -6.138882]], [[106.8310975, -6.1315625], [106.8311084, -6.131539]], [[106.8351974, -6.1502473], [106.8355693, -6.1516717]], [[106.8320771, -6.1351438], [106.8320792, -6.135153]], [[106.8320229, -6.1348898], [106.8320618, -6.1350705], [106.8320748, -6.1351329], [106.8320771, -6.1351438]], [[106.8322235, -6.1357769], [106.8322912, -6.1360871]], [[106.8401834, -6.1700547], [106.8406393, -6.1718585]], [[106.8405039, -6.1719817], [106.8400552, -6.1702313]], [[106.833903, -6.1433613], [106.8339509, -6.1435725]], [[106.8335672, -6.1417391], [106.8335727, -6.1417763], [106.8335774, -6.1418081]], [[106.837115, -6.1577753], [106.837199, -6.1580856]], [[106.837199, -6.1580856], [106.8372453, -6.1582628]], [[106.8409838, -6.1738575], [106.8405039, -6.1719817]], [[106.8374149, -6.1589279], [106.8374446, -6.1590377]], [[106.8375292, -6.1594337], [106.8375313, -6.1594421]], [[106.8373688, -6.1594783], [106.837324, -6.1592908]], [[106.838502, -6.1640057], [106.8384686, -6.1638694]], [[106.8384353, -6.1637614], [106.8383918, -6.1636447]], [[106.8386084, -6.1637828], [106.8386569, -6.163959]], [[106.8385602, -6.1636011], [106.8385795, -6.1636835]], [[106.834227, -6.1456871], [106.8342204, -6.145573]], [[106.8341922, -6.1453497], [106.8341823, -6.1452983]], [[106.8333644, -6.1417104], [106.8333537, -6.1416586]], [[106.8332446, -6.1411635], [106.8329632, -6.1398488]], [[106.832355, -6.1371055], [106.8319109, -6.1350478]], [[106.8344056, -6.1456842], [106.8344159, -6.1458184], [106.8344105, -6.1458863], [106.8344075, -6.1462445]], [[106.8349056, -6.1491271], [106.8351565, -6.1500666]]]}, "properties": {"id": "rd-59", "name": "Jalan Gunung Sahari Raya", "route_name": "Jalan Gunung Sahari Raya", "highway": "primary", "mode": "road", "status": "context", "status_label": "Jalan - konteks", "source": "OpenStreetMap", "source_type": "osm", "license": "ODbL"}}, {"type": "Feature", "id": "rd-60", "geometry": {"type": "MultiLineString", "coordinates": [[[106.8742161, -6.2879154], [106.8739449, -6.2878512], [106.87276, -6.2876501]], [[106.879009, -6.2889101], [106.878948, -6.2889356], [106.8784568, -6.2891404], [106.8780678, -6.2893027]], [[106.8789741, -6.2888407], [106.879997, -6.2886659], [106.8805474, -6.2898264]], [[106.8722144, -6.2874121], [106.8745484, -6.2879498], [106.8768996, -6.2890246]], [[106.8780586, -6.2892211], [106.8789741, -6.2888407]], [[106.8718289, -6.2873708], [106.8716793, -6.2873184], [106.8711925, -6.2871535], [106.8708932, -6.2870848]], [[106.8721924, -6.2874895], [106.8720337, -6.2874401]], [[106.87276, -6.2876501], [106.8726801, -6.2876259], [106.8721924, -6.2874895]], [[106.8720723, -6.2873649], [106.8722144, -6.2874121]], [[106.8708977, -6.2869993], [106.8711698, -6.2870622], [106.8717778, -6.2872606], [106.8718617, -6.2872904]], [[106.8800787, -6.2889078], [106.8797247, -6.2886626], [106.879009, -6.2889101]], [[106.8771941, -6.2891592], [106.8774543, -6.2892825]], [[106.8771558, -6.2892497], [106.8770629, -6.2892012]], [[106.8804755, -6.2899702], [106.8804364, -6.2898626]], [[106.8803645, -6.2896397], [106.8803245, -6.2895315], [106.8802716, -6.2893882], [106.8801818, -6.2891452]], [[106.8804364, -6.2898626], [106.8804005, -6.2897512], [106.8803645, -6.2896397]], [[106.8774543, -6.2892825], [106.8780586, -6.2892211]], [[106.877504, -6.2893951], [106.8773691, -6.2893544], [106.8771558, -6.2892497]], [[106.8780678, -6.2893027], [106.877504, -6.2893951]], [[106.877096, -6.2891164], [106.8771941, -6.2891592]], [[106.8768996, -6.2890246], [106.877022, -6.2890829], [106.877096, -6.2891164]], [[106.8805474, -6.2898264], [106.8806059, -6.2899827]], [[106.8720337, -6.2874401], [106.8718289, -6.2873708]], [[106.8718617, -6.2872904], [106.8719588, -6.2873263], [106.8720723, -6.2873649]], [[106.8708932, -6.2870848], [106.8708546, -6.28708], [106.8708269, -6.2870775]], [[106.8708318, -6.2869916], [106.870858, -6.2869946], [106.8708977, -6.2869993]], [[106.8801818, -6.2891452], [106.8800787, -6.2889078]], [[106.8770629, -6.2892012], [106.8742161, -6.2879154]]]}, "properties": {"id": "rd-60", "name": "Jalan Haji Bokir Bin Dji'un", "route_name": "Jalan Haji Bokir Bin Dji'un", "highway": "primary", "mode": "road", "status": "context", "status_label": "Jalan - konteks", "source": "OpenStreetMap", "source_type": "osm", "license": "ODbL"}}, {"type": "Feature", "id": "rd-61", "geometry": {"type": "MultiLineString", "coordinates": [[[106.8831678, -6.2146678], [106.8756529, -6.2151375]], [[106.875713, -6.2149619], [106.8823751, -6.2145415]], [[106.8848498, -6.2145554], [106.884436, -6.2145858]], [[106.883146, -6.2144885], [106.8846275, -6.2143816]], [[106.8823751, -6.2145415], [106.8827938, -6.2145099]], [[106.8827938, -6.2145099], [106.8829787, -6.2144993], [106.883146, -6.2144885]], [[106.8837091, -6.214635], [106.8831678, -6.2146678]], [[106.884436, -6.2145858], [106.8839719, -6.2146158], [106.8837091, -6.214635]], [[106.8753569, -6.2149953], [106.875461, -6.2149849]], [[106.8755638, -6.2149744], [106.8756427, -6.2149657], [106.875713, -6.2149619]], [[106.875461, -6.2149849], [106.8755132, -6.2149797], [106.8755638, -6.2149744]], [[106.8756529, -6.2151375], [106.8755718, -6.2151443]], [[106.8754688, -6.2151529], [106.8753658, -6.2151574]], [[106.8755718, -6.2151443], [106.8754688, -6.2151529]]]}, "properties": {"id": "rd-61", "name": "Jalan Haji Darip", "route_name": "Jalan Haji Darip", "highway": "primary", "mode": "road", "status": "context", "status_label": "Jalan - konteks", "source": "OpenStreetMap", "source_type": "osm", "license": "ODbL"}}, {"type": "Feature", "id": "rd-62", "geometry": {"type": "MultiLineString", "coordinates": [[[106.8152247, -6.1885617], [106.8147461, -6.1883603]], [[106.8153245, -6.1882567], [106.8155481, -6.1883693]], [[106.8137432, -6.1884709], [106.8140131, -6.1884241], [106.8141132, -6.1884127], [106.8144731, -6.1883383]], [[106.8148905, -6.1882504], [106.8152605, -6.1882334]], [[106.8144888, -6.188416], [106.8137573, -6.1885512]], [[106.8147461, -6.1883603], [106.8146121, -6.1883899], [106.8144888, -6.188416]], [[106.8147194, -6.1882874], [106.8148905, -6.1882504]], [[106.8144731, -6.1883383], [106.8145999, -6.1883121], [106.8147194, -6.1882874]], [[106.8152605, -6.1882334], [106.8153245, -6.1882567]], [[106.8155481, -6.1883693], [106.8155837, -6.1884073]]]}, "properties": {"id": "rd-62", "name": "Jalan Haji Fachrudin", "route_name": "Jalan Haji Fachrudin", "highway": "primary", "mode": "road", "status": "context", "status_label": "Jalan - konteks", "source": "OpenStreetMap", "source_type": "osm", "license": "ODbL"}}, {"type": "Feature", "id": "rd-64", "geometry": {"type": "MultiLineString", "coordinates": [[[107.018987, -6.260847], [107.0208465, -6.2579682]], [[107.0208465, -6.2579682], [107.0191367, -6.2608874]], [[107.0191367, -6.2608874], [107.0191078, -6.2610088]], [[107.0189299, -6.2609276], [107.018987, -6.260847]]]}, "properties": {"id": "rd-64", "name": "Jalan Haji Mulyadi Joyomartono", "route_name": "Jalan Haji Mulyadi Joyomartono", "highway": "primary", "mode": "road", "status": "context", "status_label": "Jalan - konteks", "source": "OpenStreetMap", "source_type": "osm", "license": "ODbL"}}, {"type": "Feature", "id": "rd-65", "geometry": {"type": "MultiLineString", "coordinates": [[[106.8279013, -6.2026046], [106.8279321, -6.2023635], [106.8279696, -6.2021163], [106.8280116, -6.2018135]], [[106.8286708, -6.1970196], [106.8283534, -6.1994283]], [[106.8288257, -6.195171], [106.8288869, -6.1917921]], [[106.8290813, -6.1916832], [106.8289228, -6.1951853]], [[106.828132, -6.201397], [106.8280969, -6.2018629], [106.8280784, -6.2020681], [106.8280203, -6.202674]], [[106.8282845, -6.1994256], [106.8287492, -6.1958068]], [[106.8288078, -6.1954074], [106.8288105, -6.1953816]], [[106.8289228, -6.1951853], [106.8289227, -6.1952039]], [[106.7131639, -6.2264319], [106.7163849, -6.2275619], [106.7185535, -6.2277246], [106.7211454, -6.2291818], [106.7233283, -6.2296087]], [[106.7233178, -6.2296847], [106.7211096, -6.2292471], [106.7184741, -6.2277831], [106.7160294, -6.2275485], [106.712671, -6.2263119]], [[106.7234804, -6.2297239], [106.7233178, -6.2296847]], [[106.8288221, -6.1951959], [106.8288257, -6.195171]], [[106.8288105, -6.1953816], [106.8288221, -6.1951959]], [[106.8289122, -6.1953917], [106.8289103, -6.1954155]], [[106.8289227, -6.1952039], [106.8289122, -6.1953917]], [[106.8282404, -6.1996559], [106.8282622, -6.1995383]], [[106.7233527, -6.230214], [106.7234804, -6.2297239]], [[106.7233525, -6.2303373], [106.7233527, -6.230214]], [[106.8288869, -6.1917921], [106.8289239, -6.1917428], [106.8289449, -6.1917148], [106.8289725, -6.1916799]], [[106.8283314, -6.1995519], [106.8283068, -6.1996679]], [[106.8287492, -6.1958068], [106.8287974, -6.1954812], [106.8288078, -6.1954074]], [[106.8280854, -6.2007702], [106.8282105, -6.1998362], [106.8282176, -6.1997836]], [[106.8280116, -6.2018135], [106.8280661, -6.2008262], [106.8280854, -6.2007702]], [[106.8282107, -6.2003537], [106.8281827, -6.2005523], [106.8281515, -6.200793]], [[106.8289021, -6.1954885], [106.8288676, -6.1957092], [106.828828, -6.1959366]], [[106.7051477, -6.2252939], [106.7053592, -6.2252739]], [[106.7053617, -6.2253539], [106.7051546, -6.2253672]], [[106.723754, -6.2305984], [106.7234024, -6.2305005]], [[106.7068288, -6.225171], [106.7088434, -6.224647]], [[106.7088553, -6.2247216], [106.7067992, -6.225257]], [[106.712671, -6.2263119], [106.712528, -6.2262507], [106.7124852, -6.2262272]], [[106.7125133, -6.2261608], [106.7126677, -6.226235], [106.7131639, -6.2264319]], [[106.7090475, -6.2246259], [106.7110607, -6.2248596], [106.7125133, -6.2261608]], [[106.7124852, -6.2262272], [106.7110388, -6.2249356], [106.7088553, -6.2247216]], [[106.8283068, -6.1996679], [106.8282891, -6.1997972]], [[106.8281515, -6.200793], [106.8281471, -6.2008318], [106.8281424, -6.2010047]], [[106.8281424, -6.2010047], [106.828132, -6.201397]], [[106.723367, -6.2304394], [106.7233525, -6.2303373]], [[106.8279, -6.2026392], [106.8279013, -6.2026046]], [[106.7067992, -6.225257], [106.7053617, -6.2253539]], [[106.7053592, -6.2252739], [106.7068288, -6.225171]], [[106.7088434, -6.224647], [106.7089047, -6.2246348], [106.7090475, -6.2246259]], [[106.7234024, -6.2305005], [106.723367, -6.2304394]], [[106.8283534, -6.1994283], [106.8283314, -6.1995519]], [[106.8282622, -6.1995383], [106.8282845, -6.1994256]], [[106.8282891, -6.1997972], [106.8282107, -6.2003537]], [[106.8282176, -6.1997836], [106.8282404, -6.1996559]], [[106.8289103, -6.1954155], [106.8289021, -6.1954885]], [[106.828828, -6.1959366], [106.8286708, -6.1970196]]]}, "properties": {"id": "rd-65", "name": "Jalan Haji Oemar Said Cokroaminoto", "route_name": "Jalan Haji Oemar Said Cokroaminoto", "highway": "primary", "mode": "road", "status": "context", "status_label": "Jalan - konteks", "source": "OpenStreetMap", "source_type": "osm", "license": "ODbL"}}, {"type": "Feature", "id": "rd-66", "geometry": {"type": "MultiLineString", "coordinates": [[[106.8281399, -6.2567477], [106.8286678, -6.2592553]], [[106.82852, -6.2592743], [106.8272835, -6.2542717]], [[106.827431, -6.2542838], [106.8274827, -6.2544511], [106.8275437, -6.254677]], [[106.8275437, -6.254677], [106.8281399, -6.2567477]]]}, "properties": {"id": "rd-66", "name": "Jalan Haji Tutty Alawiyah", "route_name": "Jalan Haji Tutty Alawiyah", "highway": "primary", "mode": "road", "status": "context", "status_label": "Jalan - konteks", "source": "OpenStreetMap", "source_type": "osm", "license": "ODbL"}}, {"type": "Feature", "id": "rd-67", "geometry": {"type": "MultiLineString", "coordinates": [[[106.745501, -6.3249101], [106.7443034, -6.3248673]], [[106.7467904, -6.3250328], [106.7464036, -6.3248904]], [[106.7464036, -6.3248904], [106.745501, -6.3249101]], [[106.7443034, -6.3248673], [106.7440143, -6.3248335]]]}, "properties": {"id": "rd-67", "name": "Jalan Haji Zamzami A", "route_name": "Jalan Haji Zamzami A", "highway": "trunk", "mode": "road", "status": "context", "status_label": "Jalan - konteks", "source": "OpenStreetMap", "source_type": "osm", "license": "ODbL"}}, {"type": "Feature", "id": "rd-68", "geometry": {"type": "MultiLineString", "coordinates": [[[106.8328049, -6.2251369], [106.831998, -6.2211329], [106.8310649, -6.2185913]], [[106.8305869, -6.2115167], [106.83109, -6.2176879]], [[106.8287312, -6.2351071], [106.8280177, -6.2359755]], [[106.8294409, -6.2346761], [106.8287655, -6.2350756]], [[106.8293945, -6.2067692], [106.8301353, -6.2084075]], [[106.8304014, -6.2093716], [106.8304583, -6.209724], [106.8304901, -6.2099548], [106.8305321, -6.21037]], [[106.8285078, -6.2053411], [106.8285635, -6.2054249], [106.8286952, -6.205623], [106.8289979, -6.2060532]], [[106.8288436, -6.206269], [106.8287819, -6.2061535], [106.8283761, -6.2054999]], [[106.8324264, -6.2218163], [106.832817, -6.2234493]], [[106.8291204, -6.2069009], [106.8290583, -6.2067995]], [[106.8273229, -6.236532], [106.8278173, -6.2357784]], [[106.8290583, -6.2067995], [106.8289101, -6.2063922]], [[106.8280177, -6.2359755], [106.8275557, -6.2366985]], [[106.8293455, -6.2073279], [106.8291505, -6.2069482], [106.8291204, -6.2069009]], [[106.8285946, -6.2349605], [106.8290994, -6.2346068], [106.8291529, -6.2345749]], [[106.8278173, -6.2357784], [106.8284584, -6.2350449]], [[106.8298323, -6.208257], [106.8289101, -6.2063922]], [[106.8333291, -6.2287575], [106.8332802, -6.2302797], [106.8324727, -6.2323315], [106.8309653, -6.2339073], [106.8294409, -6.2346761]], [[106.8289979, -6.2060532], [106.8292178, -6.2064288], [106.8293945, -6.2067692]], [[106.8329611, -6.2266985], [106.8328049, -6.2251369]], [[106.8284584, -6.2350449], [106.8285169, -6.2350086], [106.8285946, -6.2349605]], [[106.8296864, -6.2343328], [106.8305224, -6.2339055]], [[106.8305224, -6.2339055], [106.8313673, -6.2332807]], [[106.8328416, -6.2235665], [106.8330318, -6.2248636]], [[106.8303605, -6.212692], [106.8303603, -6.2124829], [106.8303622, -6.2123794]], [[106.8313673, -6.2332807], [106.8328268, -6.2310055], [106.8330596, -6.2282552]], [[106.8330318, -6.2248636], [106.8331984, -6.2270656]], [[106.8316893, -6.2196962], [106.8319472, -6.2202655], [106.8320191, -6.2204225]], [[106.8331834, -6.2261241], [106.8331984, -6.2270656]], [[106.8305473, -6.2105718], [106.8305555, -6.2106933]], [[106.8287655, -6.2350756], [106.8287312, -6.2351071]], [[106.8289101, -6.2063922], [106.8289006, -6.2063744], [106.8288436, -6.206269]], [[106.8331414, -6.2256214], [106.8331834, -6.2261241]], [[106.8332548, -6.2278059], [106.8333291, -6.2287575]], [[106.8331118, -6.2252579], [106.8331414, -6.2256214]], [[106.8310649, -6.2185913], [106.8305351, -6.2157889]], [[106.8320191, -6.2204225], [106.8320607, -6.2205226]], [[106.8330596, -6.2282552], [106.8330183, -6.2275363]], [[106.8330183, -6.2275363], [106.8329611, -6.2266985]], [[106.8303622, -6.2123794], [106.8303617, -6.2121944]], [[106.8305555, -6.2106933], [106.8305744, -6.2110535]], [[106.8329611, -6.2266985], [106.832866, -6.2261115]], [[106.8305351, -6.2157889], [106.8304185, -6.2140996]], [[106.8304057, -6.213772], [106.8303605, -6.212692]], [[106.8298323, -6.208257], [106.8293455, -6.2073279]], [[106.8320607, -6.2205226], [106.8324264, -6.2218163]], [[106.832866, -6.2261115], [106.8328049, -6.2251369]], [[106.8291529, -6.2345749], [106.8293808, -6.2344664], [106.8296864, -6.2343328]], [[106.8303436, -6.2117351], [106.8301043, -6.2092224]], [[106.8301043, -6.2092224], [106.8298323, -6.208257]], [[106.8305744, -6.2110535], [106.8305869, -6.2115167]], [[106.8301353, -6.2084075], [106.8304014, -6.2093716]], [[106.8305321, -6.21037], [106.8305473, -6.2105718]], [[106.83109, -6.2176879], [106.8316893, -6.2196962]], [[106.832817, -6.2234493], [106.8328416, -6.2235665]], [[106.8304185, -6.2140996], [106.8304057, -6.213772]], [[106.8303617, -6.2121944], [106.8303632, -6.2118549], [106.8303436, -6.2117351]], [[106.8331984, -6.2270656], [106.8332548, -6.2278059]], [[106.8330318, -6.2248636], [106.8330812, -6.2249831], [106.8331118, -6.2252579]]]}, "properties": {"id": "rd-68", "name": "Jalan Hajjah R. Rasuna Said", "route_name": "Jalan Hajjah R. Rasuna Said", "highway": "primary", "mode": "road", "status": "context", "status_label": "Jalan - konteks", "source": "OpenStreetMap", "source_type": "osm", "license": "ODbL"}}, {"type": "Feature", "id": "rd-69", "geometry": {"type": "MultiLineString", "coordinates": [[[106.7940971, -6.233151], [106.794265, -6.2320817], [106.7961394, -6.2304222]], [[106.7939891, -6.2334753], [106.7940971, -6.233151]], [[106.794316, -6.2333488], [106.7940971, -6.233151]], [[106.7961394, -6.2304222], [106.796597, -6.2292758]]]}, "properties": {"id": "rd-69", "name": "Jalan Hang Lekir", "route_name": "Jalan Hang Lekir", "highway": "primary", "mode": "road", "status": "context", "status_label": "Jalan - konteks", "source": "OpenStreetMap", "source_type": "osm", "license": "ODbL"}}, {"type": "Feature", "id": "rd-70", "geometry": {"type": "MultiLineString", "coordinates": [[[106.7982987, -6.2289454], [106.7975634, -6.2294167]], [[106.7983324, -6.2287063], [106.7983297, -6.2287798], [106.7982987, -6.2289454]], [[106.7975634, -6.2294167], [106.7975674, -6.2296611]], [[106.7975674, -6.2296611], [106.7975615, -6.2330111]]]}, "properties": {"id": "rd-70", "name": "Jalan Hang Tuah", "route_name": "Jalan Hang Tuah", "highway": "primary", "mode": "road", "status": "context", "status_label": "Jalan - konteks", "source": "OpenStreetMap", "source_type": "osm", "license": "ODbL"}}, {"type": "Feature", "id": "rd-71", "geometry": {"type": "MultiLineString", "coordinates": [[[106.8895268, -6.3056755], [106.8903209, -6.3057721]], [[106.884844, -6.3055725], [106.8851914, -6.3055639]], [[106.8866972, -6.305561], [106.8870944, -6.3055521]], [[106.8891733, -6.3056405], [106.8895268, -6.3056755]], [[106.8878386, -6.3055431], [106.8882193, -6.3055425], [106.8887088, -6.3055851], [106.8891733, -6.3056405]], [[106.8913668, -6.3059104], [106.8919805, -6.3059928]], [[106.8903209, -6.3057721], [106.8913668, -6.3059104]], [[106.8851914, -6.3055639], [106.8861639, -6.3055371]], [[106.8861639, -6.3055371], [106.8866972, -6.305561]], [[106.8870944, -6.3055521], [106.8878386, -6.3055431]]]}, "properties": {"id": "rd-71", "name": "Jalan Hankam", "route_name": "Jalan Hankam", "highway": "primary", "mode": "road", "status": "context", "status_label": "Jalan - konteks", "source": "OpenStreetMap", "source_type": "osm", "license": "ODbL"}}, {"type": "Feature", "id": "rd-72", "geometry": {"type": "MultiLineString", "coordinates": [[[106.9126178, -6.2852867], [106.9163959, -6.2899036]], [[106.9243751, -6.309878], [106.9243986, -6.3104716]], [[106.9236556, -6.3052635], [106.9237273, -6.3058055]], [[106.9237273, -6.3058055], [106.9236556, -6.3052635]], [[106.9237273, -6.3058055], [106.9243751, -6.309878]], [[106.9165527, -6.2900875], [106.9198224, -6.2942052], [106.9204902, -6.2955849], [106.9224136, -6.2972137], [106.9236331, -6.298777], [106.9240509, -6.2999779], [106.9236556, -6.3052635]], [[106.9163959, -6.2899036], [106.9165527, -6.2900875]]]}, "properties": {"id": "rd-72", "name": "Jalan Hankam Raya", "route_name": "Jalan Hankam Raya", "highway": "primary", "mode": "road", "status": "context", "status_label": "Jalan - konteks", "source": "OpenStreetMap", "source_type": "osm", "license": "ODbL"}}, {"type": "Feature", "id": "rd-73", "geometry": {"type": "MultiLineString", "coordinates": [[[106.8148582, -6.1422494], [106.8149707, -6.1426636]], [[106.8209374, -6.167322], [106.8210656, -6.1676843]], [[106.8201609, -6.1635941], [106.8205245, -6.1654045]], [[106.8192568, -6.1596367], [106.8192842, -6.159747]], [[106.8152791, -6.1434318], [106.8154791, -6.1440008]], [[106.8150886, -6.1428649], [106.8152791, -6.1434318]], [[106.8149851, -6.1427125], [106.815054, -6.1427628], [106.8150622, -6.1427862], [106.8150886, -6.1428649]], [[106.8162499, -6.1467525], [106.8164164, -6.1473716]], [[106.8208947, -6.1673707], [106.8208809, -6.1672772]], [[106.8208768, -6.1672498], [106.8205253, -6.1657536]], [[106.8169468, -6.1499121], [106.8169247, -6.1499699]], [[106.8192842, -6.159747], [106.8197204, -6.1615906]], [[106.8196555, -6.1617195], [106.8194757, -6.1609164], [106.8193454, -6.1603628], [106.8192976, -6.1601473]], [[106.8180331, -6.1543107], [106.8180509, -6.1544041]], [[106.8170411, -6.1499895], [106.8175909, -6.1521766]], [[106.8205253, -6.1657536], [106.8203064, -6.1646371]], [[106.816745, -6.1488563], [106.8169615, -6.1497849]], [[106.8209311, -6.1672489], [106.8209351, -6.1672746], [106.8209378, -6.1673022], [106.8209374, -6.167322]], [[106.8206844, -6.1661884], [106.8207274, -6.1663716], [106.8207959, -6.1666659]], [[106.8205245, -6.1654045], [106.8206844, -6.1661884]], [[106.8197204, -6.1615906], [106.8200452, -6.1630756]], [[106.8185338, -6.1565868], [106.8192568, -6.1596367]], [[106.8175909, -6.1521766], [106.8179705, -6.153939]], [[106.8170242, -6.1499264], [106.8170411, -6.1499895]], [[106.8164164, -6.1473716], [106.8165408, -6.1478942], [106.8166181, -6.14823], [106.816745, -6.1488563]], [[106.8192976, -6.1601473], [106.8192287, -6.1598537], [106.8192045, -6.159761]], [[106.8191494, -6.1595246], [106.8182907, -6.1556898]], [[106.8203064, -6.1646371], [106.8202747, -6.1644797], [106.8201235, -6.163728], [106.8200443, -6.1633894]], [[106.8199407, -6.1630087], [106.8196555, -6.1617195]], [[106.8179705, -6.153939], [106.8179979, -6.1541017], [106.8180331, -6.1543107]], [[106.8169247, -6.1499699], [106.8169076, -6.1499926], [106.8168811, -6.1500193]], [[106.8199572, -6.1630535], [106.8199407, -6.1630087]], [[106.8200443, -6.1633894], [106.8199572, -6.1630535]], [[106.8200452, -6.1630756], [106.8200994, -6.1633131], [106.8201609, -6.1635941]], [[106.8180509, -6.1544041], [106.8183192, -6.1555629]], [[106.8169615, -6.1497849], [106.8169897, -6.1498359], [106.8170028, -6.1498633], [106.8170242, -6.1499264]], [[106.8169615, -6.1497849], [106.8169575, -6.1498435]], [[106.8192045, -6.159761], [106.8191787, -6.1596516], [106.8191494, -6.1595246]], [[106.8169575, -6.1498435], [106.8169468, -6.1499121]], [[106.8149707, -6.1426636], [106.8149851, -6.1427125]], [[106.8208719, -6.1669792], [106.8209132, -6.1671585], [106.8209311, -6.1672489]], [[106.8208809, -6.1672772], [106.8208768, -6.1672498]], [[106.8159593, -6.1457216], [106.8160572, -6.14604], [106.8162499, -6.1467525]], [[106.8159017, -6.1454976], [106.8159408, -6.1456613], [106.8159593, -6.1457216]], [[106.81552, -6.1441278], [106.8157429, -6.1448937], [106.8159017, -6.1454976]], [[106.8154791, -6.1440008], [106.8155044, -6.1440792], [106.81552, -6.1441278]], [[106.8207959, -6.1666659], [106.8208541, -6.1669162], [106.8208719, -6.1669792]], [[106.8183192, -6.1555629], [106.8184578, -6.1561864]], [[106.8184578, -6.1561864], [106.8185338, -6.1565868]]]}, "properties": {"id": "rd-73", "name": "Jalan Hayam Wuruk", "route_name": "Jalan Hayam Wuruk", "highway": "primary", "mode": "road", "status": "context", "status_label": "Jalan - konteks", "source": "OpenStreetMap", "source_type": "osm", "license": "ODbL"}}, {"type": "Feature", "id": "rd-74", "geometry": {"type": "MultiLineString", "coordinates": [[[106.8876013, -6.2141991], [106.8878323, -6.2141675], [106.8880532, -6.2141288]], [[106.9229827, -6.2158187], [106.9101409, -6.2142357]], [[106.9389574, -6.2177088], [106.9385334, -6.2176791], [106.9383366, -6.217713], [106.9381791, -6.2177566]], [[106.9380188, -6.217504], [106.9435744, -6.2181475]], [[106.9499758, -6.2192442], [106.9490239, -6.2191023]], [[106.9551298, -6.2196452], [106.9703867, -6.2213678]], [[106.9703119, -6.2214745], [106.9550825, -6.2197694]], [[106.9707355, -6.2214794], [106.9736298, -6.2217822], [106.9756912, -6.2224049]], [[106.9703867, -6.2213678], [106.9707355, -6.2214794]], [[106.9706714, -6.2216004], [106.9703119, -6.2214745]], [[106.9760147, -6.2227528], [106.9743421, -6.2220377], [106.9706714, -6.2216004]], [[106.9490239, -6.2191023], [106.9489127, -6.2190852], [106.9485831, -6.2190374], [106.9484343, -6.219023]], [[106.9505801, -6.2190853], [106.9504269, -6.2198971]], [[106.9456263, -6.2184157], [106.9467503, -6.2185284]], [[106.9485378, -6.2188307], [106.9489397, -6.2188841], [106.9491658, -6.2189138]], [[106.8958893, -6.2134926], [106.8956249, -6.2134889]], [[106.8955901, -6.213349], [106.8959356, -6.2133637]], [[106.8922362, -6.2133966], [106.8877763, -6.2143016]], [[106.9101966, -6.2141335], [106.9234155, -6.2157866]], [[106.910063, -6.2141153], [106.9101966, -6.2141335]], [[106.9009914, -6.2134945], [106.9066783, -6.2136992]], [[106.90014, -6.2136207], [106.9000774, -6.2136], [106.8998347, -6.2135952], [106.8997832, -6.2135942]], [[106.9101409, -6.2142357], [106.9100371, -6.214222]], [[106.9292313, -6.2164761], [106.9342687, -6.217061]], [[106.9246616, -6.2159313], [106.9248341, -6.2159545]], [[106.9248538, -6.2160766], [106.9247134, -6.2160624]], [[106.9351836, -6.2172917], [106.9317879, -6.2169002]], [[106.8924433, -6.2133993], [106.8922362, -6.2133966]], [[106.8939638, -6.2134592], [106.8924433, -6.2133993]], [[106.8939623, -6.2133039], [106.8941876, -6.2133145], [106.8944683, -6.2133155], [106.8955901, -6.213349]], [[106.892235, -6.2132808], [106.8924898, -6.2132975]], [[106.945631, -6.218645], [106.9448857, -6.2185563]], [[106.9484343, -6.219023], [106.9467131, -6.2187969]], [[106.9452197, -6.2183724], [106.9456263, -6.2184157]], [[106.9347969, -6.217152], [106.9349785, -6.2171351], [106.9355863, -6.2172109]], [[106.9508582, -6.2193048], [106.9502595, -6.2200054]], [[106.9239557, -6.2159675], [106.9237326, -6.2159293]], [[106.9247134, -6.2160624], [106.9243326, -6.2160252]], [[106.923967, -6.2158535], [106.9246616, -6.2159313]], [[106.9237326, -6.2159293], [106.923006, -6.2158221], [106.9229827, -6.2158187]], [[106.9237388, -6.215826], [106.923967, -6.2158535]], [[106.8991562, -6.2135817], [106.8958893, -6.2134926]], [[106.9067874, -6.2138328], [106.9033748, -6.2136831]], [[106.8877763, -6.2143016], [106.8867597, -6.2144597]], [[106.8846275, -6.2143816], [106.8876013, -6.2141991]], [[106.9285011, -6.2164873], [106.9279546, -6.2164289], [106.9275011, -6.216385], [106.9271847, -6.2163344]], [[106.9292216, -6.2166009], [106.9291008, -6.2165959], [106.928966, -6.2165644]], [[106.8880532, -6.2141288], [106.892235, -6.2132808]], [[106.9500809, -6.2202624], [106.9499758, -6.2192442]], [[106.9502595, -6.2200054], [106.9499758, -6.2192442]], [[106.8996954, -6.2135924], [106.899663, -6.2135918], [106.8995198, -6.2135889]], [[106.9394174, -6.2178413], [106.9389574, -6.2177088]], [[106.9437213, -6.2184066], [106.9403945, -6.2179299]], [[106.928966, -6.2165644], [106.9286891, -6.2165111], [106.9285011, -6.2164873]], [[106.9349777, -6.2173451], [106.9347883, -6.2172277]], [[106.9354401, -6.2174344], [106.9351993, -6.2173921], [106.9349777, -6.2173451]], [[106.8866923, -6.2144648], [106.8861285, -6.2145021]], [[106.8861285, -6.2145021], [106.8848498, -6.2145554]], [[106.9355863, -6.2172109], [106.9379019, -6.217487], [106.9380188, -6.217504]], [[106.9342687, -6.217061], [106.9347969, -6.217152]], [[106.9301743, -6.2167016], [106.9297188, -6.2166417], [106.9292216, -6.2166009]], [[106.9286619, -6.2164009], [106.9291218, -6.2164644], [106.9292313, -6.2164761]], [[106.9251172, -6.2160178], [106.9286619, -6.2164009]], [[106.9234155, -6.2157866], [106.9236606, -6.2158162], [106.9237388, -6.215826]], [[106.9310623, -6.2168151], [106.9308314, -6.2167851], [106.9305111, -6.2167434], [106.9301743, -6.2167016]], [[106.9313424, -6.2168536], [106.9311851, -6.2168289], [106.9310623, -6.2168151]], [[106.9317879, -6.2169002], [106.9313424, -6.2168536]], [[106.9243326, -6.2160252], [106.9239557, -6.2159675]], [[106.9756912, -6.2224049], [106.976124, -6.2226185]], [[106.9756912, -6.2224049], [106.9759329, -6.2224492], [106.9760174, -6.2225092], [106.976124, -6.2226185]], [[106.976124, -6.2226185], [106.9764701, -6.2225566]], [[106.8943579, -6.213475], [106.8942124, -6.2134727], [106.8941403, -6.213458]], [[106.8956249, -6.2134889], [106.89535, -6.2134813], [106.8950684, -6.2134885], [106.8943579, -6.213475]], [[106.8938328, -6.2132994], [106.8939623, -6.2133039]], [[106.8924898, -6.2132975], [106.8929717, -6.2133085], [106.8938328, -6.2132994]], [[106.9070649, -6.2138654], [106.9067874, -6.2138328]], [[106.9100371, -6.214222], [106.9070649, -6.2138654]], [[106.9066783, -6.2136992], [106.9067953, -6.2137118], [106.9068082, -6.2137132]], [[106.9068082, -6.2137132], [106.910063, -6.2141153]], [[106.9448857, -6.2185563], [106.9446157, -6.2185324], [106.9437213, -6.2184066]], [[106.9435744, -6.2181475], [106.9452197, -6.2183724]], [[106.976124, -6.2226185], [106.976233, -6.2227403]], [[106.9271847, -6.2163344], [106.9248538, -6.2160766]], [[106.9379767, -6.2177432], [106.937832, -6.2177373], [106.9369625, -6.2176297], [106.9354401, -6.2174344]], [[106.9403945, -6.2179299], [106.9394174, -6.2178413]], [[106.9467503, -6.2185284], [106.9485378, -6.2188307]], [[106.9467131, -6.2187969], [106.946277, -6.2187389], [106.945631, -6.218645]], [[106.9248341, -6.2159545], [106.9248528, -6.2159604]], [[106.9347969, -6.217152], [106.9352008, -6.2172421]], [[106.9248528, -6.2159604], [106.9249291, -6.2159791], [106.9251172, -6.2160178]], [[106.8995198, -6.2135889], [106.8991562, -6.2135817]], [[106.8997832, -6.2135942], [106.8996954, -6.2135924]], [[106.9017288, -6.2136552], [106.9016487, -6.2136522]], [[106.9016487, -6.2136522], [106.9015994, -6.2136504], [106.9013831, -6.2136424]], [[106.9019291, -6.2136625], [106.901764, -6.2136565], [106.9017288, -6.2136552]], [[106.9033748, -6.2136831], [106.9019291, -6.2136625]], [[106.9004418, -6.2136275], [106.90014, -6.2136207]], [[106.8941403, -6.213458], [106.8939638, -6.2134592]], [[106.8867597, -6.2144597], [106.8866923, -6.2144648]], [[106.9491658, -6.2189138], [106.9527045, -6.2195111]], [[106.9527045, -6.2195111], [106.9529399, -6.2195596], [106.9531384, -6.2195932]], [[106.9523862, -6.2195117], [106.9508582, -6.2193048]], [[106.9531025, -6.2196931], [106.9526831, -6.2195978]], [[106.9764701, -6.2225566], [106.9760147, -6.2227528]], [[106.8959356, -6.2133637], [106.900599, -6.2134907]], [[106.9005043, -6.2136344], [106.9004418, -6.2136275]], [[106.9013831, -6.2136424], [106.9005043, -6.2136344]], [[106.900599, -6.2134907], [106.9009914, -6.2134945]], [[106.9502595, -6.2200054], [106.950178, -6.2202619]], [[106.9381791, -6.2177566], [106.9380178, -6.2177481], [106.9379767, -6.2177432]], [[106.9531384, -6.2195932], [106.9551298, -6.2196452]], [[106.9550825, -6.2197694], [106.9531025, -6.2196931]], [[106.9526831, -6.2195978], [106.9524321, -6.21952], [106.9523862, -6.2195117]]]}, "properties": {"id": "rd-74", "name": "Jalan I Gusti Ngurah Rai", "route_name": "Jalan I Gusti Ngurah Rai", "highway": "primary", "mode": "road", "status": "context", "status_label": "Jalan - konteks", "source": "OpenStreetMap", "source_type": "osm", "license": "ODbL"}}, {"type": "Feature", "id": "rd-75", "geometry": {"type": "MultiLineString", "coordinates": [[[106.9965898, -6.2351712], [106.9982965, -6.2363432]], [[106.7555997, -6.3097659], [106.7534612, -6.3120185], [106.751979, -6.3121678]], [[106.7555323, -6.3097555], [106.7562941, -6.3070656], [106.7619183, -6.3008164]], [[106.7666269, -6.2908033], [106.7658937, -6.2917849], [106.7652611, -6.2936184]], [[106.9945158, -6.2340297], [106.9940449, -6.2339243], [106.9939419, -6.233904]], [[106.7651021, -6.2938835], [106.765813, -6.2917775], [106.7665856, -6.2907299]], [[106.7619421, -6.300925], [106.7570017, -6.30639]], [[107.0016878, -6.2384138], [107.0002315, -6.2377322]], [[107.0041935, -6.2417788], [107.0091644, -6.246522]], [[106.9935869, -6.23373], [106.9940228, -6.2338257], [106.9942123, -6.2338897], [106.9945158, -6.2340297]], [[107.000228, -6.2375327], [107.0016878, -6.2384138]], [[106.9994379, -6.2371946], [107.0000801, -6.2375217]], [[107.0017683, -6.2385189], [107.0016878, -6.2384138]], [[107.0036609, -6.2408824], [107.0037656, -6.240983]], [[107.0041935, -6.2417788], [107.0041148, -6.2417102], [107.0040659, -6.2416702]], [[107.0037656, -6.240983], [107.0041935, -6.2417788]], [[107.0036609, -6.2408824], [107.0022185, -6.2390909]], [[107.0036977, -6.2410874], [107.0036609, -6.2408824]], [[106.9988455, -6.2367437], [106.9989832, -6.2368441], [106.9992895, -6.2370758], [106.9994379, -6.2371946]], [[106.751975, -6.3121021], [106.7534802, -6.3119182], [106.7555323, -6.3097555]], [[106.7707269, -6.2891654], [106.7694406, -6.2892809]], [[107.0151405, -6.2493675], [107.016687, -6.2489463]], [[106.7668231, -6.2905146], [106.7697562, -6.2891382]], [[106.7665856, -6.2907299], [106.7668231, -6.2905146]], [[106.7668801, -6.2905925], [106.7667555, -6.2906988], [106.7666269, -6.2908033]], [[106.7694406, -6.2892809], [106.7668801, -6.2905925]], [[106.9945158, -6.2340297], [106.9965898, -6.2351712]], [[107.0136753, -6.2491903], [107.0113497, -6.2479248]], [[107.0142417, -6.2493483], [107.0151405, -6.2493675]], [[107.0113915, -6.2478582], [107.0136753, -6.2491903]], [[106.7697562, -6.2891382], [106.7698924, -6.2891146], [106.7700687, -6.2890891], [106.7702691, -6.289072]], [[106.9939419, -6.233904], [106.9935765, -6.233833]], [[107.0000216, -6.2376739], [106.9997874, -6.2375466], [106.9995566, -6.2373483], [106.9994379, -6.2371946]], [[106.7710406, -6.2891654], [106.7707269, -6.2891654]], [[106.7655028, -6.2966247], [106.7625336, -6.3002798]], [[106.7623601, -6.3003418], [106.7654378, -6.296574]], [[106.7570017, -6.30639], [106.7565774, -6.3068521]], [[106.7565774, -6.3068521], [106.7555997, -6.3097659]], [[106.9985582, -6.2365306], [106.9988455, -6.2367437]], [[106.9982965, -6.2363432], [106.9985582, -6.2365306]], [[106.7654378, -6.296574], [106.7654448, -6.2958668]], [[106.7655152, -6.2958669], [106.7655028, -6.2966247]], [[106.7625336, -6.3002798], [106.7623188, -6.3005077], [106.7620853, -6.3007554]], [[106.7620486, -6.3006702], [106.7621841, -6.3005274], [106.7623601, -6.3003418]], [[106.7654448, -6.2958668], [106.7650656, -6.2945518]], [[106.765128, -6.2945552], [106.7655152, -6.2958669]], [[107.0040659, -6.2416702], [107.0036977, -6.2410874]], [[106.7650965, -6.2939225], [106.7651021, -6.2938835]], [[106.7709742, -6.2892557], [106.7694406, -6.2892809]], [[106.7652611, -6.2936184], [106.7652474, -6.293667], [106.7651771, -6.2939158]], [[106.7650656, -6.2945518], [106.7650636, -6.2944765], [106.765067, -6.2944012], [106.7650965, -6.2939225]], [[106.7651771, -6.2939158], [106.7651293, -6.2944312], [106.7651273, -6.2944872], [106.765128, -6.2945552]], [[106.7619183, -6.3008164], [106.7620486, -6.3006702]], [[106.7620853, -6.3007554], [106.7619421, -6.300925]], [[107.0138484, -6.2492426], [107.0142417, -6.2493483]], [[107.016687, -6.2489463], [107.0168879, -6.2488722]], [[107.0017683, -6.2385189], [107.0019975, -6.2388171]], [[107.0019975, -6.2388171], [107.0021596, -6.2390163], [107.0022185, -6.2390909]], [[107.0136753, -6.2491903], [107.0138484, -6.2492426]]]}, "properties": {"id": "rd-75", "name": "Jalan Insinyur Haji Juanda", "route_name": "Jalan Insinyur Haji Juanda", "highway": "trunk", "mode": "road", "status": "context", "status_label": "Jalan - konteks", "source": "OpenStreetMap", "source_type": "osm", "license": "ODbL"}}, {"type": "Feature", "id": "rd-76", "geometry": {"type": "MultiLineString", "coordinates": [[[107.0209189, -6.2617959], [107.0191078, -6.2610088]], [[107.0191078, -6.2610088], [107.0189299, -6.2609276]], [[107.0191367, -6.2608874], [107.0209189, -6.2617959]], [[107.018987, -6.260847], [107.0191367, -6.2608874]]]}, "properties": {"id": "rd-76", "name": "Jalan Inspeksi Kalimalang", "route_name": "Jalan Inspeksi Kalimalang", "highway": "primary", "mode": "road", "status": "context", "status_label": "Jalan - konteks", "source": "OpenStreetMap", "source_type": "osm", "license": "ODbL"}}, {"type": "Feature", "id": "rd-77", "geometry": {"type": "MultiLineString", "coordinates": [[[106.9136472, -6.2485559], [106.9102536, -6.2479326]], [[106.8894639, -6.2398269], [106.888552, -6.2398647], [106.887261, -6.2399311]], [[106.9049621, -6.246395], [106.9012251, -6.2450538]], [[106.8914266, -6.2398306], [106.8905424, -6.2398253], [106.8903892, -6.2398244]], [[106.908858, -6.2474914], [106.9073368, -6.2471251]], [[106.8841785, -6.2399052], [106.8809553, -6.2400458]], [[106.8809553, -6.2400458], [106.8804921, -6.2401226]], [[106.9138058, -6.248246], [106.9136472, -6.2485559]], [[106.8858052, -6.2399517], [106.8847656, -6.2400554]], [[106.887261, -6.2399311], [106.8870453, -6.2399312], [106.8865664, -6.2399229], [106.8858052, -6.2399517]], [[106.8903892, -6.2398244], [106.8900794, -6.2398312], [106.8894639, -6.2398269]], [[106.8847656, -6.2400554], [106.8841785, -6.2399052]], [[106.9073368, -6.2471251], [106.9066759, -6.246981]], [[106.9012251, -6.2450538], [106.9012256, -6.2450075], [106.9012588, -6.244897]], [[106.9013217, -6.2447166], [106.9013419, -6.2446416]], [[106.9012588, -6.244897], [106.9013217, -6.2447166]], [[106.9066759, -6.246981], [106.9049621, -6.246395]], [[106.9138341, -6.2481745], [106.9138058, -6.248246]], [[106.9101324, -6.2478852], [106.908858, -6.2474914]], [[106.9102536, -6.2479326], [106.9101324, -6.2478852]], [[106.9138376, -6.2481657], [106.9138341, -6.2481745]]]}, "properties": {"id": "rd-77", "name": "Jalan Inspeksi Tarum Barat", "route_name": "Jalan Inspeksi Tarum Barat", "highway": "primary", "mode": "road", "status": "context", "status_label": "Jalan - konteks", "source": "OpenStreetMap", "source_type": "osm", "license": "ODbL"}}, {"type": "Feature", "id": "rd-78", "geometry": {"type": "MultiLineString", "coordinates": [[[107.0168879, -6.2488722], [107.0184652, -6.2479929], [107.0196167, -6.2478921], [107.0242168, -6.2494292]], [[107.0238472, -6.2495509], [107.0204682, -6.2481239], [107.0184239, -6.2480722]], [[107.0184239, -6.2480722], [107.0169199, -6.248926]], [[107.0154021, -6.2499075], [107.0168879, -6.2488722]]]}, "properties": {"id": "rd-78", "name": "Jalan Ir. H. Juanda", "route_name": "Jalan Ir. H. Juanda", "highway": "trunk", "mode": "road", "status": "context", "status_label": "Jalan - konteks", "source": "OpenStreetMap", "source_type": "osm", "license": "ODbL"}}, {"type": "Feature", "id": "rd-79", "geometry": {"type": "MultiLineString", "coordinates": [[[106.803321, -6.2437417], [106.8041685, -6.2448783]], [[106.8042855, -6.2452369], [106.8027703, -6.2433013]], [[106.8044536, -6.2452718], [106.8045096, -6.2453493], [106.804776, -6.2457133]], [[106.8059954, -6.2475305], [106.8059425, -6.2474592]], [[106.8030176, -6.2433487], [106.803321, -6.2437417]], [[106.804776, -6.2457133], [106.8060872, -6.2474269]], [[106.8041685, -6.2448783], [106.8043768, -6.2451637], [106.8044101, -6.2452097]], [[106.8055949, -6.2469927], [106.8044197, -6.2454163], [106.8043738, -6.2453563]], [[106.8059425, -6.2474592], [106.8057996, -6.2472674], [106.8055949, -6.2469927]], [[106.8044101, -6.2452097], [106.8044536, -6.2452718]], [[106.804348, -6.2453193], [106.8042855, -6.2452369]], [[106.8029065, -6.2432149], [106.8030176, -6.2433487]], [[106.8043738, -6.2453563], [106.804348, -6.2453193]]]}, "properties": {"id": "rd-79", "name": "Jalan Iskandarsyah Raya", "route_name": "Jalan Iskandarsyah Raya", "highway": "primary", "mode": "road", "status": "context", "status_label": "Jalan - konteks", "source": "OpenStreetMap", "source_type": "osm", "license": "ODbL"}}, {"type": "Feature", "id": "rd-80", "geometry": {"type": "MultiLineString", "coordinates": [[[106.786187, -6.2359227], [106.7882707, -6.2366912]], [[106.7859996, -6.2358529], [106.786187, -6.2359227]], [[106.784826, -6.2357168], [106.7859996, -6.2358529]], [[106.7845886, -6.2357545], [106.784826, -6.2357168]]]}, "properties": {"id": "rd-80", "name": "Jalan Jamblang", "route_name": "Jalan Jamblang", "highway": "primary", "mode": "road", "status": "context", "status_label": "Jalan - konteks", "source": "OpenStreetMap", "source_type": "osm", "license": "ODbL"}}, {"type": "Feature", "id": "rd-81", "geometry": {"type": "MultiLineString", "coordinates": [[[106.8995543, -6.1079973], [106.8973939, -6.1077594]], [[106.905545, -6.1087373], [106.9047578, -6.1086333], [106.9045445, -6.1086093]], [[106.9070179, -6.1088561], [106.9064799, -6.1088453]], [[106.9077733, -6.1088921], [106.9074527, -6.108878], [106.9070823, -6.1088587], [106.9070179, -6.1088561]], [[106.9064935, -6.1085279], [106.9071751, -6.1085597]], [[106.9063966, -6.1085186], [106.9064935, -6.1085279]], [[106.8973939, -6.1077594], [106.8963417, -6.1076892]], [[106.8973267, -6.1075099], [106.8989468, -6.1076792]], [[106.8963873, -6.1074265], [106.8968962, -6.1074652], [106.8973267, -6.1075099]], [[106.9025885, -6.1080506], [106.904761, -6.1083579]], [[106.896923, -6.1074359], [106.9025885, -6.1080506]], [[106.8963863, -6.1073904], [106.8965247, -6.1073985], [106.896923, -6.1074359]], [[106.8989468, -6.1076792], [106.9025349, -6.1080799]], [[106.9064932, -6.1085547], [106.9071798, -6.1085953]], [[106.9050971, -6.1083975], [106.9064932, -6.1085547]], [[106.902723, -6.1081063], [106.904761, -6.1083579]], [[106.9025349, -6.1080799], [106.902723, -6.1081063]], [[106.9034516, -6.1084684], [106.8995543, -6.1079973]], [[106.9061425, -6.108794], [106.9057863, -6.1087657], [106.9056949, -6.1087587], [106.905545, -6.1087373]], [[106.9078624, -6.108853], [106.9076619, -6.1088454]], [[106.9064799, -6.1088453], [106.9063719, -6.1088366]], [[106.9070256, -6.108804], [106.9064811, -6.1087755]], [[106.9064811, -6.1087755], [106.9063767, -6.1087719]], [[106.9076619, -6.1088454], [106.9075245, -6.10884], [106.907381, -6.1088334], [106.9070256, -6.108804]], [[106.9063719, -6.1088366], [106.9061425, -6.108794]], [[106.9063767, -6.1087719], [106.9061425, -6.108794]], [[106.9050971, -6.1083975], [106.9051568, -6.1083784], [106.905708, -6.1084403], [106.9063966, -6.1085186]], [[106.904761, -6.1083579], [106.9050971, -6.1083975]], [[106.9040555, -6.1085352], [106.9034516, -6.1084684]], [[106.9045445, -6.1086093], [106.9040555, -6.1085352]]]}, "properties": {"id": "rd-81", "name": "Jalan Jampea", "route_name": "Jalan Jampea", "highway": "trunk", "mode": "road", "status": "context", "status_label": "Jalan - konteks", "source": "OpenStreetMap", "source_type": "osm", "license": "ODbL"}}, {"type": "Feature", "id": "rd-83", "geometry": {"type": "MultiLineString", "coordinates": [[[106.9099418, -6.2573359], [106.9097638, -6.2560866]], [[106.9138374, -6.282552], [106.9112607, -6.2652954]], [[106.9098997, -6.2561037], [106.9100258, -6.2570145], [106.9100511, -6.2571977], [106.9100701, -6.2573346]], [[106.9138374, -6.282552], [106.9140248, -6.2840955]], [[106.9103645, -6.2596534], [106.9102041, -6.2586801]], [[106.9097638, -6.2560866], [106.9087366, -6.2497908], [106.9083318, -6.2488132], [106.9073941, -6.2478433]], [[106.9083468, -6.2486871], [106.9089769, -6.250367], [106.9097481, -6.2553227]], [[106.9100701, -6.2573346], [106.9101274, -6.2576818], [106.9101148, -6.2577998], [106.9100979, -6.2579098]], [[106.9100979, -6.2579098], [106.9100225, -6.2578131], [106.9099948, -6.2576625], [106.9099418, -6.2573359]], [[106.9074108, -6.2473305], [106.907815, -6.2481598]], [[106.9073941, -6.2478433], [106.9071068, -6.247484]], [[106.9068542, -6.2472064], [106.906841, -6.2471917]], [[106.9112607, -6.2652954], [106.9103645, -6.2596534]], [[106.9071068, -6.247484], [106.9069919, -6.2473604], [106.9068542, -6.2472064]], [[106.9140248, -6.2840955], [106.9138954, -6.2845274]], [[106.9066759, -6.246981], [106.9065774, -6.2467439]], [[106.906841, -6.2471917], [106.9068021, -6.2471414]], [[106.9072615, -6.2468879], [106.9073287, -6.2471003], [106.9073322, -6.2471103], [106.9073368, -6.2471251]], [[106.9101258, -6.2580785], [106.9101062, -6.2579663], [106.9100979, -6.2579098]], [[106.9102041, -6.2586801], [106.9101574, -6.2583211], [106.9101258, -6.2580785]], [[106.9098077, -6.2555519], [106.9098513, -6.2557782], [106.9098716, -6.2559222], [106.9098997, -6.2561037]], [[106.9097481, -6.2553227], [106.9098077, -6.2555519]], [[106.9068021, -6.2471414], [106.9067462, -6.2470703], [106.9066759, -6.246981]], [[106.9064503, -6.2463427], [106.9064132, -6.2462467]], [[106.9073368, -6.2471251], [106.9073728, -6.2472249], [106.9074108, -6.2473305]], [[106.9070906, -6.2464082], [106.9071126, -6.2464732], [106.9071353, -6.24654]], [[106.9064839, -6.2464358], [106.9064646, -6.2463831], [106.9064612, -6.2463735], [106.9064503, -6.2463427]], [[106.9065774, -6.2467439], [106.9064839, -6.2464358]], [[106.9071353, -6.24654], [106.90714, -6.2465531], [106.907143, -6.2465615], [106.9071553, -6.2465982]], [[106.9071553, -6.2465982], [106.9072615, -6.2468879]], [[106.907815, -6.2481598], [106.9082554, -6.2485756], [106.9083468, -6.2486871]]]}, "properties": {"id": "rd-83", "name": "Jalan Jati Waringin", "route_name": "Jalan Jati Waringin", "highway": "primary", "mode": "road", "status": "context", "status_label": "Jalan - konteks", "source": "OpenStreetMap", "source_type": "osm", "license": "ODbL"}}, {"type": "Feature", "id": "rd-84", "geometry": {"type": "MultiLineString", "coordinates": [[[106.8110917, -6.1849518], [106.811469, -6.1884785]], [[106.8130906, -6.1827215], [106.8132602, -6.1825771]], [[106.8137122, -6.1822229], [106.8136314, -6.1824343]], [[106.8150372, -6.1815182], [106.8164241, -6.181711]], [[106.8126252, -6.1832309], [106.8119838, -6.1838035], [106.81172, -6.1840388]], [[106.8146188, -6.1816816], [106.8150372, -6.1815182]], [[106.814419, -6.1817792], [106.8144994, -6.1817376]], [[106.8127693, -6.1831411], [106.8116975, -6.1841389]], [[106.8114007, -6.1884827], [106.8110893, -6.1856878]], [[106.811469, -6.1884785], [106.8115953, -6.18861]], [[106.8114495, -6.1843548], [106.8110917, -6.1849518]], [[106.8110117, -6.1849538], [106.8110082, -6.1848854], [106.8110139, -6.1848225], [106.8110247, -6.1847642]], [[106.8131624, -6.1828236], [106.8127693, -6.1831411]], [[106.8164241, -6.181711], [106.8166532, -6.1818082], [106.8167182, -6.1818349], [106.8168088, -6.1818702]], [[106.8126019, -6.1831451], [106.812798, -6.1829723], [106.8130273, -6.1827754]], [[106.8127693, -6.1831411], [106.8127038, -6.1831754], [106.8126252, -6.1832309]], [[106.81172, -6.1840388], [106.8104414, -6.1850147], [106.8089459, -6.1861035]], [[106.8137122, -6.1822229], [106.814419, -6.1817792]], [[106.8134453, -6.1825963], [106.8131624, -6.1828236]], [[106.8132602, -6.1825771], [106.8135395, -6.1823538], [106.8135805, -6.182321]], [[106.8116975, -6.1841389], [106.8115403, -6.1842749], [106.8114495, -6.1843548]], [[106.8135805, -6.182321], [106.8137122, -6.1822229]], [[106.8136314, -6.1824343], [106.8135991, -6.1824624], [106.8134453, -6.1825963]], [[106.8144994, -6.1817376], [106.8145472, -6.1817143], [106.8146188, -6.1816816]], [[106.8110893, -6.1856878], [106.8110162, -6.1850013], [106.8110117, -6.1849538]], [[106.8130273, -6.1827754], [106.8130906, -6.1827215]], [[106.8114222, -6.188708], [106.8114007, -6.1884827]]]}, "properties": {"id": "rd-84", "name": "Jalan Jatibaru", "route_name": "Jalan Jatibaru", "highway": "primary", "mode": "road", "status": "context", "status_label": "Jalan - konteks", "source": "OpenStreetMap", "source_type": "osm", "license": "ODbL"}}, {"type": "Feature", "id": "rd-85", "geometry": {"type": "MultiLineString", "coordinates": [[[106.8119782, -6.1836295], [106.8130273, -6.1827754]], [[106.8110247, -6.1847642], [106.8113191, -6.1842133]], [[106.8113191, -6.1842133], [106.8113839, -6.184154], [106.8115724, -6.1839872], [106.8116995, -6.1838798]], [[106.8116995, -6.1838798], [106.8119782, -6.1836295]]]}, "properties": {"id": "rd-85", "name": "Jalan Jatibaru Raya", "route_name": "Jalan Jatibaru Raya", "highway": "primary", "mode": "road", "status": "context", "status_label": "Jalan - konteks", "source": "OpenStreetMap", "source_type": "osm", "license": "ODbL"}}, {"type": "Feature", "id": "rd-86", "geometry": {"type": "MultiLineString", "coordinates": [[[106.8661095, -6.2237014], [106.8641783, -6.218534], [106.8638796, -6.2163897], [106.8619712, -6.2145227], [106.8614975, -6.2136249]], [[106.8646202, -6.2194054], [106.863942, -6.2162827], [106.8614975, -6.2136249]], [[106.8664257, -6.224337], [106.8655147, -6.2213777]], [[106.86646, -6.2248222], [106.8663172, -6.2243642]], [[106.8663014, -6.2243225], [106.8661095, -6.2237014]], [[106.86651, -6.2249606], [106.86646, -6.2248222]], [[106.8663172, -6.2243642], [106.8663014, -6.2243225]], [[106.8655147, -6.2213777], [106.8646202, -6.2194054]]]}, "properties": {"id": "rd-86", "name": "Jalan Jatinegara Barat Raya", "route_name": "Jalan Jatinegara Barat Raya", "highway": "primary", "mode": "road", "status": "context", "status_label": "Jalan - konteks", "source": "OpenStreetMap", "source_type": "osm", "license": "ODbL"}}, {"type": "Feature", "id": "rd-87", "geometry": {"type": "MultiLineString", "coordinates": [[[106.8680449, -6.2212373], [106.8679898, -6.2232178], [106.8676144, -6.2239695]], [[106.8657066, -6.2152762], [106.8662692, -6.2157574]], [[106.8662692, -6.2157574], [106.8669889, -6.2170333]], [[106.8675225, -6.2182225], [106.8676372, -6.2185519], [106.8676992, -6.2187166], [106.8677175, -6.2187595]], [[106.8672356, -6.2248602], [106.8670857, -6.2251417]], [[106.8680625, -6.2209017], [106.8680449, -6.2212373]], [[106.8669889, -6.2170333], [106.8680801, -6.2200978], [106.8680625, -6.2209017]], [[106.8677175, -6.2187595], [106.868214, -6.2202], [106.8681647, -6.2222346]], [[106.8664237, -6.2158119], [106.8675225, -6.2182225]], [[106.8676144, -6.2239695], [106.867438, -6.2243306], [106.8674235, -6.2244109]], [[106.8674125, -6.2245631], [106.8672356, -6.2248602]], [[106.8674235, -6.2244109], [106.8674206, -6.2244417], [106.8674125, -6.2245631]], [[106.8675147, -6.2243934], [106.8674125, -6.2245631]], [[106.8678282, -6.2238533], [106.8677334, -6.2240278], [106.8676801, -6.2241172], [106.8676616, -6.2241481]], [[106.8681647, -6.2222346], [106.8678282, -6.2238533]], [[106.8676616, -6.2241481], [106.8675147, -6.2243934]]]}, "properties": {"id": "rd-87", "name": "Jalan Jatinegara Timur", "route_name": "Jalan Jatinegara Timur", "highway": "primary", "mode": "road", "status": "context", "status_label": "Jalan - konteks", "source": "OpenStreetMap", "source_type": "osm", "license": "ODbL"}}, {"type": "Feature", "id": "rd-88", "geometry": {"type": "MultiLineString", "coordinates": [[[106.7933535, -6.1418508], [106.7930796, -6.1384624]], [[106.7929516, -6.1357198], [106.7932073, -6.1384629]], [[106.7930796, -6.1384624], [106.7929372, -6.1371021]], [[106.7932073, -6.1384629], [106.7934646, -6.1417609]], [[106.7928839, -6.1344059], [106.7929385, -6.1355725], [106.7929511, -6.1357144]], [[106.7928382, -6.1356979], [106.7927681, -6.1350519], [106.7927016, -6.1341827]], [[106.7929042, -6.1340746], [106.7928768, -6.1342444], [106.7928839, -6.1344059]], [[106.7929372, -6.1371021], [106.7928392, -6.1357124]], [[106.7927016, -6.1341827], [106.7926503, -6.1339784]]]}, "properties": {"id": "rd-88", "name": "Jalan Jembatan Dua", "route_name": "Jalan Jembatan Dua", "highway": "trunk", "mode": "road", "status": "context", "status_label": "Jalan - konteks", "source": "OpenStreetMap", "source_type": "osm", "license": "ODbL"}}, {"type": "Feature", "id": "rd-89", "geometry": {"type": "MultiLineString", "coordinates": [[[106.7935658, -6.1445284], [106.793452, -6.1432808], [106.7934353, -6.1430982]], [[106.7934646, -6.1417609], [106.7935889, -6.1432765], [106.7936286, -6.1436458], [106.7937183, -6.1445055]], [[106.7937463, -6.1448463], [106.7938546, -6.1452491]], [[106.7934353, -6.1430982], [106.7933535, -6.1418508]], [[106.7937183, -6.1445055], [106.7937463, -6.1448463]], [[106.7935925, -6.1448392], [106.7935658, -6.1445284]]]}, "properties": {"id": "rd-89", "name": "Jalan Jembatan Dua Flyover", "route_name": "Jalan Jembatan Dua Flyover", "highway": "trunk", "mode": "road", "status": "context", "status_label": "Jalan - konteks", "source": "OpenStreetMap", "source_type": "osm", "license": "ODbL"}}, {"type": "Feature", "id": "rd-90", "geometry": {"type": "MultiLineString", "coordinates": [[[106.793214, -6.1371623], [106.7932242, -6.1372837]], [[106.7932248, -6.1414962], [106.7928706, -6.137364]], [[106.7936417, -6.1427224], [106.7936476, -6.1427792], [106.7936534, -6.1428318]], [[106.7936322, -6.1425959], [106.7936417, -6.1427224]], [[106.7933293, -6.1427756], [106.7933149, -6.142629]], [[106.7933538, -6.1429969], [106.7933396, -6.1428588]], [[106.7936534, -6.1428318], [106.7936704, -6.1429657]], [[106.7933396, -6.1428588], [106.7933319, -6.1427966], [106.7933293, -6.1427756]], [[106.7928623, -6.1372714], [106.7928576, -6.1372493]], [[106.7932433, -6.1375073], [106.7934321, -6.1399562]], [[106.7932242, -6.1372837], [106.7932294, -6.1373449]], [[106.7932051, -6.1370958], [106.793214, -6.1371623]], [[106.7928706, -6.137364], [106.7928623, -6.1372714]], [[106.7928576, -6.1372493], [106.7928517, -6.1371589]], [[106.7935706, -6.1417527], [106.7936058, -6.1422016], [106.7936279, -6.1425323], [106.7936322, -6.1425959]], [[106.7932294, -6.1373449], [106.7932433, -6.1375073]], [[106.7933149, -6.142629], [106.7933098, -6.1425647], [106.7932452, -6.1417561], [106.7932248, -6.1414962]], [[106.7935467, -6.1414575], [106.7935706, -6.1417527]], [[106.7934321, -6.1399562], [106.7934835, -6.1406225], [106.7935213, -6.1411135], [106.7935467, -6.1414575]]]}, "properties": {"id": "rd-90", "name": "Jalan Jembatan Dua Timur", "route_name": "Jalan Jembatan Dua Timur", "highway": "primary", "mode": "road", "status": "context", "status_label": "Jalan - konteks", "source": "OpenStreetMap", "source_type": "osm", "license": "ODbL"}}, {"type": "Feature", "id": "rd-93", "geometry": {"type": "MultiLineString", "coordinates": [[[106.7922882, -6.1271505], [106.7925979, -6.1301452]], [[106.7923143, -6.1303859], [106.7920248, -6.1273357]], [[106.7928157, -6.132617], [106.792838, -6.1329579], [106.7928429, -6.1330454]], [[106.7928429, -6.1330454], [106.7929042, -6.1340746]], [[106.7925421, -6.1329906], [106.792536, -6.1329165], [106.7925108, -6.132604]], [[106.7926503, -6.1339784], [106.7925421, -6.1329906]], [[106.7929042, -6.1340746], [106.7931092, -6.1360389]], [[106.7928517, -6.1371589], [106.7926488, -6.1344658]], [[106.7922747, -6.1270128], [106.7922882, -6.1271505]], [[106.7931092, -6.1360389], [106.7931939, -6.1369408], [106.7932051, -6.1370958]], [[106.7926488, -6.1344658], [106.7926387, -6.1343082], [106.792628, -6.1341757], [106.7926503, -6.1339784]], [[106.7919877, -6.1269133], [106.7919783, -6.1268168]], [[106.7922569, -6.1268604], [106.7922688, -6.1269529]], [[106.7920248, -6.1273357], [106.7920083, -6.12712], [106.7919961, -6.1269972]], [[106.7925108, -6.132604], [106.7925099, -6.1325772], [106.7924695, -6.1320508]], [[106.7924695, -6.1320508], [106.7924628, -6.1319728], [106.7924483, -6.1317979]], [[106.7925979, -6.1301452], [106.7927602, -6.1319871]], [[106.7924483, -6.1317979], [106.7923143, -6.1303859]], [[106.7927602, -6.1319871], [106.792789, -6.132314], [106.7928157, -6.132617]], [[106.7922688, -6.1269529], [106.7922747, -6.1270128]], [[106.7919961, -6.1269972], [106.7919877, -6.1269133]]]}, "properties": {"id": "rd-93", "name": "Jalan Jembatan Tiga Raya", "route_name": "Jalan Jembatan Tiga Raya", "highway": "trunk", "mode": "road", "status": "context", "status_label": "Jalan - konteks", "source": "OpenStreetMap", "source_type": "osm", "license": "ODbL"}}, {"type": "Feature", "id": "rd-94", "geometry": {"type": "MultiLineString", "coordinates": [[[106.813163, -6.1892686], [106.8127949, -6.1900248]], [[106.8127491, -6.1886126], [106.813163, -6.1892686]], [[106.8116871, -6.1896272], [106.8113393, -6.1889574]], [[106.8132559, -6.1886304], [106.8131737, -6.188902]], [[106.8113393, -6.1889574], [106.8114222, -6.188708]], [[106.8131737, -6.188902], [106.8131778, -6.1891613], [106.8131751, -6.189196], [106.813163, -6.1892686]], [[106.8127949, -6.1900248], [106.8121853, -6.1900405], [106.8116871, -6.1896272]]]}, "properties": {"id": "rd-94", "name": "Jalan Jembatan Tinggi", "route_name": "Jalan Jembatan Tinggi", "highway": "primary", "mode": "road", "status": "context", "status_label": "Jalan - konteks", "source": "OpenStreetMap", "source_type": "osm", "license": "ODbL"}}, {"type": "Feature", "id": "rd-95", "geometry": {"type": "MultiLineString", "coordinates": [[[106.8751875, -6.1922224], [106.8751775, -6.1922918], [106.8751645, -6.1923681]], [[106.8754828, -6.1818827], [106.8758194, -6.177897]], [[106.8791124, -6.166325], [106.879106, -6.1663391], [106.8787483, -6.1670844], [106.8783838, -6.1680052]], [[106.8761936, -6.1763256], [106.8758316, -6.181916]], [[106.8782889, -6.1673753], [106.8785152, -6.1668641]], [[106.8788662, -6.1666326], [106.8780473, -6.1689626]], [[106.8790257, -6.1663232], [106.8789676, -6.1664288]], [[106.8789385, -6.1664813], [106.8789162, -6.1665247]], [[106.8789676, -6.1664288], [106.8789385, -6.1664813]], [[106.8787197, -6.1664522], [106.8787509, -6.1663946]], [[106.8787509, -6.1663946], [106.8787806, -6.1663386], [106.8788101, -6.1662829]], [[106.8751645, -6.1923681], [106.8751485, -6.1924478]], [[106.875129, -6.192547], [106.8750912, -6.1927392], [106.8750201, -6.1931045]], [[106.8749055, -6.1924199], [106.8749191, -6.1923394], [106.8749322, -6.1922564], [106.874945, -6.1921866]], [[106.8739787, -6.2073931], [106.874288, -6.2123187]], [[106.8786944, -6.1665029], [106.8787197, -6.1664522]], [[106.8775347, -6.1695543], [106.877576, -6.1693666], [106.8775929, -6.1692965], [106.8777318, -6.1687018]], [[106.8758539, -6.1780563], [106.8758513, -6.1780053], [106.8758389, -6.1779573], [106.8758194, -6.177897]], [[106.8757128, -6.1798662], [106.875751, -6.1794115], [106.8758539, -6.1780563]], [[106.8754075, -6.1840443], [106.8757128, -6.1798662]], [[106.8740493, -6.1969117], [106.8743577, -6.1951891]], [[106.8739555, -6.1973651], [106.8740376, -6.1969878]], [[106.8744895, -6.196052], [106.874429, -6.1963402]], [[106.8749697, -6.1920465], [106.8752291, -6.1892907]], [[106.8754473, -6.1902266], [106.8752115, -6.192075]], [[106.877797, -6.168599], [106.8778902, -6.1682713], [106.8780255, -6.1678436], [106.8781563, -6.1675283]], [[106.8769566, -6.1715821], [106.8773649, -6.170218]], [[106.8759548, -6.1764363], [106.8768844, -6.1718262]], [[106.8758194, -6.177897], [106.8758914, -6.1769622]], [[106.8753813, -6.1851393], [106.8754075, -6.1840443]], [[106.8781563, -6.1675283], [106.8787606, -6.1662558]], [[106.8753623, -6.1858394], [106.8753736, -6.1855478], [106.8753772, -6.1854543], [106.8753813, -6.1851393]], [[106.875265, -6.1878166], [106.8753623, -6.1858394]], [[106.8752291, -6.1892907], [106.8752354, -6.188996], [106.8752487, -6.1886886], [106.8752524, -6.188449]], [[106.8733538, -6.1998685], [106.8739555, -6.1973651]], [[106.8739629, -6.2145914], [106.8739486, -6.2141619]], [[106.8738266, -6.2117488], [106.8737997, -6.2112034]], [[106.8783838, -6.1680052], [106.8780473, -6.1689626], [106.8777797, -6.17]], [[106.8755401, -6.1882486], [106.875538, -6.1884753], [106.8755257, -6.1886632], [106.8755217, -6.1888407]], [[106.8743577, -6.1951891], [106.8748857, -6.1925283]], [[106.8777797, -6.17], [106.8775069, -6.1707984]], [[106.8745522, -6.1957297], [106.8744895, -6.196052]], [[106.8750201, -6.1931045], [106.8749061, -6.1937045], [106.8745575, -6.1956554], [106.8745522, -6.1957297]], [[106.874429, -6.1963402], [106.874357, -6.1967017], [106.8743485, -6.1967453], [106.8743111, -6.1969365]], [[106.8739486, -6.2141619], [106.8738844, -6.2128925], [106.8738266, -6.2117488]], [[106.8742952, -6.197012], [106.8740152, -6.1982961]], [[106.8738627, -6.1989496], [106.8736507, -6.1998042], [106.8735294, -6.20029]], [[106.8755143, -6.1891174], [106.8754473, -6.1902266]], [[106.8755217, -6.1888407], [106.8755143, -6.1891174]], [[106.8755705, -6.1875385], [106.8755567, -6.1878248], [106.8755558, -6.1878436], [106.8755401, -6.1882486]], [[106.8773649, -6.170218], [106.8774006, -6.1700872], [106.8775347, -6.1695543]], [[106.8775347, -6.1695543], [106.8782235, -6.1675395]], [[106.8782235, -6.1675395], [106.8782889, -6.1673753]], [[106.874288, -6.2123187], [106.8743293, -6.2133113], [106.8743344, -6.213434], [106.8744031, -6.2146222]], [[106.8740152, -6.1982961], [106.8738627, -6.1989496]], [[106.8735595, -6.2049348], [106.8731112, -6.2026739], [106.8733538, -6.1998685]], [[106.8736495, -6.2056305], [106.8736447, -6.2055241], [106.873604, -6.2052067], [106.8735595, -6.2049348]], [[106.8737954, -6.2110981], [106.8736495, -6.2056305]], [[106.8737997, -6.2112034], [106.8737954, -6.2110981]], [[106.8768844, -6.1718262], [106.8768923, -6.1717935], [106.8769566, -6.1715821]], [[106.8773795, -6.1712165], [106.8773414, -6.1712993], [106.876531, -6.1743629], [106.8764324, -6.1747608]], [[106.8785152, -6.1668641], [106.87858, -6.1667371], [106.8786534, -6.1665826]], [[106.8758914, -6.1769622], [106.8759479, -6.1764935], [106.8759548, -6.1764363]], [[106.8775069, -6.1707984], [106.8773795, -6.1712165]], [[106.8764324, -6.1747608], [106.8761936, -6.1763256]], [[106.8758316, -6.181916], [106.8755784, -6.1873355]], [[106.8743111, -6.1969365], [106.8742952, -6.197012]], [[106.8740376, -6.1969878], [106.8740493, -6.1969117]], [[106.8752537, -6.1883821], [106.8752546, -6.1883398], [106.8752585, -6.1880721]], [[106.8752524, -6.188449], [106.8752537, -6.1883821]], [[106.8754075, -6.1840443], [106.8754828, -6.1818827]], [[106.8735294, -6.20029], [106.873337, -6.2022619], [106.8739413, -6.2059498]], [[106.8739413, -6.2059498], [106.8739575, -6.2065208], [106.8739698, -6.207018], [106.8739787, -6.2073931]], [[106.8755784, -6.1873355], [106.8755705, -6.1875385]], [[106.8752585, -6.1880721], [106.875265, -6.1878166]], [[106.8752115, -6.192075], [106.8751875, -6.1922224]], [[106.874945, -6.1921866], [106.8749697, -6.1920465]], [[106.8751485, -6.1924478], [106.875129, -6.192547]], [[106.8748857, -6.1925283], [106.8749055, -6.1924199]], [[106.8789092, -6.1665398], [106.8788662, -6.1666326]], [[106.8786534, -6.1665826], [106.8786864, -6.1665185]], [[106.8777318, -6.1687018], [106.8777772, -6.1686399], [106.877797, -6.168599]], [[106.8786864, -6.1665185], [106.8786944, -6.1665029]], [[106.8789162, -6.1665247], [106.8789092, -6.1665398]]]}, "properties": {"id": "rd-95", "name": "Jalan Jenderal Ahmad Yani", "route_name": "Jalan Jenderal Ahmad Yani", "highway": "trunk", "mode": "road", "status": "context", "status_label": "Jalan - konteks", "source": "OpenStreetMap", "source_type": "osm", "license": "ODbL"}}, {"type": "Feature", "id": "rd-96", "geometry": {"type": "MultiLineString", "coordinates": [[[106.881418, -6.227094], [106.879332, -6.2259271]], [[106.8665067, -6.2246108], [106.8695108, -6.2246708]], [[106.869502, -6.2247496], [106.8664989, -6.2246827]], [[106.8704018, -6.2246224], [106.8705884, -6.2246005], [106.8708584, -6.2245741], [106.8709113, -6.2245612]], [[106.8745366, -6.2247291], [106.8751738, -6.2247044]], [[106.8745334, -6.2248546], [106.8723761, -6.224721]], [[106.8751934, -6.2248143], [106.8748577, -6.2248391], [106.8745334, -6.2248546]], [[106.8751738, -6.2247044], [106.8771903, -6.2245905]], [[106.8676616, -6.2241481], [106.8681342, -6.2245363], [106.8701257, -6.2245655]], [[106.8693973, -6.2248624], [106.8670857, -6.2251417]], [[106.8899167, -6.2294059], [106.8835215, -6.22794]], [[106.8960753, -6.2294874], [106.898009, -6.2295313]], [[106.8979155, -6.2297324], [106.8960978, -6.2296541]], [[106.8771813, -6.2246833], [106.8770754, -6.2246484], [106.8770527, -6.2246422]], [[106.8773537, -6.2247468], [106.8771813, -6.2246833]], [[106.8771903, -6.2245905], [106.8774306, -6.2246649]], [[106.8835394, -6.2278603], [106.8898938, -6.2293012]], [[106.8703295, -6.2247898], [106.8701413, -6.224804]], [[106.8709041, -6.224677], [106.8703295, -6.2247898]], [[106.8701387, -6.2247186], [106.869502, -6.2247496]], [[106.8703397, -6.2247091], [106.8701387, -6.2247186]], [[106.8699956, -6.2246444], [106.8704018, -6.2246224]], [[106.8695108, -6.2246708], [106.8699956, -6.2246444]], [[106.8664989, -6.2246827], [106.8635132, -6.2251348]], [[106.8634142, -6.2250474], [106.8665067, -6.2246108]], [[106.8834567, -6.2278337], [106.8835394, -6.2278603]], [[106.8824009, -6.2275461], [106.8834567, -6.2278337]], [[106.8964102, -6.2296735], [106.8917259, -6.2294656]], [[106.883423, -6.2279088], [106.8819064, -6.2274032]], [[106.8835215, -6.22794], [106.8834869, -6.2279298], [106.883423, -6.2279088]], [[106.8904401, -6.2292999], [106.8964155, -6.2295832]], [[106.8898938, -6.2293012], [106.8902104, -6.2293109], [106.8904401, -6.2292999]], [[106.8917259, -6.2294656], [106.8904548, -6.2293953]], [[106.8799151, -6.2260392], [106.8812077, -6.2267642]], [[106.8701413, -6.224804], [106.8701125, -6.2248063], [106.8696882, -6.2248405], [106.8693973, -6.2248624]], [[106.879332, -6.2259271], [106.8777348, -6.2249506]], [[106.8819064, -6.2274032], [106.8817081, -6.2272676], [106.8815414, -6.2271757], [106.881418, -6.227094]], [[106.872396, -6.2246381], [106.8745366, -6.2247291]], [[106.8719756, -6.224667], [106.8716691, -6.224644], [106.8713515, -6.2246407], [106.8709041, -6.224677]], [[106.8709041, -6.224677], [106.8707621, -6.2246743], [106.8703397, -6.2247091]], [[106.8980814, -6.2297323], [106.8979155, -6.2297324]], [[106.8770527, -6.2246422], [106.8751934, -6.2248143]], [[106.8774306, -6.2246649], [106.8774585, -6.224674], [106.8776187, -6.2247562], [106.8780551, -6.224977]], [[106.8796429, -6.2258944], [106.8799151, -6.2260392]], [[106.8794109, -6.2257656], [106.8796429, -6.2258944]], [[106.8792083, -6.2256344], [106.8794109, -6.2257656]], [[106.8780551, -6.224977], [106.8792083, -6.2256344]], [[106.8812077, -6.2267642], [106.8814684, -6.2269293], [106.8817844, -6.2271381], [106.8820483, -6.2273283]], [[106.8820483, -6.2273283], [106.882165, -6.2274019], [106.8823173, -6.2274891], [106.8824009, -6.2275461]], [[106.898009, -6.2295313], [106.8981204, -6.2295465], [106.8981738, -6.2295489]], [[106.8701257, -6.2245655], [106.8702538, -6.2245577]], [[106.8702663, -6.2245569], [106.8707125, -6.2245503], [106.8708601, -6.2245507], [106.8709113, -6.2245612]], [[106.8709113, -6.2245612], [106.8713614, -6.2245066], [106.8716576, -6.2245079], [106.8719276, -6.2245305]], [[106.8904548, -6.2293953], [106.8902646, -6.2294157], [106.8899848, -6.229419], [106.8899167, -6.2294059]], [[106.8777348, -6.2249506], [106.877705, -6.2249332], [106.877568, -6.2248517], [106.8773537, -6.2247468]], [[106.8723761, -6.224721], [106.872168, -6.2246824], [106.8720362, -6.2246669], [106.8719756, -6.224667]], [[106.8719276, -6.2245305], [106.8719889, -6.2245508], [106.8722023, -6.2245991], [106.872396, -6.2246381]], [[106.8702538, -6.2245577], [106.8702663, -6.2245569]]]}, "properties": {"id": "rd-96", "name": "Jalan Jenderal Basuki Rahmat", "route_name": "Jalan Jenderal Basuki Rahmat", "highway": "primary", "mode": "road", "status": "context", "status_label": "Jalan - konteks", "source": "OpenStreetMap", "source_type": "osm", "license": "ODbL"}}, {"type": "Feature", "id": "rd-97", "geometry": {"type": "MultiLineString", "coordinates": [[[106.8409851, -6.242122], [106.8410335, -6.2421726], [106.8410666, -6.2422001], [106.841181, -6.2422287]], [[106.8298429, -6.2386758], [106.8281905, -6.2376893]], [[106.8125636, -6.2200629], [106.811872, -6.2190489]], [[106.8122524, -6.2188515], [106.8128588, -6.2197226]], [[106.8001495, -6.2018922], [106.8008547, -6.203252]], [[106.8002485, -6.2022766], [106.8008927, -6.2036243], [106.8011546, -6.204166]], [[106.8008812, -6.2045403], [106.7998144, -6.202345]], [[106.8044888, -6.2092396], [106.8020879, -6.2064072]], [[106.8191832, -6.2289604], [106.82066, -6.2311132]], [[106.8335437, -6.2403584], [106.8352853, -6.240739]], [[106.8082855, -6.2131006], [106.8084645, -6.2133086], [106.8086896, -6.2135997], [106.808926, -6.2139078]], [[106.8298429, -6.2386758], [106.8297313, -6.2385764], [106.8296209, -6.2384985], [106.8294931, -6.2384151]], [[106.8168135, -6.2262907], [106.8157755, -6.2247588]], [[106.8386069, -6.2420478], [106.8366972, -6.2416056]], [[106.8246764, -6.2348606], [106.825465, -6.2352699]], [[106.8325898, -6.2404299], [106.8323782, -6.2403089], [106.8323359, -6.2402853], [106.8322032, -6.2402078]], [[106.8343366, -6.2410355], [106.8325898, -6.2404299]], [[106.799991, -6.2014629], [106.8000167, -6.2015373], [106.8000383, -6.2015982], [106.8000761, -6.2017353]], [[106.7999844, -6.2042974], [106.8003923, -6.2040393], [106.8004185, -6.2039873], [106.8004296, -6.203803]], [[106.8273079, -6.2366222], [106.8277028, -6.2368763], [106.8282384, -6.2372226], [106.8295138, -6.2379977]], [[106.8295138, -6.2379977], [106.829825, -6.2381539]], [[106.8324896, -6.2398172], [106.8352853, -6.240739]], [[106.8011546, -6.204166], [106.8011778, -6.2042132], [106.8013586, -6.2045599], [106.8015293, -6.2048573]], [[106.8013632, -6.2054434], [106.8011181, -6.2050044], [106.800888, -6.2045536], [106.8008812, -6.2045403]], [[106.8172322, -6.2260859], [106.8173017, -6.2261801]], [[106.8137811, -6.221079], [106.8146452, -6.222336]], [[106.8169629, -6.2265145], [106.8168135, -6.2262907]], [[106.8176874, -6.2275894], [106.8169629, -6.2265145]], [[106.8272415, -6.2370912], [106.8271361, -6.2370184]], [[106.8270136, -6.2369419], [106.8269662, -6.2369113], [106.8268598, -6.2368424]], [[106.8271361, -6.2370184], [106.8270136, -6.2369419]], [[106.8222698, -6.2337759], [106.8177554, -6.227687]], [[106.828129, -6.2370567], [106.829825, -6.2381539]], [[106.843222, -6.2435328], [106.8429821, -6.2434868]], [[106.8427393, -6.2434159], [106.8422886, -6.24324], [106.8415597, -6.2429205]], [[106.8415597, -6.2429205], [106.8398182, -6.2424422]], [[106.8114926, -6.2176796], [106.8122296, -6.2188149]], [[106.8111955, -6.2172952], [106.8113604, -6.2175402]], [[106.8133528, -6.2211936], [106.812585, -6.220093]], [[106.8134396, -6.2213196], [106.8133528, -6.2211936]], [[106.8151331, -6.2238534], [106.8149195, -6.2235675], [106.8148224, -6.2234306]], [[106.8155689, -6.2244421], [106.8151331, -6.2238534]], [[106.8152506, -6.2230811], [106.8163431, -6.2247711]], [[106.8147679, -6.2225058], [106.8148696, -6.2226544], [106.8149963, -6.2228095], [106.8152506, -6.2230811]], [[106.8167152, -6.2253324], [106.8168849, -6.2255762], [106.8170814, -6.2258564]], [[106.8177554, -6.227687], [106.8176874, -6.2275894]], [[106.8157755, -6.2247588], [106.815714, -6.2246645], [106.8155689, -6.2244421]], [[106.8178395, -6.2269988], [106.8190573, -6.2287632]], [[106.8173386, -6.2262309], [106.8178395, -6.2269988]], [[106.8190573, -6.2287632], [106.8191456, -6.228892], [106.8191832, -6.2289604]], [[106.8170814, -6.2258564], [106.8171871, -6.2260173], [106.8172322, -6.2260859]], [[106.8100226, -6.2163146], [106.8099097, -6.2161604], [106.8098478, -6.2160821]], [[106.8098478, -6.2160821], [106.8097616, -6.2159718]], [[106.8097616, -6.2159718], [106.8090954, -6.2150538]], [[106.8118588, -6.2190309], [106.8110556, -6.2178404]], [[106.8110556, -6.2178404], [106.8104392, -6.216911]], [[106.8110802, -6.2171031], [106.8111955, -6.2172952]], [[106.826184, -6.235886], [106.8270324, -6.2364611], [106.8273079, -6.2366222]], [[106.8294931, -6.2384151], [106.8249167, -6.235465]], [[106.8240286, -6.23489], [106.8238343, -6.2347696], [106.823643, -6.2346475]], [[106.8244453, -6.2351775], [106.8242215, -6.2350173], [106.8240286, -6.23489]], [[106.8256213, -6.2360259], [106.8244453, -6.2351775]], [[106.8262943, -6.2364638], [106.8260181, -6.2362849], [106.8259422, -6.2362384]], [[106.8246764, -6.2348606], [106.826184, -6.235886]], [[106.8281905, -6.2376893], [106.8272415, -6.2370912]], [[106.8008547, -6.203252], [106.8010081, -6.2035687]], [[106.8406102, -6.2420446], [106.8407617, -6.2420788], [106.8409851, -6.242122]], [[106.8393394, -6.2417906], [106.839558, -6.2418383], [106.8397992, -6.2418853], [106.8403621, -6.2419935]], [[106.837747, -6.2413994], [106.8388353, -6.2416664]], [[106.8418096, -6.2423111], [106.842869, -6.2426373]], [[106.8015293, -6.2048573], [106.8017497, -6.2052115], [106.8017804, -6.2052606]], [[106.8022613, -6.2058899], [106.805622, -6.2098783]], [[106.8073476, -6.2122756], [106.8077127, -6.2125647]], [[106.805622, -6.2098783], [106.8073476, -6.2122756]], [[106.842869, -6.2426373], [106.8429664, -6.2426788], [106.8434542, -6.2427539], [106.8435704, -6.242777]], [[106.841585, -6.2422318], [106.8418096, -6.2423111]], [[106.8249167, -6.235465], [106.8246901, -6.2353061], [106.8245697, -6.2352377], [106.8244453, -6.2351775]], [[106.80194, -6.2055278], [106.8021082, -6.2057277]], [[106.8265744, -6.2360185], [106.8273229, -6.236532]], [[106.8090954, -6.2150538], [106.8073828, -6.2128753]], [[106.8004296, -6.203803], [106.7999257, -6.2027776], [106.799833, -6.2025895], [106.7996508, -6.2022201]], [[106.8148224, -6.2234306], [106.8143699, -6.2226916]], [[106.8313062, -6.2390662], [106.8324896, -6.2398172]], [[106.829825, -6.2381539], [106.8306115, -6.2386413]], [[106.8130202, -6.2199527], [106.8132433, -6.220279], [106.8133356, -6.2204141], [106.8136721, -6.2209064]], [[106.8020879, -6.2064072], [106.8019731, -6.2062661], [106.8013632, -6.2054434]], [[106.8173017, -6.2261801], [106.8173386, -6.2262309]], [[106.8104392, -6.216911], [106.8100226, -6.2163146]], [[106.8222196, -6.2331052], [106.8246764, -6.2348606]], [[106.821663, -6.2325088], [106.8217296, -6.2325801], [106.8217696, -6.2326259], [106.8217922, -6.2326532]], [[106.8136721, -6.2209064], [106.8137509, -6.221033]], [[106.8128817, -6.219758], [106.8130202, -6.2199527]], [[106.8021082, -6.2057277], [106.8022613, -6.2058899]], [[106.8409851, -6.242122], [106.841585, -6.2422318]], [[106.823643, -6.2346475], [106.823528, -6.2346237], [106.8234179, -6.2345765], [106.823336, -6.2345361]], [[106.8310317, -6.2394376], [106.830832, -6.2393148], [106.8306183, -6.2391767], [106.8304616, -6.2390761]], [[106.8388353, -6.2416664], [106.8393394, -6.2417906]], [[106.8163431, -6.2247711], [106.8164592, -6.2249464], [106.8166378, -6.225223], [106.8167152, -6.2253324]], [[106.8352853, -6.240739], [106.8353882, -6.240766], [106.8357988, -6.2408694]], [[106.8357988, -6.2408694], [106.837747, -6.2413994]], [[106.8306115, -6.2386413], [106.8313062, -6.2390662]], [[106.8356639, -6.241355], [106.8343366, -6.2410355]], [[106.8304616, -6.2390761], [106.8298429, -6.2386758]], [[106.8275557, -6.2366985], [106.8276033, -6.2367312], [106.8278376, -6.2368735], [106.828129, -6.2370567]], [[106.8273229, -6.236532], [106.8275557, -6.2366985]], [[106.8090813, -6.2141099], [106.8096224, -6.2149202]], [[106.8096224, -6.2149202], [106.8105666, -6.2162497], [106.8106609, -6.2164139]], [[106.8435604, -6.2435629], [106.843222, -6.2435328]], [[106.8217922, -6.2326532], [106.8220689, -6.2329688], [106.8222196, -6.2331052]], [[106.8213305, -6.2321038], [106.821663, -6.2325088]], [[106.8268598, -6.2368424], [106.8268054, -6.236806], [106.8262943, -6.2364638]], [[106.825465, -6.2352699], [106.8256881, -6.2354126]], [[106.8256881, -6.2354126], [106.8260185, -6.2356474], [106.8263335, -6.2358504]], [[106.8319318, -6.2400432], [106.8311092, -6.2394907]], [[106.841181, -6.2422287], [106.8436297, -6.2429444]], [[106.8364626, -6.2415496], [106.8356639, -6.241355]], [[106.8137509, -6.221033], [106.8137811, -6.221079]], [[106.8140097, -6.2221472], [106.8138771, -6.2219468], [106.8134396, -6.2213196]], [[106.8398182, -6.2424422], [106.8389749, -6.2421987], [106.8387691, -6.2421284], [106.8386069, -6.2420478]], [[106.82066, -6.2311132], [106.820813, -6.2313516], [106.8209023, -6.2314908], [106.8209971, -6.2316435]], [[106.8209971, -6.2316435], [106.8212115, -6.2319422], [106.8213305, -6.2321038]], [[106.8227488, -6.2341566], [106.8222698, -6.2337759]], [[106.823336, -6.2345361], [106.8230751, -6.2343719], [106.8228809, -6.2342462], [106.8227488, -6.2341566]], [[106.8429821, -6.2434868], [106.8427393, -6.2434159]], [[106.8335028, -6.2403398], [106.8335437, -6.2403584]], [[106.8017804, -6.2052606], [106.80194, -6.2055278]], [[106.8263335, -6.2358504], [106.8264899, -6.2359595], [106.8265744, -6.2360185]], [[106.8259422, -6.2362384], [106.8258509, -6.2361825], [106.8256213, -6.2360259]], [[106.811872, -6.2190489], [106.8118588, -6.2190309]], [[106.8403621, -6.2419935], [106.8403863, -6.241999], [106.840465, -6.2420139], [106.8406102, -6.2420446]], [[106.8366972, -6.2416056], [106.8364626, -6.2415496]], [[106.8322032, -6.2402078], [106.8319318, -6.2400432]], [[106.8122296, -6.2188149], [106.8122524, -6.2188515]], [[106.8128588, -6.2197226], [106.8128817, -6.219758]], [[106.8108863, -6.2168065], [106.8110802, -6.2171031]], [[106.8113604, -6.2175402], [106.8114926, -6.2176796]], [[106.812585, -6.220093], [106.8125636, -6.2200629]], [[106.8143699, -6.2226916], [106.8141048, -6.2222909], [106.8140097, -6.2221472]], [[106.8311092, -6.2394907], [106.8310317, -6.2394376]], [[106.8146452, -6.222336], [106.8147679, -6.2225058]], [[106.8000761, -6.2017353], [106.8001059, -6.2017968], [106.8001495, -6.2018922]], [[106.7996022, -6.2021228], [106.7995878, -6.2019167]], [[106.8435704, -6.242777], [106.8438351, -6.2428438]], [[106.8073828, -6.2128753], [106.8064516, -6.211855]], [[106.8106609, -6.2164139], [106.8108863, -6.2168065]], [[106.8064516, -6.211855], [106.8044888, -6.2092396]], [[106.808926, -6.2139078], [106.8090378, -6.2140466], [106.8090813, -6.2141099]], [[106.8077127, -6.2125647], [106.8080827, -6.2128823], [106.8082855, -6.2131006]], [[106.7996508, -6.2022201], [106.7996022, -6.2021228]]]}, "properties": {"id": "rd-97", "name": "Jalan Jenderal Gatot Subroto", "route_name": "Jalan Jenderal Gatot Subroto", "highway": "trunk", "mode": "road", "status": "context", "status_label": "Jalan - konteks", "source": "OpenStreetMap", "source_type": "osm", "license": "ODbL"}}, {"type": "Feature", "id": "rd-98", "geometry": {"type": "MultiLineString", "coordinates": [[[106.9356715, -6.2273153], [106.9276026, -6.2280479], [106.9255556, -6.2278174]], [[106.9368225, -6.2271339], [106.9370158, -6.227114], [106.9376918, -6.2269937], [106.938071, -6.2269643]], [[106.9241756, -6.2276954], [106.9238667, -6.2276875]], [[106.9238761, -6.2276417], [106.9242299, -6.227646]], [[106.9231821, -6.2276431], [106.9238761, -6.2276417]], [[106.9254522, -6.2277472], [106.9275525, -6.2279876], [106.9333274, -6.227502]], [[106.9360994, -6.2272803], [106.9358506, -6.2272954], [106.9356715, -6.2273153]], [[106.9426642, -6.2246692], [106.9407522, -6.2261846], [106.9388388, -6.2268665]], [[106.9388329, -6.2267929], [106.9389949, -6.2267529], [106.9391483, -6.226715], [106.9393826, -6.2266571]], [[106.938071, -6.2269643], [106.9382949, -6.2269258], [106.9387249, -6.2268196], [106.9388329, -6.2267929]], [[106.9393826, -6.2266571], [106.9411242, -6.2258717], [106.9426326, -6.2246026]], [[106.935488, -6.2272593], [106.935851, -6.2271995], [106.9360177, -6.2271853]], [[106.9238667, -6.2276875], [106.9233266, -6.2276954], [106.923274, -6.2276999], [106.9231755, -6.2277058]], [[106.9255556, -6.2278174], [106.9251316, -6.227762]], [[106.9251316, -6.227762], [106.9243478, -6.2277007], [106.9241756, -6.2276954]], [[106.9252543, -6.2277304], [106.9254522, -6.2277472]], [[106.9242299, -6.227646], [106.9252543, -6.2277304]], [[106.9368433, -6.227228], [106.9363374, -6.2272609], [106.9363084, -6.2272624], [106.9360994, -6.2272803]], [[106.9360177, -6.2271853], [106.9363317, -6.2271743], [106.9365503, -6.2271587], [106.9368225, -6.2271339]], [[106.9333274, -6.227502], [106.9334606, -6.2274909], [106.935488, -6.2272593]], [[106.9388388, -6.2268665], [106.9368433, -6.227228]]]}, "properties": {"id": "rd-98", "name": "Jalan Jenderal Polisi RS. Soekanto", "route_name": "Jalan Jenderal Polisi RS. Soekanto", "highway": "primary", "mode": "road", "status": "context", "status_label": "Jalan - konteks", "source": "OpenStreetMap", "source_type": "osm", "license": "ODbL"}}, {"type": "Feature", "id": "rd-99", "geometry": {"type": "MultiLineString", "coordinates": [[[106.8230862, -6.201729], [106.8229926, -6.2021213], [106.8229607, -6.202259], [106.8228284, -6.2028818]], [[106.8010404, -6.2292701], [106.8006579, -6.229414]], [[106.8003122, -6.2296139], [106.8002694, -6.2296022], [106.8000794, -6.2295499]], [[106.9841373, -6.229138], [106.9872723, -6.2308907], [106.989193, -6.2326896], [106.9931935, -6.2336595]], [[106.8011206, -6.2279141], [106.8010404, -6.2292701]], [[106.991388, -6.2334512], [106.9889651, -6.2326538], [106.9873342, -6.2310309], [106.9855711, -6.2300294]], [[106.8088477, -6.2220845], [106.8089505, -6.2220097], [106.8091658, -6.2218377]], [[106.8219809, -6.207199], [106.8221933, -6.2052006]], [[106.8152899, -6.2169911], [106.815393, -6.2169136], [106.8155182, -6.2168167], [106.8155774, -6.2167709]], [[106.8230282, -6.1974618], [106.8229462, -6.1956441]], [[106.7996017, -6.2295325], [106.7991865, -6.2292469]], [[106.8233327, -6.1954142], [106.8231912, -6.1956839]], [[106.8223725, -6.2055847], [106.8216385, -6.2095384], [106.8191337, -6.2139841]], [[106.8225169, -6.2032772], [106.8225487, -6.2031715]], [[106.7999437, -6.2288837], [106.7998115, -6.2291841]], [[106.8231995, -6.1963558], [106.8232647, -6.1986236]], [[106.8000794, -6.2295499], [106.7996878, -6.2294539]], [[106.81442, -6.2177048], [106.81496, -6.2172598], [106.8150031, -6.2172244], [106.8151348, -6.2171209]], [[106.8017715, -6.2274167], [106.8014529, -6.2276581]], [[106.8047823, -6.2248431], [106.8070217, -6.2232799]], [[106.8091658, -6.2218377], [106.8096252, -6.2214669], [106.8097358, -6.2213725]], [[106.813007, -6.2188393], [106.8141498, -6.2179257]], [[106.8223953, -6.2038782], [106.8224415, -6.2035865]], [[106.8097972, -6.2213078], [106.8105294, -6.2207779]], [[106.8198159, -6.2126059], [106.8200768, -6.2121494]], [[106.8169454, -6.2156764], [106.8169843, -6.2156443], [106.8173264, -6.2153753], [106.8176802, -6.2150958]], [[106.8121227, -6.2195449], [106.8127392, -6.2190465]], [[106.8225487, -6.2031715], [106.8228871, -6.2016752]], [[106.8228871, -6.2016752], [106.8229985, -6.2011175], [106.8230014, -6.2010968], [106.8230392, -6.2008239]], [[106.8230745, -6.1996881], [106.8230456, -6.1985359]], [[106.8230456, -6.1985359], [106.8230329, -6.1978869]], [[106.8166722, -6.2161794], [106.8153362, -6.2172329]], [[106.8169208, -6.2159833], [106.8166889, -6.2161662]], [[106.9839784, -6.2291245], [106.9807723, -6.2269405]], [[106.8221933, -6.2052006], [106.8223953, -6.2038782]], [[106.8152007, -6.2173398], [106.8146549, -6.2177701]], [[106.804026, -6.2254009], [106.8040629, -6.2253705], [106.8047132, -6.224896], [106.8047823, -6.2248431]], [[106.9794528, -6.2256368], [106.9785004, -6.2247086]], [[106.9807723, -6.2269405], [106.9807172, -6.226883]], [[106.9807467, -6.2268003], [106.980834, -6.2268872]], [[106.9781646, -6.2242755], [106.9799177, -6.2259778]], [[106.8089753, -6.2222736], [106.8066464, -6.2237874]], [[106.8011206, -6.2279141], [106.7999437, -6.2288837]], [[106.8187341, -6.2141193], [106.8189519, -6.2138473]], [[106.8140444, -6.2182516], [106.8139471, -6.2183283]], [[106.8130937, -6.2190013], [106.8126979, -6.2193134]], [[106.8126979, -6.2193134], [106.8122223, -6.2196776]], [[106.8139471, -6.2183283], [106.8130937, -6.2190013]], [[106.8122223, -6.2196776], [106.8114633, -6.220284], [106.810708, -6.2208959]], [[106.8127392, -6.2190465], [106.8129789, -6.2188611], [106.813007, -6.2188393]], [[106.7999188, -6.2286172], [106.804026, -6.2254009]], [[106.8102348, -6.2212776], [106.8089753, -6.2222736]], [[106.8144027, -6.2179691], [106.8140444, -6.2182516]], [[106.8186222, -6.2146219], [106.8179814, -6.215177]], [[106.8232829, -6.2001327], [106.8230862, -6.201729]], [[106.8228284, -6.2028818], [106.8227936, -6.2030328], [106.8227473, -6.2032121]], [[106.8181384, -6.2146151], [106.8184425, -6.214337], [106.8186709, -6.2141512], [106.8187341, -6.2141193]], [[106.8176802, -6.2150958], [106.8178928, -6.2149099], [106.8179511, -6.2148627]], [[106.8230392, -6.2008239], [106.8230745, -6.1996881]], [[106.9764701, -6.2225566], [106.9775403, -6.2234912]], [[106.9778046, -6.2242884], [106.976233, -6.2227403]], [[106.8200768, -6.2121494], [106.8215556, -6.2091356]], [[106.8194759, -6.2131497], [106.8195811, -6.2129909], [106.8196866, -6.2128223], [106.8198159, -6.2126059]], [[106.8105294, -6.2207779], [106.8121227, -6.2195449]], [[106.8141498, -6.2179257], [106.81442, -6.2177048]], [[106.8162167, -6.2162444], [106.8164362, -6.2160752], [106.8166557, -6.215906]], [[106.8155774, -6.2167709], [106.8158105, -6.2165789], [106.8158508, -6.2165457], [106.8162167, -6.2162444]], [[106.8178711, -6.215234], [106.8172291, -6.2157402]], [[106.8172291, -6.2157402], [106.8169269, -6.2159774]], [[106.8059224, -6.2242956], [106.8039401, -6.2257798]], [[106.8189519, -6.2138473], [106.8194759, -6.2131497]], [[106.9783425, -6.2245801], [106.9781508, -6.2245093], [106.9780012, -6.2244269]], [[106.9780012, -6.2244269], [106.9778046, -6.2242884]], [[106.9779915, -6.2241603], [106.9781646, -6.2242755]], [[106.9807172, -6.226883], [106.9799439, -6.2261143]], [[106.9799177, -6.2259778], [106.9799965, -6.2260568]], [[106.9799965, -6.2260568], [106.9806347, -6.2266835], [106.9807467, -6.2268003]], [[106.980834, -6.2268872], [106.9841373, -6.229138]], [[106.9841026, -6.2291949], [106.984024, -6.2291505], [106.9839784, -6.2291245]], [[106.9775403, -6.2234912], [106.9777717, -6.2237346], [106.9781646, -6.2242755]], [[106.8179511, -6.2148627], [106.817999, -6.2147792], [106.8180667, -6.2146922], [106.8181384, -6.2146151]], [[106.8187514, -6.2144005], [106.8187112, -6.2144925], [106.8186222, -6.2146219]], [[106.8179511, -6.2148627], [106.8187341, -6.2141193]], [[106.8187514, -6.2144005], [106.8178711, -6.215234]], [[106.9799439, -6.2261143], [106.9794528, -6.2256368]], [[106.8232878, -6.1994317], [106.8232851, -6.2000421], [106.8232829, -6.2001327]], [[106.8224415, -6.2035865], [106.8225169, -6.2032772]], [[106.9785004, -6.2247086], [106.9783425, -6.2245801]], [[106.9931819, -6.2337559], [106.992811, -6.2336779]], [[106.992811, -6.2336779], [106.9924561, -6.2336246], [106.9917955, -6.2335165], [106.991388, -6.2334512]], [[106.8215556, -6.2091356], [106.8219809, -6.207199]], [[106.8191337, -6.2139841], [106.8187514, -6.2144005]], [[106.8179814, -6.215177], [106.8179218, -6.2152183], [106.8178711, -6.215234]], [[106.8066464, -6.2237874], [106.8059224, -6.2242956]], [[106.8070217, -6.2232799], [106.8075922, -6.2229201], [106.8082341, -6.2225146], [106.8088477, -6.2220845]], [[106.8014529, -6.2276581], [106.8012452, -6.2278119], [106.8011206, -6.2279141]], [[106.8151348, -6.2171209], [106.8152899, -6.2169911]], [[106.8153362, -6.2172329], [106.8153198, -6.2172458], [106.8152007, -6.2173398]], [[106.8097358, -6.2213725], [106.8097972, -6.2213078]], [[106.8146549, -6.2177701], [106.8144027, -6.2179691]], [[106.810708, -6.2208959], [106.810479, -6.2210814]], [[106.8231912, -6.1956839], [106.8231995, -6.1963558]], [[106.8230329, -6.1978869], [106.8230282, -6.1974618]], [[106.8227774, -6.1954644], [106.8226957, -6.1953768]], [[106.8232647, -6.1986236], [106.8232878, -6.1994317]], [[106.8227473, -6.2032121], [106.8223725, -6.2055847]], [[106.810479, -6.2210814], [106.8102348, -6.2212776]], [[106.8229462, -6.1956441], [106.8228069, -6.1954878], [106.8227774, -6.1954644]], [[106.8166889, -6.2161662], [106.8166722, -6.2161794]], [[106.8169269, -6.2159774], [106.8169208, -6.2159833]], [[106.8166899, -6.2158774], [106.8169454, -6.2156764]], [[106.8166557, -6.215906], [106.8166899, -6.2158774]], [[106.8039401, -6.2257798], [106.8017715, -6.2274167]], [[106.9855711, -6.2300294], [106.9841026, -6.2291949]]]}, "properties": {"id": "rd-99", "name": "Jalan Jenderal Sudirman", "route_name": "Jalan Jenderal Sudirman", "highway": "trunk", "mode": "road", "status": "context", "status_label": "Jalan - konteks", "source": "OpenStreetMap", "source_type": "osm", "license": "ODbL"}}, {"type": "Feature", "id": "rd-100", "geometry": {"type": "MultiLineString", "coordinates": [[[106.985539, -6.2488089], [106.983753, -6.2486408]], [[106.9907328, -6.2478631], [106.9893944, -6.2482033]], [[106.9722275, -6.2489003], [106.9762671, -6.2475304], [106.9830337, -6.2481361]], [[106.9810458, -6.2483273], [106.9771253, -6.247903], [106.9744937, -6.2484295]], [[106.9877106, -6.248611], [106.985539, -6.2488089]], [[106.9921122, -6.2476723], [106.9893944, -6.2482033]], [[106.9915906, -6.2472007], [106.9919148, -6.2470519], [106.9924423, -6.246819]], [[106.9837928, -6.2482098], [106.987604, -6.2481506]], [[106.9956442, -6.2494457], [106.9953624, -6.2492236], [106.9936961, -6.2482956]], [[106.9936961, -6.2482956], [106.9922235, -6.2475742], [106.9907328, -6.2478631]], [[106.9905912, -6.2474701], [106.9910344, -6.2473573], [106.9915906, -6.2472007]], [[106.9711568, -6.2492037], [106.9713359, -6.2491751], [106.9717889, -6.2490452], [106.9722275, -6.2489003]], [[106.9687592, -6.2492622], [106.9711568, -6.2492037]], [[106.9781019, -6.2476075], [106.978977, -6.2476916]], [[106.983753, -6.2486408], [106.9810458, -6.2483273]], [[106.9744937, -6.2484295], [106.9713898, -6.2496961], [106.9687143, -6.2497126]], [[106.987604, -6.2481506], [106.9905912, -6.2474701]], [[106.9830337, -6.2481361], [106.9837505, -6.2482052]], [[106.9893944, -6.2482033], [106.9877106, -6.248611]], [[106.9837505, -6.2482052], [106.9837928, -6.2482098]]]}, "properties": {"id": "rd-100", "name": "Jalan K. H. Noer Ali", "route_name": "Jalan K. H. Noer Ali", "highway": "primary", "mode": "road", "status": "context", "status_label": "Jalan - konteks", "source": "OpenStreetMap", "source_type": "osm", "license": "ODbL"}}, {"type": "Feature", "id": "rd-101", "geometry": {"type": "MultiLineString", "coordinates": [[[106.8508982, -6.2238424], [106.851117, -6.2239143]], [[106.8634185, -6.2251427], [106.8614349, -6.2252946]], [[106.8562976, -6.2252664], [106.8611122, -6.2252286]], [[106.8518023, -6.2243583], [106.850215, -6.2238436]], [[106.8612022, -6.2252974], [106.8562706, -6.2253382]], [[106.8553601, -6.2250038], [106.85768, -6.2251872]], [[106.8592141, -6.225644], [106.8589681, -6.2254401]], [[106.85768, -6.2251872], [106.8578561, -6.2254825]], [[106.86651, -6.2249606], [106.8660618, -6.2248192]], [[106.8639415, -6.2251632], [106.863658, -6.2251523], [106.8635132, -6.2251348]], [[106.8634232, -6.2249716], [106.8639423, -6.2249398]], [[106.8627374, -6.2250342], [106.8634232, -6.2249716]], [[106.8520138, -6.2241984], [106.8523315, -6.2242733], [106.8530796, -6.2244591], [106.8535831, -6.2245842]], [[106.851877, -6.2241697], [106.8520138, -6.2241984]], [[106.8519179, -6.2243877], [106.8518023, -6.2243583]], [[106.8558867, -6.225288], [106.855744, -6.2252633], [106.8551056, -6.2251357]], [[106.850215, -6.2238436], [106.8488015, -6.2236744]], [[106.8507678, -6.2237894], [106.8508982, -6.2238424]], [[106.8488468, -6.2235901], [106.8503293, -6.223675]], [[106.8591282, -6.2253148], [106.8609636, -6.2251626]], [[106.8576869, -6.2256939], [106.8574715, -6.2256536], [106.8572683, -6.225621]], [[106.8482533, -6.2235486], [106.8485271, -6.2235629], [106.8488468, -6.2235901]], [[106.8488015, -6.2236744], [106.8485506, -6.2236547], [106.8482269, -6.2236203]], [[106.8614349, -6.2252946], [106.8612022, -6.2252974]], [[106.8611122, -6.2252286], [106.8614212, -6.2251732], [106.8616686, -6.2251578]], [[106.8553601, -6.2250038], [106.8562976, -6.2252664]], [[106.8547617, -6.2250596], [106.8523581, -6.224498]], [[106.8562706, -6.2253382], [106.8561533, -6.2253227], [106.8558867, -6.225288]], [[106.8503293, -6.223675], [106.8506946, -6.22376], [106.8507678, -6.2237894]], [[106.8614349, -6.2252946], [106.8612021, -6.225365]], [[106.8659751, -6.2245951], [106.8662232, -6.2245452], [106.8662553, -6.224525], [106.8662832, -6.2244983]], [[106.8535831, -6.2245842], [106.853765, -6.2246254], [106.8546843, -6.2248338]], [[106.8546843, -6.2248338], [106.8553601, -6.2250038]], [[106.8572683, -6.225621], [106.856616, -6.2254965], [106.8561277, -6.2253707], [106.8558867, -6.225288]], [[106.8660618, -6.2248192], [106.8657256, -6.2248832]], [[106.8654218, -6.2249409], [106.8648077, -6.2250408], [106.8641793, -6.225154], [106.8639415, -6.2251632]], [[106.8639423, -6.2249398], [106.8654186, -6.224687]], [[106.8609636, -6.2251626], [106.8612412, -6.2251185], [106.8615568, -6.2251007]], [[106.8612021, -6.225365], [106.860615, -6.225469], [106.8594993, -6.2256137], [106.8594175, -6.2256234]], [[106.8635132, -6.2251348], [106.8634185, -6.2251427]], [[106.8523581, -6.224498], [106.8519179, -6.2243877]], [[106.8657256, -6.2248832], [106.8654218, -6.2249409]], [[106.8663577, -6.2243535], [106.8663172, -6.2243642]], [[106.8512505, -6.2239714], [106.851877, -6.2241697]], [[106.851117, -6.2239143], [106.8512505, -6.2239714]], [[106.8654186, -6.224687], [106.8657245, -6.2246455]], [[106.8594175, -6.2256234], [106.8592141, -6.225644]], [[106.8589681, -6.2254401], [106.8591282, -6.2253148]], [[106.8578561, -6.2254825], [106.8576869, -6.2256939]], [[106.8551056, -6.2251357], [106.8547617, -6.2250596]], [[106.8662832, -6.2244983], [106.8662996, -6.2244696], [106.866307, -6.2244343], [106.8663172, -6.2243642]], [[106.8664257, -6.224337], [106.8663577, -6.2243535]], [[106.8626299, -6.2251019], [106.8634142, -6.2250474]], [[106.8616686, -6.2251578], [106.8626299, -6.2251019]], [[106.8615568, -6.2251007], [106.8627374, -6.2250342]], [[106.8657245, -6.2246455], [106.8659751, -6.2245951]]]}, "properties": {"id": "rd-101", "name": "Jalan K. Haji Abdul Syafi'ie", "route_name": "Jalan K. Haji Abdul Syafi'ie", "highway": "primary", "mode": "road", "status": "context", "status_label": "Jalan - konteks", "source": "OpenStreetMap", "source_type": "osm", "license": "ODbL"}}, {"type": "Feature", "id": "rd-102", "geometry": {"type": "LineString", "coordinates": [[106.6869664, -6.2214906], [106.6884926, -6.2122047]]}, "properties": {"id": "rd-102", "name": "Jalan K.H. Mas Mansyur", "route_name": "Jalan K.H. Mas Mansyur", "highway": "primary", "mode": "road", "status": "context", "status_label": "Jalan - konteks", "source": "OpenStreetMap", "source_type": "osm", "license": "ODbL"}}, {"type": "Feature", "id": "rd-103", "geometry": {"type": "MultiLineString", "coordinates": [[[106.6960886, -6.2224425], [106.6957537, -6.2224557]], [[106.695325, -6.2223195], [106.6954977, -6.2223135], [106.6957475, -6.222318]], [[106.6960997, -6.2223109], [106.6964627, -6.2223205]], [[106.6957475, -6.222318], [106.6960997, -6.2223109]], [[106.6991631, -6.2219691], [106.6964627, -6.2223205]], [[106.6957537, -6.2224557], [106.6956423, -6.2224581], [106.6954836, -6.2224319], [106.695325, -6.2223195]], [[106.7022032, -6.2223126], [106.6991631, -6.2219691]], [[106.7047834, -6.225409], [106.703867, -6.2254295], [106.703359, -6.2249781]], [[106.7034153, -6.2249395], [106.7038127, -6.2253389], [106.7047998, -6.2253289]], [[106.7032992, -6.2249004], [106.7027548, -6.2228827], [106.7022032, -6.2223126]], [[106.7022032, -6.2223126], [106.7028327, -6.2228499], [106.7033545, -6.2247715]], [[106.695325, -6.2223195], [106.6923054, -6.2226418]], [[106.6964627, -6.2223205], [106.6960886, -6.2224425]], [[106.6905235, -6.2223819], [106.6869664, -6.2214906]], [[106.7047998, -6.2253289], [106.7049786, -6.2253083], [106.7051477, -6.2252939]], [[106.7051546, -6.2253672], [106.7049703, -6.2253871], [106.7047834, -6.225409]], [[106.6920574, -6.2226463], [106.6921297, -6.2226451], [106.6921549, -6.2226461]], [[106.6920574, -6.2226463], [106.6905235, -6.2223819]], [[106.6921549, -6.2226461], [106.6923054, -6.2226418]], [[106.703359, -6.2249781], [106.7032992, -6.2249004]], [[106.7033545, -6.2247715], [106.7034153, -6.2249395]]]}, "properties": {"id": "rd-103", "name": "Jalan KH. Hasyim Ashari", "route_name": "Jalan KH. Hasyim Ashari", "highway": "primary", "mode": "road", "status": "context", "status_label": "Jalan - konteks", "source": "OpenStreetMap", "source_type": "osm", "license": "ODbL"}}, {"type": "Feature", "id": "rd-104", "geometry": {"type": "MultiLineString", "coordinates": [[[106.9865204, -6.1978897], [106.9800537, -6.1967642]], [[107.0165395, -6.20692], [107.0135884, -6.2059666], [107.0093875, -6.2057062], [107.0072191, -6.2052232]], [[107.0025946, -6.2029537], [106.9970955, -6.1998368]], [[106.9970955, -6.1998368], [106.9900324, -6.1980968], [106.9865204, -6.1978897]], [[106.9747559, -6.1958188], [106.9745824, -6.1957893]], [[107.0071709, -6.2052247], [107.0069429, -6.2052256]], [[107.0069087, -6.2052141], [107.0025946, -6.2029537]], [[106.9747559, -6.1958188], [106.9747977, -6.1958268]], [[106.9800537, -6.1967642], [106.9798259, -6.19673]], [[106.9747977, -6.1958268], [106.9798259, -6.19673]], [[107.0069429, -6.2052256], [107.0069087, -6.2052141]], [[107.0072191, -6.2052232], [107.0071709, -6.2052247]]]}, "properties": {"id": "rd-104", "name": "Jalan Kaliabang", "route_name": "Jalan Kaliabang", "highway": "primary", "mode": "road", "status": "context", "status_label": "Jalan - konteks", "source": "OpenStreetMap", "source_type": "osm", "license": "ODbL"}}, {"type": "Feature", "id": "rd-105", "geometry": {"type": "MultiLineString", "coordinates": [[[106.8804921, -6.2401226], [106.8790203, -6.240403]], [[106.8807459, -6.2398215], [106.8806279, -6.2399523]], [[106.8781138, -6.2404413], [106.8780528, -6.2404468], [106.8776626, -6.2404388], [106.8775725, -6.2404369]], [[106.8790203, -6.240403], [106.8787575, -6.2404186]], [[106.8787575, -6.2404186], [106.8785056, -6.2404313], [106.8781822, -6.240436], [106.8781138, -6.2404413]], [[106.880747, -6.2398202], [106.8808365, -6.2397539], [106.8808907, -6.2397113]], [[106.8806165, -6.2399649], [106.8804921, -6.2401226]], [[106.880747, -6.2398202], [106.8807459, -6.2398215]], [[106.8806279, -6.2399523], [106.8806165, -6.2399649]]]}, "properties": {"id": "rd-105", "name": "Jalan Kalimalang", "route_name": "Jalan Kalimalang", "highway": "primary", "mode": "road", "status": "context", "status_label": "Jalan - konteks", "source": "OpenStreetMap", "source_type": "osm", "license": "ODbL"}}, {"type": "Feature", "id": "rd-106", "geometry": {"type": "MultiLineString", "coordinates": [[[106.8265176, -6.2401542], [106.8240404, -6.240148]], [[106.8305106, -6.2402627], [106.827855, -6.2402123]], [[106.8178375, -6.2389308], [106.8203234, -6.2404702], [106.821114, -6.2404974]], [[106.8274968, -6.2402293], [106.8271655, -6.2402352], [106.8268584, -6.240234], [106.8267765, -6.2402337]], [[106.8248793, -6.2399415], [106.8254396, -6.2399455]], [[106.8311275, -6.2401296], [106.8324247, -6.2399603], [106.8335028, -6.2403398]], [[106.8240424, -6.2400866], [106.8265186, -6.2400959]], [[106.8259616, -6.2398469], [106.8261208, -6.2399854]], [[106.8209826, -6.2406367], [106.820125, -6.2405031], [106.8182322, -6.2392804]], [[106.8254783, -6.2399442], [106.8258575, -6.2401113]], [[106.8213871, -6.2405535], [106.8211512, -6.2406034]], [[106.8230496, -6.2403104], [106.8213871, -6.2405535]], [[106.8212464, -6.2404706], [106.823125, -6.2401493]], [[106.821114, -6.2404974], [106.8212464, -6.2404706]], [[106.8260957, -6.240236], [106.8258577, -6.2404603]], [[106.8253644, -6.2402132], [106.8233956, -6.2402605]], [[106.8261208, -6.2399854], [106.8279176, -6.2401017]], [[106.8233956, -6.2402605], [106.8233201, -6.2402717], [106.8230496, -6.2403104]], [[106.8240404, -6.240148], [106.8233956, -6.2402605]], [[106.8281993, -6.2401224], [106.8303097, -6.2401179]], [[106.8258575, -6.2401113], [106.8254991, -6.2402137]], [[106.8322032, -6.2402078], [106.831918, -6.2401962], [106.8315177, -6.2402104], [106.8312285, -6.2402135]], [[106.8267765, -6.2402337], [106.8263694, -6.2402275], [106.8260957, -6.240236]], [[106.827855, -6.2402123], [106.8274968, -6.2402293]], [[106.8265186, -6.2400959], [106.8279176, -6.2401017]], [[106.8211512, -6.2406034], [106.8211117, -6.2406154], [106.8209826, -6.2406367]], [[106.8254396, -6.2399455], [106.8254783, -6.2399442]], [[106.823125, -6.2401493], [106.8248793, -6.2399415]], [[106.8308013, -6.2401384], [106.8311275, -6.2401296]], [[106.8279176, -6.2401017], [106.8280692, -6.2401219], [106.8281993, -6.2401224]], [[106.8303097, -6.2401179], [106.8306131, -6.2401352], [106.8308013, -6.2401384]], [[106.827855, -6.2402123], [106.8274997, -6.2401612], [106.8265176, -6.2401542]], [[106.8312285, -6.2402135], [106.8310088, -6.2402417], [106.8309214, -6.2402446], [106.8305106, -6.2402627]], [[106.8254354, -6.2402122], [106.8253644, -6.2402132]], [[106.823125, -6.2401493], [106.8233933, -6.2401503], [106.8237348, -6.2401137], [106.8240424, -6.2400866]], [[106.8254991, -6.2402137], [106.8254354, -6.2402122]], [[106.8182322, -6.2392804], [106.8179402, -6.2390947], [106.8178867, -6.2390653], [106.8178034, -6.2390195]]]}, "properties": {"id": "rd-106", "name": "Jalan Kapten Tendean", "route_name": "Jalan Kapten Tendean", "highway": "primary", "mode": "road", "status": "context", "status_label": "Jalan - konteks", "source": "OpenStreetMap", "source_type": "osm", "license": "ODbL"}}, {"type": "Feature", "id": "rd-107", "geometry": {"type": "MultiLineString", "coordinates": [[[106.7824356, -6.2388533], [106.7837942, -6.2391493]], [[106.7845298, -6.2393546], [106.7804032, -6.238507]], [[106.7861036, -6.2395197], [106.7850736, -6.2394739]], [[106.7861613, -6.2392745], [106.7865629, -6.2387416]], [[106.7850736, -6.2394739], [106.784935, -6.2394607], [106.7848933, -6.239452]], [[106.7850986, -6.2392954], [106.7859712, -6.2393305]], [[106.7837942, -6.2391493], [106.7845619, -6.2393032]], [[106.7804204, -6.2384566], [106.7817637, -6.2387826]], [[106.7859712, -6.2393305], [106.7861613, -6.2392745]], [[106.7845619, -6.2393032], [106.7847439, -6.23934], [106.7849584, -6.2393353], [106.7850986, -6.2392954]], [[106.7817637, -6.2387826], [106.7820172, -6.2388106], [106.7824356, -6.2388533]], [[106.7848933, -6.239452], [106.7848248, -6.2394099], [106.7846853, -6.2393786], [106.7845298, -6.2393546]]]}, "properties": {"id": "rd-107", "name": "Jalan Kebayoran Baru", "route_name": "Jalan Kebayoran Baru", "highway": "primary", "mode": "road", "status": "context", "status_label": "Jalan - konteks", "source": "OpenStreetMap", "source_type": "osm", "license": "ODbL"}}, {"type": "Feature", "id": "rd-108", "geometry": {"type": "MultiLineString", "coordinates": [[[106.8137573, -6.1885512], [106.8135854, -6.1885735]], [[106.8135728, -6.1885018], [106.8137432, -6.1884709]], [[106.8127491, -6.1886126], [106.8135728, -6.1885018]], [[106.8114222, -6.188708], [106.8115953, -6.18861]], [[106.8116634, -6.188615], [106.8117129, -6.1886393], [106.8117898, -6.1886393], [106.8119453, -6.1886394]], [[106.8135854, -6.1885735], [106.8132559, -6.1886304]], [[106.8121887, -6.1886227], [106.8122496, -6.1886203], [106.812266, -6.18862], [106.8125622, -6.1886154]], [[106.8119453, -6.1886394], [106.8121156, -6.1886441], [106.8121887, -6.1886227]], [[106.8125622, -6.1886154], [106.812661, -6.1886139], [106.8127491, -6.1886126]], [[106.8115953, -6.18861], [106.8116634, -6.188615]], [[106.8116634, -6.188615], [106.8121887, -6.1886227]]]}, "properties": {"id": "rd-108", "name": "Jalan Kebon Jati", "route_name": "Jalan Kebon Jati", "highway": "primary", "mode": "road", "status": "context", "status_label": "Jalan - konteks", "source": "OpenStreetMap", "source_type": "osm", "license": "ODbL"}}, {"type": "Feature", "id": "rd-109", "geometry": {"type": "MultiLineString", "coordinates": [[[106.8257531, -6.1831491], [106.8317078, -6.1827675]], [[106.8170267, -6.1819515], [106.8216497, -6.1832774], [106.8228015, -6.1832812]], [[106.8236471, -6.1832841], [106.8247393, -6.1832141]], [[106.8228926, -6.1832808], [106.8229764, -6.1832792], [106.8230746, -6.1832756], [106.8231695, -6.1832736]], [[106.8168632, -6.1818925], [106.8168939, -6.1819049], [106.8170267, -6.1819515]], [[106.8334978, -6.1826599], [106.8335939, -6.1826305], [106.8336893, -6.1826047]], [[106.8228012, -6.183368], [106.8216445, -6.1833335], [106.817001, -6.1820023]], [[106.8169442, -6.1819836], [106.8168821, -6.1819652]], [[106.8231695, -6.1832736], [106.8232089, -6.1832714], [106.8232306, -6.1832702]], [[106.8232416, -6.1833605], [106.8232123, -6.1833616], [106.8231761, -6.1833631]], [[106.8231761, -6.1833631], [106.8230219, -6.183368]], [[106.8317078, -6.1827675], [106.8331877, -6.1826424]], [[106.8334225, -6.182593], [106.8335019, -6.1825672], [106.8335791, -6.1825412]], [[106.8247393, -6.1832141], [106.8257531, -6.1831491]], [[106.8168088, -6.1818702], [106.8168632, -6.1818925]], [[106.8320321, -6.1827886], [106.8334978, -6.1826599]], [[106.8317078, -6.1827675], [106.8318137, -6.1827955], [106.8319631, -6.1827927], [106.8320321, -6.1827886]], [[106.8232306, -6.1832702], [106.8234144, -6.1832575], [106.8235874, -6.1832522], [106.8236471, -6.1832841]], [[106.8236471, -6.1832841], [106.8235948, -6.1833275], [106.8232416, -6.1833605]], [[106.8331877, -6.1826424], [106.8332507, -6.1826387], [106.8333021, -6.1826298], [106.8334225, -6.182593]], [[106.816727, -6.1820783], [106.8165948, -6.1822157]], [[106.8167994, -6.1819956], [106.816727, -6.1820783]], [[106.8230219, -6.183368], [106.8229975, -6.1833671], [106.8228967, -6.1833675]], [[106.8228015, -6.1832812], [106.8228216, -6.1832811], [106.8228926, -6.1832808]], [[106.8228967, -6.1833675], [106.8228241, -6.1833679], [106.8228012, -6.183368]], [[106.8168821, -6.1819652], [106.8168538, -6.1819667], [106.8168206, -6.1819789], [106.8167994, -6.1819956]], [[106.817001, -6.1820023], [106.8169442, -6.1819836]]]}, "properties": {"id": "rd-109", "name": "Jalan Kebon Sirih", "route_name": "Jalan Kebon Sirih", "highway": "primary", "mode": "road", "status": "context", "status_label": "Jalan - konteks", "source": "OpenStreetMap", "source_type": "osm", "license": "ODbL"}}, {"type": "Feature", "id": "rd-110", "geometry": {"type": "MultiLineString", "coordinates": [[[106.7643494, -6.18985], [106.7622569, -6.1899873]], [[106.7573315, -6.1903192], [106.7614192, -6.1899823]], [[106.7562019, -6.1904039], [106.7569444, -6.1903526]], [[106.7569444, -6.1903526], [106.7573315, -6.1903192]], [[106.7622569, -6.1899873], [106.7614224, -6.1900502]], [[106.7573414, -6.1904011], [106.7569602, -6.1904446]], [[106.7569602, -6.1904446], [106.756486, -6.190483]], [[106.7678036, -6.1893691], [106.7683224, -6.1891006]], [[106.7678123, -6.189431], [106.7677664, -6.1894418]], [[106.7683882, -6.1894067], [106.7678123, -6.189431]], [[106.7668888, -6.1896429], [106.7668253, -6.1896711]], [[106.7668888, -6.1896429], [106.7678036, -6.1893691]], [[106.7677664, -6.1894418], [106.7668888, -6.1896429]], [[106.7668253, -6.1896711], [106.7649765, -6.1898137]], [[106.7643494, -6.18985], [106.7649375, -6.1898162]], [[106.7649375, -6.1898162], [106.7649765, -6.1898137]], [[106.7614192, -6.1899823], [106.762134, -6.1899553]], [[106.7614224, -6.1900502], [106.7585513, -6.1902955], [106.7584701, -6.1903026], [106.7573414, -6.1904011]], [[106.762134, -6.1899553], [106.7622569, -6.1899873]]]}, "properties": {"id": "rd-110", "name": "Jalan Kedoya Raya", "route_name": "Jalan Kedoya Raya", "highway": "primary", "mode": "road", "status": "context", "status_label": "Jalan - konteks", "source": "OpenStreetMap", "source_type": "osm", "license": "ODbL"}}, {"type": "Feature", "id": "rd-111", "geometry": {"type": "MultiLineString", "coordinates": [[[106.7865909, -6.18904], [106.7847807, -6.1929909]], [[106.7822546, -6.1932205], [106.7823225, -6.1988415]], [[106.7847807, -6.1929909], [106.7822546, -6.1932205]]]}, "properties": {"id": "rd-111", "name": "Jalan Kemanggisan Raya", "route_name": "Jalan Kemanggisan Raya", "highway": "primary", "mode": "road", "status": "context", "status_label": "Jalan - konteks", "source": "OpenStreetMap", "source_type": "osm", "license": "ODbL"}}, {"type": "Feature", "id": "rd-112", "geometry": {"type": "MultiLineString", "coordinates": [[[106.7910837, -6.1898809], [106.788319, -6.1893787]], [[106.783674, -6.1881338], [106.7863614, -6.188674]], [[106.7940351, -6.1897166], [106.7940649, -6.1897105], [106.7946275, -6.189643]], [[106.7938207, -6.1897493], [106.7940351, -6.1897166]], [[106.7940269, -6.1897999], [106.7938115, -6.1898232]], [[106.7945965, -6.189725], [106.7940748, -6.1897935], [106.7940269, -6.1897999]], [[106.7833041, -6.1883123], [106.783674, -6.1881338]], [[106.7866832, -6.1887687], [106.7901984, -6.1897495], [106.7938207, -6.1897493]], [[106.7834246, -6.1878732], [106.783674, -6.1881338]], [[106.7863614, -6.188674], [106.7866832, -6.1887687]], [[106.7938115, -6.1898232], [106.7918368, -6.1899207]], [[106.7867981, -6.1889048], [106.7865909, -6.18904]], [[106.7918368, -6.1899207], [106.7915966, -6.1899135], [106.7910837, -6.1898809]], [[106.788319, -6.1893787], [106.7879529, -6.1892527], [106.7868327, -6.1889059], [106.7867981, -6.1889048]]]}, "properties": {"id": "rd-112", "name": "Jalan Kemanggisan Utama", "route_name": "Jalan Kemanggisan Utama", "highway": "primary", "mode": "road", "status": "context", "status_label": "Jalan - konteks", "source": "OpenStreetMap", "source_type": "osm", "license": "ODbL"}}, {"type": "Feature", "id": "rd-113", "geometry": {"type": "MultiLineString", "coordinates": [[[106.7432973, -6.193366], [106.7434903, -6.1932916]], [[106.7435283, -6.1931213], [106.7434845, -6.1928663], [106.7434477, -6.192652]], [[106.7434477, -6.192652], [106.7433961, -6.1923366], [106.7433907, -6.1922859]], [[106.7435283, -6.1931213], [106.7435897, -6.193344]], [[106.7437123, -6.1938575], [106.7442914, -6.197454]], [[106.7434903, -6.1932916], [106.7435283, -6.1931213]], [[106.7435897, -6.193344], [106.7437123, -6.1938575]], [[106.7424635, -6.1918836], [106.7425369, -6.1926507]], [[106.7427759, -6.1930724], [106.7431263, -6.1932662], [106.7432973, -6.193366]], [[106.7433907, -6.1922859], [106.7433827, -6.1917873], [106.742667, -6.1917042]], [[106.742667, -6.1917042], [106.7419872, -6.1918155]], [[106.7419872, -6.1918155], [106.7419282, -6.1925199], [106.7424021, -6.1924579]], [[106.7425369, -6.1926507], [106.7427759, -6.1930724]], [[106.7432973, -6.193366], [106.7437123, -6.1938575]]]}, "properties": {"id": "rd-113", "name": "Jalan Kembang Kencana", "route_name": "Jalan Kembang Kencana", "highway": "primary", "mode": "road", "status": "context", "status_label": "Jalan - konteks", "source": "OpenStreetMap", "source_type": "osm", "license": "ODbL"}}, {"type": "Feature", "id": "rd-114", "geometry": {"type": "MultiLineString", "coordinates": [[[106.7418777, -6.1987686], [106.7421306, -6.198172], [106.7421976, -6.1979738]], [[106.7404841, -6.1909657], [106.740548, -6.1889928], [106.7420337, -6.1888589]], [[106.7425479, -6.1933165], [106.7423593, -6.191877]], [[106.7424044, -6.1890706], [106.7420337, -6.1888589]], [[106.7400578, -6.1912362], [106.7404841, -6.1909657]], [[106.7405065, -6.1911006], [106.7404865, -6.1911693], [106.7404718, -6.1912019], [106.7404168, -6.1912659]], [[106.7420337, -6.1888589], [106.7424941, -6.1889014]], [[106.7404841, -6.1909657], [106.7405065, -6.1911006]], [[106.742458, -6.197943], [106.7419437, -6.1987824]], [[106.7422665, -6.1976768], [106.7425411, -6.1945784]], [[106.7421976, -6.1979738], [106.7422451, -6.1977633], [106.7422665, -6.1976768]], [[106.7425411, -6.1945784], [106.7425697, -6.193933], [106.7425479, -6.1933165]]]}, "properties": {"id": "rd-114", "name": "Jalan Kembang Kerep", "route_name": "Jalan Kembang Kerep", "highway": "primary", "mode": "road", "status": "context", "status_label": "Jalan - konteks", "source": "OpenStreetMap", "source_type": "osm", "license": "ODbL"}}, {"type": "Feature", "id": "rd-115", "geometry": {"type": "MultiLineString", "coordinates": [[[106.7423593, -6.191877], [106.7423322, -6.1912327]], [[106.7424396, -6.1912028], [106.7424635, -6.1918836]], [[106.7423322, -6.1912327], [106.7424044, -6.1890706], [106.7427042, -6.1886605]], [[106.7424117, -6.1899193], [106.7424396, -6.1912028]], [[106.7430996, -6.1871609], [106.7430978, -6.1882162], [106.7425862, -6.1889826]], [[106.743245, -6.1867641], [106.7430996, -6.1871609]], [[106.7429527, -6.1871704], [106.7427541, -6.1867764]], [[106.7429709, -6.1879061], [106.7429608, -6.1877109], [106.742955, -6.1873663], [106.7429527, -6.1871704]], [[106.7427042, -6.1886605], [106.7429709, -6.1879061]], [[106.7425862, -6.1889826], [106.7424117, -6.1899193]]]}, "properties": {"id": "rd-115", "name": "Jalan Kembangan Barat", "route_name": "Jalan Kembangan Barat", "highway": "primary", "mode": "road", "status": "context", "status_label": "Jalan - konteks", "source": "OpenStreetMap", "source_type": "osm", "license": "ODbL"}}, {"type": "Feature", "id": "rd-116", "geometry": {"type": "MultiLineString", "coordinates": [[[106.8627376, -6.1217106], [106.8627446, -6.1217689]], [[106.8627725, -6.121071], [106.8628549, -6.1215947]], [[106.862754, -6.1209487], [106.8617378, -6.1211213], [106.8598498, -6.1222433]], [[106.8626322, -6.1208496], [106.8627365, -6.1208348]], [[106.8627365, -6.1208348], [106.862754, -6.1209487]], [[106.862863, -6.1216492], [106.862873, -6.1217058]], [[106.8626322, -6.1208496], [106.8626481, -6.120965]], [[106.8627276, -6.12164], [106.8627376, -6.1217106]], [[106.8626658, -6.1211173], [106.8627276, -6.12164]], [[106.8626481, -6.120965], [106.8626658, -6.1211173]], [[106.8628549, -6.1215947], [106.862863, -6.1216492]], [[106.862754, -6.1209487], [106.8627725, -6.121071]], [[106.8598152, -6.1221993], [106.8617272, -6.1210262], [106.8626322, -6.1208496]]]}, "properties": {"id": "rd-116", "name": "Jalan Ketel", "route_name": "Jalan Ketel", "highway": "trunk", "mode": "road", "status": "context", "status_label": "Jalan - konteks", "source": "OpenStreetMap", "source_type": "osm", "license": "ODbL"}}, {"type": "Feature", "id": "rd-117", "geometry": {"type": "MultiLineString", "coordinates": [[[106.9094982, -6.2297233], [106.9001941, -6.2296377]], [[106.9106381, -6.229666], [106.9161227, -6.2285639]], [[106.9230636, -6.2276992], [106.9195639, -6.2278356], [106.9166486, -6.2285038]], [[106.9230753, -6.2276419], [106.9231821, -6.2276431]], [[106.9002959, -6.2296426], [106.8982126, -6.2297309]], [[106.8982674, -6.2295465], [106.9005025, -6.2295146]], [[106.8982126, -6.2297309], [106.8980814, -6.2297323]], [[106.8982248, -6.2295465], [106.8982674, -6.2295465]], [[106.8981738, -6.2295489], [106.8982248, -6.2295465]], [[106.9100611, -6.2297473], [106.9094982, -6.2297233]], [[106.9166486, -6.2285038], [106.9100611, -6.2297473]], [[106.9165989, -6.2284437], [106.9167357, -6.2284185], [106.9168319, -6.2283977], [106.9172374, -6.2283048]], [[106.9161227, -6.2285639], [106.9165989, -6.2284437]], [[106.9172374, -6.2283048], [106.9195119, -6.2277816], [106.9230753, -6.2276419]], [[106.910064, -6.229681], [106.9106381, -6.229666]], [[106.9002162, -6.2295491], [106.910064, -6.229681]], [[106.9231755, -6.2277058], [106.9230636, -6.2276992]]]}, "properties": {"id": "rd-117", "name": "Jalan Kolonel Soegiono", "route_name": "Jalan Kolonel Soegiono", "highway": "primary", "mode": "road", "status": "context", "status_label": "Jalan - konteks", "source": "OpenStreetMap", "source_type": "osm", "license": "ODbL"}}, {"type": "Feature", "id": "rd-118", "geometry": {"type": "MultiLineString", "coordinates": [[[106.8591803, -6.3576768], [106.8590469, -6.3576271]], [[106.8530527, -6.3554792], [106.8529813, -6.3554687]], [[106.8590469, -6.3576271], [106.8559644, -6.3560358], [106.8530527, -6.3554792]], [[106.8353107, -6.3549164], [106.8351931, -6.3549832]], [[106.8354329, -6.3548431], [106.8353107, -6.3549164]], [[106.8593024, -6.3577158], [106.8591803, -6.3576768]]]}, "properties": {"id": "rd-118", "name": "Jalan Komjen Pol. M. Jasin", "route_name": "Jalan Komjen Pol. M. Jasin", "highway": "primary", "mode": "road", "status": "context", "status_label": "Jalan - konteks", "source": "OpenStreetMap", "source_type": "osm", "license": "ODbL"}}, {"type": "Feature", "id": "rd-119", "geometry": {"type": "MultiLineString", "coordinates": [[[106.8529813, -6.3554687], [106.8498623, -6.3554079], [106.8476435, -6.3549621]], [[106.8358548, -6.3545902], [106.8354329, -6.3548431]], [[106.8362955, -6.354313], [106.8358548, -6.3545902]], [[106.8593587, -6.3577324], [106.8593024, -6.3577158]], [[106.8351931, -6.3549832], [106.8350783, -6.3550442], [106.8347855, -6.355158]], [[106.8420008, -6.3548874], [106.8403955, -6.3548268], [106.8376476, -6.3538518], [106.8362955, -6.354313]], [[106.8420008, -6.3548874], [106.8436065, -6.3549324]], [[106.8436065, -6.3549324], [106.8420008, -6.3548874]], [[106.847506, -6.3549301], [106.8436065, -6.3549324]], [[106.8476435, -6.3549621], [106.847506, -6.3549301]]]}, "properties": {"id": "rd-119", "name": "Jalan Komjen Polisi Mohammad Jasin", "route_name": "Jalan Komjen Polisi Mohammad Jasin", "highway": "primary", "mode": "road", "status": "context", "status_label": "Jalan - konteks", "source": "OpenStreetMap", "source_type": "osm", "license": "ODbL"}}, {"type": "Feature", "id": "rd-120", "geometry": {"type": "MultiLineString", "coordinates": [[[106.8089003, -6.1860443], [106.8116735, -6.1839767]], [[106.8087573, -6.1861371], [106.8089003, -6.1860443]], [[106.8116735, -6.1839767], [106.8126019, -6.1831451]]]}, "properties": {"id": "rd-120", "name": "Jalan Kota Bambu", "route_name": "Jalan Kota Bambu", "highway": "primary", "mode": "road", "status": "context", "status_label": "Jalan - konteks", "source": "OpenStreetMap", "source_type": "osm", "license": "ODbL"}}, {"type": "Feature", "id": "rd-121", "geometry": {"type": "MultiLineString", "coordinates": [[[106.8389855, -6.181109], [106.8384785, -6.1813288]], [[106.8367927, -6.1815284], [106.8374549, -6.1813045]], [[106.8395921, -6.1803478], [106.8404717, -6.1796409]], [[106.8404717, -6.1796409], [106.8406261, -6.1795254], [106.8407803, -6.1794182], [106.8408665, -6.1793468]], [[106.8371479, -6.1816915], [106.8370124, -6.18171]], [[106.8411001, -6.1791472], [106.8419087, -6.1785793]], [[106.8383237, -6.181111], [106.8388574, -6.1808765]], [[106.837952, -6.1812076], [106.8383237, -6.181111]], [[106.8420755, -6.1792334], [106.8414185, -6.1793072]], [[106.8391989, -6.1806435], [106.8395511, -6.1803786], [106.8395921, -6.1803478]], [[106.8388574, -6.1808765], [106.839055, -6.1807376], [106.8391989, -6.1806435]], [[106.8414185, -6.1793072], [106.8389855, -6.181109]], [[106.8384785, -6.1813288], [106.8371479, -6.1816915]], [[106.8408665, -6.1793468], [106.8410325, -6.1792209], [106.8411001, -6.1791472]], [[106.8374549, -6.1813045], [106.837952, -6.1812076]]]}, "properties": {"id": "rd-121", "name": "Jalan Kramat Kwitang", "route_name": "Jalan Kramat Kwitang", "highway": "primary", "mode": "road", "status": "context", "status_label": "Jalan - konteks", "source": "OpenStreetMap", "source_type": "osm", "license": "ODbL"}}, {"type": "Feature", "id": "rd-122", "geometry": {"type": "MultiLineString", "coordinates": [[[106.8464557, -6.189043], [106.8462274, -6.1886479]], [[106.8424372, -6.1793591], [106.8431119, -6.1826184]], [[106.8426616, -6.1814313], [106.8426128, -6.1811821], [106.8421092, -6.178751]], [[106.8440194, -6.1844059], [106.844382, -6.1849713]], [[106.8415952, -6.175817], [106.8428988, -6.1819105]], [[106.84296, -6.1829475], [106.8426717, -6.1815246]], [[106.8459773, -6.1882107], [106.8446965, -6.1859901]], [[106.8429744, -6.1829882], [106.84296, -6.1829475]], [[106.8430052, -6.1830758], [106.8429744, -6.1829882]], [[106.8430536, -6.1832008], [106.8430317, -6.1831443], [106.8430052, -6.1830758]], [[106.8436083, -6.1841571], [106.8430536, -6.1832008]], [[106.8423776, -6.1805342], [106.8423125, -6.1802723], [106.8421785, -6.179733], [106.8420755, -6.1792334]], [[106.8463184, -6.1883526], [106.8464721, -6.1886168], [106.8466172, -6.1888659]], [[106.8432171, -6.1829197], [106.8438306, -6.1840423]], [[106.8428988, -6.1819105], [106.8429658, -6.1822847], [106.843073, -6.1825622], [106.8431119, -6.1826184]], [[106.8423384, -6.178906], [106.8423547, -6.178975], [106.8423802, -6.1790824], [106.8424372, -6.1793591]], [[106.841957, -6.1787192], [106.8419433, -6.178664], [106.8419302, -6.1786268], [106.8419087, -6.1785793]], [[106.8462274, -6.1886479], [106.8461218, -6.188461], [106.8459773, -6.1882107]], [[106.8421092, -6.178751], [106.8415008, -6.1757491]], [[106.8420755, -6.1792334], [106.841957, -6.1787192]], [[106.8449362, -6.1858874], [106.8463184, -6.1883526]], [[106.8438306, -6.1840423], [106.8439104, -6.1842196], [106.8439855, -6.184347], [106.8440194, -6.1844059]], [[106.8438387, -6.1845238], [106.8437598, -6.1843979], [106.8436083, -6.1841571]], [[106.8426717, -6.1815246], [106.8425369, -6.1811556], [106.8423776, -6.1805342]], [[106.844382, -6.1849713], [106.8446107, -6.1853481], [106.8447199, -6.1855301]], [[106.8441841, -6.1850888], [106.8438387, -6.1845238]], [[106.8446965, -6.1859901], [106.8441841, -6.1850888]], [[106.8419087, -6.1785793], [106.8423384, -6.178906]], [[106.8431119, -6.1826184], [106.8431246, -6.1826639], [106.8432171, -6.1829197]], [[106.8447199, -6.1855301], [106.8449362, -6.1858874]], [[106.8426717, -6.1815246], [106.8426641, -6.1814542], [106.8426616, -6.1814313]]]}, "properties": {"id": "rd-122", "name": "Jalan Kramat Raya", "route_name": "Jalan Kramat Raya", "highway": "primary", "mode": "road", "status": "context", "status_label": "Jalan - konteks", "source": "OpenStreetMap", "source_type": "osm", "license": "ODbL"}}, {"type": "Feature", "id": "rd-124", "geometry": {"type": "MultiLineString", "coordinates": [[[106.8280203, -6.202674], [106.8280149, -6.2043683], [106.8285078, -6.2053411]], [[106.8283761, -6.2054999], [106.8278473, -6.2042533], [106.8279, -6.2026392]]]}, "properties": {"id": "rd-124", "name": "Jalan Kuningan Flyover", "route_name": "Jalan Kuningan Flyover", "highway": "primary", "mode": "road", "status": "context", "status_label": "Jalan - konteks", "source": "OpenStreetMap", "source_type": "osm", "license": "ODbL"}}, {"type": "Feature", "id": "rd-125", "geometry": {"type": "MultiLineString", "coordinates": [[[106.8104514, -6.1711897], [106.8086755, -6.1715024]], [[106.8074737, -6.1720226], [106.8079256, -6.1717484], [106.8083082, -6.171541], [106.8085816, -6.1713971]], [[106.8085816, -6.1713971], [106.8086569, -6.1713595]], [[106.8086075, -6.1715207], [106.8068496, -6.1725875]], [[106.8067795, -6.1724968], [106.8074737, -6.1720226]], [[106.810825, -6.1711224], [106.8104514, -6.1711897]], [[106.8105645, -6.1709865], [106.8108112, -6.1709413]], [[106.8086755, -6.1715024], [106.8086075, -6.1715207]], [[106.8096509, -6.1711608], [106.809925, -6.1711027], [106.8104157, -6.1710111], [106.8105645, -6.1709865]], [[106.8086569, -6.1713595], [106.8088179, -6.171309], [106.8096509, -6.1711608]], [[106.8108112, -6.1709413], [106.8108238, -6.1709392]], [[106.8108378, -6.17112], [106.810825, -6.1711224]]]}, "properties": {"id": "rd-125", "name": "Jalan Kyai Caringin", "route_name": "Jalan Kyai Caringin", "highway": "primary", "mode": "road", "status": "context", "status_label": "Jalan - konteks", "source": "OpenStreetMap", "source_type": "osm", "license": "ODbL"}}, {"type": "Feature", "id": "rd-126", "geometry": {"type": "MultiLineString", "coordinates": [[[106.8151783, -6.1845187], [106.8147814, -6.1846135]], [[106.8147814, -6.1846135], [106.8139502, -6.1828337]], [[106.8153157, -6.1843647], [106.8151291, -6.1850048]], [[106.8168088, -6.1818702], [106.8167681, -6.181935], [106.816748, -6.1819684]], [[106.813902, -6.1827156], [106.8135805, -6.182321]], [[106.8165948, -6.1822157], [106.81541, -6.1841975]], [[106.8153157, -6.1843647], [106.8152339, -6.1844511], [106.8151783, -6.1845187]], [[106.8166903, -6.1820599], [106.8166469, -6.1821278], [106.816634, -6.1821497]], [[106.816748, -6.1819684], [106.8167422, -6.1819786], [106.8166903, -6.1820599]], [[106.81541, -6.1841975], [106.8153718, -6.1842695], [106.8153157, -6.1843647]], [[106.8139502, -6.1828337], [106.813902, -6.1827156]], [[106.816634, -6.1821497], [106.8166221, -6.1821689], [106.8165948, -6.1822157]]]}, "properties": {"id": "rd-126", "name": "Jalan Kyai Haji Fakhrudin", "route_name": "Jalan Kyai Haji Fakhrudin", "highway": "primary", "mode": "road", "status": "context", "status_label": "Jalan - konteks", "source": "OpenStreetMap", "source_type": "osm", "license": "ODbL"}}, {"type": "Feature", "id": "rd-127", "geometry": {"type": "MultiLineString", "coordinates": [[[106.84337, -6.2440253], [106.8428705, -6.2461323]], [[106.8424645, -6.2530491], [106.8426203, -6.2507649]], [[106.8441483, -6.2659894], [106.8433115, -6.2641678], [106.8431478, -6.2614996], [106.8434465, -6.2579992], [106.842988, -6.2555945]], [[106.8428034, -6.2461227], [106.8432661, -6.2437813]], [[106.8426908, -6.2496705], [106.842799, -6.2461761]], [[106.8428671, -6.246181], [106.8427666, -6.2496698]], [[106.8429624, -6.2554796], [106.8425251, -6.2540871]], [[106.8427666, -6.2496698], [106.8425194, -6.2533217]], [[106.8430972, -6.2558379], [106.8435223, -6.2579925], [106.8433659, -6.2639603], [106.8442339, -6.2659674]], [[106.8432661, -6.2437813], [106.843222, -6.2435328]], [[106.8424452, -6.2535274], [106.8424526, -6.2532755], [106.8424645, -6.2530491]], [[106.8430281, -6.2554665], [106.8430534, -6.2555835]], [[106.842988, -6.2555945], [106.8429624, -6.2554796]], [[106.8425199, -6.2535327], [106.8425293, -6.2536461], [106.8425453, -6.2538162], [106.8425982, -6.2540947]], [[106.8435604, -6.2435629], [106.8434143, -6.2439106], [106.84337, -6.2440253]], [[106.8426754, -6.2500137], [106.8426882, -6.2497286], [106.8426908, -6.2496705]], [[106.8425982, -6.2540947], [106.8426522, -6.2543082], [106.8428278, -6.2548444], [106.8429366, -6.2551643]], [[106.8425251, -6.2540871], [106.8424452, -6.2535274]], [[106.842799, -6.2461761], [106.8428034, -6.2461227]], [[106.8428705, -6.2461323], [106.8428671, -6.246181]], [[106.8430701, -6.255661], [106.8430972, -6.2558379]], [[106.8429366, -6.2551643], [106.8430093, -6.2553793]], [[106.8425194, -6.2533217], [106.8425199, -6.2535327]], [[106.8426203, -6.2507649], [106.8426754, -6.2500137]], [[106.8430093, -6.2553793], [106.8430281, -6.2554665]], [[106.8430534, -6.2555835], [106.8430701, -6.255661]]]}, "properties": {"id": "rd-127", "name": "Jalan Kyai Haji Guru Amin", "route_name": "Jalan Kyai Haji Guru Amin", "highway": "primary", "mode": "road", "status": "context", "status_label": "Jalan - konteks", "source": "OpenStreetMap", "source_type": "osm", "license": "ODbL"}}, {"type": "Feature", "id": "rd-128", "geometry": {"type": "MultiLineString", "coordinates": [[[106.6884483, -6.2115861], [106.6884926, -6.2122047]], [[106.8158659, -6.1653811], [106.8157626, -6.165391]], [[106.8103538, -6.1656086], [106.8103938, -6.1656075]], [[106.6896325, -6.2003875], [106.688042, -6.2039133], [106.6878875, -6.2059649], [106.6884483, -6.2115861]], [[106.8106597, -6.1657267], [106.8105235, -6.1657383], [106.8103858, -6.16575]], [[106.7983286, -6.1660982], [106.798419, -6.1661102], [106.7985146, -6.1661212]], [[106.7985022, -6.1662105], [106.7984059, -6.1662394], [106.7983075, -6.1662758]], [[106.8045475, -6.1660917], [106.8043837, -6.1660712]], [[106.7986536, -6.166115], [106.8042703, -6.1660154]], [[106.8042703, -6.1660154], [106.8043394, -6.1660126], [106.8044116, -6.1660051]], [[106.8042784, -6.1660602], [106.7986606, -6.1661861]], [[106.8103632, -6.1657519], [106.8103007, -6.1657566], [106.8096172, -6.1658075]], [[106.8156709, -6.1652498], [106.8157508, -6.1652395]], [[106.8157508, -6.1652395], [106.8194141, -6.1646572]], [[106.8191639, -6.1648479], [106.8158659, -6.1653811]], [[106.8124979, -6.1654312], [106.8126961, -6.1654156], [106.8127955, -6.1654086], [106.8128488, -6.1654043]], [[106.8157626, -6.165391], [106.8135096, -6.1655213]], [[106.8083604, -6.1657383], [106.8102917, -6.1656126], [106.8103538, -6.1656086]], [[106.8133963, -6.1653646], [106.8134406, -6.1653641], [106.8134948, -6.1653607]], [[106.6844488, -6.1994527], [106.6881895, -6.198731], [106.6888974, -6.1988797]], [[106.8080922, -6.1657568], [106.8083604, -6.1657383]], [[106.8082435, -6.1659014], [106.8081888, -6.1659057]], [[106.6888974, -6.1988797], [106.6896325, -6.2003875]], [[106.8103938, -6.1656075], [106.8106211, -6.1655872]], [[106.8106211, -6.1655872], [106.8106707, -6.1655826]], [[106.8103858, -6.16575], [106.8103632, -6.1657519]], [[106.8106806, -6.1657249], [106.8106597, -6.1657267]], [[106.8081888, -6.1659057], [106.8045475, -6.1660917]], [[106.8194141, -6.1646572], [106.8197756, -6.1645985], [106.8198796, -6.1645811], [106.8199685, -6.1645704]], [[106.8049314, -6.1659491], [106.8080922, -6.1657568]], [[106.8096172, -6.1658075], [106.8091256, -6.1658421], [106.8084624, -6.1658887], [106.8082435, -6.1659014]], [[106.8106707, -6.1655826], [106.8124979, -6.1654312]], [[106.8045404, -6.1659689], [106.804683, -6.1659538], [106.8049314, -6.1659491]], [[106.6799285, -6.1977708], [106.6830574, -6.1991722], [106.6844488, -6.1994527]], [[106.8139904, -6.1653356], [106.8156709, -6.1652498]], [[106.8128488, -6.1654043], [106.8132181, -6.1653793]], [[106.8132879, -6.1653739], [106.8133963, -6.1653646]], [[106.8132428, -6.1655402], [106.8106806, -6.1657249]], [[106.8043837, -6.1660712], [106.8042784, -6.1660602]], [[106.8044116, -6.1660051], [106.8045404, -6.1659689]], [[106.7985146, -6.1661212], [106.7986536, -6.166115]], [[106.7986606, -6.1661861], [106.7985022, -6.1662105]], [[106.8133178, -6.1655342], [106.8132428, -6.1655402]], [[106.8135096, -6.1655213], [106.8134223, -6.1655253], [106.8133178, -6.1655342]], [[106.8132181, -6.1653793], [106.8132879, -6.1653739]], [[106.8134948, -6.1653607], [106.8139904, -6.1653356]]]}, "properties": {"id": "rd-128", "name": "Jalan Kyai Haji Hasyim Ashari", "route_name": "Jalan Kyai Haji Hasyim Ashari", "highway": "primary", "mode": "road", "status": "context", "status_label": "Jalan - konteks", "source": "OpenStreetMap", "source_type": "osm", "license": "ODbL"}}, {"type": "Feature", "id": "rd-129", "geometry": {"type": "MultiLineString", "coordinates": [[[106.8178554, -6.2096582], [106.817915, -6.2118722]], [[106.8144422, -6.198104], [106.81541, -6.2003187]], [[106.8155342, -6.2006687], [106.8155484, -6.2007087], [106.8155597, -6.2007405], [106.8155827, -6.2008054]], [[106.8161982, -6.203786], [106.8157811, -6.2025409]], [[106.8160525, -6.202597], [106.81624, -6.203512]], [[106.8153914, -6.2011331], [106.8153441, -6.2009876], [106.8152807, -6.2007922]], [[106.8152807, -6.2007922], [106.8151465, -6.200416]], [[106.815618, -6.2009163], [106.8157144, -6.2012267]], [[106.8150828, -6.1900873], [106.8151012, -6.1897753], [106.8151807, -6.1892492], [106.8151951, -6.1890718]], [[106.816043, -6.203156], [106.8147759, -6.1991251]], [[106.8146034, -6.1927962], [106.8149963, -6.1908233]], [[106.8145845, -6.1935439], [106.8143839, -6.1978377]], [[106.8147759, -6.1991251], [106.8144868, -6.1984781], [106.8143335, -6.1981716]], [[106.8148474, -6.1990545], [106.8161215, -6.2031265]], [[106.8154208, -6.2012636], [106.8153914, -6.2011331]], [[106.8147045, -6.1992535], [106.8143335, -6.1981716]], [[106.8149963, -6.1908233], [106.8150734, -6.1904485], [106.8150926, -6.190352]], [[106.8143821, -6.194644], [106.8146034, -6.1927962]], [[106.8142877, -6.1980494], [106.8143821, -6.194644]], [[106.8143839, -6.1978377], [106.8143834, -6.1979043], [106.8144076, -6.1980296], [106.8144422, -6.198104]], [[106.8152055, -6.1903673], [106.8150714, -6.1910926]], [[106.8161982, -6.203786], [106.816043, -6.203156]], [[106.8171662, -6.2073357], [106.8161982, -6.203786]], [[106.8177753, -6.2124699], [106.8175878, -6.2090622]], [[106.8144422, -6.198104], [106.8148474, -6.1990545]], [[106.8150714, -6.1910926], [106.8145845, -6.1935439]], [[106.8169637, -6.206401], [106.8172869, -6.2072971]], [[106.81624, -6.203512], [106.8169637, -6.206401]], [[106.8161215, -6.2031265], [106.8161701, -6.2033319], [106.81624, -6.203512]], [[106.8155815, -6.188469], [106.8152055, -6.1903673]], [[106.81541, -6.2003187], [106.8154321, -6.2003809], [106.8154545, -6.2004441], [106.8155342, -6.2006687]], [[106.8173281, -6.2077334], [106.8172125, -6.2074534]], [[106.8175851, -6.2086882], [106.8173281, -6.2077334]], [[106.8175878, -6.2090622], [106.8175659, -6.2088795], [106.8175851, -6.2086882]], [[106.814881, -6.1997149], [106.8147045, -6.1992535]], [[106.8151328, -6.2003777], [106.8150169, -6.200053], [106.8149445, -6.1998728], [106.814881, -6.1997149]], [[106.8150926, -6.190352], [106.8150795, -6.1901633], [106.8150828, -6.1900873]], [[106.8143335, -6.1981716], [106.8143281, -6.1981581], [106.8142877, -6.1980494]], [[106.8151465, -6.200416], [106.8151328, -6.2003777]], [[106.8157144, -6.2012267], [106.8157362, -6.2013191]], [[106.8155556, -6.2017021], [106.8156147, -6.2013876]], [[106.8176677, -6.2085233], [106.8177043, -6.2087237], [106.8178108, -6.2093063], [106.817825, -6.2094349]], [[106.817825, -6.2094349], [106.8178482, -6.2095819], [106.8178554, -6.2096582]], [[106.8174487, -6.2076908], [106.8175185, -6.2078809], [106.8176235, -6.2082737], [106.8176677, -6.2085233]], [[106.8151951, -6.1890718], [106.8152095, -6.188898], [106.8152203, -6.188702], [106.8152247, -6.1885617]], [[106.8155837, -6.1884073], [106.8155826, -6.1884382], [106.8155815, -6.188469]], [[106.8155827, -6.2008054], [106.8155922, -6.2008332], [106.815618, -6.2009163]], [[106.8154677, -6.2015641], [106.8154352, -6.2013654], [106.8154314, -6.2013377], [106.8154208, -6.2012636]], [[106.8156731, -6.2021877], [106.8155556, -6.2017021]], [[106.8157362, -6.2013191], [106.8157598, -6.2014048], [106.815834, -6.2016796]], [[106.8157811, -6.2025409], [106.8156948, -6.2022625], [106.8156731, -6.2021877]], [[106.815834, -6.2016796], [106.8159203, -6.2020319], [106.8160525, -6.202597]], [[106.8172869, -6.2072971], [106.8174487, -6.2076908]], [[106.8172125, -6.2074534], [106.8171662, -6.2073357]], [[106.8156147, -6.2013876], [106.8156348, -6.2013613], [106.8156672, -6.2013291], [106.8156893, -6.2013089]]]}, "properties": {"id": "rd-129", "name": "Jalan Kyai Haji Mas Mansyur", "route_name": "Jalan Kyai Haji Mas Mansyur", "highway": "primary", "mode": "road", "status": "context", "status_label": "Jalan - konteks", "source": "OpenStreetMap", "source_type": "osm", "license": "ODbL"}}, {"type": "Feature", "id": "rd-130", "geometry": {"type": "MultiLineString", "coordinates": [[[106.7961052, -6.2399559], [106.7940176, -6.2400808], [106.7928714, -6.2417177]], [[106.7894299, -6.2412045], [106.7886194, -6.2409296]], [[106.7866374, -6.2396886], [106.7865165, -6.23917]], [[106.7898865, -6.241036], [106.7901037, -6.2417106], [106.7916579, -6.2419609]], [[106.7925623, -6.2418399], [106.7925063, -6.2418561]], [[106.7916584, -6.2420431], [106.7900921, -6.2418341]], [[106.7895409, -6.2411668], [106.7887194, -6.240851]], [[106.7928352, -6.2415983], [106.793951, -6.2399883], [106.7961008, -6.2398291]], [[106.7924926, -6.2417989], [106.7925544, -6.2417813]], [[106.7983514, -6.2398112], [106.7984021, -6.2398099], [106.7984794, -6.2398092]], [[106.7896092, -6.2412049], [106.7895733, -6.2411909]], [[106.7875295, -6.2407599], [106.7873466, -6.2406205], [106.7870973, -6.2403524], [106.7865466, -6.2397796]], [[106.798065, -6.2398145], [106.7981337, -6.2398125], [106.7982393, -6.2398125], [106.7983514, -6.2398112]], [[106.7875268, -6.2406099], [106.7874519, -6.240526], [106.7871845, -6.2402445], [106.7866374, -6.2396886]], [[106.7878127, -6.2408336], [106.7876622, -6.2408039], [106.7875295, -6.2407599]], [[106.7898694, -6.2416509], [106.7894299, -6.2412045]], [[106.7865354, -6.2389684], [106.7865522, -6.2388264], [106.7865629, -6.2387416]], [[106.798541, -6.2399599], [106.7984984, -6.2399603]], [[106.7984984, -6.2399603], [106.7984021, -6.2399606]], [[106.7928714, -6.2417177], [106.7926657, -6.2418095]], [[106.7983535, -6.2399628], [106.7982414, -6.239961], [106.7980438, -6.2399587]], [[106.7916579, -6.2419609], [106.7918226, -6.2419535], [106.7918682, -6.241943], [106.7919448, -6.2419322]], [[106.7919448, -6.2419322], [106.7923701, -6.2418345], [106.7924249, -6.2418209], [106.7924926, -6.2417989]], [[106.7925063, -6.2418561], [106.7916584, -6.2420431]], [[106.7887194, -6.240851], [106.7882192, -6.240803], [106.7879737, -6.2407684], [106.7878926, -6.2407577]], [[106.7886194, -6.2409296], [106.7878127, -6.2408336]], [[106.7895733, -6.2411909], [106.7895409, -6.2411668]], [[106.7898865, -6.241036], [106.7896092, -6.2412049]], [[106.7878926, -6.2407577], [106.7877645, -6.2407291], [106.7876659, -6.2406911], [106.7875268, -6.2406099]], [[106.7865466, -6.2397796], [106.7861036, -6.2395197]], [[106.7975137, -6.2398258], [106.7979087, -6.2398177], [106.798065, -6.2398145]], [[106.7984021, -6.2399606], [106.7983535, -6.2399628]], [[106.7984794, -6.2398092], [106.7985137, -6.2398099]], [[106.7961008, -6.2398291], [106.7975137, -6.2398258]], [[106.7926657, -6.2418095], [106.7925623, -6.2418399]], [[106.7925544, -6.2417813], [106.7927018, -6.2417083], [106.7927749, -6.2416569], [106.7928352, -6.2415983]], [[106.7900921, -6.2418341], [106.7899832, -6.2417639], [106.7898694, -6.2416509]], [[106.7980438, -6.2399587], [106.7961052, -6.2399559]], [[106.7865165, -6.23917], [106.7865354, -6.2389684]]]}, "properties": {"id": "rd-130", "name": "Jalan Kyai Maja", "route_name": "Jalan Kyai Maja", "highway": "primary", "mode": "road", "status": "context", "status_label": "Jalan - konteks", "source": "OpenStreetMap", "source_type": "osm", "license": "ODbL"}}, {"type": "Feature", "id": "rd-131", "geometry": {"type": "MultiLineString", "coordinates": [[[106.7878767, -6.1667066], [106.7879316, -6.1667139]], [[106.7955552, -6.1664814], [106.7935736, -6.1666052]], [[106.7900566, -6.1666794], [106.7902393, -6.1666634], [106.7906359, -6.1666286], [106.7909032, -6.1666052]], [[106.7880148, -6.1669085], [106.7879051, -6.166901]], [[106.7881379, -6.1667283], [106.7888081, -6.1667887]], [[106.7887744, -6.1669745], [106.7880381, -6.1669098]], [[106.7888081, -6.1667887], [106.7891395, -6.1667614]], [[106.7935993, -6.1663868], [106.7983286, -6.1660982]], [[106.7892161, -6.1669656], [106.7888464, -6.166976], [106.7887744, -6.1669745]], [[106.7983075, -6.1662758], [106.7968803, -6.166396]], [[106.7919573, -6.1667289], [106.7918854, -6.1667348]], [[106.7880381, -6.1669098], [106.7880148, -6.1669085]], [[106.7891395, -6.1667614], [106.7900241, -6.1666822]], [[106.7914292, -6.1667721], [106.7913313, -6.1667803]], [[106.7879618, -6.1667162], [106.788107, -6.1667262]], [[106.7879051, -6.166901], [106.7878747, -6.1668977], [106.7878063, -6.1668917]], [[106.788107, -6.1667262], [106.7881379, -6.1667283]], [[106.7913313, -6.1667803], [106.7892161, -6.1669656]], [[106.7879316, -6.1667139], [106.7879618, -6.1667162]], [[106.7909032, -6.1666052], [106.7912683, -6.1665755]], [[106.7916606, -6.1665422], [106.7926472, -6.1664664], [106.7934481, -6.1663976], [106.7935993, -6.1663868]], [[106.7912683, -6.1665755], [106.7916606, -6.1665422]], [[106.7900241, -6.1666822], [106.7900566, -6.1666794]], [[106.7968803, -6.166396], [106.7955552, -6.1664814]], [[106.7935736, -6.1666052], [106.7919573, -6.1667289]], [[106.7918854, -6.1667348], [106.7914292, -6.1667721]]]}, "properties": {"id": "rd-131", "name": "Jalan Kyai Tapa", "route_name": "Jalan Kyai Tapa", "highway": "trunk", "mode": "road", "status": "context", "status_label": "Jalan - konteks", "source": "OpenStreetMap", "source_type": "osm", "license": "ODbL"}}, {"type": "Feature", "id": "rd-132", "geometry": {"type": "MultiLineString", "coordinates": [[[106.8937518, -6.2395869], [106.8965847, -6.2417622]], [[106.8777313, -6.2398992], [106.8778241, -6.2398945], [106.8781486, -6.2398595], [106.8782073, -6.2398525]], [[106.9326634, -6.2485175], [106.9406209, -6.2493602]], [[106.9072329, -6.24645], [106.9077974, -6.2466467]], [[106.9065079, -6.2463591], [106.9069844, -6.2464857]], [[106.8834852, -6.2395412], [106.8895308, -6.2392741]], [[106.8808907, -6.2397113], [106.8834852, -6.2395412]], [[106.8789434, -6.2398383], [106.8808907, -6.2397113]], [[106.8786475, -6.239847], [106.878913, -6.2398393], [106.8789434, -6.2398383]], [[106.8921628, -6.2393106], [106.892441, -6.2393207]], [[106.8920254, -6.2393082], [106.8921628, -6.2393106]], [[106.9209891, -6.2476015], [106.9211466, -6.2475889]], [[106.9091836, -6.2470216], [106.912447, -6.2478245]], [[106.9057528, -6.2461381], [106.9057876, -6.2461528], [106.9063427, -6.2463119]], [[106.8916524, -6.2393022], [106.891975, -6.2393072], [106.8920044, -6.2393082]], [[106.9211466, -6.2475889], [106.9212783, -6.2475711], [106.921345, -6.2475673]], [[106.9201504, -6.2476434], [106.9209891, -6.2476015]], [[106.9198668, -6.24767], [106.9199799, -6.2476605]], [[106.917712, -6.2478325], [106.9197158, -6.247682]], [[106.9323813, -6.2484887], [106.9324579, -6.2484983], [106.9326634, -6.2485175]], [[106.9292155, -6.248144], [106.9323813, -6.2484887]], [[106.9141716, -6.2480893], [106.9138376, -6.2481657]], [[106.8910913, -6.2392826], [106.8913409, -6.2392921], [106.8914479, -6.2392962], [106.8916524, -6.2393022]], [[106.9406706, -6.2493645], [106.9410984, -6.249392], [106.9413875, -6.2494068]], [[106.9064659, -6.2462557], [106.9066288, -6.2462834], [106.9069759, -6.2463744], [106.9069972, -6.2463807]], [[106.9060751, -6.2461873], [106.9063141, -6.2462305], [106.9063225, -6.2462319]], [[106.907726, -6.2467114], [106.9081563, -6.2468247], [106.9083444, -6.2468373]], [[106.9406209, -6.2493602], [106.9406706, -6.2493645]], [[106.9419595, -6.2494754], [106.9420523, -6.2494931], [106.9438034, -6.2496399]], [[106.9413875, -6.2494068], [106.941867, -6.2494697], [106.9419595, -6.2494754]], [[106.9228889, -6.2476049], [106.9231695, -6.2476456], [106.9234273, -6.2476712]], [[106.921345, -6.2475673], [106.9227585, -6.2475929]], [[106.9227585, -6.2475929], [106.9228889, -6.2476049]], [[106.929135, -6.2481367], [106.9292155, -6.248144]], [[106.9262087, -6.2479721], [106.926308, -6.2479761]], [[106.926308, -6.2479761], [106.9284309, -6.2481169]], [[106.9234273, -6.2476712], [106.9262087, -6.2479721]], [[106.8895308, -6.2392741], [106.8910913, -6.2392826]], [[106.9077974, -6.2466467], [106.9091836, -6.2470216]], [[106.9198711, -6.2477138], [106.9141716, -6.2480893]], [[106.9199853, -6.2477051], [106.9198711, -6.2477138]], [[106.9209891, -6.2476015], [106.9199853, -6.2477051]], [[106.9197158, -6.247682], [106.9198668, -6.24767]], [[106.9284309, -6.2481169], [106.929135, -6.2481367]], [[106.9021457, -6.244782], [106.9057528, -6.2461381]], [[106.899103, -6.2437346], [106.9004317, -6.2442008]], [[106.9013419, -6.2446416], [106.9004317, -6.2442008]], [[106.9013419, -6.2446416], [106.9021457, -6.244782]], [[106.9171734, -6.2478691], [106.9172369, -6.2478658], [106.9173337, -6.2478608], [106.917712, -6.2478325]], [[106.8920044, -6.2393082], [106.8920254, -6.2393082]], [[106.9057528, -6.2461381], [106.9057905, -6.246139], [106.9059969, -6.2461716], [106.9060751, -6.2461873]], [[106.9070906, -6.2464082], [106.9072329, -6.24645]], [[106.9133925, -6.2479977], [106.9171734, -6.2478691]], [[106.9004317, -6.2442008], [106.9021457, -6.244782]], [[106.8965847, -6.2417622], [106.899103, -6.2437346]], [[106.892441, -6.2393207], [106.8936479, -6.2395444]], [[106.8936479, -6.2395444], [106.8937518, -6.2395869]], [[106.9199799, -6.2476605], [106.9200094, -6.2476572], [106.9201504, -6.2476434]], [[106.8786337, -6.2398471], [106.8786475, -6.239847]], [[106.8782073, -6.2398525], [106.8786337, -6.2398471]], [[106.9072196, -6.2465612], [106.907276, -6.2465753], [106.907726, -6.2467114]], [[106.912447, -6.2478245], [106.9133925, -6.2479977]], [[106.9063427, -6.2463119], [106.9064503, -6.2463427]], [[106.9064503, -6.2463427], [106.9065079, -6.2463591]], [[106.9064132, -6.2462467], [106.9064659, -6.2462557]], [[106.9063225, -6.2462319], [106.9064132, -6.2462467]], [[106.9071353, -6.24654], [106.9072196, -6.2465612]], [[106.9069844, -6.2464857], [106.9071353, -6.24654]], [[106.9069972, -6.2463807], [106.9070906, -6.2464082]]]}, "properties": {"id": "rd-132", "name": "Jalan Laksamana Malahayati", "route_name": "Jalan Laksamana Malahayati", "highway": "primary", "mode": "road", "status": "context", "status_label": "Jalan - konteks", "source": "OpenStreetMap", "source_type": "osm", "license": "ODbL"}}, {"type": "Feature", "id": "rd-133", "geometry": {"type": "MultiLineString", "coordinates": [[[106.7467904, -6.3250328], [106.7474398, -6.3287615], [106.7485954, -6.331263]], [[106.7462452, -6.3213236], [106.7467276, -6.3245558]], [[106.7485954, -6.331263], [106.748609, -6.3313579]], [[106.7491539, -6.3357062], [106.748727, -6.3323321]], [[106.7498125, -6.3415419], [106.749806, -6.3420707]], [[106.749713, -6.3415227], [106.7497267, -6.3412841], [106.7497728, -6.3411428]], [[106.7497134, -6.3420229], [106.749713, -6.3415227]], [[106.749806, -6.3420707], [106.7497923, -6.3422961]], [[106.7497728, -6.3411428], [106.7498113, -6.3413027], [106.749813, -6.3415293], [106.7498125, -6.3415419]], [[106.7497116, -6.3422957], [106.7497145, -6.3420918], [106.7497134, -6.3420229]], [[106.7497923, -6.3422961], [106.7497647, -6.344317]], [[106.7497647, -6.344317], [106.7497623, -6.3444636], [106.749763, -6.3445243]], [[106.7496859, -6.3445222], [106.7496853, -6.344453], [106.7496869, -6.344335]], [[106.7496869, -6.344335], [106.7497116, -6.3422957]], [[106.7467538, -6.3247544], [106.7467748, -6.3249132], [106.7467904, -6.3250328]], [[106.7460708, -6.3207414], [106.7461077, -6.3208646], [106.7461562, -6.3210264], [106.7462452, -6.3213236]], [[106.7495169, -6.337786], [106.7492947, -6.3367382]], [[106.7491853, -6.3359362], [106.7491539, -6.3357062]], [[106.749688, -6.3387664], [106.7497728, -6.3411428]], [[106.7467276, -6.3245558], [106.7467538, -6.3247544]], [[106.7492947, -6.3367382], [106.7492732, -6.3366059]], [[106.7492732, -6.3366059], [106.7491853, -6.3359362]], [[106.748727, -6.3323321], [106.7495169, -6.337786]], [[106.748609, -6.3313579], [106.748727, -6.3323321]], [[106.7495169, -6.337786], [106.7495787, -6.3380761], [106.7496659, -6.338626], [106.749688, -6.3387664]]]}, "properties": {"id": "rd-133", "name": "Jalan Laksamana RE Martadinata", "route_name": "Jalan Laksamana RE Martadinata", "highway": "trunk", "mode": "road", "status": "context", "status_label": "Jalan - konteks", "source": "OpenStreetMap", "source_type": "osm", "license": "ODbL"}}, {"type": "Feature", "id": "rd-135", "geometry": {"type": "MultiLineString", "coordinates": [[[106.7671926, -6.1972749], [106.7644052, -6.1977288]], [[106.7643639, -6.1976555], [106.7680981, -6.1969782]], [[106.7688929, -6.1972335], [106.7685731, -6.197007]], [[106.7688726, -6.1968349], [106.7689229, -6.1968284], [106.768967, -6.1968227], [106.7690104, -6.1968169]], [[106.7680981, -6.1969782], [106.7686284, -6.1968855], [106.7688076, -6.1968488], [106.7688726, -6.1968349]], [[106.7685731, -6.197007], [106.7671926, -6.1972749]]]}, "properties": {"id": "rd-135", "name": "Jalan Lapangan Bola", "route_name": "Jalan Lapangan Bola", "highway": "primary", "mode": "road", "status": "context", "status_label": "Jalan - konteks", "source": "OpenStreetMap", "source_type": "osm", "license": "ODbL"}}, {"type": "Feature", "id": "rd-136", "geometry": {"type": "MultiLineString", "coordinates": [[[106.9841954, -6.3000678], [106.9839637, -6.3007647], [106.9838428, -6.3010763], [106.9838136, -6.3012437]], [[106.9836941, -6.3012018], [106.9837682, -6.3011071], [106.9839044, -6.3007503], [106.9841284, -6.3000492]], [[106.9846279, -6.2944686], [106.9846853, -6.2947877]], [[106.9846137, -6.2947812], [106.9846244, -6.294461]], [[106.9846853, -6.2947877], [106.9848604, -6.2972487], [106.9841954, -6.3000678]], [[106.9841284, -6.3000492], [106.984791, -6.2972387], [106.9846137, -6.2947812]]]}, "properties": {"id": "rd-136", "name": "Jalan Layang Cipendawa", "route_name": "Jalan Layang Cipendawa", "highway": "primary", "mode": "road", "status": "context", "status_label": "Jalan - konteks", "source": "OpenStreetMap", "source_type": "osm", "license": "ODbL"}}, {"type": "Feature", "id": "rd-137", "geometry": {"type": "MultiLineString", "coordinates": [[[106.8358459, -6.3218411], [106.8360034, -6.3215846]], [[106.8364198, -6.3216094], [106.8364033, -6.3216404], [106.8362541, -6.3219202], [106.835911, -6.3224895]], [[106.8342665, -6.3249884], [106.8339044, -6.3264394]], [[106.8333632, -6.3255614], [106.8336214, -6.3252539], [106.8339237, -6.3247904]], [[106.835911, -6.3224895], [106.8349749, -6.3234844], [106.8358459, -6.3218411]], [[106.8339237, -6.3247904], [106.8349405, -6.3236291], [106.8342665, -6.3249884]], [[106.8366156, -6.3212804], [106.8364198, -6.3216094]]]}, "properties": {"id": "rd-137", "name": "Jalan Layang Lenteng Agung", "route_name": "Jalan Layang Lenteng Agung", "highway": "primary", "mode": "road", "status": "context", "status_label": "Jalan - konteks", "source": "OpenStreetMap", "source_type": "osm", "license": "ODbL"}}, {"type": "Feature", "id": "rd-138", "geometry": {"type": "MultiLineString", "coordinates": [[[106.8436297, -6.2429444], [106.8465818, -6.2432916]], [[106.843429, -6.2434646], [106.839558, -6.2422942]], [[106.8466625, -6.2432926], [106.8467593, -6.2432723], [106.8468795, -6.2432408]], [[106.8465772, -6.2437083], [106.8464229, -6.2436804], [106.846244, -6.2436481]], [[106.839558, -6.2422942], [106.8389562, -6.2421227], [106.8387163, -6.2420607], [106.8386069, -6.2420478]], [[106.846244, -6.2436481], [106.8443004, -6.243515], [106.8436859, -6.243484], [106.843429, -6.2434646]], [[106.8465818, -6.2432916], [106.8466625, -6.2432926]]]}, "properties": {"id": "rd-138", "name": "Jalan Layang Pancoran", "route_name": "Jalan Layang Pancoran", "highway": "trunk", "mode": "road", "status": "context", "status_label": "Jalan - konteks", "source": "OpenStreetMap", "source_type": "osm", "license": "ODbL"}}, {"type": "Feature", "id": "rd-139", "geometry": {"type": "MultiLineString", "coordinates": [[[107.1648282, -6.3288513], [107.1561733, -6.324469], [107.1049382, -6.2947328], [107.0996095, -6.2919418], [107.0910707, -6.2883919], [107.0659223, -6.2805123], [107.0501151, -6.2751104], [107.0403568, -6.2708782], [106.9919148, -6.2538985], [106.9815682, -6.2493152], [106.9776455, -6.2488379], [106.9736731, -6.2494978], [106.9709433, -6.2507256], [106.9639055, -6.2548658]], [[106.9648974, -6.254258], [106.9708018, -6.2506936], [106.9739225, -6.2492939], [106.9777286, -6.2487179], [106.9812866, -6.2491672], [106.9919443, -6.2538185], [107.0403944, -6.2707942], [107.0504634, -6.2751267], [107.0665285, -6.2806269], [107.09106, -6.2883213], [107.0980136, -6.2911513], [107.1034683, -6.2938588], [107.1562033, -6.3243873], [107.1648343, -6.3287662]], [[106.963647, -6.2547544], [106.964024, -6.254611], [106.9645388, -6.2544153], [106.9648974, -6.254258]]]}, "properties": {"id": "rd-139", "name": "Jalan Layang Sheikh Mohammed bin Zayed", "route_name": "Jalan Layang Sheikh Mohammed bin Zayed", "highway": "motorway", "mode": "road", "status": "context", "status_label": "Jalan - konteks", "source": "OpenStreetMap", "source_type": "osm", "license": "ODbL"}}, {"type": "Feature", "id": "rd-141", "geometry": {"type": "MultiLineString", "coordinates": [[[106.8358129, -6.3183444], [106.8375645, -6.3102616]], [[106.8304129, -6.3566548], [106.8311003, -6.3568047], [106.8314664, -6.3558978]], [[106.8314664, -6.3558978], [106.8315545, -6.355485]], [[106.8320095, -6.3524577], [106.8328685, -6.3468582]], [[106.8315545, -6.355485], [106.8317715, -6.3544383]], [[106.8319068, -6.3535252], [106.8319791, -6.3530654], [106.8320069, -6.3526575], [106.8320095, -6.3524577]], [[106.8375645, -6.3102616], [106.8380995, -6.3090016]], [[106.8360034, -6.3215846], [106.835986, -6.3211928]], [[106.835986, -6.3211928], [106.8358129, -6.3183444]], [[106.8317715, -6.3544383], [106.8318903, -6.3536328], [106.8319068, -6.3535252]]]}, "properties": {"id": "rd-141", "name": "Jalan Lenteng Agung Barat", "route_name": "Jalan Lenteng Agung Barat", "highway": "primary", "mode": "road", "status": "context", "status_label": "Jalan - konteks", "source": "OpenStreetMap", "source_type": "osm", "license": "ODbL"}}, {"type": "Feature", "id": "rd-142", "geometry": {"type": "MultiLineString", "coordinates": [[[106.8348789, -6.331751], [106.8333949, -6.3283788], [106.8333632, -6.3255614]], [[106.837696, -6.3146014], [106.8381813, -6.3105931]], [[106.8322927, -6.3534143], [106.8322255, -6.3546413]], [[106.8322255, -6.3546413], [106.8323444, -6.3550289]], [[106.8335563, -6.3438892], [106.8335126, -6.3441785], [106.8335081, -6.344228]], [[106.8356466, -6.3343443], [106.8340239, -6.3409662]], [[106.8358744, -6.3226625], [106.8357222, -6.3228897], [106.8355014, -6.3232193], [106.8352555, -6.323591]], [[106.8379763, -6.3146688], [106.8366156, -6.3212804]], [[106.8394171, -6.306045], [106.8386229, -6.3108769]], [[106.8380995, -6.3090016], [106.8389154, -6.3071268]], [[106.8390465, -6.3061237], [106.8394545, -6.3038229]], [[106.8351584, -6.3228111], [106.8357293, -6.3219562]], [[106.8328685, -6.3468582], [106.8331914, -6.3440855]], [[106.8339044, -6.3264394], [106.8339863, -6.3282541], [106.834905, -6.3299389]], [[106.8331914, -6.3440855], [106.8332204, -6.3438255], [106.8332729, -6.3432248]], [[106.8398951, -6.3034914], [106.8398702, -6.3036211]], [[106.8394545, -6.3038229], [106.8395034, -6.3036256]], [[106.8391147, -6.3061433], [106.8394545, -6.3038229]], [[106.8389721, -6.3067836], [106.8390228, -6.3067248], [106.8391147, -6.3061433]], [[106.8389721, -6.3067836], [106.8389517, -6.3067002], [106.8390465, -6.3061237]], [[106.8389518, -6.3068982], [106.8389687, -6.3068028]], [[106.8389154, -6.3071268], [106.8389173, -6.3071147], [106.8389518, -6.3068982]], [[106.8381813, -6.3105931], [106.8380995, -6.3090016]], [[106.8370062, -6.3185816], [106.837696, -6.3146014]], [[106.8366504, -6.3202834], [106.8370062, -6.3185816]], [[106.8334259, -6.3421973], [106.8335391, -6.3416242], [106.8338088, -6.3402586], [106.8339206, -6.3397192]], [[106.8348426, -6.3358925], [106.8348767, -6.3357354], [106.8350159, -6.3351638]], [[106.8389687, -6.3068028], [106.8389721, -6.3067836]], [[106.834905, -6.3299389], [106.8356393, -6.3317477], [106.8356466, -6.3343443]], [[106.8357293, -6.3219562], [106.8358708, -6.3216962]], [[106.8358708, -6.3216962], [106.835986, -6.3211928]], [[106.8360034, -6.3215846], [106.8366504, -6.3202834]], [[106.8386229, -6.3108769], [106.8380321, -6.3142306], [106.8379763, -6.3146688]], [[106.833452, -6.3448083], [106.8322927, -6.3534143]], [[106.8334908, -6.3444284], [106.833452, -6.3448083]], [[106.8335081, -6.344228], [106.8334908, -6.3444284]], [[106.8339206, -6.3397192], [106.8348426, -6.3358925]], [[106.8340239, -6.3409662], [106.8335563, -6.3438892]], [[106.8350159, -6.3351638], [106.8352463, -6.3333373], [106.8349808, -6.3320337]], [[106.8352555, -6.323591], [106.8343176, -6.3250038], [106.8339044, -6.3264394]], [[106.8366156, -6.3212804], [106.8358744, -6.3226625]], [[106.8398702, -6.3036211], [106.8398609, -6.3036709], [106.8397886, -6.3040823], [106.8394171, -6.306045]], [[106.8333632, -6.3255614], [106.8351584, -6.3228111]], [[106.8332729, -6.3432248], [106.8332964, -6.3430561], [106.833348, -6.3426349], [106.8334259, -6.3421973]], [[106.8349808, -6.3320337], [106.8348789, -6.331751]]]}, "properties": {"id": "rd-142", "name": "Jalan Lenteng Agung Raya", "route_name": "Jalan Lenteng Agung Raya", "highway": "primary", "mode": "road", "status": "context", "status_label": "Jalan - konteks", "source": "OpenStreetMap", "source_type": "osm", "license": "ODbL"}}, {"type": "Feature", "id": "rd-143", "geometry": {"type": "MultiLineString", "coordinates": [[[106.8444446, -6.2430227], [106.8455797, -6.2431999]], [[106.8683072, -6.2441595], [106.8689273, -6.244329]], [[106.8722944, -6.246061], [106.8740042, -6.2466149]], [[106.8740042, -6.2466149], [106.8756242, -6.2478087]], [[106.8756242, -6.2478087], [106.8770419, -6.2485779]], [[106.8739727, -6.2467209], [106.8723711, -6.246323]], [[106.8755054, -6.2478507], [106.8739727, -6.2467209]], [[106.8689273, -6.244329], [106.869197, -6.2444181], [106.8694715, -6.2445511], [106.8696076, -6.2446231]], [[106.8650403, -6.243548], [106.8627527, -6.2433104]], [[106.8785018, -6.2486929], [106.8771503, -6.2487596]], [[106.8697389, -6.2452854], [106.8687102, -6.2447752]], [[106.8687102, -6.2447752], [106.868206, -6.2445865]], [[106.859905, -6.2428869], [106.8607381, -6.2428953]], [[106.8583624, -6.2429264], [106.8588751, -6.2429145]], [[106.853812, -6.243386], [106.8483886, -6.2435967]], [[106.8588976, -6.2434432], [106.8586283, -6.2434384], [106.8583992, -6.2434336]], [[106.862311, -6.243318], [106.8622065, -6.2433179], [106.8620643, -6.2433217], [106.8618837, -6.2433266]], [[106.8627527, -6.2433104], [106.862311, -6.243318]], [[106.8624264, -6.2429273], [106.8627277, -6.2429238]], [[106.8718066, -6.2459515], [106.8720473, -6.2460076], [106.8722944, -6.246061]], [[106.8699078, -6.2448585], [106.8705106, -6.2454714]], [[106.854022, -6.2429731], [106.8567798, -6.2429651]], [[106.8537824, -6.2429744], [106.854022, -6.2429731]], [[106.8465772, -6.2437083], [106.844273, -6.2436156]], [[106.8486674, -6.2431245], [106.8537824, -6.2429744]], [[106.8474414, -6.2432275], [106.8475121, -6.2432227]], [[106.8540266, -6.2433832], [106.853812, -6.243386]], [[106.8583992, -6.2434336], [106.8540266, -6.2433832]], [[106.8770982, -6.2485947], [106.8780474, -6.2486286]], [[106.8801148, -6.2481991], [106.8789307, -6.2486005]], [[106.8767748, -6.2486695], [106.8755054, -6.2478507]], [[106.8468795, -6.2432408], [106.8474414, -6.2432275]], [[106.8438351, -6.2428438], [106.8439489, -6.242874], [106.8440409, -6.2428984], [106.8442943, -6.2429755]], [[106.8607381, -6.2428953], [106.8607592, -6.2428956], [106.8609322, -6.2429075]], [[106.8610887, -6.2429254], [106.8614443, -6.2429205], [106.8619235, -6.2429226], [106.8621362, -6.2429236]], [[106.8455797, -6.2431999], [106.8458548, -6.2432068], [106.8463931, -6.2432256], [106.8464909, -6.243229]], [[106.8442943, -6.2429755], [106.8444446, -6.2430227]], [[106.8672511, -6.2442399], [106.8650403, -6.243548]], [[106.8609322, -6.2429075], [106.8610887, -6.2429254]], [[106.8738466, -6.2463916], [106.8747041, -6.2467502]], [[106.8709816, -6.2457217], [106.8712939, -6.2458157], [106.8715011, -6.2458757]], [[106.8706185, -6.245559], [106.870715, -6.2456138]], [[106.8789307, -6.2486005], [106.8787133, -6.2486509], [106.8785018, -6.2486929]], [[106.8588751, -6.2429145], [106.8595186, -6.2429055], [106.859905, -6.2428869]], [[106.8567798, -6.2429651], [106.85755, -6.2429585], [106.857988, -6.242941], [106.8583624, -6.2429264]], [[106.8464909, -6.243229], [106.8466991, -6.2432357], [106.8468795, -6.2432408]], [[106.8676527, -6.2439689], [106.8677032, -6.2439836], [106.8683072, -6.2441595]], [[106.8627277, -6.2429238], [106.8645411, -6.2430056], [106.8670759, -6.2437468]], [[106.8725032, -6.2460959], [106.8727168, -6.2461317], [106.872936, -6.2461756], [106.8734365, -6.2462932]], [[106.8715011, -6.2458757], [106.8717532, -6.245939]], [[106.844273, -6.2436156], [106.8439572, -6.2436023]], [[106.8784371, -6.2485712], [106.8795163, -6.2482154]], [[106.8618837, -6.2433266], [106.8612136, -6.2433403], [106.8609416, -6.2433338]], [[106.8609416, -6.2433338], [106.8588976, -6.2434432]], [[106.8771503, -6.2487596], [106.8769499, -6.2487273], [106.8767748, -6.2486695]], [[106.8696076, -6.2446231], [106.869702, -6.2446819], [106.8697697, -6.2447285], [106.8698376, -6.2447877]], [[106.847553, -6.2432214], [106.8482658, -6.2431765]], [[106.8738735, -6.2469042], [106.8735589, -6.246737], [106.8733761, -6.2466583], [106.8732337, -6.246601]], [[106.8743592, -6.2472195], [106.8740002, -6.2469762], [106.8738735, -6.2469042]], [[106.8723711, -6.246323], [106.8717578, -6.2461361]], [[106.868206, -6.2445865], [106.8678331, -6.2444499], [106.8672511, -6.2442399]], [[106.8469188, -6.2436746], [106.8469045, -6.2436754], [106.8465772, -6.2437083]], [[106.8483886, -6.2435967], [106.8469188, -6.2436746]], [[106.8705106, -6.2454714], [106.8706185, -6.245559]], [[106.8747041, -6.2467502], [106.8748204, -6.2468283], [106.8749261, -6.2469093]], [[106.8438123, -6.2435879], [106.8435604, -6.2435629]], [[106.8706626, -6.245812], [106.8704697, -6.245745], [106.8704025, -6.2457088], [106.8701216, -6.24556]], [[106.8716305, -6.2460983], [106.8712389, -6.245985]], [[106.8732337, -6.246601], [106.8723711, -6.246323]], [[106.8734365, -6.2462932], [106.8738466, -6.2463916]], [[106.8698376, -6.2447877], [106.8699078, -6.2448585]], [[106.8475121, -6.2432227], [106.847553, -6.2432214]], [[106.8670759, -6.2437468], [106.8676527, -6.2439689]], [[106.8686874, -6.2448718], [106.868159, -6.2446652]], [[106.868159, -6.2446652], [106.8673892, -6.2443412], [106.8672511, -6.2442399]], [[106.8697389, -6.2452854], [106.8686874, -6.2448718]], [[106.8701216, -6.24556], [106.8698307, -6.2453424], [106.8697389, -6.2452854]], [[106.8482658, -6.2431765], [106.8486674, -6.2431245]], [[106.870715, -6.2456138], [106.8708009, -6.2456535], [106.8708719, -6.2456827], [106.8709816, -6.2457217]], [[106.8439572, -6.2436023], [106.8438123, -6.2435879]], [[106.8717578, -6.2461361], [106.8717032, -6.246121], [106.8716305, -6.2460983]], [[106.8717532, -6.245939], [106.8718066, -6.2459515]], [[106.8712389, -6.245985], [106.8708368, -6.2458679], [106.8706626, -6.245812]], [[106.8780474, -6.2486286], [106.8784371, -6.2485712]], [[106.8770419, -6.2485779], [106.8770982, -6.2485947]], [[106.8722944, -6.246061], [106.8725032, -6.2460959]], [[106.8621362, -6.2429236], [106.8624264, -6.2429273]]]}, "properties": {"id": "rd-143", "name": "Jalan Letnan Jenderal MT Haryono", "route_name": "Jalan Letnan Jenderal MT Haryono", "highway": "trunk", "mode": "road", "status": "context", "status_label": "Jalan - konteks", "source": "OpenStreetMap", "source_type": "osm", "license": "ODbL"}}, {"type": "Feature", "id": "rd-144", "geometry": {"type": "MultiLineString", "coordinates": [[[106.7952901, -6.1785507], [106.7946624, -6.1779012]], [[106.796418, -6.1812379], [106.7964055, -6.1806409]], [[106.7876698, -6.167984], [106.7876565, -6.1675743], [106.7876629, -6.1674203]], [[106.7877215, -6.1697199], [106.7876698, -6.167984]], [[106.7956789, -6.1795516], [106.7956179, -6.1794203]], [[106.7939936, -6.1772764], [106.7912449, -6.1748003]], [[106.7957569, -6.1797591], [106.7956789, -6.1795516]], [[106.7877316, -6.1670935], [106.787741, -6.1670643], [106.7877779, -6.1669669], [106.7878063, -6.1668917]], [[106.7897111, -6.1736383], [106.7883863, -6.171771], [106.7877215, -6.1697199]], [[106.7908236, -6.1744683], [106.7907511, -6.1744134], [106.7897998, -6.1737037]], [[106.7996725, -6.2011029], [106.7998452, -6.2014484], [106.7999799, -6.201718]], [[106.7876755, -6.1673869], [106.7877015, -6.1672102], [106.7877316, -6.1670935]], [[106.7984307, -6.1996965], [106.7971959, -6.1951801], [106.79696, -6.190594]], [[106.7964055, -6.1806409], [106.7952901, -6.1785507]], [[106.7974722, -6.1937477], [106.7980871, -6.1972597], [106.7988612, -6.1993784]], [[106.795453, -6.178068], [106.7959707, -6.1787541]], [[106.7926565, -6.175323], [106.7937981, -6.1764287]], [[106.7919724, -6.1747837], [106.7926565, -6.175323]], [[106.789394, -6.1720768], [106.7919724, -6.1747837]], [[106.7887503, -6.1707463], [106.788884, -6.1711255]], [[106.7886571, -6.1705029], [106.7887503, -6.1707463]], [[106.7884026, -6.1693843], [106.7884145, -6.1694476], [106.7885524, -6.170185], [106.7886571, -6.1705029]], [[106.7963184, -6.1809231], [106.7962087, -6.1804629]], [[106.7962087, -6.1804629], [106.7961599, -6.1804055], [106.7960445, -6.1802462]], [[106.7960445, -6.1802462], [106.7957569, -6.1797591]], [[106.796418, -6.1812379], [106.7963643, -6.1810869], [106.7963184, -6.1809231]], [[106.7965213, -6.1817638], [106.7964646, -6.1814915]], [[106.7965679, -6.1822923], [106.7965557, -6.181998]], [[106.79696, -6.190594], [106.7969058, -6.1892683]], [[106.7968484, -6.1886237], [106.7965679, -6.1822923]], [[106.7964646, -6.1814915], [106.796418, -6.1812379]], [[106.7994643, -6.2016666], [106.7986858, -6.2002503]], [[106.7973471, -6.1898602], [106.7973858, -6.1912224]], [[106.7972373, -6.1872633], [106.7973052, -6.1892034]], [[106.797083, -6.1824992], [106.7972094, -6.1859079]], [[106.7967819, -6.1804558], [106.7970365, -6.1818579]], [[106.7963678, -6.1794593], [106.7967819, -6.1804558]], [[106.788884, -6.1711255], [106.789394, -6.1720768]], [[106.7970365, -6.1818579], [106.7970677, -6.1822557], [106.797083, -6.1824992]], [[106.7877712, -6.1695848], [106.7878077, -6.1694569], [106.7878228, -6.1693683], [106.7878276, -6.1692932]], [[106.7965557, -6.181998], [106.7965213, -6.1817638]], [[106.7897998, -6.1737037], [106.7897111, -6.1736383]], [[106.7998144, -6.202345], [106.7997337, -6.2021846]], [[106.7949729, -6.1775214], [106.7951272, -6.1776827], [106.7953833, -6.1779767], [106.795453, -6.178068]], [[106.7937981, -6.1764287], [106.7949729, -6.1775214]], [[106.7992028, -6.2001612], [106.7993441, -6.2004561], [106.7994189, -6.2006107]], [[106.7988612, -6.1993784], [106.7989899, -6.1996576], [106.7991794, -6.2001134], [106.7992028, -6.2001612]], [[106.7994189, -6.2006107], [106.7995158, -6.2007936], [106.7995709, -6.2009057], [106.7995874, -6.2009392]], [[106.795185, -6.1787426], [106.7946624, -6.1779012]], [[106.7880667, -6.1674746], [106.7881053, -6.1672906]], [[106.7878276, -6.1692932], [106.7880667, -6.1674746]], [[106.7884201, -6.1676248], [106.7884026, -6.1693843]], [[106.7884588, -6.1674244], [106.7884201, -6.1676248]], [[106.7912449, -6.1748003], [106.7910579, -6.1746551], [106.7908236, -6.1744683]], [[106.7995878, -6.2019167], [106.7995375, -6.2018194], [106.7994643, -6.2016666]], [[106.7995874, -6.2009392], [106.7996725, -6.2011029]], [[106.7973858, -6.1912224], [106.7974722, -6.1937477]], [[106.7973052, -6.1892034], [106.7973236, -6.1894366]], [[106.7973236, -6.1894366], [106.7973471, -6.1898602]], [[106.7956179, -6.1794203], [106.7955766, -6.1793389]], [[106.7997337, -6.2021846], [106.7995878, -6.2019167]], [[106.7972094, -6.1859079], [106.7972112, -6.1860728]], [[106.7972112, -6.1860728], [106.7972373, -6.1872633]], [[106.7962946, -6.1793135], [106.7963678, -6.1794593]], [[106.7959707, -6.1787541], [106.7962527, -6.1792491]], [[106.7962527, -6.1792491], [106.7962946, -6.1793135]], [[106.8002063, -6.2021875], [106.80022, -6.2022167], [106.8002485, -6.2022766]], [[106.7986858, -6.2002503], [106.7986105, -6.200107], [106.7985493, -6.1999895], [106.7984307, -6.1996965]], [[106.7954606, -6.1791575], [106.7953712, -6.1790176], [106.7952038, -6.1787687]], [[106.7877215, -6.1697199], [106.7877712, -6.1695848]], [[106.7999799, -6.201718], [106.8002063, -6.2021875]], [[106.7969058, -6.1892683], [106.7968484, -6.1886237]], [[106.7955766, -6.1793389], [106.7954606, -6.1791575]], [[106.7946624, -6.1779012], [106.7944331, -6.1776878], [106.7939936, -6.1772764]], [[106.7952038, -6.1787687], [106.795185, -6.1787426]], [[106.7876629, -6.1674203], [106.7876755, -6.1673869]]]}, "properties": {"id": "rd-144", "name": "Jalan Letnan Jenderal Siswondo Parman", "route_name": "Jalan Letnan Jenderal Siswondo Parman", "highway": "trunk", "mode": "road", "status": "context", "status_label": "Jalan - konteks", "source": "OpenStreetMap", "source_type": "osm", "license": "ODbL"}}, {"type": "Feature", "id": "rd-145", "geometry": {"type": "MultiLineString", "coordinates": [[[106.7785444, -6.2189207], [106.7852035, -6.222607]], [[106.7882721, -6.2259955], [106.7878161, -6.2255836]], [[106.7850567, -6.222717], [106.7827924, -6.2212586]], [[106.7853168, -6.222702], [106.7854812, -6.2228944], [106.7858062, -6.2232556]], [[106.7867069, -6.2243301], [106.7883984, -6.225912]], [[106.7864123, -6.2239863], [106.7867069, -6.2243301]], [[106.7858062, -6.2232556], [106.7864123, -6.2239863]], [[106.7852035, -6.222607], [106.7853168, -6.222702]], [[106.7827924, -6.2212586], [106.7785426, -6.2190744]], [[106.7878161, -6.2255836], [106.7850567, -6.222717]]]}, "properties": {"id": "rd-145", "name": "Jalan Letnan Jenderal Soepeno", "route_name": "Jalan Letnan Jenderal Soepeno", "highway": "primary", "mode": "road", "status": "context", "status_label": "Jalan - konteks", "source": "OpenStreetMap", "source_type": "osm", "license": "ODbL"}}, {"type": "Feature", "id": "rd-146", "geometry": {"type": "MultiLineString", "coordinates": [[[106.8724747, -6.1677761], [106.8697348, -6.1690297]], [[106.8776387, -6.1664914], [106.8773268, -6.1665043]], [[106.8460925, -6.175155], [106.8454692, -6.1752733], [106.8448532, -6.1759561]], [[106.8732277, -6.1673222], [106.8766393, -6.1662984]], [[106.8523925, -6.1747206], [106.852245, -6.1747281], [106.8521884, -6.1747309]], [[106.8470087, -6.1750072], [106.8453407, -6.1752137]], [[106.8453018, -6.1751528], [106.8469102, -6.1749438]], [[106.8448401, -6.17569], [106.8451153, -6.1753114]], [[106.8451576, -6.1753674], [106.8448801, -6.1757432]], [[106.8446086, -6.1759858], [106.8448401, -6.17569]], [[106.8448801, -6.1757432], [106.8446601, -6.1760251]], [[106.8433353, -6.1775008], [106.8435879, -6.1772067], [106.8437841, -6.1770079]], [[106.8441525, -6.1767175], [106.8439103, -6.1771048]], [[106.8439103, -6.1771048], [106.8431872, -6.1779352]], [[106.8469102, -6.1749438], [106.8471915, -6.1749119], [106.8475031, -6.17486]], [[106.8581209, -6.1737204], [106.8600705, -6.1731714]], [[106.8495075, -6.1746958], [106.8512736, -6.1745602]], [[106.8522594, -6.1745724], [106.8533062, -6.1744975], [106.8542739, -6.1744187]], [[106.8494552, -6.1747746], [106.8522594, -6.1745724]], [[106.8437841, -6.1770079], [106.8441003, -6.1766625]], [[106.8431872, -6.1779352], [106.842912, -6.1781483]], [[106.8426772, -6.1783881], [106.8423384, -6.178906]], [[106.8652279, -6.1708399], [106.8653087, -6.1708034]], [[106.8653087, -6.1708034], [106.8658905, -6.1705329], [106.8662324, -6.1703739]], [[106.8652583, -6.1708969], [106.8653324, -6.1708642]], [[106.8580924, -6.1738084], [106.860309, -6.1731852]], [[106.8639353, -6.1717454], [106.8583108, -6.1739342]], [[106.8654099, -6.1710438], [106.8653945, -6.1710512], [106.8653473, -6.171074], [106.8653196, -6.1710873]], [[106.8649346, -6.1713662], [106.8614827, -6.1730096], [106.858327, -6.1739904]], [[106.865445, -6.1711261], [106.8653672, -6.1711635]], [[106.8776436, -6.1664272], [106.8762642, -6.1665633]], [[106.8771298, -6.1665123], [106.8725545, -6.167821]], [[106.8776152, -6.1662409], [106.8781051, -6.1662508]], [[106.8729842, -6.1673007], [106.8764465, -6.1662543], [106.8776152, -6.1662409]], [[106.877799, -6.1664344], [106.8777378, -6.166466], [106.877685, -6.1664802], [106.8776387, -6.1664914]], [[106.8422635, -6.1783391], [106.8423926, -6.1782382], [106.8424704, -6.1781762]], [[106.8429926, -6.1777388], [106.8439595, -6.176665]], [[106.8424704, -6.1781762], [106.8426876, -6.1779551], [106.8429926, -6.1777388]], [[106.8490066, -6.1747369], [106.8492812, -6.1747601], [106.8494178, -6.1747747]], [[106.8521884, -6.1747309], [106.8521294, -6.1747339]], [[106.842912, -6.1781483], [106.8426772, -6.1783881]], [[106.8785051, -6.1664893], [106.877799, -6.1664344]], [[106.8519558, -6.1747427], [106.8519053, -6.1747453]], [[106.8521294, -6.1747339], [106.8519558, -6.1747427]], [[106.8555254, -6.1742], [106.8580924, -6.1738084]], [[106.85551, -6.1741303], [106.8581209, -6.1737204]], [[106.8542957, -6.1744157], [106.8554561, -6.1742103], [106.8555254, -6.1742]], [[106.8521932, -6.174465], [106.8553262, -6.1741566]], [[106.8649645, -6.1710411], [106.865071, -6.1709897], [106.8652583, -6.1708969]], [[106.862169, -6.1722511], [106.8652279, -6.1708399]], [[106.8690934, -6.1694255], [106.865445, -6.1711261]], [[106.8422253, -6.1783683], [106.8422412, -6.178357], [106.8422635, -6.1783391]], [[106.8440312, -6.1770753], [106.8431847, -6.1779933]], [[106.8446534, -6.1762173], [106.8442265, -6.1768014]], [[106.8781051, -6.1662508], [106.8786541, -6.1662758]], [[106.8550624, -6.1744672], [106.8549814, -6.1744763], [106.8548932, -6.1744818], [106.8543599, -6.1745607]], [[106.8653196, -6.1710873], [106.8639353, -6.1717454]], [[106.8652987, -6.1711964], [106.8650864, -6.1712954], [106.8649346, -6.1713662]], [[106.8653672, -6.1711635], [106.8652987, -6.1711964]], [[106.8667771, -6.1702014], [106.867155, -6.1700307]], [[106.8662324, -6.1703739], [106.8666824, -6.1701664]], [[106.8666937, -6.1701619], [106.867037, -6.1699994], [106.8672856, -6.1698849], [106.8684253, -6.16936]], [[106.8657957, -6.1706487], [106.8662244, -6.1704493], [106.8667771, -6.1702014]], [[106.8696173, -6.1688753], [106.8699033, -6.1687584]], [[106.867155, -6.1700307], [106.8673163, -6.1699546], [106.8684648, -6.1694125], [106.8696173, -6.1688753]], [[106.8684253, -6.16936], [106.8692983, -6.1689487], [106.8694001, -6.168903]], [[106.8726378, -6.167435], [106.8727637, -6.1673793], [106.8729842, -6.1673007]], [[106.8713958, -6.1679828], [106.8726378, -6.167435]], [[106.8699033, -6.1687584], [106.871527, -6.1680067]], [[106.8696271, -6.1688011], [106.8710815, -6.1681306]], [[106.8727485, -6.16747], [106.8729883, -6.1673936], [106.8732277, -6.1673222]], [[106.8724019, -6.1676147], [106.8727485, -6.16747]], [[106.871527, -6.1680067], [106.8724019, -6.1676147]], [[106.8554437, -6.1741398], [106.85551, -6.1741303]], [[106.8553262, -6.1741566], [106.8553734, -6.1741498], [106.8554437, -6.1741398]], [[106.8481432, -6.1749941], [106.8476722, -6.1750371], [106.8475487, -6.1750484], [106.8474322, -6.1750496]], [[106.8512563, -6.1747755], [106.8481432, -6.1749941]], [[106.847223, -6.175019], [106.8470087, -6.1750072]], [[106.8475031, -6.17486], [106.8490066, -6.1747369]], [[106.8653324, -6.1708642], [106.8657957, -6.1706487]], [[106.8621495, -6.1723515], [106.8622741, -6.1722933], [106.8637031, -6.1716316]], [[106.8424704, -6.1781762], [106.8428404, -6.1779532], [106.8431186, -6.1777055], [106.8433353, -6.1775008]], [[106.8766393, -6.1662984], [106.8768799, -6.1662656], [106.8770675, -6.1662519], [106.8776152, -6.1662409]], [[106.8543599, -6.1745607], [106.8523925, -6.1747206]], [[106.8725545, -6.167821], [106.8690934, -6.1694255]], [[106.8762642, -6.1665633], [106.8732503, -6.1674942]], [[106.8773268, -6.1665043], [106.8772501, -6.1665078], [106.8771298, -6.1665123]], [[106.8462192, -6.1751504], [106.8460925, -6.175155]], [[106.8474322, -6.1750496], [106.8469132, -6.1750956]], [[106.8574664, -6.1740849], [106.8550624, -6.1744672]], [[106.8710815, -6.1681306], [106.8713958, -6.1679828]], [[106.8694001, -6.168903], [106.8696271, -6.1688011]], [[106.8666824, -6.1701664], [106.8666937, -6.1701619]], [[106.8600705, -6.1731714], [106.8601745, -6.1731312]], [[106.8601745, -6.1731312], [106.862169, -6.1722511]], [[106.858327, -6.1739904], [106.8550624, -6.1744672]], [[106.8519053, -6.1747453], [106.851853, -6.1747479]], [[106.869012, -6.1693683], [106.8654099, -6.1710438]], [[106.8442265, -6.1768014], [106.8442211, -6.1768091], [106.8441507, -6.1769142]], [[106.8441507, -6.1769142], [106.8440312, -6.1770753]], [[106.877799, -6.1664344], [106.8776436, -6.1664272]], [[106.8439595, -6.176665], [106.8439919, -6.1766263], [106.8441733, -6.176383], [106.8444605, -6.1759987]], [[106.8445703, -6.1761509], [106.8441525, -6.1767175]], [[106.8446601, -6.1760251], [106.8445703, -6.1761509]], [[106.8445169, -6.1761128], [106.8446086, -6.1759858]], [[106.8441003, -6.1766625], [106.8445169, -6.1761128]], [[106.8731952, -6.1675107], [106.8724747, -6.1677761]], [[106.8732503, -6.1674942], [106.8731952, -6.1675107]], [[106.8697348, -6.1690297], [106.869012, -6.1693683]], [[106.860309, -6.1731852], [106.8607305, -6.1730087], [106.8613016, -6.1727436], [106.8621495, -6.1723515]], [[106.8583108, -6.1739342], [106.8574664, -6.1740849]], [[106.8419901, -6.1785256], [106.8420804, -6.1784672], [106.8422253, -6.1783683]], [[106.851853, -6.1747479], [106.8512563, -6.1747755]], [[106.8419087, -6.1785793], [106.8419901, -6.1785256]], [[106.8451153, -6.1753114], [106.8451773, -6.1752482]], [[106.8451773, -6.1752482], [106.8453018, -6.1751528]], [[106.8452243, -6.1752977], [106.8451576, -6.1753674]], [[106.8453407, -6.1752137], [106.8452243, -6.1752977]], [[106.8448532, -6.1759561], [106.8446534, -6.1762173]], [[106.8431847, -6.1779933], [106.8429328, -6.1781964], [106.8426772, -6.1783881]], [[106.8512736, -6.1745602], [106.8518905, -6.1744787]], [[106.8490066, -6.1747369], [106.8495075, -6.1746958]], [[106.8474322, -6.1750496], [106.847223, -6.175019]], [[106.8466446, -6.1751172], [106.8462192, -6.1751504]], [[106.8786541, -6.1662758], [106.8787746, -6.1662813], [106.8788101, -6.1662829]], [[106.8786729, -6.1665014], [106.878544, -6.1664923], [106.8785051, -6.1664893]], [[106.8469132, -6.1750956], [106.8466446, -6.1751172]], [[106.8494178, -6.1747747], [106.8494552, -6.1747746]], [[106.8786944, -6.1665029], [106.8786729, -6.1665014]], [[106.864668, -6.1711848], [106.8649645, -6.1710411]], [[106.8637031, -6.1716316], [106.864668, -6.1711848]], [[106.8542739, -6.1744187], [106.8542957, -6.1744157]]]}, "properties": {"id": "rd-146", "name": "Jalan Letnan Jenderal Suprapto", "route_name": "Jalan Letnan Jenderal Suprapto", "highway": "primary", "mode": "road", "status": "context", "status_label": "Jalan - konteks", "source": "OpenStreetMap", "source_type": "osm", "license": "ODbL"}}, {"type": "Feature", "id": "rd-147", "geometry": {"type": "MultiLineString", "coordinates": [[[106.6863757, -6.3058726], [106.687976, -6.3083551]], [[106.686136, -6.3057451], [106.6860663, -6.3056252], [106.685956, -6.3053984], [106.6857581, -6.3049915]], [[106.6860308, -6.3052046], [106.686077, -6.3052946], [106.6862161, -6.3055675], [106.686269, -6.3056693]], [[106.6846072, -6.3024793], [106.6860308, -6.3052046]], [[106.6865748, -6.3065468], [106.6863634, -6.3061663], [106.6862366, -6.305947]], [[106.686269, -6.3056693], [106.6863757, -6.3058726]], [[106.6862366, -6.305947], [106.686136, -6.3057451]]]}, "properties": {"id": "rd-147", "name": "Jalan Letnan Soetopo", "route_name": "Jalan Letnan Soetopo", "highway": "primary", "mode": "road", "status": "context", "status_label": "Jalan - konteks", "source": "OpenStreetMap", "source_type": "osm", "license": "ODbL"}}, {"type": "Feature", "id": "rd-148", "geometry": {"type": "MultiLineString", "coordinates": [[[106.687846, -6.3083898], [106.6865748, -6.3065468]], [[106.6802317, -6.2942176], [106.6837833, -6.3010457]], [[106.6832323, -6.300425], [106.6802873, -6.2947499]], [[106.687976, -6.3083551], [106.6883219, -6.3089236], [106.6885111, -6.3092469]], [[106.6891733, -6.310684], [106.6892022, -6.3108559], [106.6892597, -6.3111971]], [[106.6893672, -6.3118251], [106.688373, -6.3092935]], [[106.6838478, -6.3011623], [106.6839237, -6.3012963], [106.6840501, -6.3015197]], [[106.6840501, -6.3015197], [106.6844268, -6.3021686], [106.6846072, -6.3024793]], [[106.6837112, -6.3012453], [106.6836416, -6.3011295]], [[106.6839718, -6.3016508], [106.68391, -6.3015548], [106.6838411, -6.3014501]], [[106.6838411, -6.3014501], [106.6837112, -6.3012453]], [[106.6802873, -6.2947499], [106.6800512, -6.2943099]], [[106.6800512, -6.2943099], [106.679961, -6.294133]], [[106.6836416, -6.3011295], [106.6835511, -6.3009748], [106.6833327, -6.3005964]], [[106.6844913, -6.3025647], [106.6839718, -6.3016508]], [[106.6847106, -6.3029438], [106.6846047, -6.3027605], [106.6844913, -6.3025647]], [[106.6801336, -6.2940343], [106.6802317, -6.2942176]], [[106.6796821, -6.2931746], [106.6801336, -6.2940343]], [[106.6833327, -6.3005964], [106.6832784, -6.3005064], [106.6832323, -6.300425]], [[106.6852686, -6.3039815], [106.6850719, -6.3036166], [106.6849904, -6.3034655]], [[106.6857581, -6.3049915], [106.6856374, -6.3047447], [106.6854224, -6.3042949], [106.6852686, -6.3039815]], [[106.6849904, -6.3034655], [106.684894, -6.3032634], [106.6847106, -6.3029438]], [[106.688373, -6.3092935], [106.6881907, -6.3089809], [106.687846, -6.3083898]], [[106.6885111, -6.3092469], [106.6888558, -6.3099654], [106.6888742, -6.3100126], [106.689053, -6.3104462]], [[106.689053, -6.3104462], [106.6891158, -6.3105353], [106.6891733, -6.310684]], [[106.6837833, -6.3010457], [106.6838478, -6.3011623]]]}, "properties": {"id": "rd-148", "name": "Jalan Letnan Sutopo", "route_name": "Jalan Letnan Sutopo", "highway": "primary", "mode": "road", "status": "context", "status_label": "Jalan - konteks", "source": "OpenStreetMap", "source_type": "osm", "license": "ODbL"}}, {"type": "Feature", "id": "rd-149", "geometry": {"type": "MultiLineString", "coordinates": [[[106.7278755, -6.150564], [106.7278493, -6.1506893], [106.727809, -6.1509026], [106.7277903, -6.1511613]], [[106.7270246, -6.1582242], [106.7272143, -6.1515587]], [[106.7272143, -6.1515587], [106.7273033, -6.1504424]], [[106.730658, -6.1238138], [106.730209, -6.1262711], [106.7304442, -6.1339114]], [[106.7278755, -6.150564], [106.7279347, -6.1537831]], [[106.727157, -6.1543395], [106.7271396, -6.1541957]], [[106.7275895, -6.1588486], [106.7274736, -6.1651586]], [[106.7274736, -6.1651586], [106.7274772, -6.1652343], [106.7275153, -6.1652882]], [[106.7270682, -6.1655724], [106.7270856, -6.1654635], [106.727092, -6.165387]], [[106.727092, -6.165387], [106.7270418, -6.1642295], [106.7270092, -6.1622206], [106.727028, -6.1592975]], [[106.727028, -6.1592975], [106.7270113, -6.1591757], [106.7269934, -6.159135]], [[106.7277903, -6.1511613], [106.7277058, -6.1580426]], [[106.7302986, -6.1389818], [106.7283374, -6.1478653]], [[106.7304469, -6.134034], [106.7303918, -6.1370196]], [[106.7304442, -6.1339114], [106.7304469, -6.134034]], [[106.7279557, -6.1548202], [106.7276777, -6.1583119]], [[106.7279635, -6.1545131], [106.7279557, -6.1548202]], [[106.7271517, -6.1546936], [106.727157, -6.1543395]], [[106.7269537, -6.1582273], [106.7271517, -6.1546936]], [[106.7271396, -6.1541957], [106.7271352, -6.1541297]], [[106.7283374, -6.1478653], [106.7282858, -6.1480513]], [[106.727917, -6.1542869], [106.7279505, -6.154358], [106.7279635, -6.1545131]], [[106.727567, -6.1600289], [106.7275543, -6.1603322], [106.7275456, -6.1605791]], [[106.7276777, -6.1583119], [106.7276233, -6.1588207]], [[106.7269376, -6.1603591], [106.7269845, -6.1594156], [106.7269858, -6.1591722], [106.7269934, -6.159135]], [[106.7268857, -6.1612952], [106.726887, -6.1612499], [106.7269376, -6.1603591]], [[106.7269944, -6.1591169], [106.7269537, -6.1582273]], [[106.7282858, -6.1480513], [106.7279385, -6.1498112]], [[106.7312982, -6.1225079], [106.730658, -6.1238138]], [[106.7315658, -6.1221854], [106.7312982, -6.1225079]], [[106.7319135, -6.1217344], [106.7318572, -6.1218187], [106.7315658, -6.1221854]], [[106.7279385, -6.1498112], [106.7279303, -6.1499091], [106.7278755, -6.150564]], [[106.7275456, -6.1605791], [106.7275349, -6.1610226]], [[106.7276233, -6.1588207], [106.7275811, -6.1597915]], [[106.7320833, -6.1214448], [106.7320282, -6.1215434], [106.7319135, -6.1217344]], [[106.7269804, -6.1583429], [106.7270246, -6.1582242]], [[106.7271352, -6.1541297], [106.7271361, -6.1540713], [106.7271374, -6.1539922]], [[106.7276233, -6.1588207], [106.7275895, -6.1588486]], [[106.7275811, -6.1597915], [106.727567, -6.1600289]], [[106.7269934, -6.159135], [106.7269944, -6.1591169]], [[106.7303809, -6.1373549], [106.730372, -6.1376322], [106.7303661, -6.1377349], [106.7302986, -6.1389818]], [[106.7303918, -6.1370196], [106.7303809, -6.1373549]], [[106.7279101, -6.1541645], [106.7279118, -6.1542225], [106.7279142, -6.1542503], [106.727917, -6.1542869]], [[106.7277058, -6.1580426], [106.7276869, -6.1582325], [106.7276777, -6.1583119]], [[106.7279135, -6.1541394], [106.7279101, -6.1541645]]]}, "properties": {"id": "rd-149", "name": "Jalan Lingkar Barat", "route_name": "Jalan Lingkar Barat", "highway": "primary", "mode": "road", "status": "context", "status_label": "Jalan - konteks", "source": "OpenStreetMap", "source_type": "osm", "license": "ODbL"}}, {"type": "Feature", "id": "rd-150", "geometry": {"type": "MultiLineString", "coordinates": [[[106.7293935, -6.1813183], [106.7301929, -6.1845162]], [[106.7291999, -6.1825019], [106.7283328, -6.17841]], [[106.7304424, -6.1855338], [106.7305225, -6.1858108], [106.7306583, -6.1861954]], [[106.7269194, -6.1627649], [106.7270842, -6.1624399], [106.72749, -6.1626713]], [[106.72749, -6.1626713], [106.7275153, -6.1652882]], [[106.7270682, -6.1655724], [106.7269194, -6.1627649]], [[106.7281532, -6.1760669], [106.7277507, -6.1708603]], [[106.7281924, -6.176568], [106.7281532, -6.1760669]], [[106.7286096, -6.1758259], [106.7286288, -6.1762978]], [[106.7282901, -6.1708334], [106.7286096, -6.1758259]], [[106.7306583, -6.1861954], [106.7307141, -6.1863775], [106.7307421, -6.1864595]], [[106.7299237, -6.185284], [106.7298579, -6.1849784]], [[106.7288491, -6.1787476], [106.7290129, -6.1796158], [106.7292193, -6.1805422]], [[106.7286288, -6.1762978], [106.7288491, -6.1787476]], [[106.727217, -6.166831], [106.7271543, -6.1663587], [106.7271338, -6.1661757], [106.7270682, -6.1655724]], [[106.7277507, -6.1708603], [106.7272789, -6.1673464]], [[106.7292193, -6.1805422], [106.7293935, -6.1813183]], [[106.7272789, -6.1673464], [106.7272302, -6.1669505], [106.727217, -6.166831]], [[106.7276517, -6.1665884], [106.7282901, -6.1708334]], [[106.7298579, -6.1849784], [106.729774, -6.1846602], [106.7297609, -6.1846105]], [[106.7275153, -6.1652882], [106.7276517, -6.1665884]], [[106.7297343, -6.1845089], [106.7291999, -6.1825019]], [[106.7282, -6.1766789], [106.7281953, -6.1765935], [106.7281924, -6.176568]], [[106.7268762, -6.1617813], [106.7268837, -6.1613817], [106.7268857, -6.1612952]], [[106.7303296, -6.1850745], [106.7304004, -6.1853628], [106.7304424, -6.1855338]], [[106.7283328, -6.17841], [106.7282, -6.1766789]], [[106.7302085, -6.1845742], [106.7303296, -6.1850745]], [[106.7301929, -6.1845162], [106.7301995, -6.1845403], [106.7302085, -6.1845742]], [[106.7297609, -6.1846105], [106.7297512, -6.1845747], [106.7297343, -6.1845089]]]}, "properties": {"id": "rd-150", "name": "Jalan Lingkar Luar Barat", "route_name": "Jalan Lingkar Luar Barat", "highway": "primary", "mode": "road", "status": "context", "status_label": "Jalan - konteks", "source": "OpenStreetMap", "source_type": "osm", "license": "ODbL"}}, {"type": "Feature", "id": "rd-151", "geometry": {"type": "MultiLineString", "coordinates": [[[106.6798779, -6.3659986], [106.6806552, -6.3619583], [106.6816834, -6.3603062], [106.681244, -6.3597138], [106.6798801, -6.3592319], [106.6797581, -6.3588128], [106.6814169, -6.3568907], [106.6820422, -6.3547979]], [[106.6820422, -6.3547979], [106.6812513, -6.3518687], [106.6794951, -6.3504696], [106.6775411, -6.3502131], [106.6764722, -6.3488242], [106.6764368, -6.3472046]]]}, "properties": {"id": "rd-151", "name": "Jalan Lingkar Luar Puspiptek", "route_name": "Jalan Lingkar Luar Puspiptek", "highway": "primary", "mode": "road", "status": "context", "status_label": "Jalan - konteks", "source": "OpenStreetMap", "source_type": "osm", "license": "ODbL"}}, {"type": "Feature", "id": "rd-152", "geometry": {"type": "MultiLineString", "coordinates": [[[107.0198577, -6.2079147], [107.0239484, -6.2091831]], [[107.0179391, -6.2073404], [107.0165395, -6.20692]], [[107.0181201, -6.2073836], [107.0179391, -6.2073404]], [[107.0227467, -6.2089277], [107.0198577, -6.2079147]], [[107.0198577, -6.2079147], [107.0181201, -6.2073836]]]}, "properties": {"id": "rd-152", "name": "Jalan Lingkar Utara", "route_name": "Jalan Lingkar Utara", "highway": "primary", "mode": "road", "status": "context", "status_label": "Jalan - konteks", "source": "OpenStreetMap", "source_type": "osm", "license": "ODbL"}}, {"type": "Feature", "id": "rd-153", "geometry": {"type": "MultiLineString", "coordinates": [[[106.8097953, -6.1261128], [106.8115483, -6.1259668], [106.8132321, -6.1271618], [106.8147291, -6.1273229], [106.8152527, -6.1292842], [106.8194473, -6.1316755]], [[106.8223242, -6.1313963], [106.824776, -6.1309176]], [[106.829553, -6.1301368], [106.8298316, -6.1305061], [106.8298785, -6.1305528], [106.8299632, -6.1305735]], [[106.8205076, -6.1317548], [106.8222628, -6.1314089]], [[106.8194473, -6.1316755], [106.8205076, -6.1317548]], [[106.8294959, -6.1300562], [106.829553, -6.1301368]], [[106.8258302, -6.1307175], [106.8262099, -6.1306484], [106.827283, -6.130453]], [[106.8282162, -6.1302836], [106.8288213, -6.1302072]], [[106.8256492, -6.1307557], [106.8258302, -6.1307175]], [[106.824776, -6.1309176], [106.8256492, -6.1307557]], [[106.8288213, -6.1302072], [106.8292717, -6.1300943], [106.8294959, -6.1300562]], [[106.827283, -6.130453], [106.8282162, -6.1302836]], [[106.8222628, -6.1314089], [106.8223242, -6.1313963]]]}, "properties": {"id": "rd-153", "name": "Jalan Lodan Raya", "route_name": "Jalan Lodan Raya", "highway": "trunk", "mode": "road", "status": "context", "status_label": "Jalan - konteks", "source": "OpenStreetMap", "source_type": "osm", "license": "ODbL"}}, {"type": "Feature", "id": "rd-154", "geometry": {"type": "MultiLineString", "coordinates": [[[106.8867948, -6.3063563], [106.8854485, -6.3076573]], [[106.8881196, -6.3062294], [106.8869238, -6.3062876]], [[106.8920397, -6.3060067], [106.8957442, -6.3069501], [106.8984244, -6.3081491]], [[106.8950301, -6.3074721], [106.8909161, -6.3064549]], [[106.9034148, -6.311775], [106.9033429, -6.311257]], [[106.9034402, -6.3121542], [106.9034398, -6.3120725], [106.903437, -6.3119222], [106.9034148, -6.311775]], [[106.8864846, -6.3048034], [106.8841772, -6.3030251]], [[106.8892017, -6.30549], [106.8874698, -6.3053503], [106.8864846, -6.3048034]], [[106.8993864, -6.308764], [106.9014131, -6.3104551]], [[106.8893089, -6.3061397], [106.8893665, -6.3060716], [106.8893726, -6.3060204]], [[106.8893686, -6.3056031], [106.8892017, -6.30549]], [[106.8894428, -6.3055984], [106.8894625, -6.3059924], [106.8894429, -6.3060868], [106.8894052, -6.3061417]], [[106.8893424, -6.3053255], [106.8894072, -6.3054622], [106.8894428, -6.3055984]], [[106.9035231, -6.3122115], [106.9034402, -6.3121542]], [[106.9035172, -6.3117647], [106.9035231, -6.3122115]], [[106.9034402, -6.3121542], [106.9033137, -6.3120614], [106.9029572, -6.311844]], [[106.9033429, -6.311257], [106.9033864, -6.3111804]], [[106.9034346, -6.3112693], [106.9035172, -6.3117647]], [[106.8887336, -6.3051979], [106.8889859, -6.3052483], [106.8892201, -6.3052979], [106.8893424, -6.3053255]], [[106.8843692, -6.3025576], [106.8867636, -6.3045624], [106.8887336, -6.3051979]], [[106.8881978, -6.3061736], [106.8892358, -6.306141], [106.8893089, -6.3061397]], [[106.8893708, -6.3062129], [106.8893018, -6.3062123]], [[106.9029572, -6.311844], [106.902415, -6.3116306], [106.9020718, -6.3114672]], [[106.9020718, -6.3114672], [106.8989238, -6.309475]], [[106.898368, -6.3091374], [106.8971264, -6.3084254]], [[106.8909161, -6.3064549], [106.8899979, -6.3062641]], [[106.8893424, -6.3053255], [106.8908519, -6.3056653]], [[106.8919805, -6.3059928], [106.8920397, -6.3060067]], [[106.9023463, -6.3109564], [106.9031784, -6.3110709]], [[106.9014131, -6.3104551], [106.9023463, -6.3109564]], [[106.8988629, -6.3084242], [106.8991561, -6.3086032], [106.8992098, -6.3086362], [106.8993864, -6.308764]], [[106.9031784, -6.3110709], [106.9032614, -6.3111013], [106.9033311, -6.311138], [106.9033864, -6.3111804]], [[106.9033864, -6.3111804], [106.9034131, -6.3112185], [106.9034346, -6.3112693]], [[106.8988407, -6.3094211], [106.8986735, -6.3093126], [106.8986103, -6.3092764], [106.898368, -6.3091374]], [[106.8989238, -6.309475], [106.8988407, -6.3094211]], [[106.8882301, -6.3062406], [106.8881196, -6.3062294]], [[106.8891057, -6.3062138], [106.8883373, -6.3062385], [106.8882301, -6.3062406]], [[106.8899979, -6.3062641], [106.8895054, -6.3062163], [106.8893708, -6.3062129]], [[106.8869238, -6.3062876], [106.8868649, -6.3063189], [106.8867948, -6.3063563]], [[106.8881978, -6.3061736], [106.8881196, -6.3062294]], [[106.8841772, -6.3030251], [106.8840383, -6.3027725], [106.8839725, -6.3025176], [106.8839065, -6.3021564]], [[106.8908519, -6.3056653], [106.8919805, -6.3059928]], [[106.8984244, -6.3081491], [106.8984832, -6.30818], [106.8988629, -6.3084242]], [[106.8893018, -6.3062123], [106.8891057, -6.3062138]], [[106.8894052, -6.3061417], [106.8893708, -6.3062129]], [[106.8893018, -6.3062123], [106.8893089, -6.3061397]], [[106.8893089, -6.3061397], [106.8894052, -6.3061417]], [[106.8893726, -6.3060204], [106.8893686, -6.3056031]], [[106.8841902, -6.3022603], [106.8842326, -6.3023279], [106.8843692, -6.3025576]], [[106.8971264, -6.3084254], [106.8952715, -6.3075465]], [[106.8952715, -6.3075465], [106.8950301, -6.3074721]]]}, "properties": {"id": "rd-154", "name": "Jalan Mabes Hankam", "route_name": "Jalan Mabes Hankam", "highway": "primary", "mode": "road", "status": "context", "status_label": "Jalan - konteks", "source": "OpenStreetMap", "source_type": "osm", "license": "ODbL"}}, {"type": "Feature", "id": "rd-155", "geometry": {"type": "MultiLineString", "coordinates": [[[106.8237265, -6.1714585], [106.8235297, -6.1714437], [106.8233688, -6.1714001], [106.8230531, -6.1713113]], [[106.8216135, -6.1700817], [106.8227498, -6.1711026]], [[106.8211525, -6.168007], [106.8215119, -6.1696894], [106.8215658, -6.1698939], [106.8216135, -6.1700817]], [[106.8211047, -6.1678152], [106.8211175, -6.1678579], [106.8211525, -6.168007]], [[106.8228977, -6.1711589], [106.8230531, -6.1713113]], [[106.8230531, -6.1713113], [106.8229613, -6.1713009], [106.8228908, -6.1712949]], [[106.8227498, -6.1711026], [106.8228977, -6.1711589]], [[106.8228908, -6.1712949], [106.8227238, -6.1712798], [106.8226428, -6.1712686], [106.8224373, -6.1712456]], [[106.8210656, -6.1676843], [106.8211047, -6.1678152]]]}, "properties": {"id": "rd-155", "name": "Jalan Majapahit", "route_name": "Jalan Majapahit", "highway": "primary", "mode": "road", "status": "context", "status_label": "Jalan - konteks", "source": "OpenStreetMap", "source_type": "osm", "license": "ODbL"}}, {"type": "Feature", "id": "rd-156", "geometry": {"type": "MultiLineString", "coordinates": [[[106.8288297, -6.2599829], [106.8295019, -6.2619099], [106.8305705, -6.2628563]], [[106.8303099, -6.2627935], [106.8293775, -6.2619667], [106.8286942, -6.2600107]], [[106.8258575, -6.2401113], [106.8258474, -6.2401951], [106.8258494, -6.2403769], [106.8258577, -6.2404603]], [[106.8256205, -6.2405158], [106.8253644, -6.2402132]], [[106.8258111, -6.2425745], [106.8258709, -6.2436126]], [[106.8260613, -6.2455471], [106.8264052, -6.2480166]], [[106.8272245, -6.2540345], [106.8262761, -6.2481467]], [[106.8264389, -6.2483308], [106.8271571, -6.2529906]], [[106.8262761, -6.2481467], [106.8262583, -6.2480411]], [[106.8264052, -6.2480166], [106.8264204, -6.2481405]], [[106.8262583, -6.2480411], [106.8257446, -6.2438067]], [[106.8286678, -6.2592553], [106.8287879, -6.2598232]], [[106.8286558, -6.2598446], [106.828565, -6.2594638], [106.82852, -6.2592743]], [[106.8257446, -6.2438067], [106.8256832, -6.2429192]], [[106.8256635, -6.2421157], [106.8256205, -6.2405158]], [[106.8272835, -6.2542717], [106.8272513, -6.2541451], [106.8272245, -6.2540345]], [[106.8271571, -6.2529906], [106.8272, -6.2532288], [106.8272958, -6.2536817]], [[106.8264204, -6.2481405], [106.8264389, -6.2483308]], [[106.8258709, -6.2436126], [106.8260613, -6.2455471]], [[106.8258577, -6.2404603], [106.8258195, -6.2419901]], [[106.8272958, -6.2536817], [106.8273881, -6.2541158], [106.827431, -6.2542838]], [[106.8286942, -6.2600107], [106.8286558, -6.2598446]], [[106.8287879, -6.2598232], [106.8288297, -6.2599829]], [[106.8258195, -6.2419901], [106.8258111, -6.2425745]], [[106.8256832, -6.2429192], [106.8256635, -6.2421157]]]}, "properties": {"id": "rd-156", "name": "Jalan Mampang Prapatan Raya", "route_name": "Jalan Mampang Prapatan Raya", "highway": "primary", "mode": "road", "status": "context", "status_label": "Jalan - konteks", "source": "OpenStreetMap", "source_type": "osm", "license": "ODbL"}}, {"type": "Feature", "id": "rd-158", "geometry": {"type": "MultiLineString", "coordinates": [[[106.9389634, -6.1102381], [106.9397753, -6.1101415], [106.9425344, -6.1101344]], [[106.9574236, -6.1088801], [106.9526148, -6.1101926], [106.9479313, -6.1102669]], [[106.9479198, -6.1101586], [106.9527338, -6.1100673], [106.9573774, -6.1087539]], [[106.9435651, -6.1102664], [106.939899, -6.1102562], [106.9396318, -6.110274], [106.938528, -6.1103879]], [[106.9584626, -6.1084553], [106.9600368, -6.1078124]], [[106.9600368, -6.1078124], [106.9584554, -6.1085967]], [[106.9573774, -6.1087539], [106.9576509, -6.1086813], [106.9584626, -6.1084553]], [[106.9584554, -6.1085967], [106.9576711, -6.1088173], [106.9574236, -6.1088801]], [[106.9438352, -6.1102658], [106.9435651, -6.1102664]], [[106.9428075, -6.1101362], [106.9433346, -6.1101398]], [[106.9448561, -6.1101499], [106.9449585, -6.1101505]], [[106.9433346, -6.1101398], [106.9443417, -6.1101465], [106.9447972, -6.1101495], [106.9448561, -6.1101499]], [[106.944848, -6.1102682], [106.9438352, -6.1102658]], [[106.9449734, -6.1102691], [106.944848, -6.1102682]], [[106.9449585, -6.1101505], [106.9453382, -6.1101515], [106.9479198, -6.1101586]], [[106.9479313, -6.1102669], [106.9471152, -6.1102675], [106.946387, -6.110268], [106.9449734, -6.1102691]], [[106.9425344, -6.1101344], [106.9428075, -6.1101362]]]}, "properties": {"id": "rd-158", "name": "Jalan Marunda Bidara", "route_name": "Jalan Marunda Bidara", "highway": "primary", "mode": "road", "status": "context", "status_label": "Jalan - konteks", "source": "OpenStreetMap", "source_type": "osm", "license": "ODbL"}}, {"type": "Feature", "id": "rd-159", "geometry": {"type": "MultiLineString", "coordinates": [[[106.9601515, -6.1077444], [106.9682634, -6.1055626]], [[106.9689749, -6.1052965], [106.9697222, -6.1051037]], [[106.9697222, -6.1051037], [106.9700607, -6.105008], [106.9701681, -6.1050241]], [[106.969733, -6.1052027], [106.9691985, -6.1053427], [106.9689752, -6.1054053]], [[106.9689752, -6.1054053], [106.9683898, -6.1055629], [106.9682634, -6.1055626]], [[106.9701681, -6.1050241], [106.9700926, -6.1050947], [106.969733, -6.1052027]], [[106.9682634, -6.1055626], [106.9683826, -6.1054603], [106.9689749, -6.1052965]], [[106.9701681, -6.1050241], [106.9757097, -6.1018622], [106.9823158, -6.1019839]], [[106.9600368, -6.1078124], [106.9601515, -6.1077444]], [[106.9823158, -6.1019839], [106.9877499, -6.1032565]]]}, "properties": {"id": "rd-159", "name": "Jalan Marunda Makmur", "route_name": "Jalan Marunda Makmur", "highway": "primary", "mode": "road", "status": "context", "status_label": "Jalan - konteks", "source": "OpenStreetMap", "source_type": "osm", "license": "ODbL"}}, {"type": "Feature", "id": "rd-161", "geometry": {"type": "MultiLineString", "coordinates": [[[106.9100715, -6.2841647], [106.9106901, -6.2829881], [106.9138374, -6.282552]], [[106.9096619, -6.2842621], [106.909732, -6.2842481], [106.9100322, -6.2841771], [106.9100715, -6.2841647]]]}, "properties": {"id": "rd-161", "name": "Jalan Masjid Nurul Ihsan", "route_name": "Jalan Masjid Nurul Ihsan", "highway": "primary", "mode": "road", "status": "context", "status_label": "Jalan - konteks", "source": "OpenStreetMap", "source_type": "osm", "license": "ODbL"}}, {"type": "Feature", "id": "rd-162", "geometry": {"type": "MultiLineString", "coordinates": [[[106.8596908, -6.2098212], [106.8572259, -6.2035568]], [[106.8626243, -6.2138753], [106.8657066, -6.2152762]], [[106.855655, -6.201055], [106.8571821, -6.2028284], [106.859558, -6.2089073]], [[106.8614975, -6.2136249], [106.8618282, -6.2135104]], [[106.851326, -6.2015719], [106.8510019, -6.2017515]], [[106.8521734, -6.2006684], [106.8534599, -6.1995712]], [[106.8509521, -6.201615], [106.8512421, -6.2014548]], [[106.8623623, -6.2136912], [106.8661194, -6.2153285]], [[106.8514083, -6.201523], [106.851326, -6.2015719]], [[106.8612857, -6.2128574], [106.8615761, -6.2132562]], [[106.860767, -6.2118026], [106.8607736, -6.2118181]], [[106.8606073, -6.2119589], [106.8605781, -6.2118987]], [[106.861122, -6.2129436], [106.8607648, -6.2122398]], [[106.854055, -6.1994124], [106.8538515, -6.1995904]], [[106.8542687, -6.1996935], [106.8546394, -6.2000709], [106.8552401, -6.2006962], [106.855655, -6.201055]], [[106.853629, -6.1994973], [106.8542687, -6.1996935]], [[106.8541112, -6.1998358], [106.8540846, -6.1998061], [106.8538792, -6.1996174], [106.8538515, -6.1995904]], [[106.8561371, -6.2018564], [106.8541112, -6.1998358]], [[106.854218, -6.1995572], [106.855655, -6.201055]], [[106.8513078, -6.2014174], [106.8515892, -6.2012256], [106.8518568, -6.2010121]], [[106.8512421, -6.2014548], [106.8513078, -6.2014174]], [[106.854055, -6.1994124], [106.8540809, -6.1994352], [106.854218, -6.1995572]], [[106.8534599, -6.1995712], [106.8535087, -6.1992811]], [[106.8572259, -6.2035568], [106.8561371, -6.2018564]], [[106.8602764, -6.2106693], [106.8603103, -6.2107521]], [[106.8603103, -6.2107521], [106.860767, -6.2118026]], [[106.8600678, -6.2107653], [106.8600401, -6.210699], [106.8596908, -6.2098212]], [[106.8601021, -6.2108423], [106.8600678, -6.2107653]], [[106.8605781, -6.2118987], [106.8601021, -6.2108423]], [[106.8614975, -6.2136249], [106.861122, -6.2129436]], [[106.8518568, -6.2010121], [106.8521734, -6.2006684]], [[106.8536911, -6.199728], [106.8517224, -6.2013156]], [[106.8615761, -6.2132562], [106.8618142, -6.213416]], [[106.8606425, -6.2120097], [106.8606073, -6.2119589]], [[106.8607648, -6.2122398], [106.8606977, -6.2121156], [106.8606425, -6.2120097]], [[106.8608258, -6.2119402], [106.8609215, -6.2121459]], [[106.8607736, -6.2118181], [106.8608258, -6.2119402]], [[106.8623607, -6.2137076], [106.8626243, -6.2138753]], [[106.8623424, -6.2136898], [106.8623623, -6.2136912]], [[106.8623424, -6.2136898], [106.8623607, -6.2137076]], [[106.8538515, -6.1995904], [106.8537868, -6.1996459], [106.8536911, -6.199728]], [[106.8618282, -6.2135104], [106.861973, -6.2135226]], [[106.8517224, -6.2013156], [106.851645, -6.2013653], [106.8514083, -6.201523]], [[106.861973, -6.2135226], [106.8623424, -6.2136898]], [[106.859558, -6.2089073], [106.8602764, -6.2106693]], [[106.8538883, -6.1995576], [106.8562791, -6.2016666]], [[106.8618142, -6.213416], [106.861973, -6.2135226]], [[106.8609215, -6.2121459], [106.8612857, -6.2128574]]]}, "properties": {"id": "rd-162", "name": "Jalan Matraman", "route_name": "Jalan Matraman", "highway": "primary", "mode": "road", "status": "context", "status_label": "Jalan - konteks", "source": "OpenStreetMap", "source_type": "osm", "license": "ODbL"}}, {"type": "Feature", "id": "rd-163", "geometry": {"type": "MultiLineString", "coordinates": [[[106.8060201, -6.2474509], [106.8069309, -6.248534], [106.8091659, -6.2496797], [106.8096796, -6.2503872], [106.8081114, -6.253536], [106.8084375, -6.264762]], [[106.8074768, -6.2794112], [106.8074566, -6.2794916], [106.8074553, -6.2795465], [106.8074706, -6.2796322]], [[106.8083901, -6.2647668], [106.8080579, -6.2535225], [106.8096234, -6.2503845], [106.8092141, -6.2497778], [106.807, -6.2487479]], [[106.8030157, -6.2434722], [106.8032754, -6.2437985]], [[106.8024783, -6.2419177], [106.8028343, -6.2432644]], [[106.807, -6.2487479], [106.8068821, -6.2486435]], [[106.8083475, -6.2773153], [106.8087214, -6.2720118], [106.8083901, -6.2647668]], [[106.8084375, -6.264762], [106.8086399, -6.2750336], [106.8083459, -6.2776878], [106.8074768, -6.2794112]], [[106.8028343, -6.2432644], [106.8029018, -6.2433361], [106.8030157, -6.2434722]], [[106.8032754, -6.2437985], [106.8043, -6.2451603], [106.8053618, -6.246581], [106.8060201, -6.2474509]], [[106.8024726, -6.2415763], [106.8024783, -6.2419177]], [[106.8083135, -6.2774532], [106.8083475, -6.2773153]]]}, "properties": {"id": "rd-163", "name": "Jalan Mayjen TNI Profesor Dokter Moestopo", "route_name": "Jalan Mayjen TNI Profesor Dokter Moestopo", "highway": "primary", "mode": "road", "status": "context", "status_label": "Jalan - konteks", "source": "OpenStreetMap", "source_type": "osm", "license": "ODbL"}}, {"type": "Feature", "id": "rd-164", "geometry": {"type": "MultiLineString", "coordinates": [[[106.8717215, -6.256144], [106.870851, -6.2570124], [106.8704166, -6.2573551]], [[106.8737288, -6.2503695], [106.873652, -6.2507225]], [[106.8727686, -6.2550504], [106.871864, -6.2559952], [106.8717215, -6.256144]], [[106.8697301, -6.2582474], [106.8687729, -6.2594873]], [[106.8661047, -6.2629895], [106.8659831, -6.2631623], [106.8659627, -6.263198], [106.8659294, -6.2632516]], [[106.8737284, -6.2497052], [106.8745624, -6.2477255]], [[106.8734594, -6.2524303], [106.873452, -6.2526861]], [[106.8735013, -6.2513319], [106.8734957, -6.2514168], [106.8734671, -6.2520687]], [[106.873652, -6.2507225], [106.8735518, -6.251069], [106.8735013, -6.2513319]], [[106.8734671, -6.2520687], [106.873481, -6.2523132]], [[106.8737288, -6.2503695], [106.8736476, -6.2505293]], [[106.8658335, -6.2630136], [106.8659249, -6.2628946], [106.8661421, -6.2626139], [106.8662093, -6.2625298]], [[106.8687729, -6.2594873], [106.8667933, -6.2620457]], [[106.8721833, -6.2535792], [106.8719476, -6.254196], [106.8714193, -6.2554974], [106.8713433, -6.2556694]], [[106.8711578, -6.2560464], [106.8704591, -6.2572752], [106.8704166, -6.2573551]], [[106.8704166, -6.2573551], [106.8697301, -6.2582474]], [[106.8734373, -6.2533533], [106.8727686, -6.2550504]], [[106.873452, -6.2526861], [106.8734373, -6.2533533]], [[106.8735318, -6.2526767], [106.8734373, -6.2533533]], [[106.873033, -6.2511567], [106.8734396, -6.2503521]], [[106.8722766, -6.2526606], [106.8724376, -6.2523054], [106.8727905, -6.2516103]], [[106.8717077, -6.2541098], [106.8720671, -6.2531427], [106.8722766, -6.2526606]], [[106.8714953, -6.254681], [106.8717077, -6.2541098]], [[106.8713364, -6.2550573], [106.8713563, -6.2550109], [106.8714953, -6.254681]], [[106.8697672, -6.2578644], [106.8710787, -6.2556639]], [[106.8690467, -6.2588275], [106.8695522, -6.2581698]], [[106.8686177, -6.259377], [106.8690467, -6.2588275]], [[106.8712891, -6.2557759], [106.8711578, -6.2560464]], [[106.8664599, -6.262519], [106.8661047, -6.2629895]], [[106.8666345, -6.2619722], [106.8686177, -6.259377]], [[106.8736476, -6.2505293], [106.8721833, -6.2535792]], [[106.873935, -6.2499488], [106.8737485, -6.2503265]], [[106.8740378, -6.2497278], [106.873935, -6.2499488]], [[106.8747599, -6.2480509], [106.8740378, -6.2497278]], [[106.873481, -6.2523132], [106.8735141, -6.2524127], [106.8735337, -6.2526066]], [[106.873481, -6.2523132], [106.8734594, -6.2524303]], [[106.874955, -6.2476089], [106.8747599, -6.2480509]], [[106.8695522, -6.2581698], [106.8696083, -6.2580985], [106.8696376, -6.2580553], [106.8697672, -6.2578644]], [[106.8727905, -6.2516103], [106.873033, -6.2511567]], [[106.8662872, -6.2624271], [106.8664262, -6.262243], [106.8666345, -6.2619722]], [[106.8745624, -6.2477255], [106.8746767, -6.2474856]], [[106.8734396, -6.2503521], [106.8735201, -6.2501907], [106.8735594, -6.250101]], [[106.8667933, -6.2620457], [106.8665805, -6.2623484], [106.8664599, -6.262519]], [[106.8662093, -6.2625298], [106.8662189, -6.2625174], [106.8662872, -6.2624271]], [[106.8657389, -6.2631977], [106.8657649, -6.2631473], [106.8658335, -6.2630136]], [[106.8746767, -6.2474856], [106.8747106, -6.2474101]], [[106.874982, -6.2475426], [106.874955, -6.2476089]], [[106.8736806, -6.2498239], [106.8737284, -6.2497052]], [[106.8737485, -6.2503265], [106.8737288, -6.2503695]], [[106.8710787, -6.2556639], [106.8711868, -6.2554127], [106.8713364, -6.2550573]], [[106.8713433, -6.2556694], [106.8712891, -6.2557759]], [[106.8735594, -6.250101], [106.8736806, -6.2498239]]]}, "properties": {"id": "rd-164", "name": "Jalan Mayor Jenderal Sutoyo", "route_name": "Jalan Mayor Jenderal Sutoyo", "highway": "trunk", "mode": "road", "status": "context", "status_label": "Jalan - konteks", "source": "OpenStreetMap", "source_type": "osm", "license": "ODbL"}}, {"type": "Feature", "id": "rd-165", "geometry": {"type": "MultiLineString", "coordinates": [[[106.9980625, -6.2496215], [106.9998498, -6.2507301]], [[106.9925536, -6.2469311], [106.9943703, -6.2475477], [106.9966773, -6.2490795]], [[106.9925725, -6.2468255], [106.9936628, -6.247197]], [[106.9969799, -6.249033], [106.9970725, -6.2490804]], [[106.9975255, -6.2493034], [106.9980625, -6.2496215]], [[106.9997925, -6.2508071], [106.9980033, -6.249715]], [[106.9974315, -6.2493944], [106.9973345, -6.2493385]], [[106.9980033, -6.249715], [106.9974315, -6.2493944]], [[106.9999111, -6.2507739], [107.0024236, -6.2524044], [107.0041716, -6.2550219], [107.0039338, -6.255473]], [[106.9970725, -6.2490804], [106.9973331, -6.2491989]], [[106.9973331, -6.2491989], [106.9973652, -6.2492166], [106.9974855, -6.2492814], [106.9975255, -6.2493034]], [[106.9973345, -6.2493385], [106.9970118, -6.2491665]], [[106.9968041, -6.2490136], [106.9966773, -6.2490795]], [[107.0039338, -6.255473], [107.003712, -6.2555787]], [[107.0039338, -6.255473], [107.004087, -6.2550182], [107.0021848, -6.2522435], [106.9998575, -6.2508504]], [[107.0040198, -6.2556858], [107.004007, -6.2556507], [107.0039955, -6.2556205], [107.0039338, -6.255473]], [[106.9952464, -6.2480824], [106.9966755, -6.2488298]], [[106.9970118, -6.2491665], [106.9969468, -6.2491265]], [[106.9969468, -6.2491265], [106.9968041, -6.2490136]], [[106.9998498, -6.2507301], [106.9999111, -6.2507739]], [[106.9998575, -6.2508504], [106.9997925, -6.2508071]], [[106.9966755, -6.2488298], [106.9967829, -6.2488863], [106.9969799, -6.249033]]]}, "properties": {"id": "rd-165", "name": "Jalan Mayor Madmuin Hasibuan", "route_name": "Jalan Mayor Madmuin Hasibuan", "highway": "primary", "mode": "road", "status": "context", "status_label": "Jalan - konteks", "source": "OpenStreetMap", "source_type": "osm", "license": "ODbL"}}, {"type": "Feature", "id": "rd-166", "geometry": {"type": "MultiLineString", "coordinates": [[[106.8224373, -6.1712456], [106.8223737, -6.1712344], [106.8223079, -6.1712242]], [[106.8207598, -6.167831], [106.820748, -6.1678001], [106.8207311, -6.1677558], [106.8206923, -6.1676608]], [[106.8210425, -6.1689546], [106.8209661, -6.1686382], [106.8208087, -6.1679866]], [[106.8211389, -6.1695382], [106.8211014, -6.1692781], [106.8210425, -6.1689546]], [[106.8225941, -6.1804622], [106.8226084, -6.1802929], [106.8226125, -6.1802049]], [[106.8226125, -6.1802049], [106.822743, -6.1754122]], [[106.8213401, -6.1704625], [106.8212235, -6.1699541], [106.8211835, -6.169757], [106.8211389, -6.1695382]], [[106.8223079, -6.1712242], [106.821618, -6.1710377], [106.8213401, -6.1704625]], [[106.8230902, -6.1746266], [106.8229804, -6.1797226]], [[106.822766, -6.1741908], [106.8228166, -6.1718122]], [[106.822743, -6.1754122], [106.8227586, -6.1746129]], [[106.8228166, -6.1718122], [106.8224373, -6.1712456]], [[106.8229804, -6.1797226], [106.8230934, -6.1803242]], [[106.8230531, -6.1713113], [106.8231891, -6.1719051]], [[106.8208087, -6.1679866], [106.8207843, -6.1679088], [106.8207757, -6.1678814]], [[106.8230934, -6.1803242], [106.8231036, -6.1804232]], [[106.8231891, -6.1719051], [106.8231774, -6.172124], [106.8231626, -6.172527], [106.8231096, -6.1741872]], [[106.8227586, -6.1746129], [106.822766, -6.1741908]], [[106.8231096, -6.1741872], [106.8230902, -6.1746266]], [[106.8207757, -6.1678814], [106.8207598, -6.167831]]]}, "properties": {"id": "rd-166", "name": "Jalan Medan Merdeka Barat", "route_name": "Jalan Medan Merdeka Barat", "highway": "primary", "mode": "road", "status": "context", "status_label": "Jalan - konteks", "source": "OpenStreetMap", "source_type": "osm", "license": "ODbL"}}, {"type": "Feature", "id": "rd-167", "geometry": {"type": "MultiLineString", "coordinates": [[[106.8317472, -6.1803566], [106.8292061, -6.1805026]], [[106.8305055, -6.1788737], [106.8306932, -6.178669]], [[106.8313956, -6.1792194], [106.8318645, -6.179228]], [[106.8317472, -6.1803566], [106.8312103, -6.1797117]], [[106.8243886, -6.180713], [106.8231567, -6.1807657]], [[106.8239476, -6.1804627], [106.8241723, -6.1804551], [106.8243817, -6.1804481], [106.8250676, -6.180425]], [[106.8244462, -6.1807117], [106.8243886, -6.180713]], [[106.8312082, -6.1791409], [106.8317379, -6.178785]], [[106.8311309, -6.1800189], [106.8308581, -6.1792478]], [[106.8261662, -6.180388], [106.8291843, -6.1802791]], [[106.8308581, -6.1792478], [106.8305276, -6.1789109], [106.8305055, -6.1788737]], [[106.8322587, -6.1804387], [106.8317472, -6.1803566]], [[106.8231216, -6.1804456], [106.8231891, -6.1804656], [106.8232354, -6.1804712], [106.8239476, -6.1804627]], [[106.8306932, -6.178669], [106.8312082, -6.1791409]], [[106.8318645, -6.179228], [106.8319197, -6.1792443], [106.8319712, -6.1792657]], [[106.8312103, -6.1797117], [106.8308581, -6.1792478]], [[106.8319712, -6.1792657], [106.8320217, -6.1792941]], [[106.826339, -6.1806199], [106.8244462, -6.1807117]], [[106.8313592, -6.1792201], [106.8313956, -6.1792194]], [[106.8264682, -6.1806147], [106.8263768, -6.1806184], [106.826339, -6.1806199]], [[106.8291843, -6.1802791], [106.8311309, -6.1800189]], [[106.828417, -6.1805387], [106.8264682, -6.1806147]], [[106.8292061, -6.1805026], [106.8290917, -6.1805085], [106.8288199, -6.1805221], [106.828417, -6.1805387]], [[106.8250676, -6.180425], [106.8257212, -6.180403], [106.8261662, -6.180388]], [[106.8312082, -6.1791409], [106.8312679, -6.1791869], [106.8313102, -6.1792116], [106.8313592, -6.1792201]]]}, "properties": {"id": "rd-167", "name": "Jalan Medan Merdeka Selatan", "route_name": "Jalan Medan Merdeka Selatan", "highway": "primary", "mode": "road", "status": "context", "status_label": "Jalan - konteks", "source": "OpenStreetMap", "source_type": "osm", "license": "ODbL"}}, {"type": "Feature", "id": "rd-168", "geometry": {"type": "MultiLineString", "coordinates": [[[106.8318575, -6.1792042], [106.831844, -6.1791579], [106.8318366, -6.1791336], [106.8317379, -6.178785]], [[106.8317379, -6.178785], [106.830953, -6.176186]], [[106.8312851, -6.1768147], [106.8319839, -6.1791748]], [[106.8322587, -6.1804387], [106.8318645, -6.179228]], [[106.830953, -6.176186], [106.8300567, -6.1728805]], [[106.8321927, -6.1798118], [106.8323528, -6.1802969], [106.8324535, -6.1806129], [106.832527, -6.1808243]], [[106.8320217, -6.1792941], [106.8321927, -6.1798118]], [[106.8319873, -6.1791871], [106.8320217, -6.1792941]], [[106.8300567, -6.1728805], [106.830139, -6.1728175], [106.8302125, -6.1727661]], [[106.8318645, -6.179228], [106.8318575, -6.1792042]], [[106.8319839, -6.1791748], [106.8319873, -6.1791871]]]}, "properties": {"id": "rd-168", "name": "Jalan Medan Merdeka Timur", "route_name": "Jalan Medan Merdeka Timur", "highway": "primary", "mode": "road", "status": "context", "status_label": "Jalan - konteks", "source": "OpenStreetMap", "source_type": "osm", "license": "ODbL"}}, {"type": "Feature", "id": "rd-169", "geometry": {"type": "MultiLineString", "coordinates": [[[106.8257043, -6.1711973], [106.8285585, -6.1712426]], [[106.8298249, -6.1727803], [106.8299224, -6.172777], [106.8301047, -6.1727635]], [[106.8296935, -6.1727714], [106.8297938, -6.1727785]], [[106.8295158, -6.1719117], [106.8296935, -6.1727714]], [[106.8297748, -6.1733652], [106.8294049, -6.1732264], [106.8293213, -6.1731823], [106.8292486, -6.173127]], [[106.8288016, -6.1714906], [106.8255627, -6.1714604]], [[106.8292486, -6.173127], [106.8292088, -6.1723276]], [[106.8301077, -6.1734893], [106.8299307, -6.1734189], [106.8298335, -6.1733837], [106.8297748, -6.1733652]], [[106.8292088, -6.1723276], [106.829273, -6.1717529], [106.8288016, -6.1714906]], [[106.8297938, -6.1727785], [106.8298249, -6.1727803]], [[106.8285585, -6.1712426], [106.8295158, -6.1719117]], [[106.8301935, -6.1735159], [106.8301077, -6.1734893]], [[106.8301047, -6.1727635], [106.8302125, -6.1727661]], [[106.8255627, -6.1714604], [106.8239375, -6.1714558], [106.8237265, -6.1714585]]]}, "properties": {"id": "rd-169", "name": "Jalan Medan Merdeka Utara", "route_name": "Jalan Medan Merdeka Utara", "highway": "primary", "mode": "road", "status": "context", "status_label": "Jalan - konteks", "source": "OpenStreetMap", "source_type": "osm", "license": "ODbL"}}, {"type": "Feature", "id": "rd-170", "geometry": {"type": "MultiLineString", "coordinates": [[[106.8346265, -6.1837134], [106.8363095, -6.1864544]], [[106.8355666, -6.185363], [106.8343583, -6.1834822]], [[106.8362344, -6.1865788], [106.8355666, -6.185363]], [[106.8341071, -6.1830429], [106.8334978, -6.1826599]], [[106.8343583, -6.1834822], [106.8341071, -6.1830429]]]}, "properties": {"id": "rd-170", "name": "Jalan Menteng Raya", "route_name": "Jalan Menteng Raya", "highway": "primary", "mode": "road", "status": "context", "status_label": "Jalan - konteks", "source": "OpenStreetMap", "source_type": "osm", "license": "ODbL"}}, {"type": "Feature", "id": "rd-171", "geometry": {"type": "MultiLineString", "coordinates": [[[106.7442464, -6.1975269], [106.742458, -6.197943]], [[106.7561785, -6.1967041], [106.7614305, -6.1990663], [106.7627281, -6.1983683]], [[106.7442914, -6.197454], [106.742458, -6.197943]], [[106.755445, -6.1967499], [106.7531524, -6.1975217], [106.7480542, -6.1973664]], [[106.7461639, -6.197563], [106.7442464, -6.1975269]], [[106.7462764, -6.1975479], [106.7461639, -6.197563]], [[106.747634, -6.1973526], [106.7478838, -6.1973179], [106.747939, -6.1973084]], [[106.7461647, -6.1974908], [106.7462679, -6.1974765]], [[106.747933, -6.1973856], [106.7477755, -6.1974067], [106.7476418, -6.1974247]], [[106.7480542, -6.1973664], [106.747933, -6.1973856]], [[106.747939, -6.1973084], [106.7480645, -6.19729]], [[106.7442914, -6.197454], [106.7461647, -6.1974908]], [[106.7630264, -6.1983085], [106.7627779, -6.1984623]], [[106.7644052, -6.1977288], [106.7630264, -6.1983085]], [[106.7629818, -6.1982275], [106.7643639, -6.1976555]], [[106.7627376, -6.198363], [106.7629818, -6.1982275]], [[106.761375, -6.1991745], [106.7561912, -6.1967722]], [[106.756042, -6.1966652], [106.7561785, -6.1967041]], [[106.7480645, -6.19729], [106.7532552, -6.1974403], [106.7554396, -6.196678]], [[106.7560602, -6.1967418], [106.755445, -6.1967499]], [[106.7557662, -6.196649], [106.7559127, -6.1966462], [106.7559979, -6.196653], [106.756042, -6.1966652]], [[106.7561912, -6.1967722], [106.7560602, -6.1967418]], [[106.761727, -6.1991856], [106.761375, -6.1991745]], [[106.7627779, -6.1984623], [106.761727, -6.1991856]], [[106.7475107, -6.1973662], [106.747634, -6.1973526]], [[106.7462679, -6.1974765], [106.7475107, -6.1973662]], [[106.747519, -6.1974435], [106.7468434, -6.197485], [106.7463339, -6.1975411], [106.7462764, -6.1975479]], [[106.7476418, -6.1974247], [106.747519, -6.1974435]], [[106.7554396, -6.196678], [106.7555968, -6.19666], [106.7557662, -6.196649]], [[106.7627281, -6.1983683], [106.7627376, -6.198363]]]}, "properties": {"id": "rd-171", "name": "Jalan Meruya Ilir", "route_name": "Jalan Meruya Ilir", "highway": "primary", "mode": "road", "status": "context", "status_label": "Jalan - konteks", "source": "OpenStreetMap", "source_type": "osm", "license": "ODbL"}}, {"type": "Feature", "id": "rd-172", "geometry": {"type": "MultiLineString", "coordinates": [[[106.7418461, -6.198897], [106.7409205, -6.2007378], [106.7380645, -6.2041646]], [[106.7419437, -6.1987824], [106.7418588, -6.1988639]], [[106.7376877, -6.2049446], [106.7367413, -6.2030929]], [[106.7376695, -6.2040693], [106.7380645, -6.2041646]], [[106.7376695, -6.2040693], [106.7382153, -6.2051059]], [[106.7380645, -6.2041646], [106.7382153, -6.2051059]], [[106.7382153, -6.2051059], [106.7388965, -6.2063573], [106.7389438, -6.2064482]], [[106.7371316, -6.2029226], [106.7373076, -6.2033109], [106.7376695, -6.2040693]], [[106.7385065, -6.2064102], [106.7376877, -6.2049446]], [[106.7418588, -6.1988639], [106.7418777, -6.1987686]], [[106.7418588, -6.1988639], [106.7418461, -6.198897]], [[106.7370686, -6.2029479], [106.7371316, -6.2029226]], [[106.7367692, -6.2030802], [106.7370686, -6.2029479]], [[106.7386107, -6.2066348], [106.7385424, -6.2064849], [106.7385065, -6.2064102]]]}, "properties": {"id": "rd-172", "name": "Jalan Meruya Selatan", "route_name": "Jalan Meruya Selatan", "highway": "primary", "mode": "road", "status": "context", "status_label": "Jalan - konteks", "source": "OpenStreetMap", "source_type": "osm", "license": "ODbL"}}, {"type": "Feature", "id": "rd-174", "geometry": {"type": "MultiLineString", "coordinates": [[[106.7800648, -6.286794], [106.7799612, -6.2869213], [106.7799344, -6.2869507], [106.7798871, -6.2870026]], [[106.783524, -6.2657277], [106.7834973, -6.2654268], [106.7834625, -6.2639754]], [[106.7837198, -6.2636607], [106.7837551, -6.2657688]], [[106.7837292, -6.2677698], [106.7836087, -6.2701951], [106.7809856, -6.2800263]], [[106.7783183, -6.2883578], [106.7779121, -6.2885664]], [[106.7786644, -6.2878707], [106.7800121, -6.2866315], [106.7802929, -6.2857024]], [[106.7835959, -6.2677661], [106.7835475, -6.2671959]], [[106.780426, -6.2810346], [106.7804994, -6.280394]], [[106.7806838, -6.2798893], [106.7835499, -6.2699277], [106.7835959, -6.2677661]], [[106.7837603, -6.2659985], [106.7837292, -6.2677698]], [[106.7807951, -6.2804879], [106.780264, -6.2829816]], [[106.7785832, -6.2881776], [106.7783855, -6.2883128], [106.7783183, -6.2883578]], [[106.7834625, -6.2639754], [106.7834538, -6.2637995]], [[106.7798871, -6.2870026], [106.7792168, -6.2876434]], [[106.780264, -6.2829816], [106.7804019, -6.285907], [106.7800648, -6.286794]], [[106.7835475, -6.2671959], [106.7835425, -6.2667215]], [[106.7835425, -6.2667215], [106.7835399, -6.266562], [106.783524, -6.2657277]], [[106.7837551, -6.2657688], [106.7837603, -6.2659985]], [[106.7792168, -6.2876434], [106.7785832, -6.2881776]], [[106.7778667, -6.2885583], [106.7778058, -6.288573], [106.7777698, -6.2886012]], [[106.7802683, -6.2850487], [106.780426, -6.2810346]], [[106.7802929, -6.2857024], [106.7802832, -6.2853794], [106.7802683, -6.2850487]], [[106.7779121, -6.2885664], [106.7778667, -6.2885583]], [[106.777954, -6.2884668], [106.7786644, -6.2878707]]]}, "properties": {"id": "rd-174", "name": "Jalan Metro Pondok Indah", "route_name": "Jalan Metro Pondok Indah", "highway": "trunk", "mode": "road", "status": "context", "status_label": "Jalan - konteks", "source": "OpenStreetMap", "source_type": "osm", "license": "ODbL"}}, {"type": "Feature", "id": "rd-175", "geometry": {"type": "MultiLineString", "coordinates": [[[106.8452879, -6.2093556], [106.8453808, -6.2090993]], [[106.8434148, -6.2146763], [106.843372, -6.2145982]], [[106.8453808, -6.2090993], [106.8452307, -6.2086085]], [[106.843372, -6.2145982], [106.8435192, -6.2141414], [106.843822, -6.213202], [106.8442628, -6.2119085]], [[106.8434537, -6.2147051], [106.8434334, -6.2146912], [106.8434148, -6.2146763]], [[106.8445342, -6.211183], [106.8452879, -6.2093556]], [[106.8442628, -6.2119085], [106.8445342, -6.211183]]]}, "properties": {"id": "rd-175", "name": "Jalan Minangkabau Barat Raya", "route_name": "Jalan Minangkabau Barat Raya", "highway": "primary", "mode": "road", "status": "context", "status_label": "Jalan - konteks", "source": "OpenStreetMap", "source_type": "osm", "license": "ODbL"}}, {"type": "Feature", "id": "rd-176", "geometry": {"type": "MultiLineString", "coordinates": [[[106.8434537, -6.2147051], [106.8442091, -6.2129631]], [[106.8443769, -6.2125655], [106.8445287, -6.2121777]], [[106.8436669, -6.2156238], [106.8434537, -6.2147051]], [[106.8446447, -6.2118783], [106.8453346, -6.2098701], [106.8455022, -6.2094014], [106.8455268, -6.2093386]], [[106.8445287, -6.2121777], [106.8446447, -6.2118783]], [[106.8442091, -6.2129631], [106.8442821, -6.2127865], [106.8443769, -6.2125655]]]}, "properties": {"id": "rd-176", "name": "Jalan Minangkabau Timur Raya", "route_name": "Jalan Minangkabau Timur Raya", "highway": "primary", "mode": "road", "status": "context", "status_label": "Jalan - konteks", "source": "OpenStreetMap", "source_type": "osm", "license": "ODbL"}}, {"type": "Feature", "id": "rd-177", "geometry": {"type": "MultiLineString", "coordinates": [[[106.8229919, -6.1863537], [106.8229321, -6.1844956]], [[106.8230779, -6.1909009], [106.8232089, -6.1942529]], [[106.82326, -6.1943468], [106.8234735, -6.1946762]], [[106.8228845, -6.1831502], [106.8227428, -6.1809306]], [[106.8231173, -6.1891341], [106.8231142, -6.1892478]], [[106.8231675, -6.1878931], [106.8231652, -6.1879386], [106.8231367, -6.1884908], [106.8231264, -6.1888166]], [[106.8231142, -6.1892478], [106.823108, -6.1894348]], [[106.8231264, -6.1888166], [106.8231173, -6.1891341]], [[106.823108, -6.1894348], [106.8231006, -6.1896877]], [[106.8230507, -6.1809975], [106.8231561, -6.1831401]], [[106.8232011, -6.187256], [106.8231675, -6.1878931]], [[106.8230989, -6.1898116], [106.8230749, -6.1903963], [106.8230741, -6.1906818]], [[106.8228968, -6.1908775], [106.8228685, -6.1904927]], [[106.8229241, -6.1921665], [106.8229018, -6.1913245]], [[106.8227103, -6.194565], [106.8229518, -6.1940968]], [[106.8228654, -6.1895075], [106.8228648, -6.1889647], [106.8228704, -6.188794], [106.8228745, -6.1886925]], [[106.8228685, -6.1904927], [106.8228648, -6.190417], [106.8228611, -6.1901234]], [[106.8229018, -6.1913245], [106.8228968, -6.1908775]], [[106.8228611, -6.1901234], [106.8228611, -6.1897245], [106.8228654, -6.1895075]], [[106.8228745, -6.1886925], [106.8229409, -6.1870429]], [[106.8229518, -6.1940968], [106.8229241, -6.1921665]], [[106.8231778, -6.1834148], [106.8232467, -6.1860142]], [[106.822948, -6.1869605], [106.8229548, -6.186877], [106.8229647, -6.1867681], [106.8229729, -6.1866228]], [[106.8232087, -6.1869742], [106.8232039, -6.1870588]], [[106.8232039, -6.1870588], [106.8232009, -6.1871302], [106.8232011, -6.187256]], [[106.8231695, -6.1832736], [106.8231761, -6.1833631]], [[106.8228967, -6.1833675], [106.8228926, -6.1832808]], [[106.8229409, -6.1870429], [106.822948, -6.1869605]], [[106.8232143, -6.1868861], [106.8232087, -6.1869742]], [[106.8232089, -6.1942529], [106.8232495, -6.1943285], [106.82326, -6.1943468]], [[106.8229321, -6.1844956], [106.8228982, -6.1834335]], [[106.8230741, -6.1906818], [106.8230748, -6.1907754], [106.8230779, -6.1909009]], [[106.8231006, -6.1896877], [106.8230989, -6.1898116]], [[106.8231761, -6.1833631], [106.8231778, -6.1834148]], [[106.8229729, -6.1866228], [106.8229919, -6.1863537]], [[106.8232467, -6.1860142], [106.8232143, -6.1868861]], [[106.8230517, -6.180894], [106.8230507, -6.180966], [106.8230507, -6.1809975]], [[106.8228982, -6.1834335], [106.8228967, -6.1833675]], [[106.8231561, -6.1831401], [106.8231695, -6.1832736]], [[106.8228926, -6.1832808], [106.8228845, -6.1831502]]]}, "properties": {"id": "rd-177", "name": "Jalan Mohammad Husni Thamrin", "route_name": "Jalan Mohammad Husni Thamrin", "highway": "primary", "mode": "road", "status": "context", "status_label": "Jalan - konteks", "source": "OpenStreetMap", "source_type": "osm", "license": "ODbL"}}, {"type": "Feature", "id": "rd-178", "geometry": {"type": "MultiLineString", "coordinates": [[[106.8328549, -6.1815515], [106.8333313, -6.1823312]], [[106.8331392, -6.1823431], [106.8326308, -6.1814761]], [[106.8334225, -6.182593], [106.8331392, -6.1823431]], [[106.8334978, -6.1826599], [106.8334225, -6.182593]], [[106.8326308, -6.1814761], [106.8326079, -6.1814209], [106.8322587, -6.1804387]], [[106.832527, -6.1808243], [106.832632, -6.1810567], [106.8326749, -6.1811516]], [[106.8335791, -6.1825412], [106.8336893, -6.1826047]], [[106.8333313, -6.1823312], [106.8334354, -6.1824285], [106.8334459, -6.1824384], [106.8335791, -6.1825412]], [[106.8326749, -6.1811516], [106.8328549, -6.1815515]]]}, "properties": {"id": "rd-178", "name": "Jalan Mohammad Ihwan Ridwan Rais", "route_name": "Jalan Mohammad Ihwan Ridwan Rais", "highway": "primary", "mode": "road", "status": "context", "status_label": "Jalan - konteks", "source": "OpenStreetMap", "source_type": "osm", "license": "ODbL"}}, {"type": "Feature", "id": "rd-179", "geometry": {"type": "MultiLineString", "coordinates": [[[106.7408869, -6.3259142], [106.7440143, -6.3248335]], [[106.7407836, -6.3259542], [106.7408869, -6.3259142]], [[106.7406147, -6.3260421], [106.7406682, -6.3260002], [106.7407025, -6.3259835], [106.7407836, -6.3259542]]]}, "properties": {"id": "rd-179", "name": "Jalan Otista Raya", "route_name": "Jalan Otista Raya", "highway": "primary", "mode": "road", "status": "context", "status_label": "Jalan - konteks", "source": "OpenStreetMap", "source_type": "osm", "license": "ODbL"}}, {"type": "Feature", "id": "rd-180", "geometry": {"type": "MultiLineString", "coordinates": [[[106.8674013, -6.2320081], [106.8677352, -6.2346598], [106.8688516, -6.2372535], [106.8692943, -6.2392586], [106.8693446, -6.2417923], [106.8688757, -6.2436251]], [[106.8683271, -6.2448244], [106.8683879, -6.2446669]], [[106.8687052, -6.2435933], [106.8692148, -6.2412217], [106.8686963, -6.23729]], [[106.8685112, -6.2447414], [106.8684151, -6.2449802]], [[106.8682777, -6.2449296], [106.8683271, -6.2448244]], [[106.8687565, -6.2440206], [106.868724, -6.2441502], [106.8687127, -6.2441956], [106.8686744, -6.2443367]], [[106.8673037, -6.2280003], [106.8673235, -6.230971]], [[106.8671988, -6.2264354], [106.8673037, -6.2280003]], [[106.8670838, -6.2259259], [106.8671434, -6.2261768], [106.8671988, -6.2264354]], [[106.8670857, -6.2251417], [106.8670198, -6.2256491]], [[106.868554, -6.244136], [106.8686198, -6.2438919]], [[106.8668092, -6.2255369], [106.86651, -6.2249606]], [[106.8686744, -6.2443367], [106.8685596, -6.2446194], [106.8685112, -6.2447414]], [[106.8683879, -6.2446669], [106.8685107, -6.2442916]], [[106.8673235, -6.230971], [106.8673474, -6.2313382], [106.8673578, -6.2316023], [106.8673713, -6.2317744]], [[106.8671286, -6.2299346], [106.8668092, -6.2255369]], [[106.8686198, -6.2438919], [106.8686852, -6.2436634], [106.8687052, -6.2435933]], [[106.8688757, -6.2436251], [106.8688581, -6.2436817], [106.8688339, -6.2437653], [106.8687565, -6.2440206]], [[106.867221, -6.2318985], [106.8672135, -6.2318174], [106.8672102, -6.231785]], [[106.8686963, -6.23729], [106.8675977, -6.2347249], [106.867221, -6.2318985]], [[106.8673897, -6.2318883], [106.8674013, -6.2320081]], [[106.8673713, -6.2317744], [106.867375, -6.2317985], [106.8673897, -6.2318883]], [[106.8672102, -6.231785], [106.8671286, -6.2299346]], [[106.8670198, -6.2256491], [106.8670838, -6.2259259]], [[106.8685107, -6.2442916], [106.868554, -6.244136]]]}, "properties": {"id": "rd-180", "name": "Jalan Otto Iskandar Dinata", "route_name": "Jalan Otto Iskandar Dinata", "highway": "primary", "mode": "road", "status": "context", "status_label": "Jalan - konteks", "source": "OpenStreetMap", "source_type": "osm", "license": "ODbL"}}, {"type": "Feature", "id": "rd-182", "geometry": {"type": "MultiLineString", "coordinates": [[[106.8992828, -6.2232951], [106.8986111, -6.2287189]], [[106.9006444, -6.2141703], [106.9004668, -6.2151236]], [[106.9004668, -6.2151236], [106.9002091, -6.2161445]], [[106.9002091, -6.2161445], [106.9005396, -6.2142106]], [[106.8982611, -6.2294694], [106.8982678, -6.2295202], [106.8982674, -6.2295465]], [[106.8981738, -6.2295489], [106.8982093, -6.2295165]], [[106.8997393, -6.2188464], [106.899717, -6.2189139], [106.8996683, -6.2190635]], [[106.8997621, -6.2187521], [106.8997559, -6.2187798], [106.8997393, -6.2188464]], [[106.9002091, -6.2161445], [106.8997621, -6.2187521]], [[106.8982674, -6.2295465], [106.8982495, -6.2296287]], [[106.8980814, -6.2297323], [106.8980987, -6.2297035], [106.8981738, -6.2295489]], [[106.8982495, -6.2296287], [106.8982126, -6.2297309]], [[106.8982093, -6.2295165], [106.8982611, -6.2294694]], [[106.8986111, -6.2287189], [106.8985131, -6.2289585], [106.8983711, -6.2292671], [106.8982611, -6.2294694]], [[106.9006531, -6.2141242], [106.9006444, -6.2141703]], [[106.9005396, -6.2142106], [106.9005658, -6.2140852]], [[106.8996683, -6.2190635], [106.8992828, -6.2232951]]]}, "properties": {"id": "rd-182", "name": "Jalan Pahlawan Revolusi", "route_name": "Jalan Pahlawan Revolusi", "highway": "primary", "mode": "road", "status": "context", "status_label": "Jalan - konteks", "source": "OpenStreetMap", "source_type": "osm", "license": "ODbL"}}, {"type": "Feature", "id": "rd-183", "geometry": {"type": "MultiLineString", "coordinates": [[[106.6844456, -6.3271295], [106.6839931, -6.325459]], [[106.6799619, -6.3173616], [106.6819454, -6.3199555]], [[106.6839931, -6.325459], [106.6846001, -6.3271272]], [[106.6839931, -6.325459], [106.6832483, -6.3232978]], [[106.682095, -6.3204247], [106.6799691, -6.3175309]], [[106.6821263, -6.3202935], [106.6822152, -6.3204585], [106.6823543, -6.3207361]], [[106.6819454, -6.3199555], [106.6821263, -6.3202935]], [[106.6832483, -6.3232978], [106.682095, -6.3204247]], [[106.6823543, -6.3207361], [106.6832483, -6.3232978]], [[106.6846001, -6.3271272], [106.6846321, -6.3272269], [106.6847343, -6.3275459], [106.6847602, -6.3276267]]]}, "properties": {"id": "rd-183", "name": "Jalan Pahlawan Seribu", "route_name": "Jalan Pahlawan Seribu", "highway": "primary", "mode": "road", "status": "context", "status_label": "Jalan - konteks", "source": "OpenStreetMap", "source_type": "osm", "license": "ODbL"}}, {"type": "Feature", "id": "rd-184", "geometry": {"type": "MultiLineString", "coordinates": [[[106.7406147, -6.3260421], [106.7405871, -6.3261008], [106.7405281, -6.3262094], [106.740479, -6.3263742]], [[106.740479, -6.3263742], [106.7401654, -6.3298397], [106.7404067, -6.3337891], [106.7383305, -6.3405501], [106.736334, -6.3441281]]]}, "properties": {"id": "rd-184", "name": "Jalan Pajajaran Raya", "route_name": "Jalan Pajajaran Raya", "highway": "primary", "mode": "road", "status": "context", "status_label": "Jalan - konteks", "source": "OpenStreetMap", "source_type": "osm", "license": "ODbL"}}, {"type": "Feature", "id": "rd-185", "geometry": {"type": "MultiLineString", "coordinates": [[[106.8075759, -6.1278628], [106.807397, -6.1278919], [106.8068585, -6.1280309], [106.806772, -6.1280487]], [[106.8093409, -6.1276192], [106.8097078, -6.1276057]], [[106.8081599, -6.1277239], [106.8084397, -6.1276831], [106.8086135, -6.1276577]], [[106.8086135, -6.1276577], [106.8087555, -6.1276432], [106.8093409, -6.1276192]], [[106.8097533, -6.1276182], [106.8097336, -6.1276449], [106.8097074, -6.1276498]], [[106.8093388, -6.1276665], [106.8087594, -6.127697], [106.808624, -6.1277094]], [[106.808624, -6.1277094], [106.808452, -6.1277393], [106.8081786, -6.1277862]], [[106.8081786, -6.1277862], [106.807698, -6.1278672], [106.8076336, -6.1278689], [106.8075759, -6.1278628]], [[106.8075759, -6.1278628], [106.8076553, -6.1278277], [106.8076947, -6.1278166], [106.8081599, -6.1277239]], [[106.8059124, -6.1281903], [106.8058279, -6.1282005]], [[106.8058279, -6.1282005], [106.8052233, -6.1282956], [106.8050647, -6.128318], [106.8049202, -6.1283402]], [[106.8049202, -6.1283402], [106.8047616, -6.1283047]], [[106.8097074, -6.1276498], [106.8093388, -6.1276665]], [[106.8097078, -6.1276057], [106.8097245, -6.127606], [106.8097533, -6.1276182]], [[106.806772, -6.1280487], [106.8064065, -6.1281166], [106.8059124, -6.1281903]]]}, "properties": {"id": "rd-185", "name": "Jalan Pakin", "route_name": "Jalan Pakin", "highway": "trunk", "mode": "road", "status": "context", "status_label": "Jalan - konteks", "source": "OpenStreetMap", "source_type": "osm", "license": "ODbL"}}, {"type": "Feature", "id": "rd-186", "geometry": {"type": "MultiLineString", "coordinates": [[[106.7868975, -6.237451], [106.7878992, -6.2368475]], [[106.7893967, -6.2361328], [106.7908567, -6.2354464]], [[106.7882707, -6.2366912], [106.788417, -6.2366145], [106.7890667, -6.236315]], [[106.7959764, -6.2329905], [106.794316, -6.2333488]], [[106.7934777, -6.233736], [106.7935942, -6.2336667]], [[106.7910116, -6.2354487], [106.7901766, -6.2358274], [106.7895877, -6.2361028]], [[106.7922435, -6.2346828], [106.791368, -6.2352818]], [[106.7935942, -6.2336667], [106.7936398, -6.2336454], [106.7939017, -6.2335165]], [[106.7975615, -6.2330111], [106.7976722, -6.2330109], [106.798258, -6.2330097], [106.7983389, -6.2330065]], [[106.7975615, -6.2330111], [106.7974821, -6.2330099], [106.7970873, -6.2330037], [106.796162, -6.2329893]], [[106.7931688, -6.2339078], [106.7923555, -6.2345788]], [[106.7909727, -6.2353952], [106.7931688, -6.2339078]], [[106.7865629, -6.2387416], [106.7866132, -6.2384314], [106.7866373, -6.2383154]], [[106.7878992, -6.2368475], [106.7882707, -6.2366912]], [[106.7895877, -6.2361028], [106.7895535, -6.2364343]], [[106.7866373, -6.2383154], [106.7868975, -6.237451]], [[106.791368, -6.2352818], [106.7910954, -6.2354126], [106.7910116, -6.2354487]], [[106.7923555, -6.2345788], [106.7922435, -6.2346828]], [[106.7890667, -6.236315], [106.7892501, -6.23621], [106.7893967, -6.2361328]], [[106.794316, -6.2333488], [106.7939891, -6.2334753]], [[106.7908567, -6.2354464], [106.7909727, -6.2353952]], [[106.7931688, -6.2339078], [106.7933725, -6.2337974], [106.7934777, -6.233736]], [[106.796162, -6.2329893], [106.7959764, -6.2329905]], [[106.7939017, -6.2335165], [106.7939891, -6.2334753]]]}, "properties": {"id": "rd-186", "name": "Jalan Pakubuwono VI", "route_name": "Jalan Pakubuwono VI", "highway": "primary", "mode": "road", "status": "context", "status_label": "Jalan - konteks", "source": "OpenStreetMap", "source_type": "osm", "license": "ODbL"}}, {"type": "Feature", "id": "rd-188", "geometry": {"type": "MultiLineString", "coordinates": [[[106.8085327, -6.2660075], [106.808693, -6.2747404]], [[106.8040379, -6.2927441], [106.8034924, -6.292718]], [[106.8080389, -6.2571836], [106.8085224, -6.265796]], [[106.8073904, -6.2794035], [106.8080362, -6.2782498]], [[106.808403, -6.2660199], [106.8079402, -6.2571893]], [[106.8080362, -6.2782498], [106.8080874, -6.2781758]], [[106.8082514, -6.2781799], [106.8081846, -6.2782995]], [[106.8048381, -6.2922231], [106.804524, -6.2927498]], [[106.8078922, -6.2787212], [106.8074706, -6.2796322]], [[106.8072274, -6.2833688], [106.8073904, -6.2794035]], [[106.8062964, -6.2898384], [106.8050196, -6.2911506], [106.8048408, -6.2919931]], [[106.8025247, -6.2920338], [106.8045571, -6.2919605]], [[106.8045571, -6.2919605], [106.806475, -6.2890053]], [[106.8085476, -6.2747232], [106.8085143, -6.2682599]], [[106.808496, -6.2679561], [106.808403, -6.2660199]], [[106.8066024, -6.2890973], [106.80655, -6.2892864], [106.8064535, -6.2895223], [106.8062964, -6.2898384]], [[106.8073257, -6.283369], [106.8070185, -6.287885]], [[106.8068048, -6.2883096], [106.8072274, -6.2833688]], [[106.8034924, -6.292718], [106.8028701, -6.2926929], [106.8027413, -6.2926669], [106.8026141, -6.2925867]], [[106.804524, -6.2927498], [106.8044484, -6.2927574], [106.8040379, -6.2927441]], [[106.8085224, -6.265796], [106.8085257, -6.2658636], [106.808529, -6.2659312], [106.8085327, -6.2660075]], [[106.8081191, -6.2781086], [106.8081962, -6.2779047], [106.808249, -6.277704]], [[106.8067342, -6.2887834], [106.8066932, -6.2888812], [106.8066024, -6.2890973]], [[106.8069018, -6.2883403], [106.8068401, -6.2885135], [106.8067683, -6.2886991], [106.8067342, -6.2887834]], [[106.8048408, -6.2919931], [106.8048399, -6.2921129]], [[106.8048399, -6.2921129], [106.8048381, -6.2922231]], [[106.8081846, -6.2782995], [106.8078922, -6.2787212]], [[106.808249, -6.277704], [106.8083135, -6.2774532]], [[106.8085143, -6.2682599], [106.808496, -6.2679561]], [[106.806535, -6.2888937], [106.8066988, -6.2885559], [106.8067098, -6.2885314], [106.8068048, -6.2883096]], [[106.8070185, -6.287885], [106.8069939, -6.288024], [106.8069602, -6.2881528], [106.8069018, -6.2883403]], [[106.8080224, -6.255826], [106.8080345, -6.257093]], [[106.807932, -6.2570953], [106.80792, -6.2556575]], [[106.8080345, -6.257093], [106.8080389, -6.2571836]], [[106.8079402, -6.2571893], [106.807932, -6.2570953]], [[106.8080874, -6.2781758], [106.8081191, -6.2781086]], [[106.8083135, -6.2774532], [106.8085476, -6.2747232]], [[106.808693, -6.2747404], [106.8082514, -6.2781799]], [[106.806475, -6.2890053], [106.806535, -6.2888937]], [[106.8074706, -6.2796322], [106.8073257, -6.283369]]]}, "properties": {"id": "rd-188", "name": "Jalan Pangeran Antasari", "route_name": "Jalan Pangeran Antasari", "highway": "primary", "mode": "road", "status": "context", "status_label": "Jalan - konteks", "source": "OpenStreetMap", "source_type": "osm", "license": "ODbL"}}, {"type": "Feature", "id": "rd-189", "geometry": {"type": "MultiLineString", "coordinates": [[[106.7981339, -6.2458844], [106.7975904, -6.2496349]], [[106.7973269, -6.2531031], [106.7974927, -6.2496892]], [[106.7974996, -6.2496248], [106.7980018, -6.2458807]], [[106.7985459, -6.240236], [106.7985549, -6.2421495]], [[106.7985495, -6.2423262], [106.7982145, -6.243247], [106.7981339, -6.2458844]], [[106.7985549, -6.2421495], [106.7985575, -6.2422065], [106.798557, -6.2422685], [106.7985495, -6.2423262]], [[106.7980341, -6.2456947], [106.798345, -6.2413803]], [[106.7985137, -6.2398099], [106.7985249, -6.239876], [106.7985398, -6.2399347], [106.798541, -6.2399599]], [[106.7983535, -6.2399628], [106.7983514, -6.2398112]], [[106.7983467, -6.24025], [106.7983554, -6.2400451], [106.7983535, -6.2399628]], [[106.7974143, -6.2531101], [106.7973772, -6.2537424], [106.7973521, -6.2541883]], [[106.7973521, -6.2541883], [106.7973307, -6.2544347], [106.7973176, -6.2546121], [106.7973044, -6.2547925]], [[106.7974927, -6.2496892], [106.7974996, -6.2496248]], [[106.7983485, -6.2408686], [106.7983502, -6.2408021], [106.7983467, -6.24025]], [[106.798345, -6.2413803], [106.7983482, -6.241133], [106.7983481, -6.2410564], [106.7983485, -6.2408686]], [[106.797181, -6.2548415], [106.7971854, -6.2547916]], [[106.7971854, -6.2547916], [106.7973269, -6.2531031]], [[106.798541, -6.2399599], [106.7985439, -6.2400448], [106.7985459, -6.240236]], [[106.7980018, -6.2458807], [106.798025, -6.2457474], [106.7980341, -6.2456947]], [[106.7975851, -6.2496985], [106.7974143, -6.2531101]], [[106.7975904, -6.2496349], [106.7975851, -6.2496985]]]}, "properties": {"id": "rd-189", "name": "Jalan Panglima Polim Raya", "route_name": "Jalan Panglima Polim Raya", "highway": "primary", "mode": "road", "status": "context", "status_label": "Jalan - konteks", "source": "OpenStreetMap", "source_type": "osm", "license": "ODbL"}}, {"type": "Feature", "id": "rd-190", "geometry": {"type": "MultiLineString", "coordinates": [[[106.7689505, -6.192062], [106.7689937, -6.1963625]], [[106.7688488, -6.1906072], [106.7687392, -6.1894766]], [[106.7712746, -6.2110767], [106.7695279, -6.2060122], [106.7693562, -6.2034755]], [[106.7688524, -6.1894737], [106.7689608, -6.1906019]], [[106.7684816, -6.1873548], [106.7684699, -6.1861057]], [[106.769522, -6.2029721], [106.7697042, -6.2060163], [106.7714153, -6.211032]], [[106.7687203, -6.1917305], [106.7687327, -6.1916739], [106.7687427, -6.1916243], [106.7687775, -6.1914244]], [[106.763174, -6.1586188], [106.7631599, -6.1589863]], [[106.7648109, -6.1692799], [106.7657728, -6.1730165], [106.7666106, -6.1796943], [106.767947, -6.1837268]], [[106.7631268, -6.1583463], [106.7631194, -6.1585175]], [[106.7630306, -6.1589784], [106.7630514, -6.1586094]], [[106.7646747, -6.1693378], [106.7646177, -6.1692396]], [[106.764765, -6.1691972], [106.7648109, -6.1692799]], [[106.7631373, -6.1621179], [106.7631183, -6.1643582]], [[106.7646177, -6.1692396], [106.7636977, -6.1675477]], [[106.7638964, -6.1676053], [106.7641241, -6.1680263], [106.7642961, -6.1683442], [106.7643784, -6.1684884]], [[106.7681958, -6.1843322], [106.7687617, -6.1884781]], [[106.7678033, -6.1837162], [106.7664268, -6.1794769], [106.7652823, -6.1712884]], [[106.7630514, -6.1586094], [106.7631194, -6.1585175]], [[106.7690302, -6.1972247], [106.7690716, -6.1981437]], [[106.7689186, -6.1979816], [106.7688929, -6.1972335]], [[106.7690104, -6.1968169], [106.769012, -6.196849], [106.7690231, -6.1970775], [106.7690302, -6.1972247]], [[106.7688929, -6.1972335], [106.7688726, -6.1968349]], [[106.7633202, -6.1659483], [106.7637118, -6.167247]], [[106.763557, -6.1672983], [106.7631041, -6.165787]], [[106.7636977, -6.1675477], [106.7636362, -6.1674332]], [[106.7637822, -6.1674009], [106.7638964, -6.1676053]], [[106.7689495, -6.1914685], [106.7689467, -6.1916626]], [[106.7689608, -6.1906019], [106.7689175, -6.1913232]], [[106.7688093, -6.1949865], [106.7688108, -6.19469], [106.7688093, -6.1945384]], [[106.7688726, -6.1968349], [106.7688093, -6.1949865]], [[106.7687879, -6.1887063], [106.76881, -6.1889554], [106.7688524, -6.1894737]], [[106.7629715, -6.1645488], [106.762968, -6.1621177]], [[106.7632086, -6.1653557], [106.763255, -6.1656315]], [[106.7631194, -6.1585175], [106.763174, -6.1586188]], [[106.7689467, -6.1916626], [106.7689505, -6.192062]], [[106.7693535, -6.2033245], [106.7693367, -6.2029705]], [[106.7693367, -6.2029705], [106.7689271, -6.198188]], [[106.7689271, -6.198188], [106.7689186, -6.1979816]], [[106.7694689, -6.2025053], [106.7694977, -6.202701], [106.769522, -6.2029721]], [[106.7690716, -6.1981437], [106.7691808, -6.2007086]], [[106.7744197, -6.2157823], [106.7747987, -6.2161356], [106.7748419, -6.2161681], [106.7748855, -6.2162022]], [[106.7691808, -6.2007086], [106.7694689, -6.2025053]], [[106.7688107, -6.1912878], [106.7688576, -6.1910073], [106.7688623, -6.1907906], [106.7688488, -6.1906072]], [[106.7685193, -6.1880104], [106.7685147, -6.1879504], [106.7685103, -6.1878879], [106.7685053, -6.1878029]], [[106.7682972, -6.1850108], [106.7682474, -6.1848461], [106.7681995, -6.1847113]], [[106.7681995, -6.1847113], [106.7680199, -6.1842612]], [[106.7684451, -6.1856612], [106.7682972, -6.1850108]], [[106.7687392, -6.1894766], [106.768692, -6.1890285], [106.7686767, -6.1888607], [106.7686624, -6.1887434]], [[106.7685053, -6.1878029], [106.768491, -6.1875576], [106.7684816, -6.1873548]], [[106.7684699, -6.1861057], [106.768462, -6.1858708], [106.768456, -6.1857595], [106.7684451, -6.1856612]], [[106.7693562, -6.2034755], [106.7693535, -6.2033245]], [[106.7688093, -6.1945384], [106.7687203, -6.1917305]], [[106.7631041, -6.165787], [106.763091, -6.1656806]], [[106.763255, -6.1656315], [106.7633063, -6.1658841]], [[106.7689937, -6.1963625], [106.7690087, -6.1967186], [106.7690104, -6.1968169]], [[106.768098, -6.1841034], [106.7681958, -6.1843322]], [[106.7680199, -6.1842612], [106.7679144, -6.1840088]], [[106.7631513, -6.1592092], [106.7631418, -6.1600221]], [[106.762968, -6.1621177], [106.7629869, -6.1599235]], [[106.7679144, -6.1840088], [106.7678033, -6.1837162]], [[106.7652823, -6.1712884], [106.7646747, -6.1693378]], [[106.7629869, -6.1599235], [106.7630224, -6.1592265]], [[106.7631183, -6.1643582], [106.7631184, -6.1645817], [106.7631221, -6.1646574]], [[106.7631221, -6.1646574], [106.7632086, -6.1653557]], [[106.7629796, -6.1646656], [106.7629754, -6.1646056], [106.7629715, -6.1645488]], [[106.763091, -6.1656806], [106.7630686, -6.1654721], [106.7630001, -6.1649549], [106.7629796, -6.1646656]], [[106.7633063, -6.1658841], [106.7633202, -6.1659483]], [[106.7631414, -6.1600845], [106.7631373, -6.1621179]], [[106.7643784, -6.1684884], [106.764765, -6.1691972]], [[106.7689175, -6.1913232], [106.7689239, -6.1913819], [106.7689495, -6.1914685]], [[106.7687775, -6.1914244], [106.7688107, -6.1912878]], [[106.7687617, -6.1884781], [106.7687804, -6.1886222], [106.7687879, -6.1887063]], [[106.7686624, -6.1887434], [106.7686331, -6.1885127], [106.7685988, -6.1883274], [106.7685193, -6.1880104]], [[106.7631599, -6.1589863], [106.7631513, -6.1592092]], [[106.7630224, -6.1592265], [106.7630307, -6.1590015], [106.7630306, -6.1589784]], [[106.7747117, -6.2162406], [106.7746298, -6.2161828], [106.7743069, -6.2159039]], [[106.7743069, -6.2159039], [106.7730013, -6.2144777], [106.7712746, -6.2110767]], [[106.7714153, -6.211032], [106.7732175, -6.2145352], [106.7744197, -6.2157823]], [[106.7636362, -6.1674332], [106.763557, -6.1672983]], [[106.7637118, -6.167247], [106.7637445, -6.1673194], [106.7637822, -6.1674009]], [[106.767947, -6.1837268], [106.768098, -6.1841034]], [[106.7631418, -6.1600221], [106.7631414, -6.1600845]]]}, "properties": {"id": "rd-190", "name": "Jalan Panjang Raya", "route_name": "Jalan Panjang Raya", "highway": "primary", "mode": "road", "status": "context", "status_label": "Jalan - konteks", "source": "OpenStreetMap", "source_type": "osm", "license": "ODbL"}}, {"type": "Feature", "id": "rd-191", "geometry": {"type": "MultiLineString", "coordinates": [[[106.692955, -6.3558155], [106.6918742, -6.3546275], [106.6879213, -6.3472727]], [[106.6987581, -6.3606648], [106.6964117, -6.3591303], [106.692955, -6.3558155]]]}, "properties": {"id": "rd-191", "name": "Jalan Pasar Jengkol", "route_name": "Jalan Pasar Jengkol", "highway": "primary", "mode": "road", "status": "context", "status_label": "Jalan - konteks", "source": "OpenStreetMap", "source_type": "osm", "license": "ODbL"}}, {"type": "Feature", "id": "rd-192", "geometry": {"type": "MultiLineString", "coordinates": [[[106.7825918, -6.2362425], [106.7826211, -6.2362163], [106.7826412, -6.236186], [106.7827691, -6.2358193]], [[106.7806272, -6.2363561], [106.7825918, -6.2362425]], [[106.7828673, -6.2357662], [106.783306, -6.2360957]], [[106.7827691, -6.2358193], [106.782809, -6.2357878], [106.7828438, -6.2357719], [106.7828673, -6.2357662]]]}, "properties": {"id": "rd-192", "name": "Jalan Pasar Kebayoran Lama", "route_name": "Jalan Pasar Kebayoran Lama", "highway": "primary", "mode": "road", "status": "context", "status_label": "Jalan - konteks", "source": "OpenStreetMap", "source_type": "osm", "license": "ODbL"}}, {"type": "Feature", "id": "rd-193", "geometry": {"type": "MultiLineString", "coordinates": [[[106.8399286, -6.3009317], [106.840085, -6.2990891]], [[106.8445692, -6.2831761], [106.8445019, -6.2835823]], [[106.8437408, -6.2867435], [106.8438032, -6.286551]], [[106.8444144, -6.266314], [106.8460057, -6.2687523], [106.8465679, -6.2711521], [106.8464895, -6.2738126], [106.8445692, -6.2831761]], [[106.8446879, -6.2820997], [106.8453777, -6.2786594]], [[106.8436322, -6.2878748], [106.8435042, -6.2878995]], [[106.8441909, -6.2849695], [106.8444273, -6.2835908]], [[106.8441189, -6.285375], [106.8441909, -6.2849695]], [[106.8438133, -6.286817], [106.8435927, -6.2878334]], [[106.8435927, -6.2878334], [106.8435615, -6.2880034]], [[106.8441797, -6.2853962], [106.8438776, -6.286562]], [[106.8442569, -6.2849808], [106.8441797, -6.2853962]], [[106.8406778, -6.2952898], [106.8435042, -6.2878995]], [[106.8435042, -6.2878995], [106.8435376, -6.287703]], [[106.8442426, -6.2854115], [106.8438747, -6.2868286]], [[106.8441007, -6.2849308], [106.8444129, -6.2832464]], [[106.8453777, -6.2786594], [106.8464231, -6.2737643], [106.846479, -6.2707237], [106.8459283, -6.268791], [106.844351, -6.2663687]], [[106.8440201, -6.2853484], [106.8440394, -6.28525]], [[106.8437408, -6.2867435], [106.8439588, -6.2856259]], [[106.8395034, -6.3036256], [106.8395362, -6.30347], [106.8396507, -6.3028566]], [[106.8407758, -6.294774], [106.8434385, -6.2878844]], [[106.8397001, -6.3025425], [106.8398357, -6.3016305], [106.839869, -6.3013274]], [[106.8396612, -6.3027965], [106.8396851, -6.3026498]], [[106.8442673, -6.2852763], [106.8442426, -6.2854115]], [[106.8440394, -6.28525], [106.8440515, -6.2851957]], [[106.840085, -6.2990891], [106.8400926, -6.2990151], [106.8401018, -6.2988852]], [[106.8401618, -6.2981634], [106.8406778, -6.2952898]], [[106.8396851, -6.3026498], [106.8397001, -6.3025425]], [[106.8401482, -6.2983348], [106.8401568, -6.2982227], [106.8401618, -6.2981634]], [[106.8434385, -6.2878844], [106.8434762, -6.2877882], [106.8435376, -6.287703]], [[106.8438747, -6.2868286], [106.8436912, -6.2876934], [106.8436322, -6.2878748]], [[106.84433, -6.2849738], [106.84429, -6.2851671], [106.8442673, -6.2852763]], [[106.8396507, -6.3028566], [106.8396612, -6.3027965]], [[106.8401018, -6.2988852], [106.8401482, -6.2983348]], [[106.8435376, -6.287703], [106.8437408, -6.2867435]], [[106.8439588, -6.2856259], [106.8439926, -6.2854829]], [[106.8444273, -6.2835908], [106.8445994, -6.2825828]], [[106.8438032, -6.286551], [106.8441189, -6.285375]], [[106.8445019, -6.2835823], [106.8442569, -6.2849808]], [[106.844351, -6.2663687], [106.8442851, -6.2662579], [106.8441483, -6.2659894]], [[106.8442339, -6.2659674], [106.8443609, -6.2662178], [106.8444144, -6.266314]], [[106.839869, -6.3013274], [106.8399261, -6.3009512], [106.8399286, -6.3009317]], [[106.844471, -6.2829274], [106.8446879, -6.2820997]], [[106.8444129, -6.2832464], [106.8444437, -6.2830514]], [[106.8445692, -6.2831761], [106.84433, -6.2849738]], [[106.8438776, -6.286562], [106.8438133, -6.286817]], [[106.8406778, -6.2952898], [106.8407629, -6.2948098], [106.8407758, -6.294774]], [[106.8440515, -6.2851957], [106.8440635, -6.2851326], [106.8441007, -6.2849308]], [[106.8444437, -6.2830514], [106.844471, -6.2829274]], [[106.8439926, -6.2854829], [106.8440201, -6.2853484]]]}, "properties": {"id": "rd-193", "name": "Jalan Pasar Minggu Raya", "route_name": "Jalan Pasar Minggu Raya", "highway": "primary", "mode": "road", "status": "context", "status_label": "Jalan - konteks", "source": "OpenStreetMap", "source_type": "osm", "license": "ODbL"}}, {"type": "Feature", "id": "rd-194", "geometry": {"type": "MultiLineString", "coordinates": [[[106.8418183, -6.1781352], [106.8411641, -6.1745764]], [[106.8412273, -6.1741798], [106.8415808, -6.1755434]], [[106.8414504, -6.1755497], [106.8413702, -6.175193], [106.8412933, -6.1748854], [106.8412133, -6.1746941]], [[106.8414606, -6.1755917], [106.8414504, -6.1755497]], [[106.8410895, -6.1742531], [106.8410112, -6.1739648], [106.8409838, -6.1738575]], [[106.8415008, -6.1757491], [106.8414606, -6.1755917]], [[106.8411056, -6.1736779], [106.8411458, -6.1738435], [106.8412273, -6.1741798]], [[106.8415781, -6.1756423], [106.8415762, -6.1757086], [106.8415952, -6.175817]], [[106.8415808, -6.1755434], [106.8415781, -6.1756423]], [[106.8412133, -6.1746941], [106.8411641, -6.1745764], [106.8411289, -6.1744074], [106.8410895, -6.1742531]]]}, "properties": {"id": "rd-194", "name": "Jalan Pasar Senen", "route_name": "Jalan Pasar Senen", "highway": "primary", "mode": "road", "status": "context", "status_label": "Jalan - konteks", "source": "OpenStreetMap", "source_type": "osm", "license": "ODbL"}}, {"type": "Feature", "id": "rd-195", "geometry": {"type": "MultiLineString", "coordinates": [[[106.8023149, -6.2381457], [106.8025225, -6.2396424]], [[106.8006311, -6.2303483], [106.8003122, -6.2296139]], [[106.8001048, -6.2294664], [106.7998115, -6.2291841]], [[106.8006579, -6.229414], [106.8001048, -6.2294664]], [[106.802237, -6.2381461], [106.8021572, -6.2378877], [106.8021264, -6.2378068]], [[106.8023306, -6.2397852], [106.8023309, -6.2397297], [106.8023315, -6.2396472]], [[106.8006907, -6.2330348], [106.8022753, -6.2379144]], [[106.8006579, -6.229414], [106.8006088, -6.2298009]], [[106.8021264, -6.2378068], [106.8006861, -6.2336526], [106.8006311, -6.2303483]], [[106.8006088, -6.2298009], [106.8007028, -6.2311499]], [[106.8007028, -6.2311499], [106.8007028, -6.2313217], [106.8006956, -6.2318608], [106.8006919, -6.2325347]], [[106.8006919, -6.2325347], [106.8006913, -6.2327894], [106.8006912, -6.2328464], [106.8006907, -6.2330348]], [[106.8025225, -6.2396424], [106.8025249, -6.2396816], [106.8025276, -6.2397247], [106.8025297, -6.2397815]], [[106.8023315, -6.2396472], [106.802237, -6.2381461]], [[106.8022753, -6.2379144], [106.8023056, -6.2380873], [106.8023149, -6.2381457]]]}, "properties": {"id": "rd-195", "name": "Jalan Pattimura", "route_name": "Jalan Pattimura", "highway": "primary", "mode": "road", "status": "context", "status_label": "Jalan - konteks", "source": "OpenStreetMap", "source_type": "osm", "license": "ODbL"}}, {"type": "Feature", "id": "rd-196", "geometry": {"type": "MultiLineString", "coordinates": [[[106.8339984, -6.1720676], [106.8340708, -6.1729665], [106.8327381, -6.1746368], [106.8326586, -6.1756563]], [[106.8325987, -6.1759034], [106.830953, -6.176186]], [[106.8313952, -6.1764483], [106.8310104, -6.1763896]], [[106.8325987, -6.1759034], [106.8320699, -6.1763316]], [[106.8313952, -6.1764483], [106.8312851, -6.1768147]], [[106.8326586, -6.1756563], [106.832642, -6.17579], [106.8326015, -6.1758917]], [[106.8320699, -6.1763316], [106.8313952, -6.1764483]], [[106.8326015, -6.1758917], [106.8325987, -6.1759034]]]}, "properties": {"id": "rd-196", "name": "Jalan Pejambon", "route_name": "Jalan Pejambon", "highway": "primary", "mode": "road", "status": "context", "status_label": "Jalan - konteks", "source": "OpenStreetMap", "source_type": "osm", "license": "ODbL"}}, {"type": "Feature", "id": "rd-197", "geometry": {"type": "MultiLineString", "coordinates": [[[106.8050527, -6.203937], [106.8036412, -6.2032533], [106.8016146, -6.2039111]], [[106.8013228, -6.2038021], [106.8036244, -6.203156], [106.8050936, -6.203834]], [[106.8016146, -6.2039111], [106.8014281, -6.2039598]], [[106.8010081, -6.2035687], [106.8011391, -6.203749]], [[106.8011391, -6.203749], [106.8013228, -6.2038021]]]}, "properties": {"id": "rd-197", "name": "Jalan Pejompongan", "route_name": "Jalan Pejompongan", "highway": "primary", "mode": "road", "status": "context", "status_label": "Jalan - konteks", "source": "OpenStreetMap", "source_type": "osm", "license": "ODbL"}}, {"type": "Feature", "id": "rd-198", "geometry": {"type": "MultiLineString", "coordinates": [[[106.7630198, -6.1903173], [106.7666656, -6.1902446], [106.7682989, -6.1907347]], [[106.7569983, -6.1909133], [106.7572216, -6.190901]], [[106.7560354, -6.1909421], [106.7564236, -6.1909433], [106.7568038, -6.1909226], [106.7569983, -6.1909133]], [[106.7573642, -6.1909799], [106.7572011, -6.1909787]], [[106.7572934, -6.1909013], [106.757369, -6.1909009]], [[106.7678032, -6.190741], [106.7667045, -6.1903206], [106.7630245, -6.1903853]], [[106.7572216, -6.190901], [106.7572934, -6.1909013]], [[106.757369, -6.1909009], [106.7630198, -6.1903173]], [[106.7630245, -6.1903853], [106.7573642, -6.1909799]], [[106.7572011, -6.1909787], [106.7570042, -6.1909847]], [[106.7570042, -6.1909847], [106.7567989, -6.1909967], [106.756027, -6.1910655]], [[106.7685576, -6.1910797], [106.7678032, -6.190741]], [[106.7682989, -6.1907347], [106.7685556, -6.1907668]]]}, "properties": {"id": "rd-198", "name": "Jalan Pejuangan Raya", "route_name": "Jalan Pejuangan Raya", "highway": "primary", "mode": "road", "status": "context", "status_label": "Jalan - konteks", "source": "OpenStreetMap", "source_type": "osm", "license": "ODbL"}}, {"type": "Feature", "id": "rd-199", "geometry": {"type": "MultiLineString", "coordinates": [[[106.9908428, -6.2562786], [106.9907527, -6.2563381], [106.9906205, -6.2563865]], [[106.9812421, -6.2697592], [106.9830005, -6.2689159], [106.9840157, -6.2665197], [106.9849295, -6.2661042]], [[106.9812421, -6.2697592], [106.9801292, -6.2717554], [106.9778274, -6.2739491], [106.9758994, -6.2764812], [106.9751245, -6.2784589], [106.9744334, -6.2787526]], [[106.9742992, -6.2787786], [106.9720323, -6.2796961], [106.9700448, -6.2813701]], [[106.9849295, -6.2661042], [106.9864592, -6.2645154], [106.9873704, -6.2620604], [106.9877674, -6.2601933], [106.9873074, -6.2578852]], [[106.9700448, -6.2813701], [106.968276, -6.285865]], [[106.9906205, -6.2563865], [106.9902035, -6.2565607]], [[106.9902035, -6.2565607], [106.989709, -6.2567869], [106.9895451, -6.2568336]], [[106.9895451, -6.2568336], [106.9904393, -6.2563829]], [[106.9873074, -6.2578852], [106.9895451, -6.2568336]], [[106.9904393, -6.2563829], [106.9907474, -6.2562808], [106.9908428, -6.2562786]], [[106.9744334, -6.2787526], [106.9742992, -6.2787786]]]}, "properties": {"id": "rd-199", "name": "Jalan Pekayon Raya", "route_name": "Jalan Pekayon Raya", "highway": "primary", "mode": "road", "status": "context", "status_label": "Jalan - konteks", "source": "OpenStreetMap", "source_type": "osm", "license": "ODbL"}}, {"type": "Feature", "id": "rd-200", "geometry": {"type": "MultiLineString", "coordinates": [[[106.8752505, -6.1922297], [106.8842208, -6.1932049]], [[106.8911493, -6.1935757], [106.8862384, -6.1935362]], [[106.9018715, -6.1934543], [106.9036068, -6.193011]], [[106.9018508, -6.1936184], [106.9015264, -6.1936144]], [[106.9057277, -6.1922182], [106.9050363, -6.192413]], [[106.9015216, -6.1934548], [106.9018715, -6.1934543]], [[106.9039763, -6.1928057], [106.9047083, -6.1923844], [106.9048586, -6.1923092]], [[106.9036298, -6.1932058], [106.9018508, -6.1936184]], [[106.8931117, -6.1934163], [106.9006656, -6.1934513]], [[106.8911343, -6.1933979], [106.8912511, -6.1934014]], [[106.9040666, -6.1929546], [106.9039904, -6.1930026], [106.9036298, -6.1932058]], [[106.9036068, -6.193011], [106.9036599, -6.1929815], [106.9039763, -6.1928057]], [[106.9058594, -6.192232], [106.9057277, -6.1922182]], [[106.9047812, -6.192525], [106.904707, -6.1925659], [106.9040666, -6.1929546]], [[106.9006711, -6.1936156], [106.8988237, -6.1935961]], [[106.8912511, -6.1934014], [106.8913659, -6.193402], [106.8920796, -6.1934056], [106.8931117, -6.1934163]], [[106.87629, -6.1925924], [106.876063, -6.192563]], [[106.876063, -6.192563], [106.8758503, -6.1925333], [106.8755179, -6.1924861]], [[106.8842721, -6.1934015], [106.87629, -6.1925924]], [[106.8863677, -6.1933405], [106.8911343, -6.1933979]], [[106.8858892, -6.193322], [106.886017, -6.1933307], [106.8861948, -6.1933368]], [[106.8862384, -6.1935362], [106.8861197, -6.1935309]], [[106.9051633, -6.1921568], [106.9057474, -6.1920445]], [[106.895095, -6.1935795], [106.8947785, -6.1935781], [106.8939203, -6.1935742], [106.8931075, -6.1935881]], [[106.9006656, -6.1934513], [106.9010836, -6.1934532], [106.9014545, -6.1934549], [106.9015216, -6.1934548]], [[106.9010577, -6.1936186], [106.9006996, -6.1936158], [106.9006711, -6.1936156]], [[106.9015264, -6.1936144], [106.9010577, -6.1936186]], [[106.8861197, -6.1935309], [106.8860052, -6.193527], [106.8859811, -6.1935254]], [[106.8912713, -6.193578], [106.8911493, -6.1935757]], [[106.8931075, -6.1935881], [106.8912713, -6.193578]], [[106.8988237, -6.1935961], [106.895095, -6.1935795]], [[106.8861948, -6.1933368], [106.8863677, -6.1933405]], [[106.9057474, -6.1920445], [106.9057756, -6.1920474], [106.9058205, -6.1920544], [106.9058837, -6.1920691]], [[106.9048586, -6.1923092], [106.9050856, -6.1921957], [106.9051633, -6.1921568]], [[106.9050363, -6.192413], [106.9047812, -6.192525]], [[106.8755179, -6.1924861], [106.8754149, -6.1924762], [106.8753486, -6.1924691], [106.8752817, -6.192462]], [[106.8752817, -6.192462], [106.8751485, -6.1924478]], [[106.8842208, -6.1932049], [106.8843738, -6.193216], [106.8855367, -6.1933052], [106.8858892, -6.193322]], [[106.8859811, -6.1935254], [106.8842721, -6.1934015]], [[106.8751875, -6.1922224], [106.8752505, -6.1922297]]]}, "properties": {"id": "rd-200", "name": "Jalan Pemuda", "route_name": "Jalan Pemuda", "highway": "primary", "mode": "road", "status": "context", "status_label": "Jalan - konteks", "source": "OpenStreetMap", "source_type": "osm", "license": "ODbL"}}, {"type": "Feature", "id": "rd-201", "geometry": {"type": "MultiLineString", "coordinates": [[[106.9635445, -6.2489772], [106.9643974, -6.2482406], [106.9697049, -6.2405947], [106.9729773, -6.2350949]], [[106.9635445, -6.2489772], [106.963424, -6.249272]], [[106.9629884, -6.2492813], [106.9635445, -6.2489772]]]}, "properties": {"id": "rd-201", "name": "Jalan Pemuda Patriot", "route_name": "Jalan Pemuda Patriot", "highway": "primary", "mode": "road", "status": "context", "status_label": "Jalan - konteks", "source": "OpenStreetMap", "source_type": "osm", "license": "ODbL"}}, {"type": "Feature", "id": "rd-202", "geometry": {"type": "MultiLineString", "coordinates": [[[106.9799439, -6.2261143], [106.9793547, -6.22727], [106.976596, -6.2293358], [106.9735561, -6.2342229]], [[106.9799965, -6.2260568], [106.9799439, -6.2261143]], [[106.9735561, -6.2342229], [106.9730627, -6.2349649], [106.9729773, -6.2350949]]]}, "properties": {"id": "rd-202", "name": "Jalan Pemuda Raya", "route_name": "Jalan Pemuda Raya", "highway": "primary", "mode": "road", "status": "context", "status_label": "Jalan - konteks", "source": "OpenStreetMap", "source_type": "osm", "license": "ODbL"}}, {"type": "Feature", "id": "rd-203", "geometry": {"type": "MultiLineString", "coordinates": [[[106.9956442, -6.2494457], [106.9923784, -6.247906]], [[106.9966773, -6.2490795], [106.9966686, -6.2490951]], [[106.9964097, -6.2495603], [106.9956442, -6.2494457]], [[106.9966686, -6.2490951], [106.9966369, -6.2491521], [106.9964097, -6.2495603]]]}, "properties": {"id": "rd-203", "name": "Jalan Pengairan", "route_name": "Jalan Pengairan", "highway": "primary", "mode": "road", "status": "context", "status_label": "Jalan - konteks", "source": "OpenStreetMap", "source_type": "osm", "license": "ODbL"}}, {"type": "Feature", "id": "rd-204", "geometry": {"type": "MultiLineString", "coordinates": [[[106.8152907, -6.2013427], [106.8114717, -6.2014126]], [[106.8066686, -6.2022747], [106.8076699, -6.2015134], [106.8111531, -6.2013206]], [[106.8114731, -6.2013192], [106.8146742, -6.2011483]], [[106.8114717, -6.2014126], [106.8111446, -6.2014202]], [[106.8111531, -6.2013206], [106.8114731, -6.2013192]], [[106.8111446, -6.2014202], [106.8079618, -6.2015507], [106.8067351, -6.2023361]], [[106.805439, -6.203807], [106.8050527, -6.203937]], [[106.8154208, -6.2012636], [106.8155013, -6.2012759], [106.8156893, -6.2013089], [106.8157362, -6.2013191]], [[106.8146742, -6.2011483], [106.8152672, -6.2012386]], [[106.8154352, -6.2013654], [106.8153459, -6.2013528]], [[106.8067351, -6.2023361], [106.805439, -6.203807]], [[106.8050936, -6.203834], [106.8066686, -6.2022747]], [[106.8153459, -6.2013528], [106.8152907, -6.2013427]], [[106.8152672, -6.2012386], [106.8154208, -6.2012636]], [[106.8157598, -6.2014048], [106.8156147, -6.2013876], [106.8154352, -6.2013654]]]}, "properties": {"id": "rd-204", "name": "Jalan Penjernihan 1", "route_name": "Jalan Penjernihan 1", "highway": "primary", "mode": "road", "status": "context", "status_label": "Jalan - konteks", "source": "OpenStreetMap", "source_type": "osm", "license": "ODbL"}}, {"type": "Feature", "id": "rd-205", "geometry": {"type": "MultiLineString", "coordinates": [[[106.8791059, -6.1663406], [106.8791818, -6.166358], [106.8792508, -6.1663739]], [[106.8971452, -6.1780514], [106.897497, -6.1780572]], [[106.89755, -6.1782326], [106.897158, -6.178237]], [[106.89698, -6.1782426], [106.8961969, -6.1780223], [106.8945035, -6.1765385]], [[106.899375, -6.1781322], [106.9016323, -6.1784603], [106.9088875, -6.1815417]], [[106.897497, -6.1780572], [106.8976049, -6.1780598], [106.8986477, -6.1781009], [106.8988448, -6.1781008]], [[106.8989498, -6.1783297], [106.8982432, -6.1782693], [106.89755, -6.1782326]], [[106.9092675, -6.1819695], [106.9091911, -6.1819189], [106.9088219, -6.1817524]], [[106.9093713, -6.1818049], [106.9102701, -6.1822267]], [[106.8891714, -6.172185], [106.8863884, -6.1704967]], [[106.8789162, -6.1665247], [106.8788643, -6.1665181], [106.8787977, -6.1665112]], [[106.8790257, -6.1663232], [106.8791059, -6.1663406]], [[106.8787977, -6.1665112], [106.8786944, -6.1665029]], [[106.8788101, -6.1662829], [106.8789219, -6.1662978]], [[106.8789219, -6.1662978], [106.8789851, -6.1663133], [106.8790257, -6.1663232]], [[106.8944989, -6.1761633], [106.8963497, -6.1778723], [106.8971452, -6.1780514]], [[106.8813167, -6.167135], [106.8813962, -6.1671768], [106.8814333, -6.1671963]], [[106.8796731, -6.1664683], [106.8811676, -6.1670621]], [[106.8814295, -6.1674471], [106.8812919, -6.167367]], [[106.8811774, -6.1672973], [106.8808848, -6.1671303], [106.8807154, -6.1670473], [106.8804603, -6.1669223]], [[106.8812919, -6.167367], [106.8811774, -6.1672973]], [[106.8795597, -6.1665982], [106.8790877, -6.1665475]], [[106.8796456, -6.1666156], [106.8795597, -6.1665982]], [[106.8795644, -6.166443], [106.8796731, -6.1664683]], [[106.8792508, -6.1663739], [106.8795644, -6.166443]], [[106.8814333, -6.1671963], [106.8829629, -6.1680931]], [[106.8915794, -6.1738305], [106.891236, -6.1734965]], [[106.8938623, -6.1759253], [106.8915794, -6.1738305]], [[106.8863884, -6.1704967], [106.8863278, -6.1704582]], [[106.8863278, -6.1704582], [106.8814295, -6.1674471]], [[106.8941652, -6.1759066], [106.8943212, -6.1760249]], [[106.8941315, -6.1761776], [106.8940141, -6.1760667]], [[106.8914256, -6.1733009], [106.894082, -6.1758359]], [[106.9102206, -6.1823247], [106.9100511, -6.1823058], [106.9099807, -6.1822895], [106.909942, -6.1822782]], [[106.891236, -6.1734965], [106.890062, -6.1727222]], [[106.9088875, -6.1815417], [106.9090324, -6.1816068], [106.9091411, -6.1816789], [106.9093713, -6.1818049]], [[106.9083411, -6.181485], [106.9040145, -6.1795532]], [[106.9088219, -6.1817524], [106.9086017, -6.181651], [106.9085745, -6.1816381], [106.9084601, -6.1815795]], [[106.9037187, -6.1794423], [106.9036469, -6.1794121]], [[106.8811676, -6.1670621], [106.8813167, -6.167135]], [[106.8988448, -6.1781008], [106.899375, -6.1781322]], [[106.8801339, -6.1667531], [106.8796456, -6.1666156]], [[106.8945035, -6.1765385], [106.8944118, -6.1764098], [106.8942843, -6.1763078]], [[106.897158, -6.178237], [106.89698, -6.1782426]], [[106.8804603, -6.1669223], [106.880188, -6.166773], [106.8801339, -6.1667531]], [[106.8874453, -6.1708472], [106.8914256, -6.1733009]], [[106.8942843, -6.1763078], [106.8941315, -6.1761776]], [[106.9040145, -6.1795532], [106.9037187, -6.1794423]], [[106.9036469, -6.1794121], [106.9013044, -6.1785503], [106.8989498, -6.1783297]], [[106.8940141, -6.1760667], [106.8938623, -6.1759253]], [[106.894082, -6.1758359], [106.8941652, -6.1759066]], [[106.9084601, -6.1815795], [106.9083411, -6.181485]], [[106.8943212, -6.1760249], [106.8944989, -6.1761633]], [[106.909942, -6.1822782], [106.9096175, -6.1821355], [106.9092675, -6.1819695]], [[106.8790451, -6.1665429], [106.8789162, -6.1665247]], [[106.8864476, -6.1702538], [106.8874453, -6.1708472]], [[106.8829629, -6.1680931], [106.8864476, -6.1702538]], [[106.8790877, -6.1665475], [106.8790451, -6.1665429]], [[106.890062, -6.1727222], [106.8892699, -6.172239]], [[106.8892699, -6.172239], [106.8891714, -6.172185]]]}, "properties": {"id": "rd-205", "name": "Jalan Perintis Kemerdekaan", "route_name": "Jalan Perintis Kemerdekaan", "highway": "trunk", "mode": "road", "status": "context", "status_label": "Jalan - konteks", "source": "OpenStreetMap", "source_type": "osm", "license": "ODbL"}}, {"type": "Feature", "id": "rd-206", "geometry": {"type": "MultiLineString", "coordinates": [[[107.0059831, -6.2271318], [107.0069162, -6.226172]], [[107.0071854, -6.2262402], [107.0060356, -6.2274756]], [[107.0073782, -6.2257606], [107.0081686, -6.225109]], [[107.0069162, -6.226172], [107.0070171, -6.2260963]], [[107.0083302, -6.2253063], [107.0073502, -6.2260796]], [[107.000588, -6.2347443], [107.0026563, -6.2308701]], [[107.0101723, -6.2236596], [107.014592, -6.2212806]], [[107.0149479, -6.222409], [107.0103458, -6.2238291]], [[107.0146904, -6.2212397], [107.0162505, -6.2205733], [107.0203136, -6.2199634]], [[107.0000801, -6.2375217], [107.0001378, -6.2374041], [107.0002095, -6.2372684]], [[107.0103458, -6.2238291], [107.0101645, -6.2239537]], [[107.0101645, -6.2239537], [107.0084705, -6.2252048]], [[107.0099966, -6.2237721], [107.0101723, -6.2236596]], [[107.008307, -6.2250125], [107.0099966, -6.2237721]], [[107.0070171, -6.2260963], [107.0073782, -6.2257606]], [[107.0073502, -6.2260796], [107.0071854, -6.2262402]], [[107.0084705, -6.2252048], [107.0083302, -6.2253063]], [[107.0081686, -6.225109], [107.008307, -6.2250125]], [[107.0201685, -6.2214398], [107.0192878, -6.221073], [107.0180059, -6.22121], [107.0149479, -6.222409]], [[107.0026563, -6.2308701], [107.0060356, -6.2274756]], [[107.0002095, -6.2372684], [107.000588, -6.2347443]]]}, "properties": {"id": "rd-206", "name": "Jalan Perjuangan", "route_name": "Jalan Perjuangan", "highway": "primary", "mode": "road", "status": "context", "status_label": "Jalan - konteks", "source": "OpenStreetMap", "source_type": "osm", "license": "ODbL"}}, {"type": "Feature", "id": "rd-207", "geometry": {"type": "MultiLineString", "coordinates": [[[106.8308472, -6.1724384], [106.8315097, -6.1721151]], [[106.8331994, -6.1712194], [106.8336907, -6.1713501]], [[106.8315097, -6.1721151], [106.8318814, -6.1719361]], [[106.8318814, -6.1719361], [106.8330153, -6.171329]], [[106.8330153, -6.171329], [106.8331994, -6.1712194]], [[106.8302125, -6.1727661], [106.8305885, -6.1725754], [106.8308472, -6.1724384]]]}, "properties": {"id": "rd-207", "name": "Jalan Perwira", "route_name": "Jalan Perwira", "highway": "primary", "mode": "road", "status": "context", "status_label": "Jalan - konteks", "source": "OpenStreetMap", "source_type": "osm", "license": "ODbL"}}, {"type": "Feature", "id": "rd-208", "geometry": {"type": "MultiLineString", "coordinates": [[[106.8147656, -6.142401], [106.8139677, -6.1394083]], [[106.813884, -6.1386821], [106.8148582, -6.1422494]], [[106.8148385, -6.1426965], [106.8147656, -6.142401]], [[106.8139677, -6.1394083], [106.8139497, -6.1393488], [106.8138527, -6.1390274], [106.8137586, -6.1387165]], [[106.8138629, -6.1386031], [106.813884, -6.1386821]], [[106.8137586, -6.1387165], [106.8137319, -6.1386396]]]}, "properties": {"id": "rd-208", "name": "Jalan Pintu Besar Selatan", "route_name": "Jalan Pintu Besar Selatan", "highway": "primary", "mode": "road", "status": "context", "status_label": "Jalan - konteks", "source": "OpenStreetMap", "source_type": "osm", "license": "ODbL"}}, {"type": "Feature", "id": "rd-209", "geometry": {"type": "MultiLineString", "coordinates": [[[106.7919492, -6.126542], [106.7919198, -6.1263448], [106.7918589, -6.1259657]], [[106.7955865, -6.1247363], [106.7974507, -6.1252637], [106.8018871, -6.1251827]], [[106.8039261, -6.125209], [106.8024663, -6.1252464]], [[106.7921659, -6.125783], [106.7922401, -6.1267274]], [[106.797737, -6.125357], [106.7946557, -6.1248349]], [[106.8018871, -6.1251827], [106.8022291, -6.125165]], [[106.8022622, -6.1252563], [106.802243, -6.1252564]], [[106.8037645, -6.125091], [106.8039849, -6.1251232]], [[106.7924375, -6.1252147], [106.7932007, -6.1248747]], [[106.801876, -6.1252674], [106.801841, -6.125267]], [[106.802243, -6.1252564], [106.801876, -6.1252674]], [[106.8024622, -6.1251534], [106.8025366, -6.125151], [106.8026875, -6.1251462], [106.8029949, -6.1251408]], [[106.7982305, -6.1253504], [106.7978972, -6.1253549], [106.797737, -6.125357]], [[106.801841, -6.125267], [106.7982305, -6.1253504]], [[106.8029949, -6.1251408], [106.8037645, -6.125091]], [[106.7921977, -6.1256247], [106.7921812, -6.1257032], [106.7921659, -6.125783]], [[106.7943312, -6.124727], [106.7943889, -6.124727], [106.7945541, -6.1247215], [106.7946605, -6.124717]], [[106.7932007, -6.1248747], [106.7935741, -6.1247462]], [[106.7918354, -6.1257944], [106.7918438, -6.1257255], [106.791849, -6.1256904]], [[106.791849, -6.1256904], [106.7921367, -6.1253438]], [[106.7949052, -6.1247203], [106.7955865, -6.1247363]], [[106.7943487, -6.1248496], [106.7933013, -6.124903], [106.7921977, -6.1256247]], [[106.7918589, -6.1259657], [106.7918422, -6.1258451], [106.7918354, -6.1257944]], [[106.8022291, -6.125165], [106.8023856, -6.1251558], [106.8024622, -6.1251534]], [[106.8024663, -6.1252464], [106.8022622, -6.1252563]], [[106.7922401, -6.1267274], [106.7922569, -6.1268604]], [[106.7919783, -6.1268168], [106.7919492, -6.126542]], [[106.7922138, -6.1253099], [106.7922859, -6.1252794], [106.7924086, -6.1252276]], [[106.7921367, -6.1253438], [106.7921619, -6.1253294], [106.7922138, -6.1253099]], [[106.7924086, -6.1252276], [106.7924375, -6.1252147]], [[106.7946605, -6.124717], [106.7949052, -6.1247203]], [[106.7935741, -6.1247462], [106.7943312, -6.124727]], [[106.7944258, -6.124847], [106.7943487, -6.1248496]], [[106.7946557, -6.1248349], [106.7945746, -6.1248396], [106.7945002, -6.1248433], [106.7944258, -6.124847]]]}, "properties": {"id": "rd-209", "name": "Jalan Pluit Selatan Raya", "route_name": "Jalan Pluit Selatan Raya", "highway": "trunk", "mode": "road", "status": "context", "status_label": "Jalan - konteks", "source": "OpenStreetMap", "source_type": "osm", "license": "ODbL"}}, {"type": "Feature", "id": "rd-210", "geometry": {"type": "MultiLineString", "coordinates": [[[106.9138954, -6.2845274], [106.9131459, -6.284948]], [[106.8804755, -6.2899702], [106.8806059, -6.2899827]], [[106.8825711, -6.2904152], [106.8821855, -6.2903576]], [[106.9036242, -6.2849385], [106.8998982, -6.2854331], [106.8978216, -6.2880866]], [[106.9088312, -6.2843557], [106.9087045, -6.284369]], [[106.9096619, -6.2842621], [106.9088312, -6.2843557]], [[106.8806295, -6.2900925], [106.8805184, -6.2901055]], [[106.8806059, -6.2899827], [106.8807549, -6.290014], [106.8809218, -6.2900499]], [[106.8830515, -6.2904823], [106.8825711, -6.2904152]], [[106.882564, -6.290327], [106.8827783, -6.290386], [106.8830515, -6.2904823]], [[106.9131459, -6.284948], [106.9122907, -6.2854015]], [[106.9086438, -6.2843764], [106.9071064, -6.2845561]], [[106.8925505, -6.2899728], [106.8905061, -6.2901883]], [[106.8903402, -6.2902168], [106.8888375, -6.2904569]], [[106.8880262, -6.2906008], [106.88638, -6.2909194]], [[106.8816526, -6.2902682], [106.8815678, -6.290262], [106.8814352, -6.2902542], [106.8813074, -6.290232]], [[106.8809455, -6.290149], [106.8808691, -6.2901257], [106.8808105, -6.2901114], [106.8807493, -6.2900972]], [[106.9100444, -6.2844341], [106.9096619, -6.2842621]], [[106.9122907, -6.2854015], [106.9112191, -6.2854659]], [[106.9112191, -6.2854659], [106.9100444, -6.2844341]], [[106.8807493, -6.2900972], [106.8806295, -6.2900925]], [[106.9046833, -6.2848108], [106.9041907, -6.2848774]], [[106.9041125, -6.2848862], [106.9040202, -6.2848961], [106.9036242, -6.2849385]], [[106.9068508, -6.2845611], [106.9048302, -6.2847938]], [[106.8813074, -6.290232], [106.8811144, -6.2901877], [106.8809455, -6.290149]], [[106.9071064, -6.2845561], [106.9068508, -6.2845611]], [[106.8811752, -6.2900908], [106.8814492, -6.2901323], [106.8817574, -6.2901789], [106.8822784, -6.2902736]], [[106.8880262, -6.2906008], [106.8882561, -6.2905522], [106.8884868, -6.290508], [106.8885177, -6.2905038]], [[106.8978216, -6.2880866], [106.8961278, -6.289511], [106.8933659, -6.289881]], [[106.8821855, -6.2903576], [106.8821199, -6.2903251], [106.8817894, -6.2902678]], [[106.8821855, -6.2903576], [106.8820829, -6.2903704], [106.8817434, -6.2903172], [106.8816526, -6.2902682]], [[106.8905061, -6.2901883], [106.8903664, -6.2902115], [106.8903402, -6.2902168]], [[106.8856967, -6.2910185], [106.8830515, -6.2904823]], [[106.9131459, -6.284948], [106.9122907, -6.2854015]], [[106.8885177, -6.2905038], [106.8887531, -6.2904685], [106.8887847, -6.2904639], [106.8888375, -6.2904569]], [[106.88638, -6.2909194], [106.8863316, -6.290928], [106.886152, -6.2909551]], [[106.8822784, -6.2902736], [106.8825307, -6.2903195], [106.882564, -6.290327]], [[106.8817894, -6.2902678], [106.8816526, -6.2902682]], [[106.9041907, -6.2848774], [106.9041125, -6.2848862]], [[106.9087045, -6.284369], [106.9086438, -6.2843764]], [[106.886152, -6.2909551], [106.8860196, -6.290973], [106.8859447, -6.2909835]], [[106.8859447, -6.2909835], [106.8856967, -6.2910185]], [[106.8933659, -6.289881], [106.8931527, -6.2899086], [106.8929395, -6.2899362], [106.8925505, -6.2899728]], [[106.9048302, -6.2847938], [106.9046833, -6.2848108]], [[106.8809888, -6.2900628], [106.8811752, -6.2900908]], [[106.8809218, -6.2900499], [106.8809888, -6.2900628]]]}, "properties": {"id": "rd-210", "name": "Jalan Pondok Gede", "route_name": "Jalan Pondok Gede", "highway": "primary", "mode": "road", "status": "context", "status_label": "Jalan - konteks", "source": "OpenStreetMap", "source_type": "osm", "license": "ODbL"}}, {"type": "Feature", "id": "rd-212", "geometry": {"type": "MultiLineString", "coordinates": [[[106.7709746, -6.2885729], [106.7712889, -6.2864527]], [[106.7702691, -6.289072], [106.7709126, -6.2887378]], [[106.7709742, -6.2892557], [106.7709789, -6.2889428]], [[106.770874, -6.2892534], [106.7709126, -6.2887378]], [[106.7718866, -6.2829238], [106.7720309, -6.2817127]], [[106.7715754, -6.2848347], [106.7718866, -6.2829238]], [[106.7720309, -6.2817127], [106.7720421, -6.2815499]], [[106.7714849, -6.2853546], [106.7715471, -6.2849973], [106.7715754, -6.2848347]], [[106.7712889, -6.2864527], [106.7714849, -6.2853546]], [[106.7709789, -6.2889428], [106.7709826, -6.2887998], [106.7709746, -6.2885729]], [[106.7709126, -6.2887378], [106.7709746, -6.2885729]]]}, "properties": {"id": "rd-212", "name": "Jalan Pondok Pinang Raya", "route_name": "Jalan Pondok Pinang Raya", "highway": "trunk", "mode": "road", "status": "context", "status_label": "Jalan - konteks", "source": "OpenStreetMap", "source_type": "osm", "license": "ODbL"}}, {"type": "Feature", "id": "rd-213", "geometry": {"type": "MultiLineString", "coordinates": [[[106.8494585, -6.2025498], [106.8501964, -6.2020451]], [[106.8699974, -6.1922331], [106.8647583, -6.1928429], [106.8623432, -6.1937369]], [[106.863943, -6.192768], [106.8690348, -6.1920461]], [[106.8614849, -6.1939442], [106.8654598, -6.1924984]], [[106.8584966, -6.1961269], [106.8582936, -6.1962643], [106.8581625, -6.1963523]], [[106.8508308, -6.2018176], [106.8497117, -6.2025251]], [[106.8581179, -6.1962904], [106.8584513, -6.1960641]], [[106.8571727, -6.1970873], [106.8563528, -6.1976362]], [[106.8562615, -6.1974785], [106.8573396, -6.1967936]], [[106.8648793, -6.1927475], [106.8623936, -6.1936228], [106.8597741, -6.195277]], [[106.8578313, -6.1966867], [106.8577298, -6.1967543]], [[106.8576106, -6.1968364], [106.8571727, -6.1970873]], [[106.8577686, -6.1966107], [106.8577274, -6.1966389], [106.8576357, -6.1967017]], [[106.8581625, -6.1963523], [106.8579491, -6.1964923], [106.8577686, -6.1966107]], [[106.8575124, -6.1965827], [106.8575964, -6.1965255]], [[106.8576622, -6.1965806], [106.8577288, -6.1965398], [106.8578687, -6.196454], [106.8581179, -6.1962904]], [[106.8575998, -6.1966205], [106.8576622, -6.1965806]], [[106.8701185, -6.1922221], [106.8699974, -6.1922331]], [[106.8751485, -6.1924478], [106.8751016, -6.1924425], [106.8749865, -6.1924297]], [[106.8701488, -6.1921473], [106.8700128, -6.192162]], [[106.8746342, -6.1923759], [106.8719663, -6.192025]], [[106.8712799, -6.1918948], [106.8745892, -6.1921481]], [[106.8700964, -6.192007], [106.870214, -6.1919983]], [[106.8702163, -6.1919331], [106.8728343, -6.1918589]], [[106.8700943, -6.1919473], [106.8701318, -6.1919432], [106.8702163, -6.1919331]], [[106.8548566, -6.1987742], [106.854055, -6.1994124]], [[106.8750302, -6.1921983], [106.8751375, -6.1922147], [106.8751875, -6.1922224]], [[106.8749865, -6.1924297], [106.8749055, -6.1924199]], [[106.874945, -6.1921866], [106.8749804, -6.1921915], [106.8750302, -6.1921983]], [[106.8747863, -6.1924006], [106.8718246, -6.1920925]], [[106.8562615, -6.1974785], [106.8575124, -6.1965827]], [[106.853711, -6.1994619], [106.8539072, -6.1992848]], [[106.8575964, -6.1965255], [106.8612843, -6.1940786]], [[106.8557009, -6.1978184], [106.8559751, -6.1976539], [106.8562615, -6.1974785]], [[106.8700128, -6.192162], [106.8654909, -6.1926301]], [[106.8654598, -6.1924984], [106.8696798, -6.192052]], [[106.8585148, -6.1962221], [106.8583098, -6.1963576]], [[106.8501964, -6.2020451], [106.8509521, -6.201615]], [[106.8573396, -6.1967936], [106.8575998, -6.1966205]], [[106.854595, -6.1986848], [106.8557009, -6.1978184]], [[106.8594714, -6.1955809], [106.8585148, -6.1962221]], [[106.8544107, -6.1988319], [106.854595, -6.1986848]], [[106.8541595, -6.1990445], [106.8544107, -6.1988319]], [[106.8539072, -6.1992848], [106.8541298, -6.1990886]], [[106.8696798, -6.192052], [106.8698609, -6.192032], [106.8700437, -6.1920129], [106.8700964, -6.192007]], [[106.8745892, -6.1921481], [106.8747457, -6.1921626], [106.8748502, -6.1921723]], [[106.8690348, -6.1920461], [106.8697403, -6.1919793]], [[106.8697403, -6.1919793], [106.8700943, -6.1919473]], [[106.8614849, -6.1939442], [106.8635647, -6.1928961]], [[106.8612843, -6.1940786], [106.8613749, -6.1940179], [106.8614849, -6.1939442]], [[106.8597947, -6.1951487], [106.8612843, -6.1940786]], [[106.8583098, -6.1963576], [106.8579069, -6.196635], [106.8578723, -6.1966588]], [[106.8623432, -6.1937369], [106.8606216, -6.1948118]], [[106.8576357, -6.1967017], [106.8573296, -6.1969084], [106.8571727, -6.1970873]], [[106.8592913, -6.1955983], [106.8584966, -6.1961269]], [[106.8712832, -6.1920493], [106.8712425, -6.1920508], [106.8707699, -6.1920925], [106.8705083, -6.1921159]], [[106.8718246, -6.1920925], [106.8701185, -6.1922221]], [[106.8654909, -6.1926301], [106.8654152, -6.1926418], [106.8648793, -6.1927475]], [[106.8604886, -6.1948954], [106.8594714, -6.1955809]], [[106.8584513, -6.1960641], [106.8592485, -6.1955271]], [[106.8541298, -6.1990886], [106.8541595, -6.1990445]], [[106.8556056, -6.1978777], [106.8556195, -6.1978675], [106.8557009, -6.1978184]], [[106.8510019, -6.2017515], [106.85092, -6.2017842], [106.8508308, -6.2018176]], [[106.8728343, -6.1918589], [106.8745892, -6.1921481]], [[106.8748502, -6.1921723], [106.874945, -6.1921866]], [[106.8563528, -6.1976362], [106.8549952, -6.1986683]], [[106.8549952, -6.1986683], [106.8548566, -6.1987742]], [[106.8576857, -6.1967849], [106.8576106, -6.1968364]], [[106.8578723, -6.1966588], [106.8578313, -6.1966867]], [[106.8606216, -6.1948118], [106.8604886, -6.1948954]], [[106.8749055, -6.1924199], [106.8747863, -6.1924006]], [[106.8577298, -6.1967543], [106.8576857, -6.1967849]], [[106.8635647, -6.1928961], [106.8636524, -6.1928664], [106.863943, -6.192768]], [[106.870214, -6.1919983], [106.8702319, -6.1919961], [106.8703678, -6.1919792], [106.8704918, -6.1919666]], [[106.8705083, -6.1921159], [106.8701488, -6.1921473]], [[106.8704918, -6.1919666], [106.8706714, -6.1919492], [106.8708674, -6.1919298], [106.8712799, -6.1918948]], [[106.8719663, -6.192025], [106.8717619, -6.1920323], [106.8712832, -6.1920493]], [[106.8592485, -6.1955271], [106.8593807, -6.1954381], [106.8597947, -6.1951487]], [[106.8597741, -6.195277], [106.8593862, -6.1955351], [106.8592913, -6.1955983]]]}, "properties": {"id": "rd-213", "name": "Jalan Pramuka", "route_name": "Jalan Pramuka", "highway": "primary", "mode": "road", "status": "context", "status_label": "Jalan - konteks", "source": "OpenStreetMap", "source_type": "osm", "license": "ODbL"}}, {"type": "Feature", "id": "rd-214", "geometry": {"type": "MultiLineString", "coordinates": [[[106.8085261, -6.2494162], [106.8094629, -6.2498618], [106.8097309, -6.2506563]], [[106.8095755, -6.2507536], [106.8093275, -6.2499164]], [[106.8060509, -6.2476093], [106.8059954, -6.2475305]], [[106.8079524, -6.2495829], [106.8070817, -6.2488988]], [[106.8066878, -6.2482056], [106.8079904, -6.2491908]], [[106.8060872, -6.2474269], [106.806107, -6.2474527]], [[106.80792, -6.2556575], [106.8080043, -6.2551989]], [[106.8091249, -6.2515575], [106.8081768, -6.2534372], [106.8081387, -6.255089]], [[106.8068821, -6.2486435], [106.8060509, -6.2476093]], [[106.8080043, -6.2551989], [106.8080314, -6.2550599]], [[106.8080314, -6.2550599], [106.8080413, -6.2549887], [106.8080516, -6.2549132]], [[106.806107, -6.2474527], [106.8061526, -6.2475207]], [[106.8063989, -6.2478617], [106.8065587, -6.2480611], [106.8066878, -6.2482056]], [[106.8070817, -6.2488988], [106.8069738, -6.2487613], [106.8068821, -6.2486435]], [[106.8097309, -6.2506563], [106.8091249, -6.2515575]], [[106.8093275, -6.2499164], [106.8083267, -6.2495439]], [[106.8080516, -6.2549132], [106.8081646, -6.2530718], [106.8095755, -6.2507536]], [[106.8081387, -6.255089], [106.8081333, -6.2551308], [106.8081115, -6.2552477], [106.8080224, -6.255826]], [[106.8061526, -6.2475207], [106.8063989, -6.2478617]], [[106.8079904, -6.2491908], [106.8081881, -6.2493536]], [[106.8082565, -6.249387], [106.8085261, -6.2494162]]]}, "properties": {"id": "rd-214", "name": "Jalan Prapanca Raya", "route_name": "Jalan Prapanca Raya", "highway": "primary", "mode": "road", "status": "context", "status_label": "Jalan - konteks", "source": "OpenStreetMap", "source_type": "osm", "license": "ODbL"}}, {"type": "Feature", "id": "rd-215", "geometry": {"type": "MultiLineString", "coordinates": [[[106.7881452, -6.1671205], [106.7888327, -6.164645]], [[106.7899675, -6.1635325], [106.7890582, -6.1658038]], [[106.7904698, -6.1606501], [106.793432, -6.1541]], [[106.7941545, -6.1493203], [106.7933617, -6.1430749]], [[106.7945571, -6.1532525], [106.7949771, -6.1529393]], [[106.7919537, -6.1585737], [106.7908913, -6.1613756]], [[106.7950259, -6.1530892], [106.7946311, -6.1533929]], [[106.7941825, -6.1495113], [106.7941545, -6.1493203]], [[106.7942554, -6.1498543], [106.7942085, -6.1496846], [106.7941861, -6.1495434], [106.7941825, -6.1495113]], [[106.7941854, -6.1492898], [106.7935925, -6.1448392]], [[106.7942136, -6.1495459], [106.7941854, -6.1492898]], [[106.7944277, -6.1492423], [106.7944551, -6.1494443]], [[106.793923, -6.1457032], [106.7944277, -6.1492423]], [[106.7942554, -6.1498543], [106.7942136, -6.1495459]], [[106.7937391, -6.1437732], [106.7938581, -6.1450729]], [[106.7927044, -6.1568114], [106.7919691, -6.1585384]], [[106.7941349, -6.1538238], [106.7927044, -6.1568114]], [[106.7942487, -6.1534922], [106.7945571, -6.1532525]], [[106.7935617, -6.1539669], [106.7938117, -6.1537921], [106.7942487, -6.1534922]], [[106.7881379, -6.1667283], [106.7881072, -6.1667862], [106.7880735, -6.166849]], [[106.7878063, -6.1668917], [106.7878289, -6.1668308]], [[106.7878289, -6.1668308], [106.7878531, -6.166768], [106.7878767, -6.1667066]], [[106.7888658, -6.16641], [106.7881379, -6.1667283]], [[106.7880735, -6.166849], [106.7880381, -6.1669098]], [[106.7943407, -6.1507308], [106.7943128, -6.1504348], [106.7942554, -6.1498543]], [[106.7944551, -6.1494443], [106.7946263, -6.1510446], [106.7952983, -6.1525919]], [[106.7897645, -6.1639412], [106.7889604, -6.1657637], [106.7887348, -6.1663769], [106.7886132, -6.1667918]], [[106.7938546, -6.1452491], [106.793876, -6.1454006], [106.793923, -6.1457032]], [[106.7899675, -6.1635325], [106.7899101, -6.1636134], [106.7898373, -6.1637676], [106.7897645, -6.1639412]], [[106.7903937, -6.1625091], [106.7902898, -6.1627683], [106.7900398, -6.1633425], [106.7899675, -6.1635325]], [[106.7951097, -6.1526534], [106.7943407, -6.1507308]], [[106.7890582, -6.1658038], [106.7890092, -6.1659583], [106.7889554, -6.1661162]], [[106.7936704, -6.1429657], [106.793678, -6.1430429], [106.7937046, -6.1433142], [106.7937085, -6.1433775]], [[106.7938581, -6.1450729], [106.7938659, -6.1451603], [106.7938546, -6.1452491]], [[106.7937085, -6.1433775], [106.7937391, -6.1437732]], [[106.7900377, -6.1616524], [106.7904698, -6.1606501]], [[106.7882508, -6.1658427], [106.7883023, -6.1657208], [106.7887685, -6.1645888]], [[106.7949771, -6.1529393], [106.7951097, -6.1526534]], [[106.7919691, -6.1585384], [106.7919537, -6.1585737]], [[106.7888993, -6.1642927], [106.7890046, -6.1640531]], [[106.7888327, -6.164645], [106.7890046, -6.1640531]], [[106.7887685, -6.1645888], [106.7888993, -6.1642927]], [[106.7890046, -6.1640531], [106.7896553, -6.1625342]], [[106.7886132, -6.1667918], [106.7885282, -6.167115], [106.7885032, -6.1672264]], [[106.7908913, -6.1613756], [106.7908796, -6.1614254], [106.7908712, -6.1614516], [106.7908437, -6.1615357]], [[106.793432, -6.1541], [106.7934822, -6.1540393], [106.7935617, -6.1539669]], [[106.7952983, -6.1525919], [106.7950259, -6.1530892]], [[106.7946311, -6.1533929], [106.7941349, -6.1538238]], [[106.7908437, -6.1615357], [106.7903937, -6.1625091]], [[106.7889554, -6.1661162], [106.7888658, -6.16641]], [[106.7878767, -6.1667066], [106.7882508, -6.1658427]], [[106.7896553, -6.1625342], [106.7900377, -6.1616524]], [[106.7933617, -6.1430749], [106.7933538, -6.1429969]], [[106.7884897, -6.1672867], [106.7884588, -6.1674244]], [[106.7885032, -6.1672264], [106.7884897, -6.1672867]], [[106.7881276, -6.1671957], [106.7881452, -6.1671205]], [[106.7881053, -6.1672906], [106.7881276, -6.1671957]]]}, "properties": {"id": "rd-215", "name": "Jalan Profesor Dokter Latumeten", "route_name": "Jalan Profesor Dokter Latumeten", "highway": "trunk", "mode": "road", "status": "context", "status_label": "Jalan - konteks", "source": "OpenStreetMap", "source_type": "osm", "license": "ODbL"}}, {"type": "Feature", "id": "rd-216", "geometry": {"type": "MultiLineString", "coordinates": [[[106.843222, -6.2435328], [106.8435704, -6.242777]], [[106.8441197, -6.2422789], [106.8440232, -6.2424802], [106.843995, -6.2425295], [106.8439507, -6.2426148]], [[106.8445699, -6.2379478], [106.8441898, -6.2366312], [106.8442418, -6.2335805], [106.8449142, -6.2323136], [106.8466206, -6.2306875]], [[106.8453299, -6.2319835], [106.8443117, -6.2339068], [106.8443041, -6.2367817], [106.8446713, -6.237903]], [[106.844499, -6.2415257], [106.8445824, -6.2413816]], [[106.8440225, -6.2422591], [106.844499, -6.2415257]], [[106.8451174, -6.2404379], [106.8454299, -6.239404], [106.8447444, -6.2382951]], [[106.8445824, -6.2413816], [106.8451174, -6.2404379]], [[106.8446713, -6.237903], [106.8447455, -6.2380469], [106.8448131, -6.2381741]], [[106.8448131, -6.2381741], [106.8455302, -6.2395818], [106.8447319, -6.2413033]], [[106.8447061, -6.2382263], [106.8445699, -6.2379478]], [[106.8447444, -6.2382951], [106.8447061, -6.2382263]], [[106.8468521, -6.230588], [106.8468043, -6.2306426], [106.8467158, -6.2307284]], [[106.8473643, -6.2289191], [106.8470289, -6.2302871]], [[106.8466206, -6.2306875], [106.8467547, -6.2305674], [106.8467802, -6.2305301]], [[106.8469297, -6.2302681], [106.8471936, -6.22919]], [[106.8471936, -6.22919], [106.8472286, -6.2289809], [106.8472422, -6.228903]], [[106.8439507, -6.2426148], [106.8438765, -6.2427619], [106.8438351, -6.2428438]], [[106.8438351, -6.2428438], [106.8436983, -6.2431948], [106.8435782, -6.2435188], [106.8435604, -6.2435629]], [[106.8447319, -6.2413033], [106.8441197, -6.2422789]], [[106.8435704, -6.242777], [106.8436354, -6.2427026], [106.8440225, -6.2422591]], [[106.8467802, -6.2305301], [106.8468482, -6.2304261], [106.8469297, -6.2302681]], [[106.8470289, -6.2302871], [106.846864, -6.2305716], [106.8468521, -6.230588]], [[106.8467158, -6.2307284], [106.8453299, -6.2319835]]]}, "properties": {"id": "rd-216", "name": "Jalan Profesor Dokter Supomo SH", "route_name": "Jalan Profesor Dokter Supomo SH", "highway": "primary", "mode": "road", "status": "context", "status_label": "Jalan - konteks", "source": "OpenStreetMap", "source_type": "osm", "license": "ODbL"}}, {"type": "Feature", "id": "rd-217", "geometry": {"type": "MultiLineString", "coordinates": [[[106.8389668, -6.2252607], [106.8387032, -6.2252599]], [[106.817849, -6.209917], [106.8178649, -6.2106043], [106.8178551, -6.2109262]], [[106.8293214, -6.2250831], [106.8302968, -6.2253484]], [[106.8332969, -6.2256995], [106.8351844, -6.2255731]], [[106.8178551, -6.2109262], [106.8178234, -6.211545], [106.8178243, -6.2117092]], [[106.8387032, -6.2252599], [106.8350657, -6.2256594]], [[106.8351844, -6.2255731], [106.8364561, -6.225424], [106.837807, -6.2252751], [106.838689, -6.2251858]], [[106.8325829, -6.2259471], [106.8289737, -6.225115], [106.8219999, -6.2227916], [106.8207549, -6.2214305], [106.8190251, -6.2168564]], [[106.8191062, -6.216856], [106.8199061, -6.2195382], [106.8215545, -6.2222927], [106.8227516, -6.2230024], [106.8293214, -6.2250831]], [[106.8177612, -6.2099203], [106.8177057, -6.2093637], [106.8176061, -6.2088183], [106.8175851, -6.2086882]], [[106.838689, -6.2251858], [106.8395037, -6.2250289]], [[106.8333487, -6.2259176], [106.8325829, -6.2259471]], [[106.8326272, -6.2257094], [106.8332969, -6.2256995]], [[106.8302968, -6.2253484], [106.8326272, -6.2257094]], [[106.8350657, -6.2256594], [106.8333487, -6.2259176]], [[106.8184241, -6.2144484], [106.8191062, -6.216856]], [[106.8190251, -6.2168564], [106.8183523, -6.2145138]], [[106.8178243, -6.2117092], [106.8178472, -6.2119037]], [[106.8177603, -6.2119127], [106.8177612, -6.2099203]], [[106.8180071, -6.21303], [106.8177603, -6.2119127]], [[106.8178472, -6.2119037], [106.8179215, -6.2122516], [106.8179954, -6.2126011], [106.8180789, -6.2130155]], [[106.8178554, -6.2096582], [106.8178357, -6.2097192], [106.8178406, -6.2098181], [106.817849, -6.209917]], [[106.8183523, -6.2145138], [106.8180071, -6.21303]], [[106.8180789, -6.2130155], [106.8183507, -6.2141367], [106.8184241, -6.2144484]]]}, "properties": {"id": "rd-217", "name": "Jalan Profesor Doktor Hamka", "route_name": "Jalan Profesor Doktor Hamka", "highway": "primary", "mode": "road", "status": "context", "status_label": "Jalan - konteks", "source": "OpenStreetMap", "source_type": "osm", "license": "ODbL"}}, {"type": "Feature", "id": "rd-218", "geometry": {"type": "MultiLineString", "coordinates": [[[106.8179165, -6.2130375], [106.8178759, -6.212834], [106.8178275, -6.2125867], [106.8177753, -6.2124699]], [[106.8183269, -6.2145385], [106.8188001, -6.216341]], [[106.8196595, -6.2192809], [106.8190866, -6.217303]], [[106.8326805, -6.2257913], [106.8333143, -6.2257665]], [[106.8462943, -6.223593], [106.8482533, -6.2235486]], [[106.8188001, -6.216341], [106.8188917, -6.2165973], [106.818991, -6.2168638]], [[106.8280509, -6.2246318], [106.8311204, -6.2255401]], [[106.8482269, -6.2236203], [106.8460158, -6.223721]], [[106.818991, -6.2168638], [106.8192504, -6.2171202]], [[106.8202, -6.2199321], [106.8211895, -6.2217569], [106.8221666, -6.2226586], [106.8280509, -6.2246318]], [[106.8333174, -6.2258416], [106.832681, -6.2258715]], [[106.818746, -6.2163607], [106.8182733, -6.2145879]], [[106.8333143, -6.2257665], [106.8348107, -6.2255278]], [[106.8460039, -6.2236657], [106.8462943, -6.223593]], [[106.8349485, -6.2257459], [106.8346702, -6.2256724], [106.833989, -6.2257592], [106.8333174, -6.2258416]], [[106.8360344, -6.2256427], [106.8349485, -6.2257459]], [[106.8195702, -6.21813], [106.8196907, -6.2185951], [106.8197165, -6.218695], [106.8197676, -6.2188921]], [[106.8192894, -6.2172258], [106.8193582, -6.2174475], [106.8193796, -6.2175162], [106.819383, -6.2175273]], [[106.8446735, -6.2242709], [106.8460039, -6.2236657]], [[106.8356519, -6.2254309], [106.8395037, -6.2250289]], [[106.8189046, -6.2168226], [106.818746, -6.2163607]], [[106.832681, -6.2258715], [106.8317122, -6.2258227], [106.8310917, -6.2257771]], [[106.8310917, -6.2257771], [106.8289509, -6.2251925]], [[106.8460158, -6.223721], [106.8447163, -6.2244263]], [[106.8389668, -6.2252607], [106.8360344, -6.2256427]], [[106.8289509, -6.2251925], [106.8284489, -6.2250324], [106.8283552, -6.2250029], [106.8282259, -6.2249622]], [[106.8282259, -6.2249622], [106.8256982, -6.2241742]], [[106.8256982, -6.2241742], [106.8239884, -6.2236093]], [[106.8239884, -6.2236093], [106.8213495, -6.2223682]], [[106.8213495, -6.2223682], [106.8207691, -6.2216079]], [[106.8190866, -6.217303], [106.8189517, -6.2169526], [106.8189046, -6.2168226]], [[106.8311204, -6.2255401], [106.8326805, -6.2257913]], [[106.819383, -6.2175273], [106.8194757, -6.2178258], [106.8195156, -6.2179541], [106.8195702, -6.21813]], [[106.8191911, -6.2174224], [106.8195702, -6.21813]], [[106.817915, -6.2118722], [106.8179748, -6.2130293]], [[106.8348107, -6.2255278], [106.8349531, -6.225515], [106.8356519, -6.2254309]], [[106.818991, -6.2168638], [106.8190684, -6.2170878], [106.8191911, -6.2174224]], [[106.8204215, -6.2207985], [106.8196595, -6.2192809]], [[106.8197676, -6.2188921], [106.8198184, -6.2190734], [106.8198865, -6.2193165]], [[106.8198865, -6.2193165], [106.8202, -6.2199321]], [[106.8207691, -6.2216079], [106.8204215, -6.2207985]], [[106.8182733, -6.2145879], [106.818189, -6.2142373], [106.8179165, -6.2130375]], [[106.8179748, -6.2130293], [106.8182697, -6.2142994], [106.8183269, -6.2145385]], [[106.8192504, -6.2171202], [106.8192894, -6.2172258]]]}, "properties": {"id": "rd-218", "name": "Jalan Profesor Doktor Satrio", "route_name": "Jalan Profesor Doktor Satrio", "highway": "primary", "mode": "road", "status": "context", "status_label": "Jalan - konteks", "source": "OpenStreetMap", "source_type": "osm", "license": "ODbL"}}, {"type": "Feature", "id": "rd-219", "geometry": {"type": "MultiLineString", "coordinates": [[[106.9939227, -6.1165541], [107.0052846, -6.1162109], [107.006034, -6.1147847], [107.0069122, -6.1145625]], [[107.0069122, -6.1145625], [107.0071142, -6.1145493]], [[107.0114976, -6.1136992], [107.01599, -6.1102488], [107.0177727, -6.1107129], [107.0219657, -6.1106805]], [[107.0071142, -6.1145493], [107.0097461, -6.11433], [107.0114296, -6.1137436]], [[107.0114296, -6.1137436], [107.0114976, -6.1136992]]]}, "properties": {"id": "rd-219", "name": "Jalan Ps. Bojong Lama Taruma", "route_name": "Jalan Ps. Bojong Lama Taruma", "highway": "primary", "mode": "road", "status": "context", "status_label": "Jalan - konteks", "source": "OpenStreetMap", "source_type": "osm", "license": "ODbL"}}, {"type": "Feature", "id": "rd-220", "geometry": {"type": "MultiLineString", "coordinates": [[[106.9530702, -6.2087658], [106.9530155, -6.2088292], [106.9528745, -6.2090067]], [[106.95487, -6.2063708], [106.9556944, -6.203867], [106.9555897, -6.2019294], [106.9561144, -6.2006235], [106.9559142, -6.1967924], [106.956673, -6.1951686]], [[106.9549929, -6.206782], [106.95487, -6.2063708]]]}, "properties": {"id": "rd-220", "name": "Jalan Pulo Gebang", "route_name": "Jalan Pulo Gebang", "highway": "primary", "mode": "road", "status": "context", "status_label": "Jalan - konteks", "source": "OpenStreetMap", "source_type": "osm", "license": "ODbL"}}, {"type": "Feature", "id": "rd-222", "geometry": {"type": "MultiLineString", "coordinates": [[[106.7424117, -6.1899193], [106.742574, -6.1910513], [106.7435245, -6.190967]], [[106.7435245, -6.190967], [106.7458336, -6.1909659]], [[106.7458839, -6.1909658], [106.7460642, -6.1909643]], [[106.7461288, -6.1909619], [106.7553572, -6.1904488]], [[106.7553572, -6.1904488], [106.7554338, -6.1904413], [106.7555992, -6.1904214]], [[106.7555992, -6.1904214], [106.7562019, -6.1904039]], [[106.7559939, -6.1905238], [106.7553564, -6.1905418]], [[106.7460642, -6.1909643], [106.7460971, -6.190963], [106.7461288, -6.1909619]], [[106.7553564, -6.1905418], [106.7461288, -6.1909619]], [[106.7458336, -6.1909659], [106.7458839, -6.1909658]], [[106.756486, -6.190483], [106.7559939, -6.1905238]]]}, "properties": {"id": "rd-222", "name": "Jalan Puri Kencana", "route_name": "Jalan Puri Kencana", "highway": "primary", "mode": "road", "status": "context", "status_label": "Jalan - konteks", "source": "OpenStreetMap", "source_type": "osm", "license": "ODbL"}}, {"type": "Feature", "id": "rd-223", "geometry": {"type": "MultiLineString", "coordinates": [[[106.7340902, -6.1900051], [106.7359768, -6.1910339], [106.7400578, -6.1912362]], [[106.7401915, -6.1913058], [106.7360278, -6.1911687], [106.7338725, -6.1900244]], [[106.7321481, -6.1886025], [106.7317519, -6.1882803]], [[106.7307421, -6.1864595], [106.7315482, -6.1881878]], [[106.7307421, -6.1864595], [106.7308648, -6.1865581], [106.7309327, -6.1866269], [106.7311113, -6.1869874]], [[106.7311113, -6.1869874], [106.7319462, -6.1882484], [106.7340902, -6.1900051]], [[106.7404168, -6.1912659], [106.7401915, -6.1913058]], [[106.7338725, -6.1900244], [106.7321481, -6.1886025]], [[106.7317519, -6.1882803], [106.7315482, -6.1881878]]]}, "properties": {"id": "rd-223", "name": "Jalan Puri Lingkar Luar", "route_name": "Jalan Puri Lingkar Luar", "highway": "primary", "mode": "road", "status": "context", "status_label": "Jalan - konteks", "source": "OpenStreetMap", "source_type": "osm", "license": "ODbL"}}, {"type": "Feature", "id": "rd-225", "geometry": {"type": "MultiLineString", "coordinates": [[[106.6884472, -6.3469262], [106.687834, -6.3469665]], [[106.7110944, -6.346593], [106.7108317, -6.3466436]], [[106.7122081, -6.3463782], [106.7119995, -6.3464175], [106.7111488, -6.3465844]], [[106.687834, -6.3469665], [106.6877656, -6.3469737], [106.6871976, -6.3470334]], [[106.6866773, -6.3470524], [106.6844599, -6.3472097]], [[106.7122081, -6.3463782], [106.7122928, -6.3463254], [106.71265, -6.3462443]], [[106.7111488, -6.3465844], [106.7110944, -6.346593]], [[106.6871976, -6.3470334], [106.6866773, -6.3470524]], [[106.6933739, -6.3470171], [106.7084509, -6.3471394], [106.7108317, -6.3466436]], [[106.7130512, -6.3462515], [106.7128045, -6.346303], [106.7123089, -6.3463894], [106.7122081, -6.3463782]], [[106.6884472, -6.3469262], [106.6933739, -6.3470171]], [[106.71265, -6.3462443], [106.712974, -6.346179]]]}, "properties": {"id": "rd-225", "name": "Jalan Puspiptek", "route_name": "Jalan Puspiptek", "highway": "primary", "mode": "road", "status": "context", "status_label": "Jalan - konteks", "source": "OpenStreetMap", "source_type": "osm", "license": "ODbL"}}, {"type": "Feature", "id": "rd-226", "geometry": {"type": "MultiLineString", "coordinates": [[[106.8538519, -6.1248957], [106.85388, -6.1249028], [106.8539022, -6.1249089]], [[106.8662554, -6.1198964], [106.8755415, -6.1123002], [106.8806694, -6.1095483]], [[106.8444482, -6.1280548], [106.8387917, -6.1291044]], [[106.8322396, -6.130292], [106.8314731, -6.1304287], [106.8304995, -6.1305461]], [[106.8299632, -6.1305735], [106.8300068, -6.1305688], [106.8305005, -6.1304737]], [[106.8224576, -6.132023], [106.8206356, -6.1323562], [106.8194419, -6.1321762]], [[106.8479637, -6.1273832], [106.8476083, -6.1274452]], [[106.8474436, -6.1265309], [106.8502182, -6.1260296]], [[106.8539492, -6.1250411], [106.8541481, -6.1255656]], [[106.8622632, -6.1219272], [106.8578018, -6.1239578]], [[106.8541496, -6.1255702], [106.854061, -6.1256917]], [[106.8536941, -6.1258607], [106.8504084, -6.1269454]], [[106.8445489, -6.1278188], [106.8444997, -6.1274446]], [[106.834253, -6.1298164], [106.8443679, -6.1280146]], [[106.8194419, -6.1321762], [106.8194219, -6.1319509], [106.8194466, -6.1317335]], [[106.8661344, -6.1199809], [106.8662554, -6.1198964]], [[106.862863, -6.1216492], [106.8652342, -6.1205577], [106.8661344, -6.1199809]], [[106.8661529, -6.1200333], [106.862873, -6.1217058]], [[106.8663058, -6.1199126], [106.8661529, -6.1200333]], [[106.8804716, -6.1097574], [106.8754092, -6.1124658], [106.8663058, -6.1199126]], [[106.8539243, -6.1257627], [106.8537954, -6.1258176], [106.8536941, -6.1258607]], [[106.8305005, -6.1304737], [106.8307979, -6.1304206]], [[106.8264967, -6.1313385], [106.8224576, -6.132023]], [[106.8194466, -6.1317335], [106.8194473, -6.1316755]], [[106.8444988, -6.1274365], [106.8444885, -6.1273872], [106.844476, -6.1273529], [106.8444289, -6.1272634]], [[106.8444988, -6.1274365], [106.8457203, -6.1269646]], [[106.8457203, -6.1269646], [106.8468948, -6.1266425]], [[106.8274103, -6.1310802], [106.8269858, -6.1311839], [106.8265618, -6.1313259]], [[106.8502182, -6.1260296], [106.8538519, -6.1248957]], [[106.8468948, -6.1266425], [106.8469982, -6.1266103], [106.8474436, -6.1265309]], [[106.8463517, -6.1276718], [106.8449104, -6.1279607]], [[106.8476083, -6.1274452], [106.8463517, -6.1276718]], [[106.8309786, -6.1303917], [106.8312176, -6.1303601], [106.8313271, -6.1303444], [106.8317165, -6.1302888]], [[106.8307979, -6.1304206], [106.8308307, -6.1304148], [106.8308589, -6.1304101], [106.8309115, -6.1304019]], [[106.8295667, -6.1307141], [106.828175, -6.1309648]], [[106.8304995, -6.1305461], [106.8295667, -6.1307141]], [[106.8342459, -6.1299299], [106.8331621, -6.1301273], [106.8322396, -6.130292]], [[106.8539022, -6.1249089], [106.8539205, -6.1249637], [106.8539492, -6.1250411]], [[106.8317165, -6.1302888], [106.8320496, -6.1302348]], [[106.8387917, -6.1291044], [106.8380284, -6.129238]], [[106.8380284, -6.129238], [106.8342716, -6.1299251]], [[106.8446251, -6.1279584], [106.8445932, -6.1279362], [106.8445489, -6.1278188]], [[106.8443679, -6.1280146], [106.8444684, -6.1279559], [106.8445288, -6.1278832], [106.8445489, -6.1278188]], [[106.828175, -6.1309648], [106.8274103, -6.1310802]], [[106.8265618, -6.1313259], [106.8264967, -6.1313385]], [[106.8444997, -6.1274446], [106.8444992, -6.1274403], [106.8444988, -6.1274365]], [[106.862873, -6.1217058], [106.8627446, -6.1217689], [106.8622632, -6.1219272]], [[106.854061, -6.1256917], [106.8539243, -6.1257627]], [[106.8543269, -6.1255697], [106.854061, -6.1256917]], [[106.8447153, -6.1279962], [106.8444482, -6.1280548]], [[106.8449104, -6.1279607], [106.8446724, -6.1279731], [106.8446251, -6.1279584]], [[106.8543269, -6.1255697], [106.8541496, -6.1255702]], [[106.862863, -6.1216492], [106.8627376, -6.1217106], [106.8625336, -6.1218037], [106.8622632, -6.1219272]], [[106.8309115, -6.1304019], [106.8309786, -6.1303917]], [[106.8576853, -6.124008], [106.8543269, -6.1255697]], [[106.8578018, -6.1239578], [106.8576853, -6.124008]], [[106.8449104, -6.1279607], [106.8447962, -6.1279815], [106.8447153, -6.1279962]], [[106.8342716, -6.1299251], [106.8342672, -6.1299259], [106.8342459, -6.1299299]], [[106.8320496, -6.1302348], [106.8331444, -6.1300179], [106.8333886, -6.1299695], [106.834253, -6.1298164]], [[106.8504084, -6.1269454], [106.8479637, -6.1273832]]]}, "properties": {"id": "rd-226", "name": "Jalan R. E. Martadinata", "route_name": "Jalan R. E. Martadinata", "highway": "trunk", "mode": "road", "status": "context", "status_label": "Jalan - konteks", "source": "OpenStreetMap", "source_type": "osm", "license": "ODbL"}}, {"type": "Feature", "id": "rd-227", "geometry": {"type": "MultiLineString", "coordinates": [[[106.9984414, -6.2533531], [106.9984212, -6.2533776]], [[106.9973661, -6.2554168], [106.9970255, -6.256102]], [[106.9982157, -6.2536059], [106.9973661, -6.2554168]], [[106.9949712, -6.259278], [106.9953712, -6.2587735]], [[107.0004764, -6.2493472], [107.0014594, -6.2477385], [107.0046727, -6.2445145], [107.0054451, -6.2432499]], [[106.9984414, -6.2533531], [106.9995517, -6.251279]], [[106.9995517, -6.251279], [106.9995648, -6.2511834], [106.9997925, -6.2508071]], [[106.9953712, -6.2587735], [106.9970255, -6.256102]], [[106.9951685, -6.2591163], [106.9950789, -6.2592543], [106.9950404, -6.2593228]], [[106.9953712, -6.2587735], [106.9953343, -6.2588655], [106.9951685, -6.2591163]], [[107.0004579, -6.2494835], [107.0004764, -6.2493472]], [[107.0002362, -6.2501139], [107.0004579, -6.2494835]], [[107.0002362, -6.2501139], [107.0002572, -6.2501646]], [[107.0001977, -6.2501345], [107.0002362, -6.2501139]], [[106.9998498, -6.2507301], [106.9999289, -6.2506221], [107.0001977, -6.2501345]], [[107.0002572, -6.2501646], [106.9999958, -6.2506476], [106.9999111, -6.2507739]], [[106.9984212, -6.2533776], [106.9982157, -6.2536059]], [[106.9999111, -6.2507739], [106.9998575, -6.2508504]], [[106.9997925, -6.2508071], [106.9998498, -6.2507301]], [[106.9995517, -6.251279], [106.9996325, -6.2512171], [106.9998575, -6.2508504]]]}, "properties": {"id": "rd-227", "name": "Jalan RA. Kartini", "route_name": "Jalan RA. Kartini", "highway": "primary", "mode": "road", "status": "context", "status_label": "Jalan - konteks", "source": "OpenStreetMap", "source_type": "osm", "license": "ODbL"}}, {"type": "Feature", "id": "rd-228", "geometry": {"type": "MultiLineString", "coordinates": [[[106.815865, -6.2013432], [106.822026, -6.2028192]], [[106.8196938, -6.202269], [106.8222507, -6.2029762]], [[106.8222507, -6.2029762], [106.8223153, -6.2029889]], [[106.8221869, -6.2029263], [106.8222507, -6.2029762]], [[106.822026, -6.2028192], [106.8221191, -6.2028811], [106.8221869, -6.2029263]], [[106.8157362, -6.2013191], [106.8158332, -6.2013372], [106.815865, -6.2013432]], [[106.8179016, -6.2018643], [106.8196938, -6.202269]], [[106.8179016, -6.2018643], [106.8176389, -6.201805], [106.8174396, -6.20176], [106.8169002, -6.2016382]], [[106.8169002, -6.2016382], [106.8166003, -6.2015705], [106.8164606, -6.2015389], [106.8160596, -6.2014484]], [[106.8160596, -6.2014484], [106.8158291, -6.2014132], [106.8157598, -6.2014048]]]}, "properties": {"id": "rd-228", "name": "Jalan RM Margono Djojohadikoesoemo", "route_name": "Jalan RM Margono Djojohadikoesoemo", "highway": "primary", "mode": "road", "status": "context", "status_label": "Jalan - konteks", "source": "OpenStreetMap", "source_type": "osm", "license": "ODbL"}}, {"type": "Feature", "id": "rd-230", "geometry": {"type": "MultiLineString", "coordinates": [[[106.7970272, -6.2791701], [106.7974751, -6.2776055]], [[106.7975937, -6.2776413], [106.7974956, -6.2779803], [106.7971513, -6.2792051]], [[106.795275, -6.2920017], [106.7952796, -6.2922242], [106.7952787, -6.2922547], [106.7952804, -6.2924618]], [[106.7971224, -6.256533], [106.7972822, -6.2550118]], [[106.7956158, -6.2870361], [106.7952924, -6.2905532]], [[106.7971482, -6.2639119], [106.7965576, -6.2617309], [106.7968864, -6.2577569]], [[106.7969979, -6.2578135], [106.7966815, -6.2617109], [106.7972663, -6.2638675]], [[106.7974327, -6.2658863], [106.7974091, -6.2664404], [106.7973568, -6.2673055], [106.7973534, -6.2674169]], [[106.797309, -6.2657069], [106.7971482, -6.2639119]], [[106.7972663, -6.2638675], [106.7974302, -6.264898]], [[106.7974302, -6.264898], [106.7974397, -6.2652733], [106.7974395, -6.265711]], [[106.7974395, -6.265711], [106.797436, -6.2657986], [106.7974349, -6.2658352]], [[106.7951938, -6.2920027], [106.7951966, -6.2919289], [106.7952043, -6.2917057]], [[106.7951765, -6.2924609], [106.7951847, -6.2922533], [106.7951853, -6.292225], [106.7951938, -6.2920027]], [[106.7976277, -6.2739536], [106.7973801, -6.2698671]], [[106.7973036, -6.2658246], [106.7973057, -6.2657913], [106.797309, -6.2657069]], [[106.7972282, -6.2673646], [106.7973007, -6.265883]], [[106.7952043, -6.2917057], [106.7952002, -6.2913218]], [[106.7977419, -6.2739616], [106.7977273, -6.2771114]], [[106.7973577, -6.2677521], [106.7974945, -6.2698509]], [[106.7952002, -6.2913218], [106.7957646, -6.2855375]], [[106.7975181, -6.2774529], [106.7975303, -6.2774123], [106.797582, -6.2772115], [106.7976092, -6.2770854]], [[106.7961398, -6.2821341], [106.7958725, -6.2855534]], [[106.7977273, -6.2771114], [106.7976987, -6.277249], [106.7976347, -6.2774817]], [[106.7952758, -6.2916539], [106.7952768, -6.2919255], [106.795275, -6.2920017]], [[106.7952924, -6.2905532], [106.7952758, -6.2916539]], [[106.795935, -6.2837565], [106.7959592, -6.2833213]], [[106.7960105, -6.2823698], [106.7970084, -6.2792359]], [[106.7971513, -6.2792051], [106.7971317, -6.2792701]], [[106.7974751, -6.2776055], [106.7975181, -6.2774529]], [[106.7976347, -6.2774817], [106.7975937, -6.2776413]], [[106.7969979, -6.2578135], [106.7970027, -6.2577633]], [[106.7970133, -6.256516], [106.797165, -6.2549998]], [[106.7972875, -6.2549593], [106.7973044, -6.2547925]], [[106.7970027, -6.2577633], [106.797106, -6.2566837], [106.7971183, -6.2565706]], [[106.7972822, -6.2550118], [106.7972875, -6.2549593]], [[106.797165, -6.2549998], [106.797181, -6.2548415]], [[106.7971183, -6.2565706], [106.7971224, -6.256533]], [[106.7968864, -6.2577569], [106.7970133, -6.256516]], [[106.7973534, -6.2674169], [106.797353, -6.2674618], [106.7973577, -6.2677521]], [[106.7959592, -6.2833213], [106.7960105, -6.2823698]], [[106.7971317, -6.2792701], [106.7961398, -6.2821341]], [[106.7970084, -6.2792359], [106.7970272, -6.2791701]], [[106.7974349, -6.2658352], [106.7974327, -6.2658863]], [[106.7974945, -6.2698509], [106.7976337, -6.2717789]], [[106.7973801, -6.2698671], [106.7972275, -6.2674091]], [[106.7972275, -6.2674091], [106.7972282, -6.2673646]], [[106.7973007, -6.265883], [106.7973036, -6.2658246]], [[106.7958725, -6.2855534], [106.7956158, -6.2870361]], [[106.7957646, -6.2855375], [106.795935, -6.2837565]], [[106.7976092, -6.2770854], [106.7976277, -6.2739536]], [[106.7976337, -6.2717789], [106.7977419, -6.2739616]]]}, "properties": {"id": "rd-230", "name": "Jalan RS Fatmawati", "route_name": "Jalan RS Fatmawati", "highway": "primary", "mode": "road", "status": "context", "status_label": "Jalan - konteks", "source": "OpenStreetMap", "source_type": "osm", "license": "ODbL"}}, {"type": "Feature", "id": "rd-231", "geometry": {"type": "MultiLineString", "coordinates": [[[106.7814707, -6.2903539], [106.7844192, -6.2913963]], [[106.7723225, -6.2812025], [106.772495, -6.2814197]], [[106.7741158, -6.2843307], [106.7732474, -6.2830918]], [[106.7742332, -6.2833573], [106.7778616, -6.2878446]], [[106.7720421, -6.2815499], [106.772495, -6.2814197]], [[106.7870537, -6.2924675], [106.784258, -6.2918807]], [[106.7780123, -6.2887151], [106.7779121, -6.2885664]], [[106.7778612, -6.2887409], [106.7777698, -6.2886012]], [[106.784599, -6.2914553], [106.7871901, -6.2919428], [106.7923537, -6.2919678]], [[106.7844192, -6.2913963], [106.784599, -6.2914553]], [[106.7795326, -6.2901195], [106.7788053, -6.2895265]], [[106.784258, -6.2918807], [106.7840908, -6.2918306]], [[106.79354, -6.2920042], [106.7936312, -6.2920051], [106.7937713, -6.2920078]], [[106.7792027, -6.2892646], [106.7793225, -6.2893749], [106.7794555, -6.2895062], [106.7803289, -6.290002]], [[106.7783183, -6.2883578], [106.779112, -6.2891714]], [[106.7777698, -6.2886012], [106.7774185, -6.2881414]], [[106.7732474, -6.2830918], [106.772154, -6.2818307]], [[106.772154, -6.2818307], [106.772079, -6.2817588], [106.7720309, -6.2817127]], [[106.7744476, -6.2847361], [106.7743589, -6.2846404], [106.7741311, -6.2843488], [106.7741158, -6.2843307]], [[106.7774185, -6.2881414], [106.7744476, -6.2847361]], [[106.772495, -6.2814197], [106.7726214, -6.2815721], [106.7730847, -6.2820987]], [[106.7730847, -6.2820987], [106.773349, -6.2823935], [106.7738545, -6.2829562]], [[106.7738545, -6.2829562], [106.7742332, -6.2833573]], [[106.7809632, -6.2902557], [106.7810443, -6.2902716], [106.7814707, -6.2903539]], [[106.7952804, -6.2924618], [106.7951765, -6.2924609]], [[106.7807726, -6.2907968], [106.7786695, -6.2892813]], [[106.7840908, -6.2918306], [106.7807726, -6.2907968]], [[106.7924188, -6.2919691], [106.7924671, -6.2919689], [106.792789, -6.2919711], [106.79354, -6.2920042]], [[106.7923537, -6.2919678], [106.7924188, -6.2919691]], [[106.7951938, -6.2920027], [106.795275, -6.2920017]], [[106.7947718, -6.2920113], [106.7951211, -6.2920024], [106.7951938, -6.2920027]], [[106.7948917, -6.2924704], [106.7937041, -6.2925115]], [[106.7786695, -6.2892813], [106.7784945, -6.2892541]], [[106.7784945, -6.2892541], [106.7784639, -6.2892277], [106.7784237, -6.2891931]], [[106.7788053, -6.2895265], [106.7784945, -6.2892541]], [[106.7784237, -6.2891931], [106.7783188, -6.2891436]], [[106.7801582, -6.2904867], [106.7795326, -6.2901195]], [[106.7779103, -6.2885449], [106.7779146, -6.2885184], [106.7779282, -6.2884932], [106.777954, -6.2884668]], [[106.7951765, -6.2924609], [106.7951031, -6.2924618], [106.7948917, -6.2924704]], [[106.7937713, -6.2920078], [106.7945496, -6.2920207], [106.7947718, -6.2920113]], [[106.7783188, -6.2891436], [106.7781106, -6.2889838], [106.7778612, -6.2887409]], [[106.7899798, -6.2924966], [106.7870537, -6.2924675]], [[106.7933137, -6.2925074], [106.79159, -6.2924945]], [[106.7784237, -6.2891931], [106.7783509, -6.2890794], [106.7782442, -6.288955], [106.7780123, -6.2887151]], [[106.7779121, -6.2885664], [106.7779103, -6.2885449]], [[106.779112, -6.2891714], [106.7792027, -6.2892646]], [[106.7803289, -6.290002], [106.7806159, -6.2901383], [106.7808543, -6.2902496]], [[106.7808543, -6.2902496], [106.7809082, -6.2902526], [106.7809632, -6.2902557]], [[106.7806158, -6.2907278], [106.7801582, -6.2904867]], [[106.7807726, -6.2907968], [106.7806158, -6.2907278]], [[106.7779714, -6.2879695], [106.7783183, -6.2883578]], [[106.7937041, -6.2925115], [106.7933137, -6.2925074]], [[106.79159, -6.2924945], [106.7899798, -6.2924966]], [[106.772147, -6.2809995], [106.7723225, -6.2812025]], [[106.7778616, -6.2878446], [106.7779714, -6.2879695]]]}, "properties": {"id": "rd-231", "name": "Jalan Raden Ajeng Kartini", "route_name": "Jalan Raden Ajeng Kartini", "highway": "trunk", "mode": "road", "status": "context", "status_label": "Jalan - konteks", "source": "OpenStreetMap", "source_type": "osm", "license": "ODbL"}}, {"type": "Feature", "id": "rd-232", "geometry": {"type": "MultiLineString", "coordinates": [[[106.7078927, -6.2046282], [106.7086688, -6.2035789], [106.7103491, -6.2038644]], [[106.7103443, -6.2039455], [106.70864, -6.2036953], [106.7080772, -6.2047427]], [[106.7128789, -6.203897], [106.7155438, -6.2039252]], [[106.7154771, -6.2039974], [106.7128789, -6.2039696]], [[106.7128058, -6.2039696], [106.7104259, -6.2039502]], [[106.7104306, -6.2038691], [106.7128058, -6.203897]]]}, "properties": {"id": "rd-232", "name": "Jalan Raden Saleh Karang", "route_name": "Jalan Raden Saleh Karang", "highway": "primary", "mode": "road", "status": "context", "status_label": "Jalan - konteks", "source": "OpenStreetMap", "source_type": "osm", "license": "ODbL"}}, {"type": "Feature", "id": "rd-233", "geometry": {"type": "MultiLineString", "coordinates": [[[106.9233844, -6.2212493], [106.9231821, -6.2276431]], [[106.9231593, -6.2271719], [106.9233951, -6.2204067]], [[106.9235499, -6.2194369], [106.9234912, -6.2202907], [106.9234818, -6.2204044]], [[106.9234941, -6.2191688], [106.9235019, -6.2191083], [106.9235768, -6.2182562]], [[106.9236782, -6.2179467], [106.923672, -6.2181069], [106.92367, -6.2181956], [106.9236598, -6.2182704]], [[106.9233951, -6.2204067], [106.9234012, -6.2202919]], [[106.9230636, -6.2276992], [106.9230753, -6.2276419]], [[106.9231821, -6.2276431], [106.9231755, -6.2277058]], [[106.9236598, -6.2182704], [106.9236331, -6.2185722]], [[106.9236331, -6.2185722], [106.9235694, -6.2191763]], [[106.9235768, -6.2182562], [106.9235951, -6.2179315]], [[106.9235694, -6.2191763], [106.9235641, -6.2192595], [106.9235573, -6.2193592], [106.9235499, -6.2194369]], [[106.9234608, -6.2193828], [106.9234941, -6.2191688]], [[106.9234818, -6.2204044], [106.9233844, -6.2212493]], [[106.9230753, -6.2276419], [106.9230981, -6.2275219], [106.9231593, -6.2271719]], [[106.9234012, -6.2202919], [106.9234608, -6.2193828]]]}, "properties": {"id": "rd-233", "name": "Jalan Radin Inten", "route_name": "Jalan Radin Inten", "highway": "primary", "mode": "road", "status": "context", "status_label": "Jalan - konteks", "source": "OpenStreetMap", "source_type": "osm", "license": "ODbL"}}, {"type": "Feature", "id": "rd-235", "geometry": {"type": "MultiLineString", "coordinates": [[[106.9198488, -6.2474769], [106.9200557, -6.2437133], [106.9221445, -6.2387793]], [[106.9224603, -6.2308829], [106.9229682, -6.2348979], [106.9223644, -6.2382663]], [[106.9199546, -6.2474669], [106.9199693, -6.2475733], [106.9199799, -6.2476605]], [[106.9198711, -6.2477138], [106.9198668, -6.24767], [106.9198586, -6.2475856], [106.9198488, -6.2474769]], [[106.9222364, -6.238808], [106.920159, -6.2437173], [106.9199546, -6.2474669]], [[106.9227263, -6.2294375], [106.9226055, -6.2299914], [106.9225386, -6.2303737], [106.9225277, -6.2304349]], [[106.9229304, -6.228573], [106.9229235, -6.2286044], [106.9227263, -6.2294375]], [[106.9223649, -6.2310983], [106.9224114, -6.2304073]], [[106.9225086, -6.2299678], [106.9228336, -6.2285521]], [[106.9225277, -6.2304349], [106.9224603, -6.2308829]], [[106.9224114, -6.2304073], [106.9224242, -6.2303493], [106.9225086, -6.2299678]], [[106.9223644, -6.2382663], [106.9222364, -6.238808]], [[106.9199799, -6.2476605], [106.9199853, -6.2477051]], [[106.922283, -6.2382366], [106.9228605, -6.2346606], [106.9223649, -6.2310983]], [[106.9221445, -6.2387793], [106.922283, -6.2382366]]]}, "properties": {"id": "rd-235", "name": "Jalan Radin Inten II", "route_name": "Jalan Radin Inten II", "highway": "primary", "mode": "road", "status": "context", "status_label": "Jalan - konteks", "source": "OpenStreetMap", "source_type": "osm", "license": "ODbL"}}, {"type": "Feature", "id": "rd-236", "geometry": {"type": "MultiLineString", "coordinates": [[[106.7831773, -6.2065823], [106.7827036, -6.2021712]], [[106.782559, -6.2009228], [106.7823225, -6.1988415]], [[106.7831585, -6.2066645], [106.7831773, -6.2065823]], [[106.7827036, -6.2021712], [106.782559, -6.2009228]], [[106.7831773, -6.2065823], [106.7831977, -6.2066639]]]}, "properties": {"id": "rd-236", "name": "Jalan Rawa Belong", "route_name": "Jalan Rawa Belong", "highway": "primary", "mode": "road", "status": "context", "status_label": "Jalan - konteks", "source": "OpenStreetMap", "source_type": "osm", "license": "ODbL"}}, {"type": "Feature", "id": "rd-237", "geometry": {"type": "MultiLineString", "coordinates": [[[106.6804103, -6.116024], [106.6806722, -6.1159163]], [[106.6807067, -6.1162004], [106.6805271, -6.1162726]], [[106.6780566, -6.1169556], [106.6784997, -6.1167814], [106.6803366, -6.1160533]], [[106.6805271, -6.1162726], [106.6804336, -6.1163093], [106.6786337, -6.1170277]], [[106.6831483, -6.1151528], [106.6807067, -6.1162004]], [[106.6803366, -6.1160533], [106.6804103, -6.116024]], [[106.6806722, -6.1159163], [106.6810624, -6.1157652], [106.6812252, -6.1157032], [106.6822501, -6.1153132]]]}, "properties": {"id": "rd-237", "name": "Jalan Raya Bandara", "route_name": "Jalan Raya Bandara", "highway": "primary", "mode": "road", "status": "context", "status_label": "Jalan - konteks", "source": "OpenStreetMap", "source_type": "osm", "license": "ODbL"}}, {"type": "Feature", "id": "rd-238", "geometry": {"type": "MultiLineString", "coordinates": [[[106.8632224, -6.3094081], [106.8643858, -6.307264]], [[106.8653082, -6.3061745], [106.8652713, -6.3062464], [106.8652079, -6.3063669], [106.8648502, -6.3070058]], [[106.8679546, -6.275567], [106.8707963, -6.2797744]], [[106.8667348, -6.3035933], [106.8663417, -6.304113], [106.8635377, -6.3091376]], [[106.8656696, -6.2637442], [106.8657389, -6.2631977]], [[106.8672712, -6.2699364], [106.8672337, -6.2698779], [106.8667415, -6.2690785], [106.8666333, -6.2689117]], [[106.8666738, -6.30354], [106.8667222, -6.303463], [106.8667614, -6.3033899]], [[106.8645015, -6.3279529], [106.8667501, -6.3302946], [106.8672886, -6.3313695], [106.868486, -6.3376406]], [[106.8633056, -6.3092922], [106.8666738, -6.30354]], [[106.8708809, -6.2874686], [106.8708783, -6.2875414]], [[106.8708024, -6.2875157], [106.8708052, -6.2874334]], [[106.8683094, -6.3015758], [106.8705295, -6.2987677], [106.8719172, -6.2947707]], [[106.8658832, -6.264926], [106.8662338, -6.2680714]], [[106.8661718, -6.268127], [106.8658004, -6.2650183]], [[106.8674677, -6.2704036], [106.8673781, -6.270862], [106.8673268, -6.2711241], [106.8673196, -6.2711598]], [[106.8666967, -6.2687728], [106.8673474, -6.2698894]], [[106.8672839, -6.2736064], [106.8673301, -6.2738442]], [[106.8673196, -6.2711598], [106.8672839, -6.2736064]], [[106.8711835, -6.2850283], [106.872002, -6.2819327], [106.870724, -6.2798249]], [[106.8707963, -6.2797744], [106.8720469, -6.2817094], [106.8716113, -6.2835897]], [[106.870724, -6.2798249], [106.869456, -6.2778935]], [[106.869456, -6.2778935], [106.8679015, -6.2756287]], [[106.8672095, -6.2736178], [106.8671329, -6.2731126], [106.867104, -6.2728766], [106.8671064, -6.2723404]], [[106.8673474, -6.2698894], [106.8674677, -6.2704036]], [[106.8672435, -6.2711521], [106.8672712, -6.2699364]], [[106.8662061, -6.2682012], [106.8661838, -6.2681531], [106.8661718, -6.268127]], [[106.8662338, -6.2680714], [106.866253, -6.2681312], [106.8662739, -6.2681833]], [[106.8712181, -6.2897156], [106.8708024, -6.2875157]], [[106.8720827, -6.293883], [106.8712181, -6.2897156]], [[106.8680033, -6.3019157], [106.8683094, -6.3015758]], [[106.8721098, -6.2942718], [106.8714769, -6.2969055], [106.8705972, -6.2988039], [106.8680568, -6.3020267]], [[106.8708783, -6.2875414], [106.8721345, -6.2926175]], [[106.8673301, -6.2738442], [106.8679546, -6.275567]], [[106.8650379, -6.3060336], [106.8667614, -6.3033899]], [[106.8647674, -6.3065395], [106.8648515, -6.3063777]], [[106.8643858, -6.307264], [106.8647255, -6.3066182], [106.8647674, -6.3065395]], [[106.8635154, -6.3091775], [106.862926, -6.310068]], [[106.8648502, -6.3070058], [106.8643127, -6.3079511]], [[106.8643127, -6.3079511], [106.8636596, -6.3090675], [106.8635154, -6.3091775]], [[106.8675126, -6.3026999], [106.8674459, -6.3027798], [106.8674279, -6.3027996], [106.8671625, -6.3031122]], [[106.8641514, -6.3512077], [106.8650007, -6.350555]], [[106.8658979, -6.2633469], [106.865884, -6.2633956], [106.8658535, -6.2637151]], [[106.8658004, -6.2650183], [106.8657886, -6.2649326], [106.865753, -6.2644134], [106.8657374, -6.2642638]], [[106.8593587, -6.3577324], [106.8592609, -6.3650094], [106.8606908, -6.3696959], [106.8615235, -6.3712818]], [[106.8708269, -6.2870775], [106.8708318, -6.2869916]], [[106.8708932, -6.2870848], [106.8708809, -6.2874686]], [[106.8708052, -6.2874334], [106.8708269, -6.2870775]], [[106.8708977, -6.2869993], [106.8708932, -6.2870848]], [[106.8709585, -6.2861475], [106.8708977, -6.2869993]], [[106.8712168, -6.2851992], [106.8710428, -6.2858333], [106.8709585, -6.2861475]], [[106.8708318, -6.2869916], [106.8711065, -6.2852985]], [[106.871373, -6.2845819], [106.8712818, -6.2849614], [106.8712616, -6.2850454]], [[106.8656944, -6.2639062], [106.8656696, -6.2637442]], [[106.8657374, -6.2642638], [106.8657061, -6.2640135], [106.8656944, -6.2639062]], [[106.8712616, -6.2850454], [106.8712168, -6.2851992]], [[106.8711065, -6.2852985], [106.8711835, -6.2850283]], [[106.8679208, -6.302201], [106.8678258, -6.3023164]], [[106.867724, -6.3022478], [106.8678174, -6.3021372]], [[106.8678174, -6.3021372], [106.8679155, -6.302021]], [[106.8667614, -6.3033899], [106.8672752, -6.3027792], [106.867581, -6.3024239]], [[106.8679785, -6.302126], [106.8679208, -6.302201]], [[106.8678258, -6.3023164], [106.867707, -6.3024607], [106.867692, -6.3024793], [106.8676752, -6.3024989]], [[106.8660962, -6.3047239], [106.865578, -6.3056885]], [[106.8669259, -6.3033865], [106.8660962, -6.3047239]], [[106.865578, -6.3056885], [106.8653909, -6.3060296], [106.8653379, -6.3061244], [106.8653082, -6.3061745]], [[106.8648515, -6.3063777], [106.8648813, -6.3063243], [106.8649994, -6.3060987]], [[106.8625666, -6.311061], [106.8628374, -6.3100882]], [[106.862926, -6.310068], [106.8626266, -6.3113595]], [[106.8626206, -6.3114162], [106.8628751, -6.313543], [106.8647875, -6.3189148]], [[106.8647111, -6.3189429], [106.8624962, -6.3120348]], [[106.8650547, -6.3505885], [106.8641945, -6.3512697]], [[106.8684024, -6.3376632], [106.867292, -6.3315845], [106.866711, -6.3303584], [106.8644468, -6.3279963]], [[106.865847, -6.2638435], [106.8658448, -6.2642106], [106.8658443, -6.2643021], [106.8658832, -6.264926]], [[106.8679015, -6.2756287], [106.8672095, -6.2736178]], [[106.8671625, -6.3031122], [106.8669259, -6.3033865]], [[106.8628374, -6.3100882], [106.8632224, -6.3094081]], [[106.8687588, -6.3434883], [106.8692641, -6.3411844], [106.8684024, -6.3376632]], [[106.8614498, -6.3713061], [106.860641, -6.3697495], [106.8592098, -6.365023], [106.8593024, -6.3577158]], [[106.8641945, -6.3512697], [106.8602371, -6.3538772], [106.8593587, -6.3577324]], [[106.868486, -6.3376406], [106.8693181, -6.3410855], [106.8688199, -6.343521]], [[106.8632224, -6.3094081], [106.8633056, -6.3092922]], [[106.8676752, -6.3024989], [106.8675126, -6.3026999]], [[106.867581, -6.3024239], [106.867724, -6.3022478]], [[106.8625311, -6.3114228], [106.8625371, -6.3113616]], [[106.8626266, -6.3113595], [106.8626206, -6.3114162]], [[106.8635377, -6.3091376], [106.8635154, -6.3091775]], [[106.8650163, -6.319851], [106.864853, -6.319365]], [[106.8651512, -6.3212324], [106.8650163, -6.319851]], [[106.8647875, -6.3189148], [106.8649276, -6.3193314]], [[106.864853, -6.319365], [106.8647111, -6.3189429]], [[106.8625103, -6.3116355], [106.8625311, -6.3114228]], [[106.8624962, -6.3120348], [106.8625103, -6.3116355]], [[106.8593024, -6.3577158], [106.8601596, -6.3538502], [106.8641514, -6.3512077]], [[106.8649994, -6.3060987], [106.8650379, -6.3060336]], [[106.8679155, -6.302021], [106.8680033, -6.3019157]], [[106.8719172, -6.2947707], [106.8720827, -6.293883]], [[106.8666333, -6.2689117], [106.8662061, -6.2682012]], [[106.8662739, -6.2681833], [106.8666967, -6.2687728]], [[106.8669259, -6.3033865], [106.8667348, -6.3035933]], [[106.8680568, -6.3020267], [106.8680278, -6.3020634], [106.8679785, -6.302126]], [[106.8721345, -6.2926175], [106.8721098, -6.2942718]], [[106.8658535, -6.2637151], [106.865847, -6.2638435]], [[106.8625371, -6.3113616], [106.8625666, -6.311061]], [[106.8652186, -6.3212442], [106.8652129, -6.3212944]], [[106.8652129, -6.3212944], [106.8649929, -6.3221513]], [[106.8651464, -6.3212825], [106.8651512, -6.3212324]], [[106.8649276, -6.3193314], [106.8652186, -6.3212442]], [[106.8648507, -6.3224013], [106.8651464, -6.3212825]], [[106.8659294, -6.2632516], [106.8658979, -6.2633469]], [[106.863772, -6.3263454], [106.8638152, -6.3258986]], [[106.8644468, -6.3279963], [106.863772, -6.3263454]], [[106.8638152, -6.3258986], [106.8648507, -6.3224013]], [[106.8649929, -6.3221513], [106.8638589, -6.3260796], [106.8645015, -6.3279529]], [[106.8650007, -6.350555], [106.8658461, -6.349445], [106.8687588, -6.3434883]], [[106.8688199, -6.343521], [106.8659042, -6.3494791], [106.8650547, -6.3505885]], [[106.8671064, -6.2723404], [106.867123, -6.272121], [106.8671659, -6.271556], [106.8672435, -6.2711521]], [[106.8716113, -6.2835897], [106.8713923, -6.2845014]], [[106.8713923, -6.2845014], [106.871373, -6.2845819]]]}, "properties": {"id": "rd-238", "name": "Jalan Raya Bogor", "route_name": "Jalan Raya Bogor", "highway": "trunk", "mode": "road", "status": "context", "status_label": "Jalan - konteks", "source": "OpenStreetMap", "source_type": "osm", "license": "ODbL"}}, {"type": "Feature", "id": "rd-239", "geometry": {"type": "MultiLineString", "coordinates": [[[106.8447163, -6.2244263], [106.8389668, -6.2252607]], [[106.8395037, -6.2250289], [106.8446735, -6.2242709]]]}, "properties": {"id": "rd-239", "name": "Jalan Raya Casablanca", "route_name": "Jalan Raya Casablanca", "highway": "primary", "mode": "road", "status": "context", "status_label": "Jalan - konteks", "source": "OpenStreetMap", "source_type": "osm", "license": "ODbL"}}, {"type": "Feature", "id": "rd-240", "geometry": {"type": "MultiLineString", "coordinates": [[[106.9260719, -6.1213067], [106.9243935, -6.115171]], [[106.9174048, -6.1081215], [106.922318, -6.1079947]], [[106.9078597, -6.1085848], [106.9096932, -6.1086361]], [[106.9226035, -6.1088497], [106.9219791, -6.1081476], [106.9185443, -6.10823]], [[106.9111775, -6.1085595], [106.9138245, -6.1083249]], [[106.9098245, -6.10894], [106.9078624, -6.108853]], [[106.9234236, -6.1115767], [106.9229566, -6.1098413]], [[106.9229566, -6.1098413], [106.9226035, -6.1088497]], [[106.9107089, -6.1089094], [106.9104964, -6.1089227], [106.9101115, -6.1089374], [106.9098245, -6.10894]], [[106.9164335, -6.1084413], [106.9154236, -6.1085787], [106.9153592, -6.1085855], [106.9152385, -6.1085983]], [[106.9174118, -6.1083048], [106.9164335, -6.1084413]], [[106.9185443, -6.10823], [106.9182296, -6.1082408], [106.9174118, -6.1083048]], [[106.9078607, -6.1086343], [106.9167114, -6.1080936]], [[106.9100441, -6.1086312], [106.9101967, -6.1086275], [106.9111775, -6.1085595]], [[106.9096932, -6.1086361], [106.9098956, -6.1086347], [106.9100441, -6.1086312]], [[106.9167114, -6.1080936], [106.9174048, -6.1081215]], [[106.9138245, -6.1083249], [106.9167114, -6.1080936]], [[106.9098245, -6.10894], [106.9077733, -6.1088921]], [[106.9149686, -6.1085465], [106.9107089, -6.1089094]], [[106.9138203, -6.1087573], [106.9135279, -6.1087914], [106.9133681, -6.1088006]], [[106.9116691, -6.1089767], [106.9091539, -6.108956]], [[106.9152385, -6.1085983], [106.9138203, -6.1087573]], [[106.9152385, -6.1085983], [106.9150384, -6.1085535], [106.9149686, -6.1085465]], [[106.9120106, -6.1089374], [106.9116691, -6.1089767]], [[106.9133681, -6.1088006], [106.9120106, -6.1089374]], [[106.9071751, -6.1085597], [106.9072174, -6.1085612], [106.9073201, -6.1085663], [106.9078597, -6.1085848]], [[106.9071798, -6.1085953], [106.9072204, -6.1085977], [106.9078607, -6.1086343]], [[106.9263234, -6.1221029], [106.9262906, -6.1220111], [106.9260719, -6.1213067]], [[106.9243935, -6.115171], [106.9234236, -6.1115767]]]}, "properties": {"id": "rd-240", "name": "Jalan Raya Cilincing Koja", "route_name": "Jalan Raya Cilincing Koja", "highway": "trunk", "mode": "road", "status": "context", "status_label": "Jalan - konteks", "source": "OpenStreetMap", "source_type": "osm", "license": "ODbL"}}, {"type": "Feature", "id": "rd-241", "geometry": {"type": "MultiLineString", "coordinates": [[[106.9581438, -6.2919571], [106.9582256, -6.292139], [106.9582853, -6.2921931], [106.9583839, -6.2922317]], [[106.961296, -6.2934717], [106.9639121, -6.2944387]], [[106.9653547, -6.2948133], [106.9652581, -6.2947963], [106.965139, -6.2947936]], [[106.9594976, -6.2928381], [106.9584528, -6.2923882]], [[106.957612, -6.2920185], [106.9577522, -6.2918858]], [[106.9572238, -6.2917598], [106.9577522, -6.2918858]], [[106.9602915, -6.2930409], [106.961296, -6.2934717]], [[106.9605646, -6.2932861], [106.9602917, -6.293171], [106.9602522, -6.2931555]], [[106.9600735, -6.2930862], [106.9600454, -6.2930758], [106.9599402, -6.2930312]], [[106.9602522, -6.2931555], [106.9600735, -6.2930862]], [[106.9583839, -6.2922317], [106.9602915, -6.2930409]], [[106.9577522, -6.2918858], [106.9578353, -6.2918421], [106.9579255, -6.2918015]], [[106.9579913, -6.2921963], [106.9577558, -6.2920906], [106.9577348, -6.2920812]], [[106.9584528, -6.2923882], [106.9580949, -6.2922451], [106.9579913, -6.2921963]], [[106.9577348, -6.2920812], [106.957612, -6.2920185]], [[106.9638866, -6.2945064], [106.9605646, -6.2932861]], [[106.965139, -6.2947936], [106.9651145, -6.2947939], [106.9650558, -6.2947951]], [[106.9599402, -6.2930312], [106.9595579, -6.2928644], [106.9594976, -6.2928381]], [[106.9639121, -6.2944387], [106.9650564, -6.2946998]], [[106.9650558, -6.2947951], [106.9638866, -6.2945064]], [[106.9579255, -6.2918015], [106.9581438, -6.2919571]]]}, "properties": {"id": "rd-241", "name": "Jalan Raya Jati Asih", "route_name": "Jalan Raya Jati Asih", "highway": "primary", "mode": "road", "status": "context", "status_label": "Jalan - konteks", "source": "OpenStreetMap", "source_type": "osm", "license": "ODbL"}}, {"type": "Feature", "id": "rd-242", "geometry": {"type": "MultiLineString", "coordinates": [[[106.9212151, -6.2866489], [106.9200484, -6.2865337], [106.9175404, -6.2850782], [106.9141192, -6.2844056]], [[106.9358906, -6.2859053], [106.9359719, -6.2859498]], [[106.9358906, -6.2859053], [106.93391, -6.2851299]], [[106.9285737, -6.2831824], [106.927106, -6.2839629]], [[106.927106, -6.2839629], [106.9251801, -6.2842355]], [[106.9289547, -6.2831537], [106.9287931, -6.2831551], [106.9285737, -6.2831824]], [[106.9326648, -6.2845014], [106.9289547, -6.2831537]], [[106.9251801, -6.2842355], [106.9212151, -6.2866489]], [[106.93391, -6.2851299], [106.9326648, -6.2845014]], [[106.9359719, -6.2859498], [106.9368712, -6.2860491], [106.9398084, -6.2877837], [106.9412412, -6.2881362]]]}, "properties": {"id": "rd-242", "name": "Jalan Raya Jati Makmur", "route_name": "Jalan Raya Jati Makmur", "highway": "primary", "mode": "road", "status": "context", "status_label": "Jalan - konteks", "source": "OpenStreetMap", "source_type": "osm", "license": "ODbL"}}, {"type": "Feature", "id": "rd-243", "geometry": {"type": "LineString", "coordinates": [[106.9412412, -6.2881362], [106.947373, -6.2863804], [106.9490699, -6.286697]]}, "properties": {"id": "rd-243", "name": "Jalan Raya Jatikramat", "route_name": "Jalan Raya Jatikramat", "highway": "primary", "mode": "road", "status": "context", "status_label": "Jalan - konteks", "source": "OpenStreetMap", "source_type": "osm", "license": "ODbL"}}, {"type": "Feature", "id": "rd-244", "geometry": {"type": "MultiLineString", "coordinates": [[[106.9515046, -6.2868703], [106.9516153, -6.286909]], [[106.9516153, -6.286909], [106.9540041, -6.2877846], [106.9544653, -6.2908421], [106.9566771, -6.2915245]], [[106.9566771, -6.2915245], [106.9568209, -6.2915869], [106.9570685, -6.2916951], [106.9572238, -6.2917598]], [[106.9490699, -6.286697], [106.9502836, -6.2871308], [106.9515046, -6.2868703]]]}, "properties": {"id": "rd-244", "name": "Jalan Raya Jatimekar", "route_name": "Jalan Raya Jatimekar", "highway": "primary", "mode": "road", "status": "context", "status_label": "Jalan - konteks", "source": "OpenStreetMap", "source_type": "osm", "license": "ODbL"}}, {"type": "Feature", "id": "rd-245", "geometry": {"type": "LineString", "coordinates": [[106.9988909, -6.1722403], [106.9973082, -6.1724209], [106.9970735, -6.1718556], [106.9930166, -6.170696]]}, "properties": {"id": "rd-245", "name": "Jalan Raya K.H. Ahmad Junaidi", "route_name": "Jalan Raya K.H. Ahmad Junaidi", "highway": "primary", "mode": "road", "status": "context", "status_label": "Jalan - konteks", "source": "OpenStreetMap", "source_type": "osm", "license": "ODbL"}}, {"type": "Feature", "id": "rd-246", "geometry": {"type": "MultiLineString", "coordinates": [[[106.9970955, -6.1998368], [106.9979117, -6.1983122], [106.9973314, -6.1974734], [106.9982611, -6.1943076], [106.9986659, -6.1940556], [106.9992533, -6.1897473], [106.9994572, -6.1841448], [106.9991436, -6.1840117], [106.9992922, -6.1823815], [106.9987508, -6.1822095]], [[106.9987508, -6.1822095], [106.999033, -6.1789076], [106.9988909, -6.1722403]]]}, "properties": {"id": "rd-246", "name": "Jalan Raya Kaliabang Tengah", "route_name": "Jalan Raya Kaliabang Tengah", "highway": "primary", "mode": "road", "status": "context", "status_label": "Jalan - konteks", "source": "OpenStreetMap", "source_type": "osm", "license": "ODbL"}}, {"type": "Feature", "id": "rd-247", "geometry": {"type": "MultiLineString", "coordinates": [[[106.9600843, -6.2494047], [106.9687152, -6.2492628]], [[106.9648581, -6.2497379], [106.9574582, -6.2500336]], [[106.9466517, -6.250174], [106.9466545, -6.2498757]], [[106.9297137, -6.2487473], [106.9286012, -6.2486779]], [[106.9466541, -6.2498085], [106.9466572, -6.2497037]], [[106.9530016, -6.2501458], [106.9466512, -6.2502975]], [[106.9574582, -6.2500336], [106.9572406, -6.2500591]], [[106.9572406, -6.2500591], [106.9530016, -6.2501458]], [[106.9406228, -6.2500111], [106.9400006, -6.2499551]], [[106.9466512, -6.2502975], [106.9466517, -6.250174]], [[106.9466545, -6.2498757], [106.9466541, -6.2498085]], [[106.9687152, -6.2492628], [106.9687592, -6.2492622]], [[106.9456245, -6.2497328], [106.9600843, -6.2494047]], [[106.9286012, -6.2486779], [106.9278087, -6.2486633], [106.9269222, -6.2486166]], [[106.9337967, -6.2492299], [106.9332482, -6.2491605], [106.9325488, -6.2490639], [106.9324294, -6.2490512]], [[106.9263208, -6.2485366], [106.9254405, -6.2484494], [106.9251004, -6.2484157], [106.9234285, -6.2482502]], [[106.9269222, -6.2486166], [106.9267792, -6.2486004], [106.9266114, -6.2485774], [106.9263208, -6.2485366]], [[106.9324294, -6.2490512], [106.9322015, -6.2490252], [106.9319145, -6.2489859]], [[106.9389708, -6.2498775], [106.9384624, -6.2498324], [106.9376563, -6.2497245], [106.9369577, -6.2496231]], [[106.9400006, -6.2499551], [106.9393046, -6.2499071]], [[106.930401, -6.2488279], [106.930164, -6.2488001], [106.9297137, -6.2487473]], [[106.9319145, -6.2489859], [106.9315296, -6.2489452], [106.9309355, -6.2488806]], [[106.9309355, -6.2488806], [106.930401, -6.2488279]], [[106.9356018, -6.2494552], [106.935538, -6.2494488], [106.9352813, -6.2494232]], [[106.9369577, -6.2496231], [106.9356018, -6.2494552]], [[106.9466541, -6.2498085], [106.9457135, -6.2497818]], [[106.9234285, -6.2482502], [106.9230589, -6.2482111], [106.9228345, -6.2481874]], [[106.9352813, -6.2494232], [106.9337967, -6.2492299]], [[106.9466512, -6.2502975], [106.943795, -6.2502114]], [[106.943795, -6.2502114], [106.9420373, -6.2500555], [106.9415924, -6.2500443], [106.9406228, -6.2500111]], [[106.9438034, -6.2496399], [106.9456245, -6.2497328]], [[106.9457135, -6.2497818], [106.9456245, -6.2497328]], [[106.9678798, -6.2497319], [106.9648581, -6.2497379]], [[106.9687143, -6.2497126], [106.9678798, -6.2497319]], [[106.9393046, -6.2499071], [106.9389708, -6.2498775]]]}, "properties": {"id": "rd-247", "name": "Jalan Raya Kalimalang", "route_name": "Jalan Raya Kalimalang", "highway": "primary", "mode": "road", "status": "context", "status_label": "Jalan - konteks", "source": "OpenStreetMap", "source_type": "osm", "license": "ODbL"}}, {"type": "Feature", "id": "rd-248", "geometry": {"type": "MultiLineString", "coordinates": [[[106.7801466, -6.2316604], [106.7799196, -6.2302083], [106.7783995, -6.228663], [106.7784221, -6.2254577]], [[106.7784966, -6.2254579], [106.7784872, -6.2286767], [106.7799405, -6.2300977], [106.7802189, -6.2317244]], [[106.777668, -6.2136711], [106.7825717, -6.213256], [106.7832838, -6.212772], [106.7835648, -6.2120001], [106.7831563, -6.2067373]], [[106.7784491, -6.2190379], [106.7784482, -6.2189914], [106.7784516, -6.2189527], [106.7784529, -6.2188848]], [[106.7802189, -6.2317244], [106.7805158, -6.2359457]], [[106.7831953, -6.2067364], [106.7836225, -6.2115224], [106.7834026, -6.2127087], [106.7824475, -6.2133297], [106.7777301, -6.2136757]], [[106.7784529, -6.2188848], [106.7783449, -6.2175573], [106.7771674, -6.216937], [106.7770618, -6.2161184]], [[106.780453, -6.2359466], [106.7802749, -6.2336694]], [[106.7775809, -6.2151185], [106.7775977, -6.215049]], [[106.7770618, -6.2161184], [106.7775809, -6.2151185]], [[106.7805158, -6.2359457], [106.7806272, -6.2363561]], [[106.7805315, -6.2364762], [106.780453, -6.2359466]], [[106.777148, -6.2161244], [106.7772302, -6.2168898], [106.7783879, -6.2175254], [106.7785444, -6.2189207]], [[106.7785444, -6.2189207], [106.7785454, -6.2189941], [106.7785434, -6.219034], [106.7785426, -6.2190744]], [[106.7831977, -6.2066639], [106.7831953, -6.2067364]], [[106.7802749, -6.2336694], [106.7801466, -6.2316604]], [[106.7777301, -6.2136757], [106.7775949, -6.2153405], [106.777148, -6.2161244]], [[106.7785428, -6.2201787], [106.7784966, -6.2254579]], [[106.7784221, -6.2254577], [106.7784491, -6.2190379]], [[106.7775977, -6.215049], [106.777668, -6.2136711]], [[106.7831563, -6.2067373], [106.7831585, -6.2066645]], [[106.7785426, -6.2190744], [106.7785427, -6.2200747]], [[106.7785427, -6.2200747], [106.7785428, -6.2201787]]]}, "properties": {"id": "rd-248", "name": "Jalan Raya Kebayoran Lama", "route_name": "Jalan Raya Kebayoran Lama", "highway": "primary", "mode": "road", "status": "context", "status_label": "Jalan - konteks", "source": "OpenStreetMap", "source_type": "osm", "license": "ODbL"}}, {"type": "Feature", "id": "rd-249", "geometry": {"type": "MultiLineString", "coordinates": [[[106.8330181, -6.3569001], [106.8326466, -6.3579437]], [[106.8323444, -6.3550289], [106.833297, -6.3558471], [106.8330181, -6.3569001]], [[106.8325896, -6.373406], [106.8340183, -6.3679566], [106.83339, -6.3613335], [106.8325628, -6.3582143]], [[106.8326466, -6.3579437], [106.8335751, -6.3615051], [106.8341974, -6.3678]]]}, "properties": {"id": "rd-249", "name": "Jalan Raya Margonda", "route_name": "Jalan Raya Margonda", "highway": "primary", "mode": "road", "status": "context", "status_label": "Jalan - konteks", "source": "OpenStreetMap", "source_type": "osm", "license": "ODbL"}}, {"type": "Feature", "id": "rd-250", "geometry": {"type": "MultiLineString", "coordinates": [[[106.9843752, -6.3229638], [106.9836996, -6.324602], [106.9819879, -6.3266009], [106.9806142, -6.332684], [106.9793554, -6.3343809], [106.9784447, -6.3406226], [106.9787022, -6.3428622], [106.975711, -6.3549995], [106.9765843, -6.3588965], [106.9764508, -6.3611171], [106.9751673, -6.3643026], [106.974788, -6.3663507], [106.9733045, -6.369354], [106.9722433, -6.3733112], [106.9709317, -6.3755409]], [[106.9847515, -6.2981685], [106.9838136, -6.3012437]], [[106.9892655, -6.283511], [106.9869677, -6.2862296], [106.985252, -6.2891787], [106.9846244, -6.294461]], [[106.9836941, -6.3012018], [106.9846728, -6.2972744], [106.9846244, -6.294461]], [[106.9838136, -6.3012437], [106.9837293, -6.3012875]], [[106.9837293, -6.3012875], [106.9836941, -6.3012018]], [[106.9913234, -6.27887], [106.9913269, -6.2787411]], [[106.9913269, -6.2787411], [106.9914491, -6.2784937], [106.9916051, -6.2781594]], [[106.9916768, -6.2781977], [106.9913234, -6.27887]], [[106.9913234, -6.27887], [106.9892655, -6.283511]], [[106.9851099, -6.3107559], [106.9835839, -6.3082764], [106.9833988, -6.3028152], [106.9837293, -6.3012875]], [[106.9846244, -6.294461], [106.9846279, -6.2944686]], [[106.9860211, -6.317469], [106.9872846, -6.3152729], [106.9873631, -6.3143255], [106.9851099, -6.3107559]], [[106.9860211, -6.317469], [106.9843752, -6.3229638]], [[106.9846279, -6.2944686], [106.9847515, -6.2981685]]]}, "properties": {"id": "rd-250", "name": "Jalan Raya Narogong", "route_name": "Jalan Raya Narogong", "highway": "primary", "mode": "road", "status": "context", "status_label": "Jalan - konteks", "source": "OpenStreetMap", "source_type": "osm", "license": "ODbL"}}, {"type": "Feature", "id": "rd-251", "geometry": {"type": "MultiLineString", "coordinates": [[[106.7497499, -6.3498512], [106.7496523, -6.3531624], [106.7484557, -6.3572673], [106.7480778, -6.3609871]], [[106.7480244, -6.3609718], [106.7483584, -6.3574369], [106.749599, -6.3531522], [106.7496305, -6.3498578]], [[106.7497548, -6.3497532], [106.7497509, -6.3498052], [106.7497499, -6.3498512]], [[106.7496305, -6.3498578], [106.7496292, -6.3497702]]]}, "properties": {"id": "rd-251", "name": "Jalan Raya Parung—Ciputat", "route_name": "Jalan Raya Parung—Ciputat", "highway": "trunk", "mode": "road", "status": "context", "status_label": "Jalan - konteks", "source": "OpenStreetMap", "source_type": "osm", "license": "ODbL"}}, {"type": "Feature", "id": "rd-252", "geometry": {"type": "MultiLineString", "coordinates": [[[106.7777698, -6.2886012], [106.7774788, -6.288994]], [[106.7721157, -6.2891604], [106.7710805, -6.2892557]], [[106.7770456, -6.2891188], [106.7768425, -6.2891736], [106.7765871, -6.2892177]], [[106.7723208, -6.289166], [106.7721157, -6.2891604]], [[106.7776592, -6.2887898], [106.7774641, -6.2889158], [106.7772366, -6.2890436], [106.7770456, -6.2891188]], [[106.7771977, -6.2889879], [106.7761228, -6.2892339]], [[106.7764318, -6.2893173], [106.7762331, -6.2893432], [106.7760842, -6.289357], [106.776059, -6.2893593]], [[106.7757558, -6.2892309], [106.7738857, -6.2891889]], [[106.7761228, -6.2892339], [106.7760527, -6.2892321]], [[106.7729845, -6.2893007], [106.7724541, -6.2892601], [106.7724086, -6.2892364], [106.7723208, -6.289166]], [[106.7757424, -6.2893552], [106.7750408, -6.2893459]], [[106.7738857, -6.2891889], [106.7736672, -6.2891874], [106.7732468, -6.2891726]], [[106.7777698, -6.2886012], [106.7771977, -6.2889879]], [[106.7765871, -6.2892177], [106.7764318, -6.2893173]], [[106.7736639, -6.2893307], [106.7734911, -6.2893287]], [[106.7774788, -6.288994], [106.7764318, -6.2893173]], [[106.7739089, -6.2893347], [106.7736639, -6.2893307]], [[106.7721157, -6.2891604], [106.7717895, -6.2891503], [106.7710406, -6.2891654]], [[106.7732468, -6.2891726], [106.7728988, -6.2891611], [106.7723208, -6.289166]], [[106.7748442, -6.2893433], [106.7739089, -6.2893347]], [[106.7750408, -6.2893459], [106.7748442, -6.2893433]], [[106.7734911, -6.2893287], [106.7734437, -6.2893266], [106.7731632, -6.2893144], [106.7729845, -6.2893007]], [[106.7710805, -6.2892557], [106.7709742, -6.2892557]], [[106.7765871, -6.2892177], [106.7762317, -6.2892395], [106.7761797, -6.2892378], [106.7761228, -6.2892339]], [[106.7760527, -6.2892321], [106.7760151, -6.2892328], [106.7757558, -6.2892309]], [[106.776059, -6.2893593], [106.7757424, -6.2893552]]]}, "properties": {"id": "rd-252", "name": "Jalan Raya Pasar Jumat", "route_name": "Jalan Raya Pasar Jumat", "highway": "trunk", "mode": "road", "status": "context", "status_label": "Jalan - konteks", "source": "OpenStreetMap", "source_type": "osm", "license": "ODbL"}}, {"type": "Feature", "id": "rd-253", "geometry": {"type": "MultiLineString", "coordinates": [[[106.8961948, -6.1073823], [106.8963863, -6.1073904]], [[106.8932477, -6.1074927], [106.8959802, -6.1073945]], [[106.8963417, -6.1076892], [106.8962726, -6.1076905]], [[106.8962726, -6.1076905], [106.8941049, -6.1076635]], [[106.8941049, -6.1076635], [106.8938405, -6.1076759]], [[106.8938405, -6.1076759], [106.893384, -6.1079463]], [[106.8959802, -6.1073945], [106.8961948, -6.1073823]], [[106.8961955, -6.1074145], [106.8963873, -6.1074265]], [[106.8959802, -6.1073945], [106.8961955, -6.1074145]]]}, "properties": {"id": "rd-253", "name": "Jalan Raya Pelabuhan", "route_name": "Jalan Raya Pelabuhan", "highway": "trunk", "mode": "road", "status": "context", "status_label": "Jalan - konteks", "source": "OpenStreetMap", "source_type": "osm", "license": "ODbL"}}, {"type": "Feature", "id": "rd-254", "geometry": {"type": "MultiLineString", "coordinates": [[[106.9433214, -6.2252352], [106.9433669, -6.2253036], [106.9433999, -6.2253951]], [[106.9395162, -6.2181634], [106.9394174, -6.2178413]], [[106.943213, -6.2252349], [106.9428451, -6.2247397]], [[106.9432786, -6.2251823], [106.9433214, -6.2252352]], [[106.9428763, -6.2247049], [106.9429978, -6.2248482], [106.9432786, -6.2251823]], [[106.9427265, -6.2245834], [106.9427684, -6.2245989], [106.9428175, -6.2246415]], [[106.9428071, -6.2246962], [106.942712, -6.2246435], [106.9426642, -6.2246692]], [[106.9428175, -6.2246415], [106.9428763, -6.2247049]], [[106.9433305, -6.2254355], [106.9432625, -6.2253184], [106.943213, -6.2252349]], [[106.9426326, -6.2246026], [106.9426959, -6.2245884], [106.9427265, -6.2245834]], [[106.9428451, -6.2247397], [106.9428071, -6.2246962]]]}, "properties": {"id": "rd-254", "name": "Jalan Raya Pondok Kopi", "route_name": "Jalan Raya Pondok Kopi", "highway": "primary", "mode": "road", "status": "context", "status_label": "Jalan - konteks", "source": "OpenStreetMap", "source_type": "osm", "license": "ODbL"}}, {"type": "Feature", "id": "rd-255", "geometry": {"type": "MultiLineString", "coordinates": [[[106.9539736, -6.2075452], [106.9530702, -6.2087658]], [[106.9546911, -6.206813], [106.9549125, -6.2066465]], [[106.9526187, -6.2091198], [106.9546911, -6.206813]], [[106.9567986, -6.1950603], [106.9586587, -6.1919918], [106.9594045, -6.187494]], [[106.956673, -6.1951686], [106.9567986, -6.1950603]], [[106.9594045, -6.187494], [106.9594243, -6.1874075]], [[106.9549929, -6.206782], [106.9539736, -6.2075452]]]}, "properties": {"id": "rd-255", "name": "Jalan Raya Pulo Gebang", "route_name": "Jalan Raya Pulo Gebang", "highway": "primary", "mode": "road", "status": "context", "status_label": "Jalan - konteks", "source": "OpenStreetMap", "source_type": "osm", "license": "ODbL"}}, {"type": "Feature", "id": "rd-256", "geometry": {"type": "LineString", "coordinates": [[106.6841786, -6.3472382], [106.6764368, -6.3472046]]}, "properties": {"id": "rd-256", "name": "Jalan Raya Puspiptek", "route_name": "Jalan Raya Puspiptek", "highway": "primary", "mode": "road", "status": "context", "status_label": "Jalan - konteks", "source": "OpenStreetMap", "source_type": "osm", "license": "ODbL"}}, {"type": "Feature", "id": "rd-258", "geometry": {"type": "LineString", "coordinates": [[106.839458, -6.3065055], [106.8379763, -6.3146688]]}, "properties": {"id": "rd-258", "name": "Jalan Raya Tanjung Barat", "route_name": "Jalan Raya Tanjung Barat", "highway": "primary", "mode": "road", "status": "context", "status_label": "Jalan - konteks", "source": "OpenStreetMap", "source_type": "osm", "license": "ODbL"}}, {"type": "Feature", "id": "rd-259", "geometry": {"type": "MultiLineString", "coordinates": [[[106.8136371, -6.2388], [106.8105699, -6.2390959]], [[106.8178034, -6.2390195], [106.8176466, -6.2389461]], [[106.8134011, -6.238711], [106.8070974, -6.239288]], [[106.80436, -6.2399345], [106.8028699, -6.2399392]], [[106.8176725, -6.23886], [106.8178002, -6.2389148], [106.8178375, -6.2389308]], [[106.8156733, -6.2388583], [106.8176725, -6.23886]], [[106.8176466, -6.2389461], [106.8166893, -6.2388702]], [[106.807236, -6.2392793], [106.80436, -6.2399345]], [[106.8166893, -6.2388702], [106.8150776, -6.2389338]], [[106.8151583, -6.2388097], [106.8156733, -6.2388583]], [[106.8050924, -6.2397906], [106.8072325, -6.2391341]], [[106.8043125, -6.2398205], [106.8050924, -6.2397906]], [[106.8031181, -6.2397964], [106.8042037, -6.2398175], [106.8042737, -6.2398204], [106.8043125, -6.2398205]], [[106.8027989, -6.2397868], [106.8030718, -6.2397947]], [[106.8139221, -6.2387986], [106.8138402, -6.238799], [106.8136371, -6.2388]], [[106.8141916, -6.2386834], [106.8139073, -6.238668], [106.8136666, -6.238676], [106.8134011, -6.238711]], [[106.8147965, -6.2387643], [106.8145846, -6.238726], [106.8145511, -6.2387224], [106.8141916, -6.2386834]], [[106.8150776, -6.2389338], [106.8139221, -6.2387986]], [[106.8028699, -6.2399392], [106.8026797, -6.2399461], [106.8025419, -6.2399517]], [[106.8025297, -6.2397815], [106.8026702, -6.2397843], [106.8027989, -6.2397868]], [[106.8150776, -6.2389338], [106.8147965, -6.2387643]], [[106.8030718, -6.2397947], [106.8031181, -6.2397964]], [[106.8105699, -6.2390959], [106.8092089, -6.2391745]], [[106.8092089, -6.2391745], [106.807236, -6.2392793]]]}, "properties": {"id": "rd-259", "name": "Jalan Robert Wolter Monginsidi", "route_name": "Jalan Robert Wolter Monginsidi", "highway": "primary", "mode": "road", "status": "context", "status_label": "Jalan - konteks", "source": "OpenStreetMap", "source_type": "osm", "license": "ODbL"}}, {"type": "Feature", "id": "rd-260", "geometry": {"type": "MultiLineString", "coordinates": [[[106.94765, -6.225089], [106.9456725, -6.2248449]], [[106.9438761, -6.2250067], [106.9437682, -6.2251544], [106.9433999, -6.2253951], [106.9433305, -6.2254355]], [[106.9433669, -6.2253036], [106.9437421, -6.2250558], [106.9438761, -6.2250067]], [[106.9432625, -6.2253184], [106.9433669, -6.2253036]], [[106.9456154, -6.2248369], [106.9445601, -6.2244468], [106.9438761, -6.2250067]], [[106.9456725, -6.2248449], [106.9456154, -6.2248369]]]}, "properties": {"id": "rd-260", "name": "Jalan Robusta Raya", "route_name": "Jalan Robusta Raya", "highway": "primary", "mode": "road", "status": "context", "status_label": "Jalan - konteks", "source": "OpenStreetMap", "source_type": "osm", "license": "ODbL"}}, {"type": "Feature", "id": "rd-261", "geometry": {"type": "MultiLineString", "coordinates": [[[106.7591056, -6.245182], [106.7578988, -6.2392806]], [[106.7578489, -6.23781], [106.7584625, -6.2391028], [106.7587433, -6.2411358]], [[106.7573525, -6.2362588], [106.7578489, -6.23781]], [[106.7566442, -6.236273], [106.756623, -6.2362332], [106.7564948, -6.236021]], [[106.7578988, -6.2392806], [106.7575259, -6.2381341]], [[106.7594665, -6.2451371], [106.7591056, -6.245182]], [[106.7587433, -6.2411358], [106.7594665, -6.2451371]], [[106.7571773, -6.2373124], [106.7566442, -6.236273]], [[106.757371, -6.2377551], [106.7571773, -6.2373124]], [[106.7575259, -6.2381341], [106.7573972, -6.2378161], [106.757371, -6.2377551]], [[106.7564948, -6.236021], [106.7564182, -6.2358863]]]}, "properties": {"id": "rd-261", "name": "Jalan Saidi Arteri", "route_name": "Jalan Saidi Arteri", "highway": "primary", "mode": "road", "status": "context", "status_label": "Jalan - konteks", "source": "OpenStreetMap", "source_type": "osm", "license": "ODbL"}}, {"type": "Feature", "id": "rd-262", "geometry": {"type": "MultiLineString", "coordinates": [[[106.8501842, -6.1955018], [106.8513634, -6.1969335]], [[106.8482253, -6.1922477], [106.8479029, -6.1916733]], [[106.8512423, -6.1971174], [106.8501453, -6.1959164]], [[106.8538515, -6.1995904], [106.8535087, -6.1992811]], [[106.8535087, -6.1992811], [106.8525066, -6.1983646]], [[106.8477278, -6.1908694], [106.8483706, -6.1920827]], [[106.8493923, -6.1940292], [106.8498301, -6.1948678]], [[106.8522334, -6.1977123], [106.8530418, -6.1984837]], [[106.8534711, -6.19889], [106.8538013, -6.1991843], [106.8538395, -6.1992199], [106.8539072, -6.1992848]], [[106.8530418, -6.1984837], [106.8533234, -6.1987501], [106.8533672, -6.1987916], [106.8534711, -6.19889]], [[106.8523422, -6.1982096], [106.8512423, -6.1971174]], [[106.8525066, -6.1983646], [106.8523422, -6.1982096]], [[106.8501453, -6.1959164], [106.8498898, -6.1955064]], [[106.8496261, -6.1949911], [106.8486048, -6.1929636]], [[106.8473973, -6.1907591], [106.8466671, -6.1894042]], [[106.8479029, -6.1916733], [106.847763, -6.191439]], [[106.8466172, -6.1888659], [106.8469587, -6.1894453]], [[106.8483706, -6.1920827], [106.8483934, -6.1921254], [106.8486255, -6.1925594]], [[106.8484363, -6.1926454], [106.8484157, -6.1926091], [106.848311, -6.1924098], [106.8482253, -6.1922477]], [[106.8539072, -6.1992848], [106.8539596, -6.19933], [106.854055, -6.1994124]], [[106.8500709, -6.1953083], [106.8501178, -6.1953911], [106.8501842, -6.1955018]], [[106.8498898, -6.1955064], [106.8498486, -6.1954332]], [[106.8466671, -6.1894042], [106.846506, -6.1891286], [106.8464714, -6.1890687]], [[106.8486255, -6.1925594], [106.848779, -6.192854]], [[106.8486048, -6.1929636], [106.8485677, -6.1928913], [106.8484363, -6.1926454]], [[106.8469587, -6.1894453], [106.8471638, -6.1898264]], [[106.8513634, -6.1969335], [106.8515726, -6.19712]], [[106.8515726, -6.19712], [106.8522334, -6.1977123]], [[106.8474988, -6.190944], [106.8473973, -6.1907591]], [[106.847763, -6.191439], [106.8474988, -6.190944]], [[106.8475926, -6.1906185], [106.8477278, -6.1908694]], [[106.8471638, -6.1898264], [106.8473041, -6.1900772], [106.8475926, -6.1906185]], [[106.8498486, -6.1954332], [106.849817, -6.195373], [106.8496261, -6.1949911]], [[106.8498301, -6.1948678], [106.8500308, -6.1952244]], [[106.8464714, -6.1890687], [106.8464557, -6.189043]], [[106.8500308, -6.1952244], [106.8500435, -6.1952521], [106.8500709, -6.1953083]], [[106.848779, -6.192854], [106.8493923, -6.1940292]]]}, "properties": {"id": "rd-262", "name": "Jalan Salemba Raya", "route_name": "Jalan Salemba Raya", "highway": "primary", "mode": "road", "status": "context", "status_label": "Jalan - konteks", "source": "OpenStreetMap", "source_type": "osm", "license": "ODbL"}}, {"type": "Feature", "id": "rd-263", "geometry": {"type": "MultiLineString", "coordinates": [[[106.9517472, -6.2096158], [106.9522753, -6.209312], [106.9525687, -6.2091478], [106.9526187, -6.2091198]], [[106.9505811, -6.2102398], [106.9512181, -6.209894], [106.9515452, -6.2097164], [106.9517472, -6.2096158]], [[106.9526187, -6.2091198], [106.9526939, -6.2090878]], [[106.9526939, -6.2090878], [106.9528745, -6.2090067]]]}, "properties": {"id": "rd-263", "name": "Jalan Sentra Primer", "route_name": "Jalan Sentra Primer", "highway": "primary", "mode": "road", "status": "context", "status_label": "Jalan - konteks", "source": "OpenStreetMap", "source_type": "osm", "license": "ODbL"}}, {"type": "Feature", "id": "rd-264", "geometry": {"type": "MultiLineString", "coordinates": [[[106.9949025, -6.2593741], [106.9949712, -6.259278]], [[106.9949443, -6.2606374], [106.994892, -6.2599361], [106.9948795, -6.2597686], [106.9948773, -6.2597289]], [[106.9922141, -6.2768685], [106.9916768, -6.2781977]], [[106.9950404, -6.2593228], [106.9949831, -6.259424]], [[106.9949831, -6.259424], [106.9951828, -6.2622992]], [[106.7360526, -6.3442637], [106.7304376, -6.3431219], [106.7272639, -6.3419993], [106.7256359, -6.3421397]], [[106.731362, -6.3432411], [106.731476, -6.3432639], [106.7328211, -6.3435324], [106.7350508, -6.3439896]], [[106.7223785, -6.3433324], [106.7237318, -6.3423292], [106.7273233, -6.3419575]], [[106.718635, -6.3444211], [106.7165835, -6.3455257], [106.7130512, -6.3462515]], [[106.7223907, -6.3434317], [106.7211657, -6.3443187], [106.718635, -6.3444211]], [[106.716861, -6.3453441], [106.7185214, -6.3443434]], [[106.7185214, -6.3443434], [106.7211448, -6.3442459], [106.7223785, -6.3433324]], [[106.7285446, -6.3423622], [106.7301961, -6.3429708], [106.7303543, -6.3430224], [106.731362, -6.3432411]], [[106.7273233, -6.3419575], [106.7274459, -6.3419897], [106.7275431, -6.3420119], [106.7285446, -6.3423622]], [[106.7350508, -6.3439896], [106.7358821, -6.3441374], [106.7359906, -6.3441197]], [[106.9950637, -6.2620486], [106.9950349, -6.2617159]], [[106.9916051, -6.2781594], [106.9921034, -6.2768365]], [[106.9921034, -6.2768365], [106.9923248, -6.2738078], [106.9932024, -6.2723118]], [[106.9932577, -6.2723557], [106.9924564, -6.2735598], [106.9922141, -6.2768685]], [[106.712974, -6.346179], [106.7133051, -6.3461161]], [[106.7133051, -6.3461161], [106.716861, -6.3453441]], [[106.9950349, -6.2617159], [106.9949443, -6.2606374]], [[106.9951046, -6.2623758], [106.9950753, -6.2621837], [106.9950637, -6.2620486]], [[106.9951828, -6.2622992], [106.9951898, -6.2623871]], [[106.9948773, -6.2597289], [106.9948708, -6.2594845], [106.9949025, -6.2593741]], [[106.7256359, -6.3421397], [106.7237426, -6.3424293], [106.7223907, -6.3434317]], [[106.7359906, -6.3441197], [106.736334, -6.3441281], [106.7360526, -6.3442637]]]}, "properties": {"id": "rd-264", "name": "Jalan Siliwangi", "route_name": "Jalan Siliwangi", "highway": "primary", "mode": "road", "status": "context", "status_label": "Jalan - konteks", "source": "OpenStreetMap", "source_type": "osm", "license": "ODbL"}}, {"type": "Feature", "id": "rd-265", "geometry": {"type": "MultiLineString", "coordinates": [[[106.7991865, -6.2292469], [106.7997354, -6.228784]], [[106.7998115, -6.2291841], [106.7996878, -6.2294539]], [[106.7996017, -6.2295325], [106.7988403, -6.2307592]], [[106.7998115, -6.2291841], [106.7997854, -6.2288189]], [[106.7983662, -6.2366614], [106.7983516, -6.2349529]], [[106.798541, -6.2377015], [106.7985104, -6.239506]], [[106.7983953, -6.2315989], [106.7991432, -6.2294494]], [[106.7983472, -6.2347913], [106.7983389, -6.2330065]], [[106.7983389, -6.2330065], [106.7983421, -6.2323183], [106.7983585, -6.2319529], [106.7983953, -6.2315989]], [[106.7996878, -6.2294539], [106.7996496, -6.2294907], [106.7996017, -6.2295325]], [[106.7985728, -6.2325752], [106.7985745, -6.2330247]], [[106.7985711, -6.2339706], [106.7985389, -6.2367118]], [[106.7988403, -6.2307592], [106.798803, -6.2308726], [106.7987612, -6.2310058], [106.7987149, -6.2311746]], [[106.7987149, -6.2311746], [106.7985728, -6.2325752]], [[106.7997354, -6.228784], [106.7998284, -6.2286994], [106.7999188, -6.2286172]], [[106.7985389, -6.2367118], [106.7985356, -6.2367838]], [[106.7985745, -6.2330247], [106.7985775, -6.2337306]], [[106.7983713, -6.237477], [106.7983647, -6.2368449]], [[106.7983647, -6.2368449], [106.7983634, -6.2367875]], [[106.7983634, -6.2367875], [106.7983645, -6.2367131]], [[106.7985775, -6.2337306], [106.7985711, -6.2339706]], [[106.7983516, -6.2349529], [106.7983472, -6.2347913]], [[106.7985104, -6.239506], [106.7985113, -6.2397441], [106.7985137, -6.2398099]], [[106.7983645, -6.2367131], [106.7983662, -6.2366614]], [[106.7983514, -6.2398112], [106.7983762, -6.2378025]], [[106.7983762, -6.2378025], [106.7983713, -6.237477]], [[106.7997854, -6.2288189], [106.7998591, -6.2287044], [106.7999188, -6.2286172]], [[106.7991432, -6.2294494], [106.799165, -6.2293328], [106.7991865, -6.2292469]], [[106.7985356, -6.2367838], [106.798541, -6.2377015]]]}, "properties": {"id": "rd-265", "name": "Jalan Sisingamangaraja", "route_name": "Jalan Sisingamangaraja", "highway": "primary", "mode": "road", "status": "context", "status_label": "Jalan - konteks", "source": "OpenStreetMap", "source_type": "osm", "license": "ODbL"}}, {"type": "Feature", "id": "rd-266", "geometry": {"type": "LineString", "coordinates": [[106.852452, -6.169078], [106.8523409, -6.1713931]]}, "properties": {"id": "rd-266", "name": "Jalan Sukamulya Raya", "route_name": "Jalan Sukamulya Raya", "highway": "primary", "mode": "road", "status": "context", "status_label": "Jalan - konteks", "source": "OpenStreetMap", "source_type": "osm", "license": "ODbL"}}, {"type": "Feature", "id": "rd-267", "geometry": {"type": "MultiLineString", "coordinates": [[[106.8930519, -6.1100745], [106.8930684, -6.1079341]], [[106.893384, -6.1079463], [106.8933358, -6.1100728]], [[106.8930684, -6.1079341], [106.8932477, -6.1074927]]]}, "properties": {"id": "rd-267", "name": "Jalan Sulawesi", "route_name": "Jalan Sulawesi", "highway": "trunk", "mode": "road", "status": "context", "status_label": "Jalan - konteks", "source": "OpenStreetMap", "source_type": "osm", "license": "ODbL"}}, {"type": "Feature", "id": "rd-268", "geometry": {"type": "MultiLineString", "coordinates": [[[106.8447258, -6.2084154], [106.8386156, -6.2063148]], [[106.8386377, -6.2061863], [106.8455562, -6.208599]], [[106.9772038, -6.2235149], [106.9742638, -6.2206314]], [[106.9777812, -6.2094522], [106.9775532, -6.2119792], [106.9741748, -6.2185719], [106.973936, -6.2198441]], [[106.9756603, -6.1926151], [106.9750258, -6.1928613]], [[106.9758623, -6.2008642], [106.9729878, -6.19444]], [[106.9746042, -6.2175776], [106.9773339, -6.2123094], [106.977626, -6.2111074], [106.9777225, -6.2062178], [106.9758623, -6.2008642]], [[106.9743437, -6.2205689], [106.9773432, -6.2234958]], [[106.9741902, -6.1933156], [106.9738361, -6.1935595]], [[106.9750258, -6.1928613], [106.9741902, -6.1933156]], [[106.9747705, -6.1927795], [106.9753755, -6.1922925]], [[106.9737595, -6.1934091], [106.9741784, -6.1931336]], [[106.8371752, -6.2056313], [106.8386377, -6.2061863]], [[106.8462643, -6.2088931], [106.846348, -6.2089196], [106.8464765, -6.2089354], [106.8467562, -6.2089688]], [[106.9728308, -6.1942111], [106.9695612, -6.1911794]], [[106.8339692, -6.2051595], [106.8340874, -6.2051771], [106.8348136, -6.205285]], [[106.8386156, -6.2063148], [106.8343595, -6.2053308]], [[106.8452307, -6.2086085], [106.8450219, -6.2085238], [106.8447258, -6.2084154]], [[106.8462643, -6.2088931], [106.8476247, -6.2087286]], [[106.972909, -6.1942147], [106.9744216, -6.197103], [106.9774987, -6.2050256], [106.97786, -6.2065734], [106.9777812, -6.2094522]], [[106.8348136, -6.205285], [106.8371752, -6.2056313]], [[106.8343595, -6.2053308], [106.8340715, -6.2052978], [106.8339541, -6.2052843]], [[106.9783425, -6.2245801], [106.9778978, -6.2241857], [106.9772666, -6.2235773], [106.9772038, -6.2235149]], [[106.9773432, -6.2234958], [106.9779915, -6.2241603]], [[106.9727789, -6.1940192], [106.9728029, -6.1940015], [106.9728603, -6.1939588], [106.9729166, -6.1939175]], [[106.969589, -6.1911047], [106.9726674, -6.1939291]], [[106.9742638, -6.2206314], [106.9740797, -6.2204113], [106.973986, -6.2202578], [106.9739062, -6.2200758]], [[106.973936, -6.2198441], [106.9743437, -6.2205689]], [[106.9728799, -6.1941777], [106.9728308, -6.1942111]], [[106.9727107, -6.1940697], [106.9727324, -6.1940535], [106.9727731, -6.1940266], [106.9727789, -6.1940192]], [[106.9730345, -6.1940713], [106.9730166, -6.1940836], [106.9729196, -6.19415], [106.9728799, -6.1941777]], [[106.9729166, -6.1939175], [106.9729295, -6.1939089], [106.9729908, -6.1938672], [106.9732117, -6.1937458]], [[106.9738361, -6.1935595], [106.9735469, -6.1937457], [106.9734087, -6.1938282], [106.973328, -6.1938799]], [[106.9732117, -6.1937458], [106.9737595, -6.1934091]], [[106.973328, -6.1938799], [106.9730539, -6.194058], [106.9730345, -6.1940713]], [[106.8467562, -6.2089688], [106.8476603, -6.2092862]], [[106.8455562, -6.208599], [106.8459866, -6.2087515]], [[106.8459866, -6.2087515], [106.8461456, -6.2088741]], [[106.9726674, -6.1939291], [106.972909, -6.1942147]], [[106.9729878, -6.19444], [106.97286, -6.1942478], [106.9728308, -6.1942111]], [[106.9739062, -6.2200758], [106.9741011, -6.2185259]], [[106.9741011, -6.2185259], [106.9742782, -6.2181942], [106.9744827, -6.2178075], [106.9746042, -6.2175776]], [[106.8461456, -6.2088741], [106.8462643, -6.2088931]], [[106.9741784, -6.1931336], [106.9745376, -6.1929123], [106.9747705, -6.1927795]]]}, "properties": {"id": "rd-268", "name": "Jalan Sultan Agung", "route_name": "Jalan Sultan Agung", "highway": "trunk", "mode": "road", "status": "context", "status_label": "Jalan - konteks", "source": "OpenStreetMap", "source_type": "osm", "license": "ODbL"}}, {"type": "Feature", "id": "rd-269", "geometry": {"type": "MultiLineString", "coordinates": [[[106.8025517, -6.2401052], [106.8025503, -6.2417719]], [[106.802569, -6.2430541], [106.8024342, -6.2427641]], [[106.8023356, -6.2401095], [106.8023358, -6.2400284], [106.8023313, -6.2399524]], [[106.8023313, -6.2399524], [106.8023306, -6.2397852]], [[106.8026769, -6.2429588], [106.8029065, -6.2432149]], [[106.8025503, -6.2417719], [106.8026769, -6.2429588]], [[106.8025297, -6.2397815], [106.8025419, -6.2399517]], [[106.8023969, -6.2422047], [106.8023982, -6.2419207]], [[106.8024342, -6.2427641], [106.8024115, -6.2426389], [106.8024086, -6.2425536], [106.8023969, -6.2422047]], [[106.8025419, -6.2399517], [106.8025469, -6.2400357], [106.8025517, -6.2401052]], [[106.8023286, -6.2402184], [106.8023287, -6.2401779], [106.8023356, -6.2401095]], [[106.8023182, -6.2410683], [106.8023245, -6.2405565], [106.8023286, -6.2402184]], [[106.8027703, -6.2433013], [106.8026843, -6.2432173], [106.8026005, -6.2431095], [106.802569, -6.2430541]], [[106.8023982, -6.2419207], [106.8023432, -6.2417379]], [[106.8023432, -6.2417379], [106.8023182, -6.2410683]]]}, "properties": {"id": "rd-269", "name": "Jalan Sultan Hasanudin", "route_name": "Jalan Sultan Hasanudin", "highway": "primary", "mode": "road", "status": "context", "status_label": "Jalan - konteks", "source": "OpenStreetMap", "source_type": "osm", "license": "ODbL"}}, {"type": "Feature", "id": "rd-270", "geometry": {"type": "MultiLineString", "coordinates": [[[106.7824705, -6.2618919], [106.7836788, -6.2633429]], [[106.7831813, -6.2391633], [106.7828979, -6.2410045]], [[106.7834538, -6.2637995], [106.7834487, -6.2636736]], [[106.783524, -6.2657277], [106.7835966, -6.2654296], [106.7835566, -6.264004]], [[106.7817691, -6.2463162], [106.7813674, -6.2477131]], [[106.7854835, -6.2347818], [106.7853286, -6.2348774]], [[106.7836399, -6.2373145], [106.7838069, -6.2369997], [106.7838331, -6.236956]], [[106.7812868, -6.2497368], [106.7813014, -6.2495746]], [[106.782423, -6.2443367], [106.7823011, -6.2446611]], [[106.7828979, -6.2410045], [106.782892, -6.2411265]], [[106.7834416, -6.2634095], [106.7823334, -6.2619799]], [[106.7818874, -6.2610092], [106.7816363, -6.256174]], [[106.785442, -6.2347509], [106.7855408, -6.2346346], [106.7855827, -6.2345618]], [[106.7846617, -6.235522], [106.7842258, -6.2360873]], [[106.7838331, -6.236956], [106.7837633, -6.2371472], [106.7836925, -6.2373622]], [[106.7823011, -6.2446611], [106.7823822, -6.2443185]], [[106.7822262, -6.2449032], [106.781324, -6.2474747], [106.7813004, -6.2494772]], [[106.7813395, -6.249568], [106.7814335, -6.2497173]], [[106.7814335, -6.2497173], [106.7819415, -6.2606627]], [[106.781213, -6.2477017], [106.7818269, -6.2456762]], [[106.7823146, -6.2448964], [106.781984, -6.2457336]], [[106.7821567, -6.2448404], [106.782791, -6.2405538]], [[106.782892, -6.2411265], [106.7823146, -6.2448964]], [[106.7824705, -6.2618919], [106.7836004, -6.2632976]], [[106.7836398, -6.2640038], [106.7836828, -6.2654125], [106.7837551, -6.2657688]], [[106.7836004, -6.2632976], [106.7836398, -6.2640038]], [[106.7835566, -6.264004], [106.7835231, -6.2633806], [106.7835156, -6.2633225]], [[106.7835156, -6.2633225], [106.7823334, -6.2619799]], [[106.7836788, -6.2633429], [106.7837077, -6.2635443], [106.7837198, -6.2636607]], [[106.7819542, -6.2612262], [106.7818874, -6.2610092]], [[106.7821855, -6.2617645], [106.7819844, -6.2613221]], [[106.7820409, -6.2610687], [106.7820895, -6.2611992]], [[106.7821323, -6.2613052], [106.7823129, -6.2616902]], [[106.7842258, -6.2360873], [106.7838331, -6.236956]], [[106.7853286, -6.2348774], [106.784926, -6.2352607], [106.7846617, -6.235522]], [[106.7832748, -6.238792], [106.7831813, -6.2391633]], [[106.783593, -6.2375841], [106.7832748, -6.238792]], [[106.782791, -6.2405538], [106.7829441, -6.2390791]], [[106.7819415, -6.2606627], [106.7820409, -6.2610687]], [[106.7812868, -6.2497368], [106.781213, -6.2477017]], [[106.7813674, -6.2477131], [106.7813336, -6.2481327], [106.781336, -6.2487222], [106.7814335, -6.2497173]], [[106.7816363, -6.256174], [106.7812868, -6.2497368]], [[106.7813004, -6.2494772], [106.7813067, -6.2495158]], [[106.7823011, -6.2446611], [106.7822262, -6.2449032]], [[106.7825696, -6.2439929], [106.7825105, -6.2441102], [106.782423, -6.2443367]], [[106.7813014, -6.2495746], [106.7813067, -6.2495158]], [[106.7813067, -6.2495158], [106.7813395, -6.249568]], [[106.7823822, -6.2443185], [106.7824229, -6.2440906], [106.782434, -6.2439541]], [[106.7855891, -6.2347333], [106.7854835, -6.2347818]], [[106.7853286, -6.2348774], [106.7853832, -6.2348159], [106.785442, -6.2347509]], [[106.7834487, -6.2636736], [106.7834416, -6.2634095]], [[106.7823334, -6.2619799], [106.7822756, -6.2619105], [106.7821855, -6.2617645]], [[106.781984, -6.2457336], [106.7819437, -6.2458454], [106.7817691, -6.2463162]], [[106.7818269, -6.2456762], [106.7821567, -6.2448404]], [[106.7820895, -6.2611992], [106.7821323, -6.2613052]], [[106.7823129, -6.2616902], [106.7823973, -6.2618144], [106.7824705, -6.2618919]], [[106.7819844, -6.2613221], [106.7819651, -6.2612613], [106.7819542, -6.2612262]]]}, "properties": {"id": "rd-270", "name": "Jalan Sultan Iskandar Muda", "route_name": "Jalan Sultan Iskandar Muda", "highway": "trunk", "mode": "road", "status": "context", "status_label": "Jalan - konteks", "source": "OpenStreetMap", "source_type": "osm", "license": "ODbL"}}, {"type": "Feature", "id": "rd-271", "geometry": {"type": "MultiLineString", "coordinates": [[[106.8840657, -6.3079671], [106.8827993, -6.3073765]], [[106.8658197, -6.3071099], [106.8656194, -6.3066265]], [[106.8805128, -6.3066182], [106.8799896, -6.3067616]], [[106.8704648, -6.3088912], [106.8690528, -6.3087229]], [[106.8674904, -6.3072922], [106.8694183, -6.3082055], [106.8708821, -6.3083944]], [[106.8770988, -6.307458], [106.8769395, -6.3074973]], [[106.8785601, -6.3070612], [106.8775742, -6.3073168]], [[106.876789, -6.3070244], [106.8769191, -6.3069861]], [[106.8821603, -6.3056566], [106.8823881, -6.3056304], [106.8826201, -6.305614], [106.8836041, -6.3055955]], [[106.8788094, -6.3064996], [106.8793304, -6.3063409]], [[106.8769191, -6.3069861], [106.8775397, -6.306825], [106.8776785, -6.3067894], [106.8788094, -6.3064996]], [[106.8836041, -6.3055955], [106.884844, -6.3055725]], [[106.8793304, -6.3063409], [106.8803604, -6.3060277]], [[106.8819636, -6.306846], [106.8813521, -6.3064848], [106.8805128, -6.3066182]], [[106.8854485, -6.3076573], [106.8840657, -6.3079671]], [[106.8708821, -6.3083944], [106.873286, -6.3079499]], [[106.874751, -6.3076031], [106.876789, -6.3070244]], [[106.8803604, -6.3060277], [106.8806308, -6.305951], [106.8807529, -6.3059207], [106.8809428, -6.3058681]], [[106.8769395, -6.3074973], [106.8765717, -6.3075839], [106.8764474, -6.3076155], [106.876408, -6.3076255]], [[106.8799896, -6.3067616], [106.8785601, -6.3070612]], [[106.873286, -6.3079499], [106.8736462, -6.3078672]], [[106.8739013, -6.3078043], [106.874751, -6.3076031]], [[106.8690528, -6.3087229], [106.867744, -6.3081145]], [[106.867744, -6.3081145], [106.8661904, -6.3073152]], [[106.8653082, -6.3061745], [106.865344, -6.3061917], [106.8655474, -6.3062892]], [[106.8666759, -6.3068625], [106.8674904, -6.3072922]], [[106.8657899, -6.3064061], [106.8666759, -6.3068625]], [[106.8761946, -6.3076726], [106.8749546, -6.3079865]], [[106.8656194, -6.3066265], [106.8652713, -6.3062464]], [[106.8736462, -6.3078672], [106.8737221, -6.3078486], [106.8738136, -6.3078261], [106.8739013, -6.3078043]], [[106.8655474, -6.3062892], [106.8657899, -6.3064061]], [[106.8722192, -6.3086143], [106.8704648, -6.3088912]], [[106.8737823, -6.3082731], [106.8722192, -6.3086143]], [[106.876408, -6.3076255], [106.8761946, -6.3076726]], [[106.8775742, -6.3073168], [106.8770988, -6.307458]], [[106.8827993, -6.3073765], [106.8819636, -6.306846]], [[106.8745148, -6.3081038], [106.8742919, -6.3081638], [106.8742158, -6.3081807], [106.8739264, -6.3082451]], [[106.8661904, -6.3073152], [106.8658197, -6.3071099]], [[106.8749546, -6.3079865], [106.8745843, -6.3080851], [106.8745148, -6.3081038]], [[106.8739264, -6.3082451], [106.8737823, -6.3082731]], [[106.881249, -6.3058049], [106.8821603, -6.3056566]], [[106.8809428, -6.3058681], [106.881249, -6.3058049]]]}, "properties": {"id": "rd-271", "name": "Jalan Suprijadi", "route_name": "Jalan Suprijadi", "highway": "primary", "mode": "road", "status": "context", "status_label": "Jalan - konteks", "source": "OpenStreetMap", "source_type": "osm", "license": "ODbL"}}, {"type": "Feature", "id": "rd-272", "geometry": {"type": "MultiLineString", "coordinates": [[[106.8196516, -6.169069], [106.8195306, -6.1692307]], [[106.8194442, -6.1690622], [106.8195323, -6.1689483]], [[106.8207955, -6.1675115], [106.8208337, -6.1674522], [106.8208947, -6.1673707]], [[106.8195739, -6.1688963], [106.820654, -6.167713]], [[106.8159982, -6.1700708], [106.8187665, -6.1695257], [106.8194442, -6.1690622]], [[106.819217, -6.1695237], [106.8176701, -6.1699438]], [[106.820752, -6.1678412], [106.8196516, -6.169069]], [[106.8176701, -6.1699438], [106.8159706, -6.1702521]], [[106.8195306, -6.1692307], [106.8195104, -6.1692592]], [[106.8195104, -6.1692592], [106.8193709, -6.1694016], [106.819217, -6.1695237]], [[106.8148095, -6.1702511], [106.8152927, -6.1701782], [106.8153875, -6.1701639], [106.8159404, -6.1700805]], [[106.8159706, -6.1702521], [106.8148427, -6.1704257]], [[106.8206923, -6.1676608], [106.8207028, -6.1676472], [106.8207955, -6.1675115]], [[106.8208947, -6.1673707], [106.8209374, -6.167322]], [[106.820654, -6.167713], [106.8206923, -6.1676608]], [[106.8207598, -6.167831], [106.820752, -6.1678412]], [[106.8159404, -6.1700805], [106.8159982, -6.1700708]], [[106.8147574, -6.170259], [106.8148095, -6.1702511]], [[106.8148427, -6.1704257], [106.8148005, -6.1704322]], [[106.8195323, -6.1689483], [106.8195739, -6.1688963]]]}, "properties": {"id": "rd-272", "name": "Jalan Suryopranoto", "route_name": "Jalan Suryopranoto", "highway": "primary", "mode": "road", "status": "context", "status_label": "Jalan - konteks", "source": "OpenStreetMap", "source_type": "osm", "license": "ODbL"}}, {"type": "Feature", "id": "rd-274", "geometry": {"type": "LineString", "coordinates": [[106.968276, -6.285865], [106.966153, -6.291252], [106.9654108, -6.294708]]}, "properties": {"id": "rd-274", "name": "Jalan Swatantra-Jatiasih", "route_name": "Jalan Swatantra-Jatiasih", "highway": "primary", "mode": "road", "status": "context", "status_label": "Jalan - konteks", "source": "OpenStreetMap", "source_type": "osm", "license": "ODbL"}}, {"type": "Feature", "id": "rd-275", "geometry": {"type": "MultiLineString", "coordinates": [[[106.942342, -6.1701612], [106.9405328, -6.1581146]], [[106.9401911, -6.1517237], [106.9400795, -6.1501404]], [[106.9404866, -6.150119], [106.9405683, -6.1516145]], [[106.9405683, -6.1516145], [106.9410502, -6.1578816]], [[106.9405328, -6.1581146], [106.9401875, -6.1530493]], [[106.9402273, -6.1523553], [106.9402139, -6.1521407], [106.9402045, -6.1519053], [106.9401911, -6.1517237]], [[106.9401875, -6.1530493], [106.9401991, -6.1529687], [106.940234, -6.1526247], [106.9402273, -6.1523553]], [[106.9400795, -6.1501404], [106.9398849, -6.1470834]], [[106.9426687, -6.1741933], [106.9425261, -6.171784]], [[106.9404114, -6.1466773], [106.9404866, -6.150119]], [[106.9416562, -6.1632133], [106.9430635, -6.171771]], [[106.9430635, -6.171771], [106.9432809, -6.1766115]], [[106.9410502, -6.1578816], [106.9416562, -6.1632133]]]}, "properties": {"id": "rd-275", "name": "Jalan Syech Nawawi Al Bantani", "route_name": "Jalan Syech Nawawi Al Bantani", "highway": "trunk", "mode": "road", "status": "context", "status_label": "Jalan - konteks", "source": "OpenStreetMap", "source_type": "osm", "license": "ODbL"}}, {"type": "Feature", "id": "rd-276", "geometry": {"type": "MultiLineString", "coordinates": [[[106.7299008, -6.1347639], [106.729978, -6.1334058]], [[106.7297275, -6.1392601], [106.7298603, -6.1358718]], [[106.7298633, -6.1305855], [106.7297242, -6.1260878], [106.7303475, -6.1233552]], [[106.7293203, -6.1413746], [106.7293806, -6.1411059]], [[106.7284986, -6.1454975], [106.7289684, -6.1431794]], [[106.7271401, -6.1534568], [106.7273033, -6.1504424]], [[106.7279501, -6.1476918], [106.7282245, -6.1466591], [106.7283331, -6.1462322], [106.7284986, -6.1454975]], [[106.7278769, -6.1479453], [106.7279501, -6.1476918]], [[106.7289786, -6.1431038], [106.7289829, -6.1430731], [106.7293203, -6.1413746]], [[106.7289684, -6.1431794], [106.7289786, -6.1431038]], [[106.729657, -6.1397913], [106.7296803, -6.139616]], [[106.7293806, -6.1411059], [106.7295737, -6.1402323], [106.7296385, -6.139931], [106.729657, -6.1397913]], [[106.7296803, -6.139616], [106.7297275, -6.1392601]], [[106.7298603, -6.1358718], [106.7298894, -6.1349796], [106.7298903, -6.1349371], [106.7299008, -6.1347639]], [[106.7273033, -6.1504424], [106.7278769, -6.1479453]], [[106.7313329, -6.1213515], [106.7313964, -6.1212315], [106.7315449, -6.1209756]], [[106.7271374, -6.1539922], [106.7271356, -6.1539791]], [[106.7303475, -6.1233552], [106.7307407, -6.1225546], [106.730881, -6.122273]], [[106.729978, -6.1334058], [106.7298633, -6.1305855]], [[106.730881, -6.122273], [106.7310654, -6.1218835], [106.7313329, -6.1213515]]]}, "properties": {"id": "rd-276", "name": "Jalan Syekh Junaid Al Batawi", "route_name": "Jalan Syekh Junaid Al Batawi", "highway": "primary", "mode": "road", "status": "context", "status_label": "Jalan - konteks", "source": "OpenStreetMap", "source_type": "osm", "license": "ODbL"}}, {"type": "Feature", "id": "rd-277", "geometry": {"type": "MultiLineString", "coordinates": [[[106.8432314, -6.2554519], [106.8520939, -6.2556382]], [[106.8562118, -6.2564521], [106.8576126, -6.257415]], [[106.8530301, -6.2556528], [106.8545269, -6.2557302], [106.8562118, -6.2564521]], [[106.8624473, -6.2581458], [106.862222, -6.2581511], [106.8609902, -6.2582518], [106.8609144, -6.2582546]], [[106.8609144, -6.2582546], [106.8599133, -6.2581201]], [[106.8498429, -6.2557082], [106.8432586, -6.2555804]], [[106.8561588, -6.2565421], [106.8547327, -6.255883], [106.8530167, -6.2557335]], [[106.8574765, -6.2574976], [106.8572806, -6.2573182], [106.8561588, -6.2565421]], [[106.8599146, -6.2580887], [106.8609166, -6.2582232]], [[106.8609166, -6.2582232], [106.8609885, -6.2582204], [106.8622203, -6.2581197], [106.8624473, -6.2581143]], [[106.8637543, -6.2580787], [106.8626592, -6.2581511]], [[106.8429624, -6.2554796], [106.8430281, -6.2554665]], [[106.858773, -6.2581171], [106.8598436, -6.2580863], [106.8599146, -6.2580887]], [[106.8599133, -6.2581201], [106.8598428, -6.2581178], [106.858776, -6.2581485]], [[106.8430534, -6.2555835], [106.842988, -6.2555945]], [[106.8516256, -6.2557622], [106.8514117, -6.2557608], [106.851355, -6.2557595], [106.8498429, -6.2557082]], [[106.8521941, -6.2557586], [106.8518653, -6.255762], [106.8516256, -6.2557622]], [[106.8530167, -6.2557335], [106.8521941, -6.2557586]], [[106.8520939, -6.2556382], [106.8525486, -6.2556555], [106.8530301, -6.2556528]], [[106.8627959, -6.2580825], [106.8631936, -6.2580605], [106.8636193, -6.2580239], [106.8637288, -6.258004]], [[106.8638249, -6.258058], [106.8637543, -6.2580787]], [[106.8430281, -6.2554665], [106.8432314, -6.2554519]], [[106.8432586, -6.2555804], [106.8430534, -6.2555835]], [[106.8637288, -6.258004], [106.8638056, -6.2579809]], [[106.8626592, -6.2581511], [106.8624473, -6.2581458]], [[106.8585929, -6.2581198], [106.858773, -6.2581171]], [[106.858776, -6.2581485], [106.8585902, -6.2581538], [106.8584682, -6.2581391]], [[106.8584787, -6.2580846], [106.8585929, -6.2581198]], [[106.8584682, -6.2581391], [106.858426, -6.2581298]], [[106.8624473, -6.2581143], [106.8626492, -6.2581037], [106.8627959, -6.2580825]], [[106.858426, -6.2581298], [106.8574765, -6.2574976]], [[106.8576126, -6.257415], [106.8584787, -6.2580846]]]}, "properties": {"id": "rd-277", "name": "Jalan TMP Kalibata", "route_name": "Jalan TMP Kalibata", "highway": "primary", "mode": "road", "status": "context", "status_label": "Jalan - konteks", "source": "OpenStreetMap", "source_type": "osm", "license": "ODbL"}}, {"type": "Feature", "id": "rd-278", "geometry": {"type": "MultiLineString", "coordinates": [[[106.8540634, -6.3026726], [106.852513, -6.3030385], [106.8512955, -6.3040345]], [[106.8650379, -6.3060336], [106.8652399, -6.3061407]], [[106.8177962, -6.2921137], [106.8210661, -6.2929176]], [[106.8044289, -6.2920628], [106.8060016, -6.2920035]], [[106.842595, -6.3032434], [106.84377, -6.3034373]], [[106.837584, -6.3019672], [106.8419556, -6.3031326]], [[106.8416858, -6.3036017], [106.8374216, -6.3024459]], [[106.8364895, -6.301932], [106.8332645, -6.2998851]], [[106.8223662, -6.294098], [106.8223102, -6.2940738], [106.8222768, -6.2940594]], [[106.8274752, -6.2959731], [106.8364427, -6.3013769]], [[106.8486138, -6.3044245], [106.8458876, -6.3042059]], [[106.84377, -6.3034373], [106.84776, -6.3039086]], [[106.8512295, -6.303961], [106.8524802, -6.3029878], [106.8540263, -6.3025889]], [[106.7972759, -6.2920351], [106.8011829, -6.2920631]], [[106.8590247, -6.302391], [106.8571633, -6.3025094]], [[106.8060016, -6.2920035], [106.808728, -6.2919998]], [[106.8652713, -6.3062464], [106.8649994, -6.3060987]], [[106.8250068, -6.2951692], [106.8244167, -6.2948826]], [[106.8270328, -6.2962666], [106.8254945, -6.2954316]], [[106.8250868, -6.2947998], [106.8268999, -6.2956862], [106.8273603, -6.2959184], [106.8274752, -6.2959731]], [[106.824321, -6.2944412], [106.8250868, -6.2947998]], [[106.8548989, -6.3026472], [106.8540634, -6.3026726]], [[106.8592391, -6.3023292], [106.8594392, -6.3025302]], [[106.8540263, -6.3025889], [106.8548752, -6.3025468]], [[106.8649994, -6.3060987], [106.8649873, -6.306091]], [[106.8649439, -6.3059834], [106.8650241, -6.3060251]], [[106.8503117, -6.3045374], [106.8501017, -6.3045247]], [[106.8367662, -6.3020909], [106.8365806, -6.3019821]], [[106.8372619, -6.30237], [106.8371509, -6.3023079], [106.8367662, -6.3020909]], [[106.8371814, -6.3018083], [106.837584, -6.3019672]], [[106.8364427, -6.3013769], [106.8366726, -6.3015341]], [[106.8652399, -6.3061407], [106.8653082, -6.3061745]], [[106.7987547, -6.2925593], [106.797625, -6.2925187]], [[106.8072929, -6.2926457], [106.8032961, -6.2926024]], [[106.864912, -6.3060512], [106.8644291, -6.305766], [106.8643872, -6.3057383], [106.8642276, -6.3056327]], [[106.7974832, -6.29251], [106.7974447, -6.2925089], [106.7956774, -6.2924578]], [[106.8649873, -6.306091], [106.864912, -6.3060512]], [[106.8548752, -6.3025468], [106.8589685, -6.3023073]], [[106.8622985, -6.3046272], [106.8599682, -6.3034223], [106.8594076, -6.3026025]], [[106.8589685, -6.3023073], [106.8590518, -6.3023001], [106.8591523, -6.3023161], [106.8592391, -6.3023292]], [[106.8593232, -6.3024819], [106.8592662, -6.3024313], [106.8592363, -6.3024163]], [[106.7998392, -6.2925643], [106.7994435, -6.2925624], [106.7987547, -6.2925593]], [[106.8009039, -6.2925722], [106.7998392, -6.2925643]], [[106.8019454, -6.2925729], [106.8017127, -6.2925726], [106.8012902, -6.292572], [106.8009039, -6.2925722]], [[106.8032961, -6.2926024], [106.8026141, -6.2925867]], [[106.8419556, -6.3031326], [106.842595, -6.3032434]], [[106.8254945, -6.2954316], [106.8251008, -6.295217], [106.8250068, -6.2951692]], [[106.8366726, -6.3015341], [106.8369152, -6.3016649], [106.8371814, -6.3018083]], [[106.8173774, -6.2920905], [106.8176704, -6.2921067], [106.8177962, -6.2921137]], [[106.8167852, -6.2920374], [106.8168315, -6.2920415], [106.8172189, -6.2920756]], [[106.8156776, -6.2919791], [106.8167852, -6.2920374]], [[106.814478, -6.2919554], [106.8156776, -6.2919791]], [[106.8158961, -6.2925615], [106.8158057, -6.2925571], [106.8155515, -6.2925448]], [[106.8155515, -6.2925448], [106.8151779, -6.2925267], [106.815069, -6.2925214], [106.8149312, -6.2925147]], [[106.8122311, -6.2923908], [106.8088827, -6.2925954]], [[106.8219699, -6.2939362], [106.8218831, -6.2938985]], [[106.8208859, -6.2934887], [106.8178553, -6.292695]], [[106.81652, -6.2925892], [106.8158961, -6.2925615]], [[106.8233085, -6.2944599], [106.8227319, -6.2942454]], [[106.8227319, -6.2942454], [106.8226039, -6.2941923]], [[106.8244167, -6.2948826], [106.8238838, -6.2946731], [106.8233085, -6.2944599]], [[106.8224982, -6.2936006], [106.8225485, -6.293622], [106.822597, -6.2936461]], [[106.8213639, -6.293046], [106.8221259, -6.2934417]], [[106.8232642, -6.2939453], [106.8238516, -6.2942133]], [[106.8229477, -6.2937993], [106.8230269, -6.2938325], [106.8232327, -6.2939303], [106.8232642, -6.2939453]], [[106.8238516, -6.2942133], [106.824321, -6.2944412]], [[106.8222768, -6.2940594], [106.8222437, -6.2940468], [106.8219699, -6.2939362]], [[106.8218831, -6.2938985], [106.8216337, -6.2937971], [106.8213965, -6.2937006]], [[106.8221259, -6.2934417], [106.8224008, -6.2935592], [106.8224641, -6.2935861]], [[106.822597, -6.2936461], [106.8226466, -6.2936682], [106.8227808, -6.2937267]], [[106.8227808, -6.2937267], [106.8229477, -6.2937993]], [[106.795275, -6.2920017], [106.7955527, -6.2919927]], [[106.7955527, -6.2919927], [106.7956589, -6.2919964]], [[106.7956589, -6.2919964], [106.7972759, -6.2920351]], [[106.8019412, -6.2920476], [106.8025247, -6.2920338]], [[106.8025247, -6.2920338], [106.8037672, -6.2920444]], [[106.8037672, -6.2920444], [106.8044289, -6.2920628]], [[106.797625, -6.2925187], [106.7974832, -6.29251]], [[106.8100359, -6.2919582], [106.8143318, -6.2919504]], [[106.8026141, -6.2925867], [106.8021707, -6.2925789]], [[106.8427789, -6.3037916], [106.8416858, -6.3036017]], [[106.8088016, -6.2926014], [106.8083586, -6.2926192], [106.807867, -6.2926364], [106.8072929, -6.2926457]], [[106.8170509, -6.292633], [106.8165779, -6.2925939], [106.8165578, -6.2925923], [106.81652, -6.2925892]], [[106.8178553, -6.292695], [106.8174485, -6.292663], [106.8171508, -6.2926396]], [[106.8226039, -6.2941923], [106.8224498, -6.2941301], [106.8224138, -6.2941155]], [[106.8503744, -6.3040695], [106.8505888, -6.3040772], [106.8506936, -6.304081], [106.8508655, -6.3040842]], [[106.8509734, -6.3040635], [106.8510532, -6.3040375], [106.8511272, -6.3040066], [106.8512295, -6.303961]], [[106.8512955, -6.3040345], [106.8511307, -6.3042085], [106.8511117, -6.3042248], [106.8510852, -6.3042435]], [[106.8508655, -6.3040842], [106.8509734, -6.3040635]], [[106.84776, -6.3039086], [106.8500334, -6.3040495]], [[106.808728, -6.2919998], [106.8100359, -6.2919582]], [[106.8021707, -6.2925789], [106.8019454, -6.2925729]], [[106.8437263, -6.3039252], [106.8436676, -6.3039169], [106.8434402, -6.3038848], [106.842956, -6.3038163]], [[106.8592363, -6.3024163], [106.8590712, -6.3023875], [106.8590247, -6.302391]], [[106.8500334, -6.3040495], [106.8503185, -6.3040671], [106.8503744, -6.3040695]], [[106.8374216, -6.3024459], [106.8372619, -6.30237]], [[106.8650241, -6.3060251], [106.8650379, -6.3060336]], [[106.7956421, -6.292461], [106.7953961, -6.2924596], [106.7953426, -6.2924598], [106.7952804, -6.2924618]], [[106.7956774, -6.2924578], [106.7956421, -6.292461]], [[106.8594392, -6.3025302], [106.8600667, -6.3034095], [106.864407, -6.3056576]], [[106.8210661, -6.2929176], [106.8213639, -6.293046]], [[106.864407, -6.3056576], [106.8644353, -6.3056746], [106.8646872, -6.3058258], [106.8649439, -6.3059834]], [[106.8642276, -6.3056327], [106.8633327, -6.3051474]], [[106.8594076, -6.3026025], [106.8593232, -6.3024819]], [[106.8633327, -6.3051474], [106.8622985, -6.3046272]], [[106.8088827, -6.2925954], [106.8088267, -6.2925995], [106.8088016, -6.2926014]], [[106.8149312, -6.2925147], [106.8122311, -6.2923908]], [[106.8213965, -6.2937006], [106.8211163, -6.2935807], [106.8209086, -6.2934978], [106.8208859, -6.2934887]], [[106.8274945, -6.2965192], [106.8270328, -6.2962666]], [[106.8294434, -6.2975625], [106.8274945, -6.2965192]], [[106.8332645, -6.2998851], [106.8294434, -6.2975625]], [[106.8365806, -6.3019821], [106.8364895, -6.301932]], [[106.842956, -6.3038163], [106.8428675, -6.303804], [106.8427789, -6.3037916]], [[106.8451697, -6.304136], [106.8450388, -6.3041201], [106.8447622, -6.3040799], [106.8437263, -6.3039252]], [[106.8458876, -6.3042059], [106.8451697, -6.304136]], [[106.8501017, -6.3045247], [106.8486138, -6.3044245]], [[106.8510852, -6.3042435], [106.850871, -6.3043866], [106.8506214, -6.3045533], [106.8503117, -6.3045374]], [[106.8571633, -6.3025094], [106.8548989, -6.3026472]], [[106.8011829, -6.2920631], [106.8019412, -6.2920476]], [[106.8224641, -6.2935861], [106.8224982, -6.2936006]], [[106.8224138, -6.2941155], [106.8223662, -6.294098]], [[106.8172189, -6.2920756], [106.8173774, -6.2920905]], [[106.8171508, -6.2926396], [106.8170509, -6.292633]], [[106.8143318, -6.2919504], [106.8144531, -6.2919551], [106.814478, -6.2919554]]]}, "properties": {"id": "rd-278", "name": "Jalan Tahi Bonar Simatupang", "route_name": "Jalan Tahi Bonar Simatupang", "highway": "trunk", "mode": "road", "status": "context", "status_label": "Jalan - konteks", "source": "OpenStreetMap", "source_type": "osm", "license": "ODbL"}}, {"type": "Feature", "id": "rd-280", "geometry": {"type": "MultiLineString", "coordinates": [[[106.756027, -6.1910655], [106.7550088, -6.1911115]], [[106.7555231, -6.190961], [106.7556523, -6.1909502], [106.7558818, -6.190934], [106.7560354, -6.1909421]], [[106.7550088, -6.1911115], [106.7458966, -6.191682]], [[106.7456639, -6.1917072], [106.7458614, -6.191687]], [[106.7436053, -6.1920552], [106.7446487, -6.1921032], [106.7453808, -6.19175]], [[106.7458966, -6.191682], [106.7458614, -6.191687]], [[106.7458966, -6.191682], [106.7459408, -6.1916533], [106.7459677, -6.1916379], [106.7460194, -6.1916294]], [[106.7460194, -6.1916294], [106.7549884, -6.1910412]], [[106.7456056, -6.1917146], [106.7456639, -6.1917072]], [[106.7549884, -6.1910412], [106.755208, -6.1910269], [106.7553804, -6.190996], [106.7555231, -6.190961]], [[106.7433907, -6.1922859], [106.7436053, -6.1920552]], [[106.7453808, -6.19175], [106.7456056, -6.1917146]]]}, "properties": {"id": "rd-280", "name": "Jalan Taman Aries", "route_name": "Jalan Taman Aries", "highway": "primary", "mode": "road", "status": "context", "status_label": "Jalan - konteks", "source": "OpenStreetMap", "source_type": "osm", "license": "ODbL"}}, {"type": "Feature", "id": "rd-281", "geometry": {"type": "MultiLineString", "coordinates": [[[106.8805582, -6.290286], [106.8805318, -6.2901622], [106.8805184, -6.2901055]], [[106.8815665, -6.2941783], [106.8830534, -6.2979239]], [[106.8806059, -6.2899827], [106.8806295, -6.2900925]], [[106.8832716, -6.2986395], [106.8840943, -6.3017762]], [[106.8814628, -6.2942199], [106.8806669, -6.2910063]], [[106.8841081, -6.3019727], [106.8841756, -6.302199], [106.8841902, -6.3022603]], [[106.8805184, -6.2901055], [106.8804755, -6.2899702]], [[106.8806065, -6.2905775], [106.8805785, -6.2904187], [106.8805582, -6.290286]], [[106.8840943, -6.3017762], [106.884097, -6.3018101], [106.8840944, -6.3018324], [106.8840756, -6.301854]], [[106.8806295, -6.2900925], [106.8806785, -6.2903636], [106.880685, -6.2904105], [106.8806937, -6.2904679]], [[106.8830534, -6.2979239], [106.8832115, -6.2984425], [106.8832716, -6.2986395]], [[106.8839065, -6.3021564], [106.8838513, -6.3016368], [106.883828, -6.3010776]], [[106.883828, -6.3010776], [106.8814628, -6.2942199]], [[106.8806937, -6.2904679], [106.8815665, -6.2941783]], [[106.8806669, -6.2910063], [106.8806065, -6.2905775]], [[106.8840756, -6.301854], [106.884081, -6.3018707], [106.8841081, -6.3019727]]]}, "properties": {"id": "rd-281", "name": "Jalan Taman Mini I", "route_name": "Jalan Taman Mini I", "highway": "primary", "mode": "road", "status": "context", "status_label": "Jalan - konteks", "source": "OpenStreetMap", "source_type": "osm", "license": "ODbL"}}, {"type": "Feature", "id": "rd-282", "geometry": {"type": "MultiLineString", "coordinates": [[[106.8814872, -6.1094389], [106.8826734, -6.1094854]], [[106.8818059, -6.1101063], [106.8810673, -6.1102836], [106.8804716, -6.1097574]], [[106.8804716, -6.1097574], [106.8805947, -6.1096416], [106.8806694, -6.1095483]], [[106.8828738, -6.1098817], [106.8827848, -6.1099296]], [[106.8806694, -6.1095483], [106.8814142, -6.1094378]], [[106.8827848, -6.1099296], [106.8822862, -6.1104362], [106.8818059, -6.1101063]], [[106.8814142, -6.1094378], [106.8814872, -6.1094389]], [[106.8826734, -6.1094854], [106.8828829, -6.1095022]]]}, "properties": {"id": "rd-282", "name": "Jalan Taman Stasiun Tanjung Priok", "route_name": "Jalan Taman Stasiun Tanjung Priok", "highway": "trunk", "mode": "road", "status": "context", "status_label": "Jalan - konteks", "source": "OpenStreetMap", "source_type": "osm", "license": "ODbL"}}, {"type": "Feature", "id": "rd-283", "geometry": {"type": "MultiLineString", "coordinates": [[[106.8493734, -6.2037382], [106.8489368, -6.20635]], [[106.8488614, -6.2074565], [106.848911, -6.2077495]], [[106.8489186, -6.2078776], [106.8489079, -6.2079444], [106.8488892, -6.2079931], [106.8488514, -6.208066]], [[106.8476247, -6.2087286], [106.8477958, -6.2086713], [106.8479037, -6.2086194]], [[106.8485813, -6.208229], [106.8488556, -6.2077778]], [[106.8488556, -6.2077778], [106.848781, -6.2074262]], [[106.8482677, -6.2084295], [106.8485813, -6.208229]], [[106.8494403, -6.2026442], [106.8494585, -6.2025498]], [[106.8488109, -6.2061517], [106.8492392, -6.2038002]], [[106.848781, -6.2074262], [106.8487042, -6.2068472]], [[106.8489368, -6.20635], [106.8488614, -6.2074565]], [[106.8492532, -6.2037166], [106.8493205, -6.203368], [106.8493966, -6.2029187], [106.8494403, -6.2026442]], [[106.8487706, -6.2063079], [106.8488109, -6.2061517]], [[106.8487042, -6.2068472], [106.8487128, -6.2067737], [106.84875, -6.2064553]], [[106.8479037, -6.2086194], [106.8482677, -6.2084295]], [[106.848911, -6.2077495], [106.8489186, -6.2078776]], [[106.84875, -6.2064553], [106.848767, -6.2063332], [106.8487706, -6.2063079]], [[106.8492392, -6.2038002], [106.8492532, -6.2037166]], [[106.8496484, -6.2025723], [106.8493734, -6.2037382]]]}, "properties": {"id": "rd-283", "name": "Jalan Tambak", "route_name": "Jalan Tambak", "highway": "primary", "mode": "road", "status": "context", "status_label": "Jalan - konteks", "source": "OpenStreetMap", "source_type": "osm", "license": "ODbL"}}, {"type": "Feature", "id": "rd-284", "geometry": {"type": "MultiLineString", "coordinates": [[[106.8520473, -6.1714524], [106.8521663, -6.1690647]], [[106.8519053, -6.1747453], [106.8519007, -6.1746616]], [[106.8519007, -6.1746616], [106.8518905, -6.1744787]], [[106.8518905, -6.1744787], [106.8519773, -6.1724757]], [[106.8520204, -6.171935], [106.8520273, -6.1718733], [106.8520473, -6.1714524]], [[106.8519949, -6.1721769], [106.8520019, -6.1720519], [106.8520204, -6.171935]], [[106.8519773, -6.1724757], [106.8519949, -6.1721769]]]}, "properties": {"id": "rd-284", "name": "Jalan Tanah Tinggi Barat", "route_name": "Jalan Tanah Tinggi Barat", "highway": "primary", "mode": "road", "status": "context", "status_label": "Jalan - konteks", "source": "OpenStreetMap", "source_type": "osm", "license": "ODbL"}}, {"type": "Feature", "id": "rd-285", "geometry": {"type": "MultiLineString", "coordinates": [[[106.8522589, -6.1731953], [106.8521932, -6.174465]], [[106.8521932, -6.174465], [106.8521899, -6.1746415]], [[106.8521899, -6.1746415], [106.8521884, -6.1747309]], [[106.8523409, -6.1713931], [106.8522589, -6.1731953]]]}, "properties": {"id": "rd-285", "name": "Jalan Tanah Tinggi Timur", "route_name": "Jalan Tanah Tinggi Timur", "highway": "primary", "mode": "road", "status": "context", "status_label": "Jalan - konteks", "source": "OpenStreetMap", "source_type": "osm", "license": "ODbL"}}, {"type": "Feature", "id": "rd-286", "geometry": {"type": "MultiLineString", "coordinates": [[[106.8435793, -6.288493], [106.8410406, -6.2950717]], [[106.8409517, -6.2954162], [106.8405704, -6.2977505]], [[106.8435578, -6.288112], [106.8435602, -6.288246], [106.8435743, -6.2884198], [106.8435793, -6.288493]], [[106.8435615, -6.2880034], [106.8435578, -6.288112]], [[106.8404822, -6.2984644], [106.8404152, -6.2990899]], [[106.8405704, -6.2977505], [106.8404959, -6.2983439], [106.8404822, -6.2984644]], [[106.8404152, -6.2990899], [106.8398951, -6.3034914]], [[106.8410406, -6.2950717], [106.8409748, -6.295317], [106.8409517, -6.2954162]]]}, "properties": {"id": "rd-286", "name": "Jalan Tanjung Barat", "route_name": "Jalan Tanjung Barat", "highway": "primary", "mode": "road", "status": "context", "status_label": "Jalan - konteks", "source": "OpenStreetMap", "source_type": "osm", "license": "ODbL"}}, {"type": "Feature", "id": "rd-287", "geometry": {"type": "MultiLineString", "coordinates": [[[106.7835654, -6.1738053], [106.7836172, -6.177229]], [[106.7831767, -6.184682], [106.7832939, -6.1860401]], [[106.7897111, -6.1736383], [106.7890053, -6.1737445]], [[106.7877892, -6.1737791], [106.7853331, -6.1737967]], [[106.7834134, -6.1866161], [106.783306, -6.1861083]], [[106.7889884, -6.1736657], [106.7892848, -6.1732004]], [[106.784872, -6.1737689], [106.784848, -6.1737696], [106.7841173, -6.1737899], [106.7835654, -6.1738053]], [[106.7832364, -6.1843613], [106.7832527, -6.1842957], [106.7833065, -6.1841427], [106.7833608, -6.1840287]], [[106.783306, -6.1861083], [106.7834916, -6.1865813]], [[106.785331, -6.1737392], [106.7868271, -6.1737204]], [[106.7833608, -6.1840287], [106.7832364, -6.1843613]], [[106.7833608, -6.1840287], [106.7836279, -6.182183]], [[106.7831767, -6.184682], [106.7831672, -6.1845798], [106.7831752, -6.1844985], [106.7832364, -6.1843613]], [[106.7832939, -6.1860401], [106.783306, -6.1861083]], [[106.7836229, -6.1775363], [106.7836479, -6.1781334]], [[106.7836479, -6.1781334], [106.7836615, -6.1782847], [106.7836588, -6.1784154]], [[106.7836479, -6.1781334], [106.783635, -6.1782842], [106.7836588, -6.1784154]], [[106.7836172, -6.177229], [106.7836325, -6.1773848], [106.7836229, -6.1775363]], [[106.7836588, -6.1784154], [106.7836279, -6.182183]], [[106.7836172, -6.177229], [106.7836016, -6.1773855], [106.7836229, -6.1775363]], [[106.7853331, -6.1737967], [106.784872, -6.1737689]], [[106.784872, -6.1737689], [106.7849466, -6.1737431], [106.7850231, -6.1737425], [106.785331, -6.1737392]], [[106.7877874, -6.173687], [106.7883014, -6.1736779], [106.7888456, -6.1736682], [106.7889884, -6.1736657]], [[106.7868271, -6.1737204], [106.7872924, -6.1737059], [106.7877874, -6.173687]], [[106.7890053, -6.1737445], [106.7877892, -6.1737791]]]}, "properties": {"id": "rd-287", "name": "Jalan Tanjung Duren Raya", "route_name": "Jalan Tanjung Duren Raya", "highway": "primary", "mode": "road", "status": "context", "status_label": "Jalan - konteks", "source": "OpenStreetMap", "source_type": "osm", "license": "ODbL"}}, {"type": "Feature", "id": "rd-288", "geometry": {"type": "MultiLineString", "coordinates": [[[106.7939936, -6.1772764], [106.7939624, -6.177319]], [[106.793734, -6.177431], [106.7938457, -6.1772647]], [[106.792921, -6.1804219], [106.7930475, -6.1785452]], [[106.7924526, -6.1815208], [106.7928393, -6.180655]], [[106.7938457, -6.1772647], [106.7938475, -6.1772036], [106.7938318, -6.1771323]], [[106.7939624, -6.177319], [106.7939373, -6.177355], [106.7938241, -6.1775175]], [[106.7938057, -6.1775455], [106.793134, -6.1785277]], [[106.793134, -6.1785277], [106.792921, -6.1804219]], [[106.7930475, -6.1785452], [106.793734, -6.177431]], [[106.792921, -6.1804219], [106.7928393, -6.180655]], [[106.7938241, -6.1775175], [106.7938057, -6.1775455]]]}, "properties": {"id": "rd-288", "name": "Jalan Tanjung Duren Timur II", "route_name": "Jalan Tanjung Duren Timur II", "highway": "primary", "mode": "road", "status": "context", "status_label": "Jalan - konteks", "source": "OpenStreetMap", "source_type": "osm", "license": "ODbL"}}, {"type": "Feature", "id": "rd-289", "geometry": {"type": "MultiLineString", "coordinates": [[[106.9904001, -6.1040102], [106.9899405, -6.1038623]], [[106.9929075, -6.1701532], [106.9927964, -6.1696658], [106.9912394, -6.1692895], [106.9911592, -6.1669829], [106.990493, -6.1667065], [106.9904587, -6.1656049], [106.9898864, -6.1652843], [106.9902592, -6.1638503], [106.989938, -6.1624896], [106.9903927, -6.1592002], [106.9900614, -6.1576302], [106.9911165, -6.1510557], [106.9910954, -6.1468911], [106.9916284, -6.1449794], [106.990806, -6.1401485], [106.9918703, -6.1316825], [106.991792, -6.1297541], [106.9913801, -6.1294512], [106.9914206, -6.1278559], [106.9918071, -6.1245774], [106.9936308, -6.1182577]], [[106.9929078, -6.170328], [106.9929075, -6.1701532]], [[106.9930166, -6.170696], [106.9929078, -6.170328]], [[106.9939227, -6.1165541], [106.9942962, -6.1130389]], [[106.9936526, -6.1180827], [106.9939227, -6.1165541]], [[106.9936308, -6.1182577], [106.9936526, -6.1180827]], [[106.994511, -6.1091454], [106.9942999, -6.1129608]], [[106.9945751, -6.1086271], [106.994823, -6.1054916]], [[106.9911517, -6.104252], [106.994823, -6.1054916]], [[106.9877499, -6.1032565], [106.9881267, -6.1033899]], [[106.9881267, -6.1033899], [106.9901009, -6.1038118]], [[106.9942962, -6.1130389], [106.9942999, -6.1129608]], [[106.994511, -6.1091454], [106.9945751, -6.1086271]], [[106.9891166, -6.1036405], [106.9884907, -6.1035073], [106.9881267, -6.1033899]], [[106.9899405, -6.1038623], [106.9897158, -6.1037935], [106.9894662, -6.1037255], [106.9891166, -6.1036405]], [[106.9911517, -6.104252], [106.9905678, -6.1040641], [106.9904001, -6.1040102]], [[106.9901009, -6.1038118], [106.9911517, -6.104252]]]}, "properties": {"id": "rd-289", "name": "Jalan Taruma Jaya", "route_name": "Jalan Taruma Jaya", "highway": "primary", "mode": "road", "status": "context", "status_label": "Jalan - konteks", "source": "OpenStreetMap", "source_type": "osm", "license": "ODbL"}}, {"type": "Feature", "id": "rd-291", "geometry": {"type": "MultiLineString", "coordinates": [[[106.8003974, -6.2043644], [106.798531, -6.2055486], [106.797561, -6.2076991]], [[106.790784, -6.2214573], [106.7924184, -6.2175463], [106.7938681, -6.2155548]], [[106.7999844, -6.2042974], [106.801022, -6.2037778], [106.8011391, -6.203749]], [[106.7883445, -6.2262483], [106.7885198, -6.2259494], [106.7886174, -6.2257867]], [[106.8014281, -6.2039598], [106.8012783, -6.2039953], [106.8007187, -6.2042261]], [[106.7966933, -6.2087182], [106.7982151, -6.2056229], [106.7993069, -6.2046177]], [[106.7956225, -6.2143105], [106.7955333, -6.2144049]], [[106.7957452, -6.214144], [106.7956225, -6.2143105]], [[106.7963422, -6.2102868], [106.7962498, -6.2128529], [106.7957452, -6.214144]], [[106.7956078, -6.2138836], [106.7964038, -6.2093508]], [[106.7954645, -6.2140732], [106.7956078, -6.2138836]], [[106.7895576, -6.2247457], [106.7892555, -6.2252231], [106.7891126, -6.2254489], [106.7890006, -6.225654]], [[106.7966469, -6.2096617], [106.7964992, -6.2099348], [106.7964066, -6.21013], [106.7963422, -6.2102868]], [[106.7943885, -6.2150719], [106.7954645, -6.2140732]], [[106.7886174, -6.2257867], [106.7901074, -6.2230575]], [[106.7918133, -6.2196127], [106.7903384, -6.2232179]], [[106.7964038, -6.2093508], [106.7965509, -6.2090293], [106.7966933, -6.2087182]], [[106.7993069, -6.2046177], [106.7998224, -6.2043747]], [[106.7906686, -6.2217345], [106.7907142, -6.2216279], [106.7907424, -6.221559], [106.790784, -6.2214573]], [[106.7938681, -6.2155548], [106.7939853, -6.215448], [106.7941488, -6.2152991], [106.7943885, -6.2150719]], [[106.797561, -6.2076991], [106.7973245, -6.2082128], [106.7973198, -6.208223], [106.7970039, -6.2088883]], [[106.7998224, -6.2043747], [106.7999844, -6.2042974]], [[106.7902988, -6.2233105], [106.7895576, -6.2247457]], [[106.7903384, -6.2232179], [106.7902988, -6.2233105]], [[106.7901074, -6.2230575], [106.7906686, -6.2217345]], [[106.8007187, -6.2042261], [106.8003974, -6.2043644]], [[106.7970039, -6.2088883], [106.7966469, -6.2096617]], [[106.7955333, -6.2144049], [106.7935748, -6.2162951], [106.7918133, -6.2196127]]]}, "properties": {"id": "rd-291", "name": "Jalan Tentara Pelajar", "route_name": "Jalan Tentara Pelajar", "highway": "trunk", "mode": "road", "status": "context", "status_label": "Jalan - konteks", "source": "OpenStreetMap", "source_type": "osm", "license": "ODbL"}}, {"type": "Feature", "id": "rd-292", "geometry": {"type": "MultiLineString", "coordinates": [[[106.7969102, -6.2292691], [106.7977949, -6.2291422]], [[106.7991184, -6.2291445], [106.7984628, -6.2288754]], [[106.796597, -6.2292758], [106.7968445, -6.2292704], [106.7969102, -6.2292691]], [[106.7977949, -6.2291422], [106.7980541, -6.2289885], [106.7981153, -6.2289322], [106.798147, -6.2288923]], [[106.798147, -6.2288923], [106.7981613, -6.2288272], [106.798162, -6.228668]], [[106.7984628, -6.2288754], [106.7982987, -6.2289454]], [[106.7991865, -6.2292469], [106.7991549, -6.2291994], [106.7991184, -6.2291445]]]}, "properties": {"id": "rd-292", "name": "Jalan Terusan Hang Lekir I", "route_name": "Jalan Terusan Hang Lekir I", "highway": "primary", "mode": "road", "status": "context", "status_label": "Jalan - konteks", "source": "OpenStreetMap", "source_type": "osm", "license": "ODbL"}}, {"type": "Feature", "id": "rd-293", "geometry": {"type": "MultiLineString", "coordinates": [[[106.8272415, -6.2370912], [106.8271404, -6.2372461]], [[106.8275557, -6.2366985], [106.8272808, -6.2370332], [106.8272415, -6.2370912]], [[106.8270511, -6.2368908], [106.8271292, -6.2367711], [106.8272902, -6.2365363], [106.8273229, -6.236532]], [[106.8271126, -6.2372914], [106.826377, -6.2385928]], [[106.8259465, -6.2398921], [106.8259198, -6.2399525], [106.8258575, -6.2401113]], [[106.8259616, -6.2398469], [106.8259465, -6.2398921]], [[106.8259896, -6.2397112], [106.8259616, -6.2398469]], [[106.8257139, -6.2398046], [106.8262839, -6.2382266]], [[106.8256842, -6.2398541], [106.8257139, -6.2398046]], [[106.8254783, -6.2399442], [106.8256842, -6.2398541]], [[106.8268637, -6.2372166], [106.8269299, -6.2371009]], [[106.8269299, -6.2371009], [106.8270136, -6.2369419]], [[106.8266585, -6.2375435], [106.8268637, -6.2372166]], [[106.8262839, -6.2382266], [106.8263416, -6.2381113], [106.8264508, -6.2379044], [106.8266585, -6.2375435]], [[106.8271404, -6.2372461], [106.8271126, -6.2372914]], [[106.8270136, -6.2369419], [106.8270511, -6.2368908]], [[106.826377, -6.2385928], [106.8259896, -6.2397112]]]}, "properties": {"id": "rd-293", "name": "Jalan Terusan Kuningan Hajjah R. Rasuna Said", "route_name": "Jalan Terusan Kuningan Hajjah R. Rasuna Said", "highway": "primary", "mode": "road", "status": "context", "status_label": "Jalan - konteks", "source": "OpenStreetMap", "source_type": "osm", "license": "ODbL"}}, {"type": "Feature", "id": "rd-294", "geometry": {"type": "MultiLineString", "coordinates": [[[106.7883984, -6.225912], [106.7888401, -6.226324], [106.7901118, -6.2274625]], [[106.7901118, -6.2274625], [106.7907206, -6.2280502], [106.7908479, -6.2289257]], [[106.7899136, -6.2274966], [106.7882721, -6.2259955]], [[106.7830444, -6.2386316], [106.7836399, -6.2373145]], [[106.7855827, -6.2345618], [106.7882976, -6.2324958], [106.7903728, -6.2295026]], [[106.7844165, -6.2359765], [106.7840342, -6.2366902]], [[106.7890902, -6.2317121], [106.7881795, -6.2328223], [106.7855891, -6.2347333]], [[106.7903728, -6.2295026], [106.790619, -6.2284152], [106.7899136, -6.2274966]], [[106.7843366, -6.2357997], [106.7855827, -6.2345618]], [[106.7840342, -6.2366902], [106.7836925, -6.2373622]], [[106.7836925, -6.2373622], [106.7836272, -6.2375054], [106.783593, -6.2375841]], [[106.7829441, -6.2390791], [106.782998, -6.2387872]], [[106.7855891, -6.2347333], [106.7847334, -6.2355821]], [[106.7908479, -6.2289257], [106.7890902, -6.2317121]], [[106.7836399, -6.2373145], [106.7837043, -6.2370485], [106.783716, -6.2370111], [106.7837271, -6.2369754]], [[106.782998, -6.2387872], [106.7830172, -6.2387175], [106.7830444, -6.2386316]], [[106.7837271, -6.2369754], [106.7842932, -6.2358705]], [[106.7842932, -6.2358705], [106.7843142, -6.2358383], [106.7843366, -6.2357997]], [[106.7847334, -6.2355821], [106.7844165, -6.2359765]]]}, "properties": {"id": "rd-294", "name": "Jalan Teuku Nyak Arief", "route_name": "Jalan Teuku Nyak Arief", "highway": "trunk", "mode": "road", "status": "context", "status_label": "Jalan - konteks", "source": "OpenStreetMap", "source_type": "osm", "license": "ODbL"}}, {"type": "Feature", "id": "rd-295", "geometry": {"type": "MultiLineString", "coordinates": [[[106.892185, -6.1365841], [106.892264, -6.1339865]], [[106.8931439, -6.1077725], [106.8936172, -6.1071398], [106.8943736, -6.1069571], [106.8991023, -6.1077452]], [[106.8922941, -6.136613], [106.8921323, -6.1372596], [106.8918008, -6.1386742], [106.8914883, -6.1400123]], [[106.8925758, -6.1334923], [106.892443, -6.1359308]], [[106.8904332, -6.1443986], [106.8907728, -6.1426322]], [[106.8930572, -6.1317053], [106.893652, -6.1296579]], [[106.92621, -6.1212394], [106.9230996, -6.109784], [106.9222745, -6.1082523], [106.9211664, -6.1075481], [106.9198318, -6.1073444], [106.9164656, -6.1083283], [106.9105299, -6.1088133]], [[106.9265387, -6.1219238], [106.9281855, -6.125303], [106.9382415, -6.139342]], [[106.8936437, -6.1251271], [106.8936628, -6.1255287], [106.8936716, -6.1256969]], [[106.9105299, -6.1088133], [106.9063576, -6.108731]], [[106.9104709, -6.108704], [106.9163021, -6.1082466], [106.9198277, -6.10724], [106.9212896, -6.1074631], [106.9223711, -6.1081301], [106.9232437, -6.1097549], [106.9265387, -6.1219238]], [[106.8950166, -6.1076522], [106.8939552, -6.1077505], [106.8933573, -6.1081766], [106.8932192, -6.1109107]], [[106.8930963, -6.1138986], [106.8933315, -6.1187406]], [[106.893652, -6.1296579], [106.8936288, -6.1282773]], [[106.8928453, -6.1325427], [106.892775, -6.1327129], [106.8927053, -6.132933], [106.892689, -6.1329979]], [[106.8937683, -6.1289504], [106.893778, -6.1292099], [106.8937754, -6.1295353], [106.8937605, -6.1296646]], [[106.8936288, -6.1282773], [106.8936246, -6.1281792], [106.8936197, -6.1280766], [106.8935958, -6.1274685]], [[106.8933672, -6.1191426], [106.8933812, -6.1195158], [106.8933989, -6.1199946]], [[106.893282, -6.1201726], [106.8932535, -6.1195249], [106.8932336, -6.1189893], [106.8932256, -6.1187413]], [[106.9381472, -6.1394147], [106.9279361, -6.125115]], [[106.9043984, -6.1083786], [106.9104709, -6.108704]], [[106.892443, -6.1359308], [106.8924182, -6.136085], [106.8922941, -6.136613]], [[106.8932192, -6.1109107], [106.8931777, -6.1118979]], [[106.8930868, -6.1118779], [106.8930992, -6.1116871]], [[106.8932256, -6.1187413], [106.8930115, -6.1139013]], [[106.8934977, -6.1254339], [106.8934149, -6.1232196]], [[106.8908076, -6.1428396], [106.8905773, -6.1441239]], [[106.8937081, -6.1270324], [106.8937683, -6.1289504]], [[106.8913799, -6.1399857], [106.891694, -6.1386494], [106.8920042, -6.1373442], [106.892185, -6.1365841]], [[106.8931142, -6.1112475], [106.8931245, -6.1109155]], [[106.8930992, -6.1116871], [106.8931142, -6.1112475]], [[106.8930115, -6.1139013], [106.8930137, -6.1136212]], [[106.8930137, -6.1136212], [106.8930868, -6.1118779]], [[106.8931036, -6.1136219], [106.8930963, -6.1138986]], [[106.8931777, -6.1118979], [106.8931036, -6.1136219]], [[106.9019267, -6.1081839], [106.8989374, -6.1078466]], [[106.8989374, -6.1078466], [106.8966835, -6.1076475]], [[106.8966835, -6.1076475], [106.8959934, -6.107615]], [[106.8991023, -6.1077452], [106.9019361, -6.1080795]], [[106.8935062, -6.1260764], [106.8934987, -6.1255349], [106.8934977, -6.1254339]], [[106.8935958, -6.1274685], [106.8935062, -6.1260764]], [[106.892264, -6.1339865], [106.8924551, -6.1330428]], [[106.9279361, -6.125115], [106.9278942, -6.125053], [106.9277202, -6.1247955], [106.927527, -6.1245096]], [[106.927527, -6.1245096], [106.926337, -6.1216641]], [[106.89341, -6.1202612], [106.8935032, -6.1221651]], [[106.8933315, -6.1187406], [106.8933538, -6.1190224], [106.8933672, -6.1191426]], [[106.8933989, -6.1199946], [106.89341, -6.1202612]], [[106.8934149, -6.1232196], [106.893282, -6.1201726]], [[106.8936823, -6.1261824], [106.8936865, -6.1263304]], [[106.9049744, -6.108575], [106.9044337, -6.1084922]], [[106.9044337, -6.1084922], [106.9040161, -6.1084333]], [[106.9040161, -6.1084333], [106.9019267, -6.1081839]], [[106.9063576, -6.108731], [106.9053331, -6.10862], [106.9049744, -6.108575]], [[106.8935032, -6.1221651], [106.8936437, -6.1251271]], [[106.926337, -6.1216641], [106.92621, -6.1212394]], [[106.8931245, -6.1109155], [106.8931439, -6.1077725]], [[106.8959934, -6.107615], [106.895504, -6.1076285], [106.8950166, -6.1076522]], [[106.9019361, -6.1080795], [106.9025959, -6.1081573], [106.9043984, -6.1083786]], [[106.8924551, -6.1330428], [106.8926462, -6.1326848]], [[106.8926462, -6.1326848], [106.8930572, -6.1317053]], [[106.8937605, -6.1296646], [106.8932794, -6.1314407]], [[106.8907728, -6.1426322], [106.8908793, -6.1421124], [106.8913799, -6.1399857]], [[106.8914883, -6.1400123], [106.8909859, -6.142131], [106.8908076, -6.1428396]], [[106.8936716, -6.1256969], [106.8936823, -6.1261824]], [[106.892689, -6.1329979], [106.8926383, -6.1332369], [106.8925758, -6.1334923]], [[106.8932794, -6.1314407], [106.8931438, -6.1317822], [106.8929453, -6.1323009], [106.8928453, -6.1325427]], [[106.8936865, -6.1263304], [106.8937081, -6.1270324]]]}, "properties": {"id": "rd-295", "name": "Jalan Tol Akses Tanjung Priok", "route_name": "Jalan Tol Akses Tanjung Priok", "highway": "motorway", "mode": "road", "status": "context", "status_label": "Jalan - konteks", "source": "OpenStreetMap", "source_type": "osm", "license": "ODbL"}}, {"type": "Feature", "id": "rd-296", "geometry": {"type": "MultiLineString", "coordinates": [[[106.9572066, -6.2499748], [106.945649, -6.2502695], [106.9421345, -6.2499923]], [[106.8998911, -6.2441863], [106.9066447, -6.2465129], [106.9128513, -6.2480967], [106.9184221, -6.2479246]], [[106.8760743, -6.2292756], [106.878395, -6.2386127], [106.8797637, -6.2400366]], [[106.8922865, -6.2397162], [106.8866408, -6.2397672], [106.8799122, -6.2404597], [106.878276, -6.2395669], [106.8776212, -6.2378168]], [[106.9915321, -6.2473945], [106.9859767, -6.2485114], [106.9762057, -6.2476749], [106.9703874, -6.2495498], [106.9582283, -6.2498839]], [[106.8753182, -6.2281749], [106.8743102, -6.2243161], [106.8743038, -6.2196156]], [[106.944942, -6.2497656], [106.9703967, -6.2493357], [106.9762646, -6.2475451], [106.9858791, -6.2483982], [106.9907172, -6.2474499]], [[106.8797637, -6.2400366], [106.8811037, -6.2402947], [106.8886888, -6.2394056]], [[106.9327131, -6.2489802], [106.9324874, -6.2489505], [106.9320635, -6.2488911]], [[106.9320635, -6.2488911], [106.9215981, -6.2479831], [106.9141609, -6.248529]], [[106.9321563, -6.2486512], [106.9327867, -6.2487355]], [[106.9279628, -6.2482436], [106.9321563, -6.2486512]], [[106.9184221, -6.2479246], [106.9219439, -6.2476994], [106.9256968, -6.2480406]], [[106.9327867, -6.2487355], [106.944942, -6.2497656]], [[106.8774423, -6.2370266], [106.87711, -6.2360231], [106.8769486, -6.2353431], [106.8767035, -6.2342128]], [[106.9582283, -6.2498839], [106.9572066, -6.2499748]], [[106.874459, -6.2197962], [106.8760743, -6.2292756]], [[106.8767035, -6.2342128], [106.8753182, -6.2281749]], [[106.9256968, -6.2480406], [106.9279628, -6.2482436]], [[106.9421345, -6.2499923], [106.9417711, -6.249966]], [[106.9417711, -6.249966], [106.9327131, -6.2489802]], [[106.894068, -6.2402189], [106.8922865, -6.2397162]], [[106.9002772, -6.2445623], [106.8984143, -6.2437507], [106.894068, -6.2402189]], [[106.9141609, -6.248529], [106.9138842, -6.2485324]], [[106.9138842, -6.2485324], [106.907007, -6.2469166], [106.9002772, -6.2445623]], [[106.8776212, -6.2378168], [106.8774423, -6.2370266]], [[106.8984717, -6.243392], [106.8998911, -6.2441863]], [[106.8886888, -6.2394056], [106.8936396, -6.2396797], [106.8984717, -6.243392]]]}, "properties": {"id": "rd-296", "name": "Jalan Tol Bekasi–Cawang–Kampung Melayu", "route_name": "Jalan Tol Bekasi–Cawang–Kampung Melayu", "highway": "motorway", "mode": "road", "status": "context", "status_label": "Jalan - konteks", "source": "OpenStreetMap", "source_type": "osm", "license": "ODbL"}}, {"type": "Feature", "id": "rd-297", "geometry": {"type": "MultiLineString", "coordinates": [[[106.8259702, -6.2360547], [106.8216046, -6.2329014], [106.8171119, -6.2264447]], [[106.8295837, -6.2383538], [106.8259702, -6.2360547]], [[106.81206, -6.2188338], [106.8123146, -6.2192043], [106.8126459, -6.2196865], [106.8128237, -6.2199454]], [[106.8127386, -6.2200074], [106.8119806, -6.2188972]], [[106.8207373, -6.2315275], [106.8226552, -6.2336628], [106.8260546, -6.2359498]], [[106.8260546, -6.2359498], [106.8270517, -6.236581], [106.8287388, -6.2376491], [106.8296487, -6.2382252]], [[106.8402549, -6.2421517], [106.8424265, -6.2429888]], [[106.796223, -6.1797665], [106.795572, -6.1786483]], [[106.7930028, -6.1761235], [106.7892974, -6.1724494], [106.788136, -6.1694868]], [[106.7956964, -6.1785945], [106.7963281, -6.1797224]], [[106.788257, -6.1671671], [106.7892867, -6.1644387]], [[106.7882593, -6.1694788], [106.7891713, -6.1720147], [106.7912806, -6.1743018]], [[106.7892867, -6.1644387], [106.7897011, -6.1633514]], [[106.7882895, -6.1675508], [106.7882593, -6.1694788]], [[106.7920135, -6.1488854], [106.793803, -6.1524148], [106.7939653, -6.1540134], [106.7898259, -6.1634014]], [[106.7898259, -6.1634014], [106.7894033, -6.164472]], [[106.7897011, -6.1633514], [106.793579, -6.1543388], [106.7937493, -6.1528428], [106.7867206, -6.1391474], [106.786056, -6.136767]], [[106.8424265, -6.2429888], [106.8444723, -6.2433256]], [[106.8424186, -6.2431022], [106.8408394, -6.2424215], [106.8333715, -6.2406142]], [[106.8444723, -6.2433256], [106.8458967, -6.2433827], [106.8467121, -6.243404], [106.8475219, -6.2433396]], [[106.8451617, -6.2434809], [106.8424186, -6.2431022]], [[106.858397, -6.243106], [106.8588733, -6.2431023]], [[106.8512289, -6.2432738], [106.8480664, -6.2434442], [106.8474797, -6.2434782], [106.8474005, -6.2434828]], [[106.8588909, -6.2432175], [106.8584154, -6.2432204]], [[106.85403, -6.2432475], [106.8538007, -6.2432475]], [[106.8584154, -6.2432204], [106.8575528, -6.2432362], [106.854907, -6.2432363], [106.85403, -6.2432475]], [[106.8540326, -6.2431329], [106.858397, -6.243106]], [[106.8537959, -6.2431328], [106.8540326, -6.2431329]], [[106.8475219, -6.2433396], [106.8484066, -6.2432928], [106.8498312, -6.2432174], [106.8511812, -6.2431489]], [[106.8474005, -6.2434828], [106.8451617, -6.2434809]], [[106.8170475, -6.2261033], [106.8172326, -6.2263753]], [[106.8128237, -6.2199454], [106.8162012, -6.2248572]], [[106.8169321, -6.2261767], [106.8158734, -6.2246174]], [[106.8171119, -6.2264447], [106.8169321, -6.2261767]], [[106.8391024, -6.2418872], [106.839573, -6.2419951]], [[106.8374705, -6.2414848], [106.8391024, -6.2418872]], [[106.8296487, -6.2382252], [106.833175, -6.2403724], [106.8374705, -6.2414848]], [[106.8204264, -6.2310766], [106.8207373, -6.2315275]], [[106.8172326, -6.2263753], [106.8204264, -6.2310766]], [[106.7881789, -6.1674921], [106.7882433, -6.1672201]], [[106.788136, -6.1694868], [106.7881789, -6.1674921]], [[106.7883475, -6.1672754], [106.7882895, -6.1675508]], [[106.7894033, -6.164472], [106.7883659, -6.1671879]], [[106.8511812, -6.2431489], [106.8517078, -6.2431367], [106.8520778, -6.2431281]], [[106.8520778, -6.2431281], [106.8522267, -6.243127], [106.8530974, -6.2431302], [106.8537959, -6.2431328]], [[106.7942215, -6.1770241], [106.7956964, -6.1785945]], [[106.795572, -6.1786483], [106.7930028, -6.1761235]], [[106.8155651, -6.2241574], [106.8138354, -6.2216089], [106.8132389, -6.2207601], [106.8127386, -6.2200074]], [[106.8158734, -6.2246174], [106.8155651, -6.2241574]], [[106.8519169, -6.2432502], [106.8512289, -6.2432738]], [[106.8538007, -6.2432475], [106.8522606, -6.2432407], [106.8519169, -6.2432502]], [[106.7870871, -6.1396008], [106.7871657, -6.1397521]], [[106.7857642, -6.1353051], [106.7870871, -6.1396008]], [[106.786056, -6.136767], [106.7858236, -6.1358238]], [[106.7858236, -6.1358238], [106.7857296, -6.1355226]], [[106.7857296, -6.1355226], [106.7855362, -6.1348951]], [[106.839573, -6.2419951], [106.8402549, -6.2421517]], [[106.8333715, -6.2406142], [106.8295837, -6.2383538]], [[106.8162012, -6.2248572], [106.8165301, -6.2253415], [106.8170475, -6.2261033]], [[106.7912806, -6.1743018], [106.7913598, -6.1743841], [106.7916043, -6.1746197], [106.7918928, -6.1748862]], [[106.7918928, -6.1748862], [106.7942215, -6.1770241]], [[106.7883659, -6.1671879], [106.7883475, -6.1672754]], [[106.7882433, -6.1672201], [106.788257, -6.1671671]], [[106.7912635, -6.1474785], [106.7920135, -6.1488854]], [[106.7871657, -6.1397521], [106.7912635, -6.1474785]]]}, "properties": {"id": "rd-297", "name": "Jalan Tol Cawang–Pluit", "route_name": "Jalan Tol Cawang–Pluit", "highway": "motorway", "mode": "road", "status": "context", "status_label": "Jalan - konteks", "source": "OpenStreetMap", "source_type": "osm", "license": "ODbL"}}, {"type": "Feature", "id": "rd-298", "geometry": {"type": "MultiLineString", "coordinates": [[[106.6876477, -6.115526], [106.686371, -6.1168596], [106.6857487, -6.118409], [106.6858694, -6.125151], [106.6856628, -6.1286019], [106.6850916, -6.1311622]], [[106.6849494, -6.1310982], [106.6855207, -6.1285939], [106.6857675, -6.1243563], [106.6856146, -6.118369], [106.686261, -6.1168116], [106.6875404, -6.1154061]], [[106.6848394, -6.1313553], [106.6849494, -6.1310982]], [[106.6850916, -6.1311622], [106.6849867, -6.1314082]], [[106.6807582, -6.136232], [106.6794294, -6.1369065], [106.6785442, -6.1372106], [106.676516, -6.1377454]], [[106.6823148, -6.1348182], [106.6837102, -6.1333437], [106.6848394, -6.1313553]], [[106.6811237, -6.135766], [106.6816072, -6.135389], [106.6818631, -6.1351896], [106.6823148, -6.1348182]], [[106.6806263, -6.1361537], [106.6811237, -6.135766]], [[106.6764769, -6.1375948], [106.6806263, -6.1361537]], [[106.6813035, -6.135813], [106.6807582, -6.136232]], [[106.6820004, -6.1352775], [106.6816991, -6.135509], [106.6813035, -6.135813]], [[106.6849867, -6.1314082], [106.6838497, -6.1334129], [106.6820004, -6.1352775]]]}, "properties": {"id": "rd-298", "name": "Jalan Tol Cengkareng–Batuceper–Kunciran", "route_name": "Jalan Tol Cengkareng–Batuceper–Kunciran", "highway": "motorway", "mode": "road", "status": "context", "status_label": "Jalan - konteks", "source": "OpenStreetMap", "source_type": "osm", "license": "ODbL"}}, {"type": "Feature", "id": "rd-299", "geometry": {"type": "MultiLineString", "coordinates": [[[106.9961874, -6.1106279], [107.0016367, -6.1099876], [107.0067128, -6.1099619], [107.035753, -6.112827], [107.0415118, -6.1142052]], [[107.0414273, -6.1143204], [107.0357234, -6.1129796], [107.0067142, -6.1101082], [107.0016494, -6.1101348], [106.9937889, -6.1111023]], [[106.9374832, -6.1329004], [106.938763, -6.1287129], [106.9399082, -6.1271918], [106.9413181, -6.1265529], [106.9455655, -6.1259088], [106.9488145, -6.1230552], [106.950656, -6.1219984], [106.9691837, -6.1182835]], [[106.9691488, -6.118413], [106.9638135, -6.1197236], [106.9507204, -6.1221211], [106.9486302, -6.1233688], [106.9456371, -6.1260389], [106.9413424, -6.1266809], [106.9399495, -6.1273501], [106.9388758, -6.1287558], [106.9375987, -6.1329298]], [[106.9691837, -6.1182835], [106.9777425, -6.1161179], [106.9886101, -6.1120842], [106.9961874, -6.1106279]], [[106.9937889, -6.1111023], [106.9887084, -6.1121938], [106.9771953, -6.1164294], [106.9691488, -6.118413]]]}, "properties": {"id": "rd-299", "name": "Jalan Tol Cibitung–Cilincing", "route_name": "Jalan Tol Cibitung–Cilincing", "highway": "motorway", "mode": "road", "status": "context", "status_label": "Jalan - konteks", "source": "OpenStreetMap", "source_type": "osm", "license": "ODbL"}}, {"type": "Feature", "id": "rd-300", "geometry": {"type": "MultiLineString", "coordinates": [[[106.9679179, -6.3816303], [106.9714507, -6.3791546], [106.9753441, -6.3779281], [106.9776901, -6.3777786], [106.9865692, -6.3784133], [106.98879, -6.3782], [106.9914293, -6.3773151], [106.9986713, -6.3732313], [107.001391, -6.3707256], [107.00659, -6.3634915], [107.0085144, -6.3613201], [107.0251469, -6.3484389], [107.0267668, -6.3467479], [107.0280605, -6.3449254], [107.0312593, -6.338331], [107.0397034, -6.3273019]], [[107.0397923, -6.327428], [107.0313924, -6.3383942], [107.0281785, -6.3450126], [107.0268862, -6.3468515], [107.0252683, -6.348517], [107.0085976, -6.3614377], [107.0066862, -6.3635937], [107.0015144, -6.3708163], [106.9999158, -6.3724636], [106.9973785, -6.3741643], [106.9901633, -6.3779548], [106.9865584, -6.3785626], [106.9776884, -6.3779335], [106.9753935, -6.378067], [106.9715181, -6.3792919], [106.9678535, -6.3818907]]]}, "properties": {"id": "rd-300", "name": "Jalan Tol Cimanggis–Cibitung", "route_name": "Jalan Tol Cimanggis–Cibitung", "highway": "motorway", "mode": "road", "status": "context", "status_label": "Jalan - konteks", "source": "OpenStreetMap", "source_type": "osm", "license": "ODbL"}}, {"type": "Feature", "id": "rd-301", "geometry": {"type": "MultiLineString", "coordinates": [[[106.8057226, -6.2104285], [106.8011474, -6.2047504]], [[106.799785, -6.2017395], [106.8012292, -6.2047079]], [[106.7996852, -6.2017983], [106.798221, -6.1985971]], [[106.7983211, -6.1985775], [106.799785, -6.2017395]], [[106.8043218, -6.2086276], [106.8093356, -6.2147863]], [[106.8011474, -6.2047504], [106.7996852, -6.2017983]], [[106.8086401, -6.2139918], [106.8083082, -6.213558]], [[106.8119806, -6.2188972], [106.809652, -6.2154818], [106.8086539, -6.214012], [106.8086401, -6.2139918]], [[106.8096312, -6.2152091], [106.81206, -6.2188338]], [[106.8093356, -6.2147863], [106.8096312, -6.2152091]], [[106.8040375, -6.208283], [106.8043218, -6.2086276]], [[106.8012292, -6.2047079], [106.8040375, -6.208283]], [[106.8060905, -6.2109501], [106.8059338, -6.2107102], [106.8057226, -6.2104285]], [[106.8083082, -6.213558], [106.8060905, -6.2109501]]]}, "properties": {"id": "rd-301", "name": "Jalan Tol Dalam Kota Jakarta", "route_name": "Jalan Tol Dalam Kota Jakarta", "highway": "motorway", "mode": "road", "status": "context", "status_label": "Jalan - konteks", "source": "OpenStreetMap", "source_type": "osm", "license": "ODbL"}}, {"type": "Feature", "id": "rd-302", "geometry": {"type": "MultiLineString", "coordinates": [[[106.8037082, -6.3160463], [106.8033335, -6.3119977], [106.8034843, -6.302058]], [[106.7965979, -6.344894], [106.793906, -6.3464756], [106.7925006, -6.3477966], [106.78952, -6.3540466]], [[106.8037017, -6.301573], [106.8035145, -6.3118384], [106.803873, -6.3160344]], [[106.7994998, -6.3369015], [106.7997187, -6.333625]], [[106.8023639, -6.324958], [106.8010998, -6.3277509], [106.8004318, -6.3302783]], [[106.8027389, -6.3241388], [106.8023639, -6.324958]], [[106.8022279, -6.3249253], [106.8026131, -6.3240878]], [[106.803771, -6.3179446], [106.8034976, -6.3212808], [106.8027389, -6.3241388]], [[106.8026131, -6.3240878], [106.8033635, -6.3212382], [106.803664, -6.317234]], [[106.7984254, -6.3433649], [106.7965979, -6.344894]], [[106.79827, -6.3433141], [106.7991284, -6.3417599], [106.7994582, -6.3393899]], [[106.7995763, -6.339518], [106.7992598, -6.3418185], [106.7984254, -6.3433649]], [[106.7999214, -6.3331561], [106.7998744, -6.3336076]], [[106.7998744, -6.3336076], [106.7996484, -6.3369216]], [[106.7997187, -6.333625], [106.7997783, -6.3332206]], [[106.800067, -6.3314953], [106.8009469, -6.3277136], [106.8022279, -6.3249253]], [[106.800193, -6.3315286], [106.7999679, -6.3328201], [106.7999214, -6.3331561]], [[106.803664, -6.317234], [106.8037082, -6.3160463]], [[106.8000108, -6.3317551], [106.800067, -6.3314953]], [[106.7997783, -6.3332206], [106.7998499, -6.3327894], [106.7999343, -6.3322456], [106.8000108, -6.3317551]], [[106.8050114, -6.2948699], [106.804832, -6.2957849], [106.8045491, -6.2973371]], [[106.8038924, -6.2999206], [106.8039119, -6.2998208], [106.8039156, -6.2998022], [106.8039258, -6.29975]], [[106.7994704, -6.3379201], [106.7994998, -6.3369015]], [[106.8004318, -6.3302783], [106.800193, -6.3315286]], [[106.7996484, -6.3369216], [106.7996386, -6.3376316]], [[106.7965362, -6.3447684], [106.79827, -6.3433141]], [[106.7995816, -6.3390807], [106.7995763, -6.339518]], [[106.7996302, -6.3379811], [106.7995816, -6.3390807]], [[106.799469, -6.3389475], [106.7994704, -6.3379201]], [[106.7994582, -6.3393899], [106.799469, -6.3389475]], [[106.7933098, -6.346794], [106.7965362, -6.3447684]], [[106.789346, -6.3544976], [106.7888323, -6.3579597]], [[106.7888238, -6.3595683], [106.7887588, -6.3564775]], [[106.7887588, -6.3564775], [106.7893256, -6.3541979], [106.7913961, -6.3493511], [106.7931305, -6.3469719]], [[106.7889019, -6.3588555], [106.7889526, -6.3595975]], [[106.788991, -6.3617975], [106.7888238, -6.3595683]], [[106.804057, -6.2999505], [106.8039948, -6.3002344]], [[106.8040885, -6.2997795], [106.8040794, -6.2998319], [106.8040748, -6.299852], [106.804057, -6.2999505]], [[106.803986, -6.2994466], [106.8040686, -6.2990182]], [[106.803564, -6.3016146], [106.803642, -6.3012155], [106.8038437, -6.3001838]], [[106.8039258, -6.29975], [106.8039846, -6.2994535], [106.803986, -6.2994466]], [[106.804482, -6.296858], [106.8047045, -6.2957436]], [[106.8043289, -6.2976259], [106.804482, -6.296858]], [[106.8038437, -6.3001838], [106.8038924, -6.2999206]], [[106.7888466, -6.3582284], [106.7889019, -6.3588555]], [[106.7888407, -6.3581007], [106.7888466, -6.3582284]], [[106.7888323, -6.3579597], [106.7888407, -6.3581007]], [[106.8040686, -6.2990182], [106.8043289, -6.2976259]], [[106.8039334, -6.3005149], [106.8037745, -6.3012406], [106.8037017, -6.301573]], [[106.8042281, -6.2990427], [106.8042079, -6.2991493], [106.8041448, -6.2994824], [106.8041379, -6.299519]], [[106.8039948, -6.3002344], [106.8039334, -6.3005149]], [[106.8041379, -6.299519], [106.8040885, -6.2997795]], [[106.8034843, -6.302058], [106.803564, -6.3016146]], [[106.7889526, -6.3595975], [106.7891144, -6.3617798]], [[106.7996386, -6.3376316], [106.7996302, -6.3379811]], [[106.78952, -6.3540466], [106.789346, -6.3544976]], [[106.7931305, -6.3469719], [106.7933098, -6.346794]], [[106.8038508, -6.31645], [106.803771, -6.3179446]], [[106.803873, -6.3160344], [106.8038508, -6.31645]], [[106.8045491, -6.2973371], [106.8042281, -6.2990427]]]}, "properties": {"id": "rd-302", "name": "Jalan Tol Depok–Antasari", "route_name": "Jalan Tol Depok–Antasari", "highway": "motorway", "mode": "road", "status": "context", "status_label": "Jalan - konteks", "source": "OpenStreetMap", "source_type": "osm", "license": "ODbL"}}, {"type": "Feature", "id": "rd-303", "geometry": {"type": "MultiLineString", "coordinates": [[[106.8772104, -6.2455779], [106.8771379, -6.2434986]], [[106.8757711, -6.1811867], [106.8752642, -6.1911993], [106.8733424, -6.2010615], [106.8737275, -6.2048937]], [[106.8733514, -6.2038156], [106.8732298, -6.2010624], [106.8751797, -6.1910993], [106.8757334, -6.1798982]], [[106.8741503, -6.2154708], [106.8740817, -6.2134553], [106.8737782, -6.2067506]], [[106.8737782, -6.2067506], [106.8737575, -6.2060741]], [[106.8737575, -6.2060741], [106.873749, -6.2058846], [106.873635, -6.2050896], [106.8735174, -6.2045276]], [[106.8737275, -6.2048937], [106.873793, -6.2051792], [106.8738467, -6.2055001]], [[106.8739723, -6.2082302], [106.8746557, -6.2228079], [106.8755324, -6.2279327]], [[106.8761962, -6.1757004], [106.876124, -6.1760305]], [[106.876124, -6.1760305], [106.8760751, -6.1763839], [106.8759827, -6.17766], [106.8759387, -6.1783224]], [[106.8757334, -6.1798982], [106.8757456, -6.1796381], [106.8758409, -6.1786841]], [[106.8758717, -6.1782659], [106.8760157, -6.1761801]], [[106.8759387, -6.1783224], [106.8758454, -6.1799138]], [[106.8758409, -6.1786841], [106.8758581, -6.1785118], [106.8758717, -6.1782659]], [[106.8771379, -6.2434986], [106.8775441, -6.2411143]], [[106.8739477, -6.2077297], [106.8739723, -6.2082302]], [[106.8738467, -6.2055001], [106.8738676, -6.205851], [106.8739477, -6.2077297]], [[106.8758006, -6.1805389], [106.8757711, -6.1811867]], [[106.8758454, -6.1799138], [106.8758006, -6.1805389]], [[106.875223, -6.2271042], [106.8750537, -6.2263325]], [[106.8750537, -6.2263325], [106.8744492, -6.221868], [106.8741503, -6.2154708]], [[106.8735174, -6.2045276], [106.8733514, -6.2038156]], [[106.8762845, -6.2315664], [106.8762177, -6.2312851]], [[106.8762177, -6.2312851], [106.87579, -6.2294851], [106.8752876, -6.2273989], [106.875223, -6.2271042]], [[106.87632, -6.2312658], [106.8763871, -6.2315378]], [[106.8755324, -6.2279327], [106.8758661, -6.2294258], [106.87632, -6.2312658]], [[106.8763871, -6.2315378], [106.8767311, -6.2329322]], [[106.8763987, -6.2320021], [106.8762845, -6.2315664]], [[106.8760157, -6.1761801], [106.876017, -6.1761613]]]}, "properties": {"id": "rd-303", "name": "Jalan Tol Insinyur Wiyoto Wiyono", "route_name": "Jalan Tol Insinyur Wiyoto Wiyono", "highway": "motorway", "mode": "road", "status": "context", "status_label": "Jalan - konteks", "source": "OpenStreetMap", "source_type": "osm", "license": "ODbL"}}, {"type": "Feature", "id": "rd-304", "geometry": {"type": "MultiLineString", "coordinates": [[[106.8729213, -6.2671016], [106.8729231, -6.2670476], [106.872924, -6.2669936]], [[106.8869834, -6.3256176], [106.8864901, -6.3165494], [106.8826707, -6.2995429], [106.8817236, -6.2968797]], [[106.8749449, -6.2798212], [106.8750672, -6.2801212]], [[106.8748565, -6.2801952], [106.8747472, -6.2799041]], [[106.8747472, -6.2799041], [106.872991, -6.2748435]], [[106.8739969, -6.2512489], [106.8729267, -6.252772], [106.8724613, -6.2543211], [106.872521, -6.2560661], [106.873175, -6.2584281]], [[106.8728583, -6.26479], [106.8731476, -6.2594557], [106.8723004, -6.2556849], [106.8723057, -6.2543517], [106.8730541, -6.2521934], [106.8743637, -6.2507201]], [[106.8750672, -6.2801212], [106.8755813, -6.2812966]], [[106.872924, -6.2669936], [106.8729182, -6.2666335]], [[106.8729119, -6.2662391], [106.8728878, -6.2658778], [106.8728529, -6.2654312]], [[106.8767612, -6.2847012], [106.8748565, -6.2801952]], [[106.872991, -6.2748435], [106.8727537, -6.2734367], [106.872694, -6.272975], [106.8726464, -6.2725259]], [[106.873175, -6.2584281], [106.8731546, -6.262785]], [[106.8874635, -6.3315075], [106.8875109, -6.3318014]], [[106.8874092, -6.3322669], [106.8873221, -6.3318204]], [[106.8896194, -6.3430195], [106.893556, -6.3590528]], [[106.8935944, -6.3603474], [106.8928045, -6.356139], [106.8899909, -6.3459252], [106.8874092, -6.3322669]], [[106.8852373, -6.3100157], [106.8869533, -6.3184456], [106.8874374, -6.3313358]], [[106.8813283, -6.2959031], [106.8804774, -6.2938011], [106.8804022, -6.2936134], [106.8797421, -6.2919658]], [[106.8731546, -6.262785], [106.8732673, -6.2670562], [106.87281, -6.2694305]], [[106.87281, -6.2694305], [106.8727885, -6.2695718], [106.8727738, -6.2696944], [106.8727684, -6.2697478]], [[106.8727684, -6.2697478], [106.8728465, -6.2728971], [106.8736934, -6.2766657]], [[106.878986, -6.2901982], [106.8785834, -6.2891931], [106.8778079, -6.2872362], [106.8767612, -6.2847012]], [[106.8788336, -6.289236], [106.8794188, -6.2906194], [106.8798318, -6.2916825]], [[106.8786821, -6.288886], [106.8788336, -6.289236]], [[106.876172, -6.2827313], [106.8766602, -6.2839979], [106.8766789, -6.2840472], [106.8786821, -6.288886]], [[106.8755813, -6.2812966], [106.8757883, -6.2817812]], [[106.8736934, -6.2766657], [106.8749449, -6.2798212]], [[106.8809355, -6.2943486], [106.8819766, -6.2968071]], [[106.8819766, -6.2968071], [106.8820032, -6.2968766], [106.882244, -6.2974778]], [[106.8825911, -6.2984438], [106.8846418, -6.3073397]], [[106.882244, -6.2974778], [106.882587, -6.2984323], [106.8825911, -6.2984438]], [[106.8757883, -6.2817812], [106.876172, -6.2827313]], [[106.8798318, -6.2916825], [106.8801498, -6.292437]], [[106.8801498, -6.292437], [106.8809355, -6.2943486]], [[106.8749246, -6.2504469], [106.8742121, -6.2510456], [106.8739969, -6.2512489]], [[106.8797421, -6.2919658], [106.878986, -6.2901982]], [[106.8817236, -6.2968797], [106.8813283, -6.2959031]], [[106.8725887, -6.270061], [106.8728247, -6.268284]], [[106.8726183, -6.2720846], [106.8725592, -6.2712008]], [[106.8725592, -6.2712008], [106.8727151, -6.2661348]], [[106.8727216, -6.2659835], [106.8728529, -6.2654312]], [[106.8727151, -6.2661348], [106.8727189, -6.2660553], [106.8727216, -6.2659835]], [[106.8729182, -6.2666335], [106.8729119, -6.2662391]], [[106.8728247, -6.268284], [106.8729213, -6.2671016]], [[106.8725592, -6.2712008], [106.8725887, -6.270061]], [[106.8869933, -6.3261535], [106.8869834, -6.3256176]], [[106.8872811, -6.3315307], [106.8869933, -6.3261535]], [[106.8936525, -6.3595825], [106.8937804, -6.3602843]], [[106.893556, -6.3590528], [106.8936525, -6.3595825]], [[106.8883727, -6.3364807], [106.8884835, -6.3371001]], [[106.8875983, -6.3322296], [106.8883727, -6.3364807]], [[106.8726464, -6.2725259], [106.8726183, -6.2720846]], [[106.8728529, -6.2654312], [106.8728435, -6.2651886], [106.8728583, -6.26479]], [[106.8846418, -6.3073397], [106.8852373, -6.3100157]], [[106.8884835, -6.3371001], [106.8896194, -6.3430195]], [[106.8873221, -6.3318204], [106.8872811, -6.3315307]], [[106.8875109, -6.3318014], [106.8875983, -6.3322296]], [[106.8874374, -6.3313358], [106.8874635, -6.3315075]]]}, "properties": {"id": "rd-304", "name": "Jalan Tol Jakarta–Bogor–Ciawi", "route_name": "Jalan Tol Jakarta–Bogor–Ciawi", "highway": "motorway", "mode": "road", "status": "context", "status_label": "Jalan - konteks", "source": "OpenStreetMap", "source_type": "osm", "license": "ODbL"}}, {"type": "Feature", "id": "rd-305", "geometry": {"type": "MultiLineString", "coordinates": [[[106.8841804, -6.2473617], [106.886229, -6.2467102], [106.8905573, -6.2440315], [106.8929189, -6.2437365], [106.8951147, -6.2442544]], [[106.9933578, -6.2542412], [106.9940781, -6.2545092]], [[106.9940257, -6.2547783], [106.9933234, -6.2545251]], [[106.9933234, -6.2545251], [106.9863614, -6.2514607]], [[106.8826536, -6.247457], [106.8828002, -6.2474517], [106.8837034, -6.247409], [106.8841804, -6.2473617]], [[107.0134979, -6.2616052], [106.9940257, -6.2547783]], [[107.0088238, -6.2596572], [107.0354035, -6.2689786]], [[106.9034882, -6.2538595], [106.9030686, -6.2535292]], [[106.9098083, -6.2567516], [106.907954, -6.2560324], [106.9062219, -6.2553751], [106.9053887, -6.255029]], [[106.9100384, -6.2566426], [106.9148013, -6.2581644], [106.9218978, -6.25819]], [[106.9032027, -6.2533794], [106.9033945, -6.2535305], [106.9035793, -6.2536762]], [[106.8871909, -6.2464979], [106.8863677, -6.2469298]], [[106.9223613, -6.2583446], [106.9219238, -6.2583683]], [[106.963864, -6.2547584], [106.9724755, -6.2497511], [106.97516, -6.2488864], [106.9782838, -6.248638]], [[106.9218978, -6.25819], [106.9224253, -6.2581627]], [[106.9276353, -6.2579004], [106.9287531, -6.2578437], [106.9298002, -6.2577906]], [[106.956822, -6.2565822], [106.9470157, -6.2571383]], [[106.9366076, -6.2576297], [106.9223613, -6.2583446]], [[106.9371049, -6.2576081], [106.9366076, -6.2576297]], [[106.948117, -6.2568835], [106.9528016, -6.2566297]], [[106.9365762, -6.2574649], [106.9371092, -6.2574418]], [[106.8887814, -6.2453462], [106.8886493, -6.2454495], [106.8883765, -6.2456198], [106.8880543, -6.2457877]], [[106.8890865, -6.2451143], [106.8890328, -6.2451469], [106.8889832, -6.2451862]], [[106.8898859, -6.2446566], [106.8897544, -6.2447038], [106.8894516, -6.2448812], [106.8890865, -6.2451143]], [[106.9053887, -6.255029], [106.905178, -6.2549243], [106.9048653, -6.254771], [106.9043717, -6.2544769]], [[106.9043717, -6.2544769], [106.9038328, -6.254128], [106.9034882, -6.2538595]], [[106.9035793, -6.2536762], [106.9037845, -6.2538314], [106.9042589, -6.2541904], [106.904594, -6.2543852]], [[106.9397754, -6.2573165], [106.9406283, -6.257278], [106.9408776, -6.2572648]], [[106.9371092, -6.2574418], [106.9379639, -6.2574016], [106.9387569, -6.2573644], [106.9397754, -6.2573165]], [[106.9307294, -6.2577505], [106.9365762, -6.2574649]], [[106.9224253, -6.2581627], [106.9228774, -6.2581436], [106.923184, -6.2581306], [106.9239153, -6.2580997]], [[106.9151518, -6.2583842], [106.9147724, -6.2583334], [106.9140177, -6.2581973], [106.9135328, -6.2580885]], [[106.9219238, -6.2583683], [106.9152613, -6.2584018]], [[106.8978176, -6.2463929], [106.89732, -6.2459037], [106.896665, -6.2453848]], [[106.896665, -6.2453848], [106.8951196, -6.2445226]], [[106.8988487, -6.2476592], [106.8982594, -6.2468886], [106.8978176, -6.2463929]], [[106.8993106, -6.2483473], [106.8990764, -6.2479936], [106.8988487, -6.2476592]], [[106.9030686, -6.2535292], [106.9013356, -6.2516615], [106.8993106, -6.2483473]], [[106.8808599, -6.2476436], [106.8807637, -6.2476311]], [[106.8855941, -6.2472314], [106.8853548, -6.2473181], [106.8851062, -6.2473928], [106.884881, -6.2474444]], [[106.884881, -6.2474444], [106.8826741, -6.2476318]], [[106.8877444, -6.2461366], [106.8873842, -6.2463685], [106.8871909, -6.2464979]], [[106.8898859, -6.2446566], [106.8877444, -6.2461366]], [[106.8910873, -6.244162], [106.8898859, -6.2446566]], [[106.8915528, -6.244051], [106.8910873, -6.244162]], [[106.8920048, -6.2439681], [106.8915528, -6.244051]], [[106.8951196, -6.2445226], [106.8937243, -6.2440482], [106.8920048, -6.2439681]], [[106.8951147, -6.2442544], [106.8966199, -6.2450905], [106.8983057, -6.2466316], [106.9017643, -6.2519182], [106.9032027, -6.2533794]], [[106.9298002, -6.2577906], [106.9307294, -6.2577505]], [[106.9239153, -6.2580997], [106.9249941, -6.2580419], [106.9264086, -6.2579661], [106.9276353, -6.2579004]], [[106.8889832, -6.2451862], [106.8889626, -6.2452017], [106.8888869, -6.2452587], [106.8887814, -6.2453462]], [[106.8880543, -6.2457877], [106.8855941, -6.2472314]], [[106.8812256, -6.2476737], [106.8810345, -6.247658], [106.8808599, -6.2476436]], [[106.8817866, -6.2476718], [106.8812256, -6.2476737]], [[106.8808916, -6.2474995], [106.8811505, -6.2475122]], [[106.8805474, -6.2474816], [106.8807211, -6.2474939], [106.8808425, -6.2474979], [106.8808916, -6.2474995]], [[106.9940781, -6.2545092], [106.9966583, -6.2553902], [106.9994427, -6.256383], [107.007427, -6.2591675]], [[107.007427, -6.2591675], [107.0074826, -6.2591869]], [[106.9829026, -6.2498511], [106.9794063, -6.2489832], [106.9745904, -6.2493192], [106.9716883, -6.250419], [106.9643101, -6.2547171]], [[106.9578316, -6.2564935], [106.9575833, -6.256527], [106.9574694, -6.2565353], [106.956822, -6.2565822]], [[106.9643101, -6.2547171], [106.9578316, -6.2564935]], [[106.9436647, -6.2572801], [106.9422132, -6.2573698], [106.9413412, -6.2573973]], [[106.9863614, -6.2514607], [106.985212, -6.2508909]], [[106.985212, -6.2508909], [106.9845548, -6.250563], [106.9829026, -6.2498511]], [[106.904594, -6.2543852], [106.9049093, -6.2545477]], [[106.9152613, -6.2584018], [106.9151518, -6.2583842]], [[106.9782838, -6.248638], [106.9787988, -6.248654], [106.9791408, -6.2486793], [106.9795069, -6.2487113]], [[106.9795069, -6.2487113], [106.9839429, -6.2499742], [106.9885753, -6.2523442], [106.9933578, -6.2542412]], [[106.9413412, -6.2573973], [106.9406953, -6.2574243], [106.9400092, -6.2574594], [106.9371049, -6.2576081]], [[106.9470157, -6.2571383], [106.9441411, -6.2572599], [106.9436647, -6.2572801]], [[107.0353237, -6.2692132], [107.0134979, -6.2616052]], [[106.8824954, -6.2474625], [106.8826536, -6.247457]], [[106.8811505, -6.2475122], [106.8817456, -6.2474902], [106.8821168, -6.2474765], [106.8824954, -6.2474625]], [[106.8824981, -6.2476355], [106.882215, -6.2476499], [106.8817866, -6.2476718]], [[106.8826741, -6.2476318], [106.8824981, -6.2476355]], [[106.9408776, -6.2572648], [106.948117, -6.2568835]], [[107.0074826, -6.2591869], [107.0088238, -6.2596572]], [[106.9564466, -6.2564487], [106.9571456, -6.2563971], [106.9575477, -6.2563429], [106.9577507, -6.2563135]], [[106.9577507, -6.2563135], [106.9602764, -6.2559031], [106.963864, -6.2547584]], [[106.9135328, -6.2580885], [106.9098083, -6.2567516]], [[106.9049093, -6.2545477], [106.9100384, -6.2566426]], [[106.9528016, -6.2566297], [106.9564466, -6.2564487]], [[106.8863677, -6.2469298], [106.8855941, -6.2472314]]]}, "properties": {"id": "rd-305", "name": "Jalan Tol Jakarta–Cikampek", "route_name": "Jalan Tol Jakarta–Cikampek", "highway": "motorway", "mode": "road", "status": "context", "status_label": "Jalan - konteks", "source": "OpenStreetMap", "source_type": "osm", "license": "ODbL"}}, {"type": "Feature", "id": "rd-306", "geometry": {"type": "MultiLineString", "coordinates": [[[106.731924, -6.1915626], [106.7304176, -6.1914508], [106.7271786, -6.1910669]], [[106.792202, -6.1835027], [106.792417, -6.1832881], [106.7928256, -6.1827576]], [[106.7915538, -6.1839356], [106.7917898, -6.1838142], [106.7920285, -6.1836489], [106.792202, -6.1835027]], [[106.7928585, -6.1829212], [106.7925155, -6.1833846], [106.7922781, -6.1836114]], [[106.7922781, -6.1836114], [106.7916269, -6.1840386]], [[106.6956519, -6.209493], [106.7006817, -6.2062041]], [[106.6952367, -6.2096982], [106.6956519, -6.209493]], [[106.6956295, -6.2096799], [106.695342, -6.2098172]], [[106.6805497, -6.2140367], [106.6821072, -6.2136439], [106.6829287, -6.2134104], [106.6881916, -6.2119235]], [[106.7240156, -6.1906002], [106.7319119, -6.1914299], [106.7457741, -6.1912895]], [[106.700696, -6.2064286], [106.6956295, -6.2096799]], [[106.7828628, -6.1854215], [106.7825979, -6.1854848]], [[106.7916269, -6.1840386], [106.7887549, -6.1850528], [106.7828628, -6.1854215]], [[106.7828152, -6.1853135], [106.788429, -6.1849928], [106.7915538, -6.1839356]], [[106.7824706, -6.1853862], [106.7828152, -6.1853135]], [[106.7137375, -6.1962004], [106.700696, -6.2064286]], [[106.713528, -6.1961767], [106.7136474, -6.196088], [106.7156285, -6.1944831]], [[106.7006817, -6.2062041], [106.713528, -6.1961767]], [[106.7696833, -6.1897704], [106.7824706, -6.1853862]], [[106.7569105, -6.1905798], [106.7573613, -6.19054]], [[106.7573712, -6.1906562], [106.7568972, -6.1907013]], [[106.7825979, -6.1854848], [106.7702161, -6.1898091]], [[106.7461333, -6.1913968], [106.7457767, -6.1914183]], [[106.7568972, -6.1907013], [106.7541879, -6.1909366], [106.7514105, -6.1910993], [106.74878, -6.1912456]], [[106.7482238, -6.1911367], [106.7520314, -6.1909246], [106.7569105, -6.1905798]], [[106.7457741, -6.1912895], [106.7461547, -6.191264]], [[106.7156285, -6.1944831], [106.7195499, -6.1918612]], [[106.7368569, -6.19163], [106.7364012, -6.1916339]], [[106.7457767, -6.1914183], [106.7442684, -6.1914921], [106.7404784, -6.1916602], [106.7368569, -6.19163]], [[106.7262686, -6.1909272], [106.7260449, -6.1908873]], [[106.7271786, -6.1910669], [106.7262686, -6.1909272]], [[106.7260449, -6.1908873], [106.7240691, -6.1907606], [106.7210088, -6.1915088], [106.7186475, -6.1925318], [106.71652, -6.1940097]], [[106.7475406, -6.1911739], [106.7482238, -6.1911367]], [[106.7461547, -6.191264], [106.7475406, -6.1911739]], [[106.747995, -6.19129], [106.7461333, -6.1913968]], [[106.7483379, -6.1912702], [106.747995, -6.19129]], [[106.7689384, -6.1898519], [106.7692687, -6.1898193], [106.7696833, -6.1897704]], [[106.7658315, -6.1899944], [106.7683206, -6.1898897], [106.7689384, -6.1898519]], [[106.7652893, -6.190004], [106.7658315, -6.1899944]], [[106.7643435, -6.1900209], [106.7644663, -6.1900187], [106.7652893, -6.190004]], [[106.7627227, -6.1900913], [106.7643435, -6.1900209]], [[106.7573613, -6.19054], [106.7613923, -6.1901767], [106.7627227, -6.1900913]], [[106.7696281, -6.1899127], [106.7693766, -6.1899493], [106.7690614, -6.1899775]], [[106.7690614, -6.1899775], [106.7683403, -6.190028], [106.7656128, -6.1901392]], [[106.7364012, -6.1916339], [106.731924, -6.1915626]], [[106.7159274, -6.1945055], [106.7137375, -6.1962004]], [[106.7195499, -6.1918612], [106.7232299, -6.190726]], [[106.6881916, -6.2119235], [106.6887083, -6.2117768]], [[106.6887083, -6.2117768], [106.6925302, -6.2106922], [106.6938403, -6.2102613], [106.6952367, -6.2096982]], [[106.68872, -6.2119482], [106.6882017, -6.2120936]], [[106.695342, -6.2098172], [106.68872, -6.2119482]], [[106.7702161, -6.1898091], [106.7696281, -6.1899127]], [[106.7232299, -6.190726], [106.7236268, -6.1906566], [106.7240156, -6.1906002]], [[106.71652, -6.1940097], [106.7162746, -6.1941928], [106.7159274, -6.1945055]], [[106.74878, -6.1912456], [106.7483379, -6.1912702]], [[106.6752895, -6.2155292], [106.675701, -6.2154127], [106.6805497, -6.2140367]], [[106.6849563, -6.2130159], [106.6791752, -6.2146135]], [[106.6882017, -6.2120936], [106.6868892, -6.2124617], [106.6849563, -6.2130159]], [[106.7656128, -6.1901392], [106.7614727, -6.1902897], [106.7573712, -6.1906562]]]}, "properties": {"id": "rd-306", "name": "Jalan Tol Jakarta–Merak", "route_name": "Jalan Tol Jakarta–Merak", "highway": "motorway", "mode": "road", "status": "context", "status_label": "Jalan - konteks", "source": "OpenStreetMap", "source_type": "osm", "license": "ODbL"}}, {"type": "Feature", "id": "rd-307", "geometry": {"type": "MultiLineString", "coordinates": [[[106.7198053, -6.0839763], [106.7192789, -6.0953517], [106.7200261, -6.0972333]], [[106.7192434, -6.0961233], [106.719697, -6.0842322]]]}, "properties": {"id": "rd-307", "name": "Jalan Tol Kamal–Balaraja", "route_name": "Jalan Tol Kamal–Balaraja", "highway": "motorway", "mode": "road", "status": "context", "status_label": "Jalan - konteks", "source": "OpenStreetMap", "source_type": "osm", "license": "ODbL"}}, {"type": "Feature", "id": "rd-308", "geometry": {"type": "MultiLineString", "coordinates": [[[106.6973291, -6.2990014], [106.6951096, -6.2965354], [106.6921806, -6.2880413], [106.6880983, -6.2819626]], [[106.6823385, -6.2717279], [106.6790122, -6.2656873], [106.6769806, -6.2628143]], [[106.6786616, -6.2649133], [106.6823241, -6.2713325]], [[106.6882431, -6.2818506], [106.6923469, -6.2879719], [106.6952437, -6.2964687], [106.6961825, -6.2977858], [106.6977837, -6.2990628]], [[106.7032445, -6.3027184], [106.7028719, -6.3023646], [106.7025259, -6.3020567], [106.7020859, -6.3017033]], [[106.7020859, -6.3017033], [106.6973291, -6.2990014]], [[106.6875823, -6.2809874], [106.6882431, -6.2818506]], [[106.6880983, -6.2819626], [106.6874404, -6.2810741]], [[106.6874404, -6.2810741], [106.6843584, -6.2757377]], [[106.6845377, -6.2757073], [106.6875823, -6.2809874]], [[106.6843584, -6.2757377], [106.6841654, -6.2753578]], [[106.6843455, -6.2753296], [106.6845377, -6.2757073]], [[106.6823241, -6.2713325], [106.6836834, -6.2740283], [106.6843455, -6.2753296]], [[106.6841654, -6.2753578], [106.6835332, -6.2741136], [106.6823385, -6.2717279]], [[106.7066285, -6.306461], [106.7047441, -6.3043495], [106.7037007, -6.3031711], [106.7032445, -6.3027184]]]}, "properties": {"id": "rd-308", "name": "Jalan Tol Kunciran–Serpong", "route_name": "Jalan Tol Kunciran–Serpong", "highway": "motorway", "mode": "road", "status": "context", "status_label": "Jalan - konteks", "source": "OpenStreetMap", "source_type": "osm", "license": "ODbL"}}, {"type": "Feature", "id": "rd-309", "geometry": {"type": "MultiLineString", "coordinates": [[[106.8679205, -6.2443593], [106.864695, -6.243308], [106.8627369, -6.2431649]], [[106.8679606, -6.2442418], [106.8685224, -6.2444528], [106.8688615, -6.2445801]], [[106.8718214, -6.2457223], [106.8717701, -6.2457069], [106.8706565, -6.2453733]], [[106.8706565, -6.2453733], [106.8688301, -6.2446972]], [[106.8588733, -6.2431023], [106.8589718, -6.2431022]], [[106.8624156, -6.2431679], [106.8588909, -6.2432175]], [[106.8627369, -6.2431649], [106.8624156, -6.2431679]], [[106.8624151, -6.2430543], [106.8627328, -6.2430519]], [[106.8627328, -6.2430519], [106.8648494, -6.2432188], [106.8679606, -6.2442418]], [[106.8688301, -6.2446972], [106.8684135, -6.2445424], [106.8679205, -6.2443593]], [[106.8688615, -6.2445801], [106.8694368, -6.2447862], [106.8701589, -6.2450449], [106.8706874, -6.2452343]], [[106.8715522, -6.245491], [106.871809, -6.2455589], [106.8719386, -6.2455932], [106.8722315, -6.2456706]], [[106.8780308, -6.239101], [106.8763987, -6.2320021]], [[106.8767311, -6.2329322], [106.8767888, -6.2331236], [106.8777527, -6.236992]], [[106.878102, -6.2389069], [106.8773255, -6.2424455]], [[106.8775441, -6.2411143], [106.8780308, -6.239101]], [[106.8777527, -6.236992], [106.878102, -6.2389069]], [[106.8706874, -6.2452343], [106.8710818, -6.2453514], [106.8715522, -6.245491]], [[106.8589718, -6.2431022], [106.8624151, -6.2430543]], [[106.8773255, -6.2424455], [106.8772767, -6.2427646], [106.8772702, -6.2432592], [106.8772718, -6.2433944]], [[106.8772718, -6.2433944], [106.8772724, -6.243457]]]}, "properties": {"id": "rd-309", "name": "Jalan Tol Lingkar Dalam Jakarta", "route_name": "Jalan Tol Lingkar Dalam Jakarta", "highway": "motorway", "mode": "road", "status": "context", "status_label": "Jalan - konteks", "source": "OpenStreetMap", "source_type": "osm", "license": "ODbL"}}, {"type": "Feature", "id": "rd-310", "geometry": {"type": "MultiLineString", "coordinates": [[[106.8836701, -6.3057993], [106.8848907, -6.3057727]], [[106.8849139, -6.3059416], [106.8836616, -6.3059599]], [[106.873557, -6.3080296], [106.8742937, -6.3078539]], [[106.8743203, -6.3079794], [106.8735869, -6.3081637]], [[106.871016, -6.3086835], [106.8691635, -6.3084886], [106.8661454, -6.3070675]], [[106.8579884, -6.3055677], [106.8588257, -6.3055204]], [[106.8588257, -6.3055204], [106.8589204, -6.3055179]], [[106.8622072, -6.3055718], [106.8615728, -6.3055571], [106.860447, -6.3056042]], [[106.8661454, -6.3070675], [106.8640067, -6.3060026]], [[106.8640505, -6.3059045], [106.8661883, -6.306948]], [[106.8566047, -6.305673], [106.8519428, -6.3044558]], [[106.9579874, -6.2551603], [106.9579613, -6.2547295], [106.9579204, -6.2543044], [106.9578933, -6.2541446]], [[106.8503217, -6.3042571], [106.8512217, -6.3042943]], [[106.8512214, -6.3044262], [106.8503044, -6.3043806]], [[106.8512217, -6.3042943], [106.8529982, -6.3044663], [106.8563481, -6.3054944]], [[106.8226907, -6.2940376], [106.8223978, -6.2939247], [106.8221288, -6.2938108], [106.8221077, -6.2938029]], [[106.8252746, -6.295002], [106.8315591, -6.2983692]], [[106.8221698, -6.2936568], [106.822455, -6.2937729], [106.8227293, -6.2938868], [106.822747, -6.2938942]], [[106.8221077, -6.2938029], [106.8217855, -6.2936735]], [[106.837971, -6.3023133], [106.8419267, -6.3032975]], [[106.8334251, -6.2997715], [106.8252086, -6.2951488]], [[106.9423825, -6.1694183], [106.9407809, -6.1595953]], [[106.9425072, -6.169381], [106.9428866, -6.172345]], [[106.9427767, -6.1723797], [106.9423825, -6.1694183]], [[106.9428866, -6.172345], [106.9430671, -6.1802726]], [[106.9395618, -6.1418628], [106.9400003, -6.1437355], [106.9403519, -6.1501383]], [[106.9430194, -6.1839095], [106.9430354, -6.1847695]], [[106.9428964, -6.1847685], [106.9428862, -6.1839051]], [[106.9429786, -6.1781706], [106.9427767, -6.1723797]], [[106.8990275, -6.3090155], [106.9014782, -6.3107971], [106.9026307, -6.3112274]], [[106.9581012, -6.2568284], [106.958071, -6.2589707]], [[106.9579556, -6.256823], [106.9579815, -6.2558908]], [[106.9578498, -6.2538874], [106.9567084, -6.2504586]], [[106.9579805, -6.253893], [106.9580147, -6.2541134]], [[106.9580147, -6.2541134], [106.9581108, -6.2558953]], [[106.9581066, -6.255974], [106.9581012, -6.2568284]], [[106.9578933, -6.2541446], [106.9578498, -6.2538874]], [[106.9579231, -6.2595465], [106.9579324, -6.2589584]], [[106.9579324, -6.2589584], [106.9579556, -6.256823]], [[106.958071, -6.2589707], [106.9580679, -6.2591368], [106.9580675, -6.2591574], [106.9580587, -6.2595557]], [[106.9590457, -6.2715521], [106.9594226, -6.2765215], [106.9592843, -6.2844789], [106.9589762, -6.288459], [106.9580747, -6.2917005]], [[106.7300835, -6.1847674], [106.730471, -6.1862626], [106.7307632, -6.1873506]], [[106.7643506, -6.2529805], [106.7645294, -6.2536414]], [[106.7667452, -6.2613028], [106.7661006, -6.2597973], [106.7657684, -6.2588715], [106.7655467, -6.2580469]], [[106.7659061, -6.2588387], [106.7660753, -6.2593433], [106.7662868, -6.2598929], [106.7668437, -6.2612286]], [[106.9527826, -6.2183636], [106.952666, -6.2171403], [106.952615, -6.2167655], [106.9524166, -6.2155904]], [[106.95293, -6.2183692], [106.9529932, -6.2193481], [106.952997, -6.2194712], [106.953013, -6.2199825]], [[106.9528784, -6.2199613], [106.9527826, -6.2183636]], [[106.952299, -6.2273658], [106.9512695, -6.2325163], [106.9513518, -6.235677], [106.952249, -6.238874], [106.9544484, -6.2431614]], [[106.7323067, -6.1204747], [106.7305652, -6.1235677]], [[106.7311782, -6.1219674], [106.7314593, -6.1214633]], [[106.8170701, -6.2924283], [106.8166415, -6.2924039], [106.8162929, -6.2923827], [106.8162635, -6.292381]], [[106.8162661, -6.2922222], [106.8166741, -6.2922434], [106.8170534, -6.2922631], [106.8170779, -6.2922643]], [[106.8170779, -6.2922643], [106.8204275, -6.292967]], [[106.7835461, -6.2914577], [106.7802329, -6.2902885]], [[106.9579366, -6.2916912], [106.9588217, -6.2885799], [106.9590618, -6.2857959], [106.9593082, -6.2767909], [106.9589101, -6.2715574]], [[106.9580747, -6.2917005], [106.9576724, -6.2926669]], [[106.9575772, -6.292587], [106.9579366, -6.2916912]], [[106.9136542, -6.3121403], [106.9131966, -6.3121429]], [[106.9132021, -6.312023], [106.9137389, -6.3120088]], [[106.9032747, -6.3114769], [106.9016423, -6.3110244]], [[106.9161682, -6.3119007], [106.9167888, -6.3118554], [106.9175224, -6.3117808], [106.9184254, -6.3116527]], [[106.9364694, -6.3076123], [106.9322705, -6.3093535], [106.9263562, -6.3104359]], [[106.9205421, -6.3112666], [106.9210259, -6.3111914]], [[106.9210362, -6.3113268], [106.9205011, -6.3114206]], [[106.9205011, -6.3114206], [106.9193497, -6.31163], [106.9185811, -6.3117459]], [[106.9522852, -6.2146235], [106.9525368, -6.2155043]], [[106.9525368, -6.2155043], [106.95293, -6.2183692]], [[106.9524166, -6.2155904], [106.9521664, -6.2146868]], [[106.9521664, -6.2146868], [106.9443378, -6.1994882], [106.9437772, -6.197431], [106.9432906, -6.1918114]], [[106.8782485, -6.306825], [106.8836701, -6.3057993]], [[106.8826345, -6.3060047], [106.8802893, -6.3064433]], [[106.8691861, -6.308348], [106.8710564, -6.3085147]], [[106.7642462, -6.2532054], [106.7626368, -6.2505355]], [[106.731243, -6.1892489], [106.7315942, -6.1906574], [106.731649, -6.1908684], [106.7321681, -6.1925774]], [[106.7626368, -6.2505355], [106.7621931, -6.2499891]], [[106.7621931, -6.2499891], [106.7617437, -6.2494615], [106.760933, -6.2485683]], [[106.7553546, -6.2341318], [106.7538927, -6.2319145]], [[106.7628509, -6.2506199], [106.7643506, -6.2529805]], [[106.760933, -6.2485683], [106.7606388, -6.248161], [106.7604081, -6.2478672], [106.7603271, -6.2477623]], [[106.7321681, -6.1925774], [106.7324462, -6.1932894], [106.7326813, -6.1939332], [106.733024, -6.1948384]], [[106.7310689, -6.1892778], [106.7306228, -6.1873874]], [[106.7454387, -6.2186672], [106.7448375, -6.2176079]], [[106.7449694, -6.2175318], [106.7455614, -6.2185612]], [[106.7491027, -6.2243941], [106.75318, -6.2305876]], [[106.7411205, -6.2108939], [106.7405354, -6.209861]], [[106.8418759, -6.3034399], [106.8377969, -6.3024152]], [[106.8419267, -6.3032975], [106.8436099, -6.3036012], [106.8453778, -6.3038405], [106.8464223, -6.3039433]], [[106.7673751, -6.262691], [106.7667452, -6.2613028]], [[106.7668437, -6.2612286], [106.7670703, -6.2617295], [106.767225, -6.2620714], [106.7674892, -6.2626555]], [[106.7655467, -6.2580469], [106.7647342, -6.2550155]], [[106.7656753, -6.2580211], [106.7659061, -6.2588387]], [[106.9567084, -6.2504586], [106.9562842, -6.2493146]], [[106.9564278, -6.2492667], [106.9568565, -6.2504654]], [[106.9522193, -6.2265254], [106.9528784, -6.2199613]], [[106.9568565, -6.2504654], [106.9579805, -6.253893]], [[106.7718442, -6.2810677], [106.7724408, -6.2816962]], [[106.7723224, -6.28182], [106.7716907, -6.2811202]], [[106.7724408, -6.2816962], [106.7755755, -6.2853477]], [[106.7298913, -6.1264731], [106.7304502, -6.1235285]], [[106.7301756, -6.1341237], [106.7301474, -6.132919]], [[106.7302566, -6.1329045], [106.7302802, -6.1340746]], [[106.7304468, -6.1239424], [106.7299881, -6.1276622], [106.7301993, -6.1312771]], [[106.7271658, -6.1602098], [106.7274548, -6.1517989]], [[106.72806, -6.1476867], [106.7299155, -6.1395546], [106.7301756, -6.1341237]], [[106.7275897, -6.1517938], [106.7272933, -6.1603716]], [[106.7302802, -6.1340746], [106.7300476, -6.1395715], [106.7282615, -6.1475142]], [[106.7272933, -6.1603716], [106.7272488, -6.1623539], [106.727267, -6.1634057]], [[106.7306228, -6.1873874], [106.7304303, -6.1866255], [106.7299746, -6.1847874]], [[106.7287211, -6.1789591], [106.7294337, -6.1821686]], [[106.7281007, -6.1734273], [106.7271194, -6.1634041]], [[106.7281185, -6.1736673], [106.7281007, -6.1734273]], [[106.727267, -6.1634057], [106.7282511, -6.1734155]], [[106.7282511, -6.1734155], [106.7282663, -6.1736484]], [[106.7771013, -6.2871849], [106.7793945, -6.2896326]], [[106.7793945, -6.2896326], [106.7840194, -6.2914588]], [[106.779326, -6.2897291], [106.7770012, -6.2872712]], [[106.7754873, -6.2854923], [106.7723224, -6.28182]], [[106.7678302, -6.2725785], [106.7683576, -6.2694655], [106.7673751, -6.262691]], [[106.768257, -6.2681858], [106.7684278, -6.2700717], [106.7679645, -6.2725948]], [[106.8625246, -6.3054616], [106.8640505, -6.3059045]], [[106.8503044, -6.3043806], [106.8484327, -6.3042648], [106.8470935, -6.3041577]], [[106.8200212, -6.29298], [106.8170701, -6.2924283]], [[106.7307632, -6.1873506], [106.731243, -6.1892489]], [[106.7647342, -6.2550155], [106.7644398, -6.2539482]], [[106.765153, -6.2560456], [106.7656753, -6.2580211]], [[106.7282889, -6.1760319], [106.7281185, -6.1736673]], [[106.7315585, -6.1911006], [106.7313731, -6.1904166]], [[106.9401242, -6.1490082], [106.939873, -6.1437473], [106.9394653, -6.1419547]], [[106.9403519, -6.1501383], [106.9404421, -6.1516535]], [[106.9403148, -6.1516747], [106.9401991, -6.1501433]], [[106.9409199, -6.1595868], [106.9425072, -6.169381]], [[106.791125, -6.2921214], [106.7997393, -6.2922366]], [[106.7997358, -6.2923934], [106.7911303, -6.2922889]], [[106.8120286, -6.2920623], [106.8162661, -6.2922222]], [[106.8162635, -6.292381], [106.8112087, -6.2922393]], [[106.734228, -6.1974002], [106.7343707, -6.1976779]], [[106.7337822, -6.1967632], [106.7322213, -6.1930946]], [[106.7342508, -6.1977322], [106.7341743, -6.1975797]], [[106.7369453, -6.2028294], [106.7393592, -6.2074578]], [[106.7603271, -6.2477623], [106.7592144, -6.2449861]], [[106.759335, -6.2449563], [106.7604305, -6.2476912]], [[106.7604305, -6.2476912], [106.7613266, -6.2487946]], [[106.7573441, -6.2370815], [106.7582704, -6.2395565], [106.7589546, -6.2430315]], [[106.7584482, -6.2412913], [106.7572532, -6.2371593]], [[106.7572532, -6.2371593], [106.7567518, -6.2362285], [106.7561841, -6.2353431]], [[106.7563042, -6.2353011], [106.7568604, -6.2361671], [106.7573441, -6.2370815]], [[106.7538927, -6.2319145], [106.7533374, -6.2311079]], [[106.7528407, -6.2303304], [106.7475963, -6.2222903]], [[106.7541326, -6.2320295], [106.7547807, -6.2330347], [106.7554061, -6.233993], [106.755475, -6.2340959]], [[106.75318, -6.2305876], [106.7535423, -6.2311519]], [[106.8588262, -6.3056567], [106.8584063, -6.3056771], [106.857984, -6.3056994]], [[106.7416835, -6.2118678], [106.7413615, -6.211296], [106.7412144, -6.2110505], [106.7411205, -6.2108939]], [[106.7433037, -6.2147827], [106.7428637, -6.2140099], [106.7426804, -6.2136787]], [[106.7438134, -6.215371], [106.7440211, -6.2157644], [106.7449694, -6.2175318]], [[106.7412079, -6.2107717], [106.741615, -6.2114811]], [[106.74208, -6.2125793], [106.7416835, -6.2118678]], [[106.7426804, -6.2136787], [106.7423004, -6.21299]], [[106.7421887, -6.212511], [106.7430996, -6.2140974]], [[106.741615, -6.2114811], [106.7421887, -6.212511]], [[106.8241684, -6.2946539], [106.8236425, -6.2944264], [106.8231901, -6.2942404], [106.8226907, -6.2940376]], [[106.8246241, -6.294863], [106.8244725, -6.2947934], [106.8241684, -6.2946539]], [[106.8242698, -6.2945311], [106.8245381, -6.2946508], [106.8246933, -6.2947199]], [[106.822747, -6.2938942], [106.8236987, -6.2942839], [106.8242698, -6.2945311]], [[106.9157521, -6.3120527], [106.9136542, -6.3121403]], [[106.916184, -6.312026], [106.9157521, -6.3120527]], [[106.9157407, -6.3119271], [106.9161682, -6.3119007]], [[106.9137389, -6.3120088], [106.9157407, -6.3119271]], [[106.9069247, -6.3118432], [106.9066688, -6.3118194]], [[106.9131966, -6.3121429], [106.9117578, -6.3121215], [106.910305, -6.3120509], [106.9091055, -6.3119926]], [[106.907452, -6.3117654], [106.9089284, -6.3118551]], [[106.906705, -6.3117127], [106.9069384, -6.3117313]], [[106.7696013, -6.2785887], [106.7691448, -6.2779726]], [[106.7716907, -6.2811202], [106.7696013, -6.2785887]], [[106.7697025, -6.2784842], [106.7718442, -6.2810677]], [[106.7692608, -6.2779056], [106.7697025, -6.2784842]], [[106.8011131, -6.2924197], [106.8008969, -6.2924141], [106.8003933, -6.2924062]], [[106.8031106, -6.2922908], [106.8033383, -6.2922937], [106.8038317, -6.2922983], [106.803945, -6.2922979]], [[106.8010243, -6.292258], [106.8020494, -6.2922761]], [[106.7282663, -6.1736484], [106.7284097, -6.1759816]], [[106.7292957, -6.1822028], [106.728452, -6.1779047]], [[106.7283331, -6.1765448], [106.7282889, -6.1760319]], [[106.7284097, -6.1759816], [106.7284484, -6.1765344]], [[106.7678433, -6.2735273], [106.7680764, -6.2756253], [106.7690199, -6.2775635]], [[106.7679645, -6.2725948], [106.7679298, -6.272823]], [[106.7677963, -6.2728015], [106.7678302, -6.2725785]], [[106.7691448, -6.2779726], [106.7680218, -6.2759421], [106.7677042, -6.2738224]], [[106.9544791, -6.2435473], [106.9543304, -6.2432227]], [[106.9562842, -6.2493146], [106.9544791, -6.2435473]], [[106.9546026, -6.2434867], [106.9564278, -6.2492667]], [[106.9544484, -6.2431614], [106.9546026, -6.2434867]], [[106.9429237, -6.1808839], [106.9429428, -6.1802648]], [[106.9430671, -6.1802726], [106.9430448, -6.1808841]], [[106.9428862, -6.1839051], [106.9428974, -6.1817049], [106.9429135, -6.1810249], [106.9429237, -6.1808839]], [[106.9430448, -6.1808841], [106.9430369, -6.1810302], [106.9430369, -6.1817036], [106.9430194, -6.1839095]], [[106.9405011, -6.1560801], [106.9403148, -6.1516747]], [[106.9407809, -6.1595953], [106.9405011, -6.1560801]], [[106.9406573, -6.1560921], [106.9409199, -6.1595868]], [[106.9404421, -6.1516535], [106.9406573, -6.1560921]], [[106.8366973, -6.3018691], [106.8365326, -6.3017707]], [[106.8377969, -6.3024152], [106.8366973, -6.3018691]], [[106.8365023, -6.3015728], [106.837971, -6.3023133]], [[106.8770532, -6.3072647], [106.8769015, -6.3073038]], [[106.8769015, -6.3073038], [106.8757626, -6.3076192]], [[106.8768628, -6.3071847], [106.8770023, -6.3071461]], [[106.8742937, -6.3078539], [106.8753201, -6.3075803]], [[106.7392613, -6.2075326], [106.7368019, -6.2028826]], [[106.7393592, -6.2074578], [106.7401985, -6.2089961], [106.7406343, -6.2097379]], [[106.735332, -6.1995789], [106.7361401, -6.2011817]], [[106.7368019, -6.2028826], [106.7366504, -6.2026061], [106.7351845, -6.1996456], [106.7342508, -6.1977322]], [[106.7280329, -6.1483127], [106.7275897, -6.1517938]], [[106.7281953, -6.1477454], [106.7281154, -6.1480243]], [[106.7279787, -6.1479925], [106.72806, -6.1476867]], [[106.7274548, -6.1517989], [106.7279787, -6.1479925]], [[106.9543304, -6.2432227], [106.9515637, -6.2374182], [106.9511189, -6.2349564], [106.9511824, -6.2322664]], [[106.7304502, -6.1235285], [106.7305925, -6.1231722], [106.7307238, -6.122883], [106.7310794, -6.1221446]], [[106.7305652, -6.1235677], [106.7304468, -6.1239424]], [[106.8045147, -6.2922958], [106.8046897, -6.2922917], [106.8052388, -6.2922762], [106.8067053, -6.2922349]], [[106.8065941, -6.2924032], [106.8045167, -6.2924561]], [[106.7430996, -6.2140974], [106.7434411, -6.2147007]], [[106.7448375, -6.2176079], [106.7433037, -6.2147827]], [[106.7561841, -6.2353431], [106.7553546, -6.2341318]], [[106.755475, -6.2340959], [106.7563042, -6.2353011]], [[106.7844325, -6.2917638], [106.784196, -6.2916763]], [[106.7872848, -6.2922992], [106.7854054, -6.292031]], [[106.786395, -6.2920502], [106.7885107, -6.292166]], [[106.7842386, -6.2915326], [106.7844998, -6.2916166]], [[106.9430354, -6.1847695], [106.9438322, -6.196715], [106.9444142, -6.1992829], [106.9522852, -6.2146235]], [[106.9210259, -6.3111914], [106.9214988, -6.311113]], [[106.9263562, -6.3104359], [106.9215122, -6.3112463]], [[106.9394653, -6.1419547], [106.9381472, -6.1394147]], [[106.9382415, -6.139342], [106.9395618, -6.1418628]], [[106.8087817, -6.2923248], [106.8081367, -6.29235], [106.8079065, -6.2923589]], [[106.7322213, -6.1930946], [106.7315585, -6.1911006]], [[106.7313731, -6.1904166], [106.7310926, -6.189368], [106.7310689, -6.1892778]], [[106.7286456, -6.1784251], [106.7287211, -6.1789591]], [[106.7284484, -6.1765344], [106.7285992, -6.1780793], [106.7286456, -6.1784251]], [[106.7299746, -6.1847874], [106.7298572, -6.1843429]], [[106.7298572, -6.1843429], [106.7292957, -6.1822028]], [[106.7324355, -6.1202801], [106.7323067, -6.1204747]], [[106.7455614, -6.2185612], [106.7468924, -6.2209063], [106.7480989, -6.2228859]], [[106.7480989, -6.2228859], [106.748287, -6.2231632], [106.7491027, -6.2243941]], [[106.7589891, -6.243216], [106.759335, -6.2449563]], [[106.7589546, -6.2430315], [106.7589891, -6.243216]], [[106.7585746, -6.2418981], [106.7584482, -6.2412913]], [[106.7592144, -6.2449861], [106.7586744, -6.2423573]], [[106.7533374, -6.2311079], [106.7530508, -6.2306479]], [[106.7530508, -6.2306479], [106.7528407, -6.2303304]], [[106.7402708, -6.209415], [106.7392613, -6.2075326]], [[106.7405354, -6.209861], [106.7402708, -6.209415]], [[106.734101, -6.1974327], [106.7337822, -6.1967632]], [[106.7423004, -6.21299], [106.74208, -6.2125793]], [[106.7406343, -6.2097379], [106.7409562, -6.2103065]], [[106.7645294, -6.2536414], [106.7645431, -6.2536943], [106.764778, -6.2546027]], [[106.953013, -6.2199825], [106.9524256, -6.2266966]], [[106.9524256, -6.2266966], [106.952299, -6.2273658]], [[106.9532935, -6.298572], [106.9526384, -6.2991038]], [[106.9575923, -6.292847], [106.9560778, -6.2955263], [106.9532935, -6.298572]], [[106.9290348, -6.3098521], [106.9323416, -6.3091994], [106.93641, -6.3075062]], [[106.9263374, -6.3102985], [106.9290348, -6.3098521]], [[106.7301474, -6.132919], [106.730098, -6.1312904]], [[106.7301993, -6.1312771], [106.7302566, -6.1329045]], [[106.8770023, -6.3071461], [106.8782485, -6.306825]], [[106.9579815, -6.2558908], [106.9579874, -6.2551603]], [[106.9186544, -6.3116115], [106.9205421, -6.3112666]], [[106.9069384, -6.3117313], [106.907452, -6.3117654]], [[106.9036494, -6.3114159], [106.906705, -6.3117127]], [[106.9026307, -6.3112274], [106.9036494, -6.3114159]], [[106.9117861, -6.3120011], [106.9132021, -6.312023]], [[106.8863578, -6.3057371], [106.8865911, -6.305736]], [[106.8865911, -6.305736], [106.8870491, -6.3057323]], [[106.8848907, -6.3057727], [106.8863578, -6.3057371]], [[106.8661883, -6.306948], [106.8691861, -6.308348]], [[106.8758248, -6.3074507], [106.8762649, -6.3073389], [106.8768628, -6.3071847]], [[106.8710564, -6.3085147], [106.8714822, -6.3084518], [106.8717827, -6.3083937], [106.873557, -6.3080296]], [[106.8933532, -6.3066833], [106.8950804, -6.3071007]], [[106.8902876, -6.3060011], [106.8909994, -6.3061356], [106.8930407, -6.3066081]], [[106.8886868, -6.3057724], [106.8892161, -6.3058368]], [[106.8873422, -6.3057283], [106.8879645, -6.3057397], [106.8886868, -6.3057724]], [[106.8870491, -6.3057323], [106.8873422, -6.3057283]], [[106.8802893, -6.3064433], [106.8770532, -6.3072647]], [[106.8836616, -6.3059599], [106.8830154, -6.3059799], [106.8826345, -6.3060047]], [[106.8895303, -6.3060176], [106.8891997, -6.3059876]], [[106.8891997, -6.3059876], [106.8888469, -6.3059584], [106.8885088, -6.3059397]], [[106.8895313, -6.3058779], [106.8902876, -6.3060011]], [[106.8892161, -6.3058368], [106.8895313, -6.3058779]], [[106.9369772, -6.3073647], [106.9364694, -6.3076123]], [[106.93641, -6.3075062], [106.9369218, -6.307256]], [[106.9526384, -6.2991038], [106.9478516, -6.3019763], [106.9369772, -6.3073647]], [[106.9530871, -6.2985679], [106.9559826, -6.2954396], [106.9575772, -6.292587]], [[106.8986879, -6.3089149], [106.8951474, -6.307256], [106.8895303, -6.3060176]], [[106.8989625, -6.3091138], [106.8986879, -6.3089149]], [[106.8987483, -6.3088243], [106.8990275, -6.3090155]], [[106.8950804, -6.3071007], [106.8987483, -6.3088243]], [[106.9036351, -6.3115287], [106.9032747, -6.3114769]], [[106.9066688, -6.3118194], [106.9039244, -6.3115644], [106.9036351, -6.3115287]], [[106.9089163, -6.3119834], [106.9076544, -6.3119158], [106.9069247, -6.3118432]], [[106.9091055, -6.3119926], [106.9089163, -6.3119834]], [[106.9091148, -6.3118664], [106.9117861, -6.3120011]], [[106.9089284, -6.3118551], [106.9091148, -6.3118664]], [[106.9185743, -6.3116266], [106.9186544, -6.3116115]], [[106.9184254, -6.3116527], [106.9185743, -6.3116266]], [[106.9184397, -6.3117694], [106.9174747, -6.3119139], [106.9167969, -6.3119821], [106.916184, -6.312026]], [[106.9185811, -6.3117459], [106.9184397, -6.3117694]], [[106.8465962, -6.3041097], [106.8418759, -6.3034399]], [[106.8315591, -6.2983692], [106.8339653, -6.2999425]], [[106.8345567, -6.3003265], [106.8365023, -6.3015728]], [[106.8569208, -6.3055705], [106.8570532, -6.305585], [106.8571843, -6.3055896], [106.8579884, -6.3055677]], [[106.8496275, -6.3042083], [106.8503217, -6.3042571]], [[106.8598466, -6.30548], [106.8605207, -6.3054525], [106.861576, -6.3054206]], [[106.8870632, -6.3059405], [106.8849139, -6.3059416]], [[106.8757626, -6.3076192], [106.8751958, -6.3077606]], [[106.9016423, -6.3110244], [106.9013868, -6.3108965], [106.9010764, -6.3107118], [106.8989625, -6.3091138]], [[106.7644398, -6.2539482], [106.7643764, -6.2537185], [106.7642898, -6.2533724], [106.7642462, -6.2532054]], [[106.733024, -6.1948384], [106.7332821, -6.1954694], [106.7337043, -6.1963219], [106.734228, -6.1974002]], [[106.8751958, -6.3077606], [106.8743203, -6.3079794]], [[106.9215122, -6.3112463], [106.9210362, -6.3113268]], [[106.9214988, -6.311113], [106.9263374, -6.3102985]], [[106.7690199, -6.2775635], [106.7692608, -6.2779056]], [[106.7409562, -6.2103065], [106.7412079, -6.2107717]], [[106.728452, -6.1779047], [106.7283331, -6.1765448]], [[106.7679126, -6.2659914], [106.768257, -6.2681858]], [[106.7674892, -6.2626555], [106.7679126, -6.2659914]], [[106.7626536, -6.2503841], [106.7628509, -6.2506199]], [[106.7613266, -6.2487946], [106.7621918, -6.2498056], [106.7626536, -6.2503841]], [[106.7677042, -6.2738224], [106.7677295, -6.2733645], [106.7677963, -6.2728015]], [[106.7889422, -6.2921507], [106.7894819, -6.2921448]], [[106.764778, -6.2546027], [106.7648735, -6.2549717]], [[106.7648735, -6.2549717], [106.765153, -6.2560456]], [[106.8252086, -6.2951488], [106.8250024, -6.2950447], [106.8249125, -6.2949994]], [[106.8217855, -6.2936735], [106.8207684, -6.2932651]], [[106.8483262, -6.3041259], [106.8489769, -6.3041671]], [[106.8489769, -6.3041671], [106.8496275, -6.3042083]], [[106.860447, -6.3056042], [106.8596371, -6.3056381]], [[106.8593697, -6.3056442], [106.8588262, -6.3056567]], [[106.8470935, -6.3041577], [106.8465962, -6.3041097]], [[106.8339653, -6.2999425], [106.8340278, -6.2999847], [106.8345567, -6.3003265]], [[106.8365326, -6.3017707], [106.8349362, -6.3007721]], [[106.8349362, -6.3007721], [106.8334251, -6.2997715]], [[106.8204275, -6.292967], [106.8215187, -6.2933974], [106.8217262, -6.293479]], [[106.8217262, -6.293479], [106.8221698, -6.2936568]], [[106.8207684, -6.2932651], [106.8203318, -6.2930977], [106.8200212, -6.29298]], [[106.8476653, -6.3040663], [106.8482234, -6.3041174], [106.8483262, -6.3041259]], [[106.8464223, -6.3039433], [106.8471072, -6.3040152], [106.8476653, -6.3040663]], [[106.8519428, -6.3044558], [106.8512214, -6.3044262]], [[106.8589204, -6.3055179], [106.8598466, -6.30548]], [[106.8246933, -6.2947199], [106.8249876, -6.2948634]], [[106.8249876, -6.2948634], [106.8249959, -6.294867], [106.8250932, -6.2949141], [106.8252746, -6.295002]], [[106.8249125, -6.2949994], [106.8246946, -6.2948953], [106.8246241, -6.294863]], [[106.857984, -6.3056994], [106.8569066, -6.3057159]], [[106.8569066, -6.3057159], [106.8568341, -6.3057064], [106.8567406, -6.3056941]], [[106.8567406, -6.3056941], [106.8566047, -6.305673]], [[106.8563481, -6.3054944], [106.8566248, -6.3055312]], [[106.8566248, -6.3055312], [106.8567556, -6.3055485]], [[106.8567556, -6.3055485], [106.8569208, -6.3055705]], [[106.861576, -6.3054206], [106.8619909, -6.3054304], [106.8622117, -6.3054356]], [[106.8623497, -6.3054424], [106.8625246, -6.3054616]], [[106.8640067, -6.3060026], [106.8625043, -6.305597]], [[106.8625043, -6.305597], [106.8624767, -6.3055919], [106.8623387, -6.3055748]], [[106.8623387, -6.3055748], [106.8622072, -6.3055718]], [[106.8622117, -6.3054356], [106.8623081, -6.3054379], [106.8623497, -6.3054424]], [[106.8112087, -6.2922393], [106.8104647, -6.2922637]], [[106.8093868, -6.2921548], [106.8097732, -6.2921331], [106.8100919, -6.2921244]], [[106.8106576, -6.2921046], [106.8113646, -6.2920772]], [[106.8079065, -6.2923589], [106.8077056, -6.2923654]], [[106.8104647, -6.2922637], [106.8092815, -6.2923077]], [[106.8092815, -6.2923077], [106.8089539, -6.2923195]], [[106.8113646, -6.2920772], [106.8120286, -6.2920623]], [[106.8088701, -6.2923221], [106.8087817, -6.2923248]], [[106.807497, -6.2922126], [106.8087809, -6.2921696]], [[106.8087809, -6.2921696], [106.8088645, -6.2921668]], [[106.8088645, -6.2921668], [106.808949, -6.2921632]], [[106.8089539, -6.2923195], [106.8088701, -6.2923221]], [[106.8044323, -6.2924569], [106.8027591, -6.2924459]], [[106.8027591, -6.2924459], [106.8026673, -6.2924445]], [[106.8026673, -6.2924445], [106.8025679, -6.2924433]], [[106.8024849, -6.292283], [106.8025647, -6.292284]], [[106.8025647, -6.292284], [106.8026687, -6.2922853]], [[106.8026687, -6.2922853], [106.8027582, -6.2922864]], [[106.8067053, -6.2922349], [106.8067541, -6.2922335], [106.807497, -6.2922126]], [[106.8077056, -6.2923654], [106.8065941, -6.2924032]], [[106.8025679, -6.2924433], [106.8024773, -6.2924422], [106.8020161, -6.2924346]], [[106.8016449, -6.2924289], [106.8012431, -6.2924231]], [[106.8006552, -6.2922538], [106.8008948, -6.2922557], [106.8010243, -6.292258]], [[106.8022087, -6.2922786], [106.8024849, -6.292283]], [[106.8027582, -6.2922864], [106.8031106, -6.2922908]], [[106.8045167, -6.2924561], [106.8044323, -6.2924569]], [[106.8003933, -6.2924062], [106.8003105, -6.2924046]], [[106.7902809, -6.2921338], [106.791044, -6.2921221], [106.791125, -6.2921214]], [[106.7911303, -6.2922889], [106.7910514, -6.2922879], [106.7897837, -6.2922997]], [[106.8003105, -6.2924046], [106.799829, -6.2923952], [106.7997358, -6.2923934]], [[106.7997393, -6.2922366], [106.7998292, -6.2922378], [106.8006552, -6.2922538]], [[106.7897837, -6.2922997], [106.7897219, -6.2923005]], [[106.7897219, -6.2923005], [106.7886666, -6.2923138], [106.7885797, -6.2923147], [106.788356, -6.2923157]], [[106.7894819, -6.2921448], [106.7897818, -6.2921415]], [[106.7888478, -6.2921545], [106.7889422, -6.2921507]], [[106.788356, -6.2923157], [106.7880964, -6.2923169], [106.7876551, -6.2923167], [106.7872848, -6.2922992]], [[106.7854422, -6.2918758], [106.786395, -6.2920502]], [[106.7897818, -6.2921415], [106.7902809, -6.2921338]], [[106.803945, -6.2922979], [106.804386, -6.2922963], [106.8044384, -6.2922961], [106.8045147, -6.2922958]], [[106.7851992, -6.2919801], [106.7850191, -6.2919316], [106.7844325, -6.2917638]], [[106.7854054, -6.292031], [106.7852947, -6.2920058]], [[106.7852947, -6.2920058], [106.7851992, -6.2919801]], [[106.7844998, -6.2916166], [106.78505, -6.2917793], [106.7852373, -6.291827]], [[106.7852373, -6.291827], [106.7853349, -6.2918507]], [[106.7853349, -6.2918507], [106.7854422, -6.2918758]], [[106.7802329, -6.2902885], [106.779326, -6.2897291]], [[106.7760055, -6.2861], [106.7759924, -6.2860846], [106.7754873, -6.2854923]], [[106.7770012, -6.2872712], [106.7760055, -6.2861]], [[106.7760502, -6.2859185], [106.7771013, -6.2871849]], [[106.9580587, -6.2595557], [106.9581698, -6.2642225]], [[106.9578901, -6.2621123], [106.9579231, -6.2595465]], [[106.784196, -6.2916763], [106.7838269, -6.2915498], [106.7835461, -6.2914577]], [[106.8012431, -6.2924231], [106.8011131, -6.2924197]], [[106.8020161, -6.2924346], [106.801857, -6.292432], [106.8016449, -6.2924289]], [[106.7885107, -6.292166], [106.7888478, -6.2921545]], [[106.8020494, -6.2922761], [106.8022087, -6.2922786]], [[106.8100919, -6.2921244], [106.8103611, -6.2921125], [106.8106576, -6.2921046]], [[106.7586744, -6.2423573], [106.7585746, -6.2418981]], [[106.7341743, -6.1975797], [106.734101, -6.1974327]], [[106.8716239, -6.3085796], [106.871016, -6.3086835]], [[106.8735869, -6.3081637], [106.8716239, -6.3085796]], [[106.7537734, -6.2314959], [106.7539975, -6.2318295], [106.7541326, -6.2320295]], [[106.7535423, -6.2311519], [106.7537734, -6.2314959]], [[106.7298778, -6.1268311], [106.7298913, -6.1264731]], [[106.7298747, -6.1283726], [106.7298468, -6.1276525], [106.7298778, -6.1268311]], [[106.730098, -6.1312904], [106.7300528, -6.130805], [106.7299131, -6.1293645], [106.7298747, -6.1283726]], [[106.7678609, -6.2733394], [106.7678433, -6.2735273]], [[106.7679298, -6.272823], [106.7678706, -6.2732443], [106.7678609, -6.2733394]], [[106.7472015, -6.2216291], [106.7454387, -6.2186672]], [[106.7475963, -6.2222903], [106.7472015, -6.2216291]], [[106.7435915, -6.2149714], [106.7438134, -6.215371]], [[106.7434411, -6.2147007], [106.7435915, -6.2149714]], [[106.7271495, -6.1608792], [106.7271658, -6.1602098]], [[106.7271194, -6.1634041], [106.7271136, -6.1623478], [106.7271495, -6.1608792]], [[106.7361401, -6.2011817], [106.7369453, -6.2028294]], [[106.7343707, -6.1976779], [106.735332, -6.1995789]], [[106.8930407, -6.3066081], [106.8933532, -6.3066833]], [[106.9528193, -6.2987888], [106.9530871, -6.2985679]], [[106.9369218, -6.307256], [106.9500074, -6.3007028], [106.9528193, -6.2987888]], [[106.8753201, -6.3075803], [106.8758248, -6.3074507]], [[106.951956, -6.2280286], [106.9522193, -6.2265254]], [[106.9511824, -6.2322664], [106.951441, -6.2307235], [106.9515487, -6.2301758], [106.951956, -6.2280286]], [[106.9432906, -6.1918114], [106.9432669, -6.1915426]], [[106.9432669, -6.1915426], [106.9428964, -6.1847685]], [[106.9429428, -6.1802648], [106.9429786, -6.1781706]], [[106.9401816, -6.1498782], [106.9401242, -6.1490082]], [[106.9401991, -6.1501433], [106.9401816, -6.1498782]], [[106.7281154, -6.1480243], [106.7280329, -6.1483127]], [[106.7282615, -6.1475142], [106.7281953, -6.1477454]], [[106.9576724, -6.2926669], [106.9575923, -6.292847]], [[106.7310794, -6.1221446], [106.7311782, -6.1219674]], [[106.7296102, -6.1828747], [106.7300835, -6.1847674]], [[106.7294337, -6.1821686], [106.7296102, -6.1828747]], [[106.9589101, -6.2715574], [106.9588986, -6.2714188]], [[106.9588986, -6.2714188], [106.9578901, -6.2621123]], [[106.9590318, -6.2714028], [106.9590457, -6.2715521]], [[106.9581698, -6.2642225], [106.9590318, -6.2714028]], [[106.7840194, -6.2914588], [106.7842386, -6.2915326]], [[106.8596371, -6.3056381], [106.8593697, -6.3056442]], [[106.7755755, -6.2853477], [106.7757571, -6.285562], [106.7760502, -6.2859185]], [[106.8873851, -6.3059403], [106.8870632, -6.3059405]], [[106.8885088, -6.3059397], [106.8873851, -6.3059403]], [[106.7324871, -6.1202027], [106.7324355, -6.1202801]], [[106.9581108, -6.2558953], [106.9581066, -6.255974]], [[106.808949, -6.2921632], [106.8093868, -6.2921548]]]}, "properties": {"id": "rd-310", "name": "Jalan Tol Lingkar Luar Jakarta", "route_name": "Jalan Tol Lingkar Luar Jakarta", "highway": "motorway", "mode": "road", "status": "context", "status_label": "Jalan - konteks", "source": "OpenStreetMap", "source_type": "osm", "license": "ODbL"}}, {"type": "Feature", "id": "rd-311", "geometry": {"type": "MultiLineString", "coordinates": [[[106.8867461, -6.1535649], [106.888696, -6.1501719]], [[106.8810848, -6.1630359], [106.8784819, -6.1673247], [106.8765631, -6.1739402]], [[106.88397, -6.158345], [106.8833753, -6.1593858]], [[106.8905146, -6.1445083], [106.8896384, -6.148175], [106.8887361, -6.150348]], [[106.8905773, -6.1441239], [106.8905146, -6.1445083]], [[106.8880514, -6.1516683], [106.8875149, -6.1524959]], [[106.8875149, -6.1524959], [106.8842945, -6.1578302]], [[106.8765631, -6.1739402], [106.8763747, -6.174669], [106.8763743, -6.174671]], [[106.8763743, -6.174671], [106.8762312, -6.1753916], [106.8761962, -6.1757004]], [[106.8762796, -6.1746935], [106.8764433, -6.1739591]], [[106.876017, -6.1761613], [106.8762796, -6.1746935]], [[106.8789483, -6.1661717], [106.8790719, -6.1659609]], [[106.8764433, -6.1739591], [106.8780845, -6.1680691], [106.8789483, -6.1661717]], [[106.8833753, -6.1593858], [106.8810848, -6.1630359]], [[106.8790719, -6.1659609], [106.8809851, -6.1630053]], [[106.8809851, -6.1630053], [106.8832847, -6.1593185]], [[106.8866369, -6.1537595], [106.8867461, -6.1535649]], [[106.8832847, -6.1593185], [106.8866369, -6.1537595]], [[106.8842945, -6.1578302], [106.88397, -6.158345]], [[106.8903066, -6.1449713], [106.8903322, -6.1448597], [106.8904332, -6.1443986]], [[106.8887361, -6.150348], [106.8887285, -6.150365]], [[106.8887285, -6.150365], [106.8885847, -6.1506836], [106.8880514, -6.1516683]], [[106.888696, -6.1501719], [106.8887288, -6.1500966]], [[106.8887288, -6.1500966], [106.8903066, -6.1449713]]]}, "properties": {"id": "rd-311", "name": "Jalan Tol Lingkar Wiyoto Wiyono", "route_name": "Jalan Tol Lingkar Wiyoto Wiyono", "highway": "motorway", "mode": "road", "status": "context", "status_label": "Jalan - konteks", "source": "OpenStreetMap", "source_type": "osm", "license": "ODbL"}}, {"type": "Feature", "id": "rd-312", "geometry": {"type": "MultiLineString", "coordinates": [[[106.8212367, -6.131725], [106.8402453, -6.1286212], [106.8491524, -6.1264193], [106.8540954, -6.124789]], [[106.8880872, -6.1289511], [106.8875411, -6.1286116]], [[106.7820657, -6.1303119], [106.7841789, -6.1312145], [106.7874198, -6.1318069]], [[106.8875411, -6.1286116], [106.8830667, -6.1265365], [106.8661373, -6.1233164], [106.8617711, -6.1221743], [106.8593537, -6.1225015], [106.852628, -6.125498]], [[106.7805718, -6.1292344], [106.7820657, -6.1303119]], [[106.8150288, -6.1297277], [106.8148934, -6.129696], [106.8147409, -6.1296659]], [[106.8147409, -6.1296659], [106.8132891, -6.1296427], [106.810639, -6.1302828]], [[106.8147508, -6.1295512], [106.8149346, -6.1295867], [106.815036, -6.1296063]], [[106.8105385, -6.1301926], [106.8130671, -6.1295547], [106.8147508, -6.1295512]], [[106.810012, -6.1303268], [106.8105385, -6.1301926]], [[106.789204, -6.1320835], [106.7934194, -6.1324089], [106.7970865, -6.1321875]], [[106.7963698, -6.1323641], [106.7917202, -6.1324769], [106.789049, -6.1321836]], [[106.810639, -6.1302828], [106.8099379, -6.13047]], [[106.8018345, -6.1319989], [106.810012, -6.1303268]], [[106.7989482, -6.1321198], [106.7997126, -6.1321225]], [[106.8088662, -6.1307465], [106.8012318, -6.1321586]], [[106.8897736, -6.1302067], [106.8894747, -6.130006], [106.8888694, -6.1295454]], [[106.7880802, -6.1318996], [106.789204, -6.1320835]], [[106.789049, -6.1321836], [106.7878504, -6.1320099]], [[106.7966783, -6.1323416], [106.7963698, -6.1323641]], [[106.8014501, -6.1320396], [106.8018345, -6.1319989]], [[106.7997126, -6.1321225], [106.8005955, -6.1320935], [106.801025, -6.1320662], [106.8014501, -6.1320396]], [[106.8012318, -6.1321586], [106.7975925, -6.1322845]], [[106.8888694, -6.1295454], [106.8880872, -6.1289511]], [[106.7970865, -6.1321875], [106.798172, -6.1321361], [106.7986599, -6.1321237], [106.7989482, -6.1321198]], [[106.8849925, -6.1271604], [106.8874615, -6.1283426]], [[106.8605764, -6.1220832], [106.8623295, -6.1221482], [106.8644245, -6.1227831]], [[106.8540954, -6.124789], [106.8605764, -6.1220832]], [[106.8644245, -6.1227831], [106.883148, -6.1264487], [106.8849925, -6.1271604]], [[106.7975925, -6.1322845], [106.7966783, -6.1323416]], [[106.8874615, -6.1283426], [106.887748, -6.1285124]], [[106.8093321, -6.1306261], [106.8088662, -6.1307465]], [[106.8099379, -6.13047], [106.8093321, -6.1306261]], [[106.852628, -6.125498], [106.8521372, -6.125657]], [[106.8521372, -6.125657], [106.840294, -6.1287039], [106.820932, -6.13191], [106.8184804, -6.1315804], [106.8150288, -6.1297277]], [[106.8204687, -6.1318402], [106.8206571, -6.1318248], [106.8210111, -6.1317702], [106.8212367, -6.131725]], [[106.815036, -6.1296063], [106.8186206, -6.1315222], [106.8204687, -6.1318402]], [[106.7874198, -6.1318069], [106.7880802, -6.1318996]]]}, "properties": {"id": "rd-312", "name": "Jalan Tol Pelabuhan", "route_name": "Jalan Tol Pelabuhan", "highway": "motorway", "mode": "road", "status": "context", "status_label": "Jalan - konteks", "source": "OpenStreetMap", "source_type": "osm", "license": "ODbL"}}, {"type": "Feature", "id": "rd-313", "geometry": {"type": "MultiLineString", "coordinates": [[[106.6885146, -6.1119983], [106.6831483, -6.1151528]], [[106.70419, -6.1007607], [106.7116922, -6.0960816], [106.7143849, -6.0960103], [106.7162364, -6.0970321]], [[106.7736393, -6.121588], [106.7752849, -6.1223814], [106.7761747, -6.1235662]], [[106.7532336, -6.1227489], [106.7521787, -6.1227105]], [[106.7521787, -6.1227105], [106.7447567, -6.1222687], [106.7355171, -6.1181921], [106.7333592, -6.1162329], [106.717215, -6.0983427]], [[106.752184, -6.1226075], [106.7532228, -6.1226478]], [[106.7532448, -6.1228546], [106.7521735, -6.1228113]], [[106.7521885, -6.122521], [106.7532122, -6.122548]], [[106.7532122, -6.122548], [106.7601876, -6.1226005], [106.7671402, -6.1218786]], [[106.7303443, -6.1130502], [106.7260285, -6.1082522]], [[106.7675373, -6.1221427], [106.7602117, -6.1228229], [106.7532336, -6.1227489]], [[106.7675373, -6.1221427], [106.760224, -6.1229358], [106.7532448, -6.1228546]], [[106.717248, -6.0979713], [106.7261882, -6.107928]], [[106.6864679, -6.1131402], [106.6892313, -6.1112519], [106.6921377, -6.1082826], [106.6963881, -6.1054573]], [[106.7761747, -6.1235662], [106.7774698, -6.1260397], [106.7794168, -6.1281658]], [[106.7822938, -6.1306084], [106.7818227, -6.1303113], [106.7814042, -6.13005], [106.7811092, -6.1298393]], [[106.7878504, -6.1320099], [106.7827793, -6.130855]], [[106.7365538, -6.1190066], [106.7342714, -6.1174214], [106.7312674, -6.1141402]], [[106.7333112, -6.1157404], [106.7366203, -6.1185294], [106.7440272, -6.1218137], [106.7460335, -6.1222777], [106.7521885, -6.122521]], [[106.6822501, -6.1153132], [106.6864679, -6.1131402]], [[106.7159447, -6.0969652], [106.7136718, -6.0960176], [106.7117722, -6.096217], [106.7042663, -6.1008853]], [[106.7162364, -6.0970321], [106.7165959, -6.0974223]], [[106.716476, -6.0974954], [106.7161319, -6.0971247]], [[106.7183859, -6.0993854], [106.733439, -6.1161805], [106.7356453, -6.1181557], [106.7447241, -6.1221616], [106.752184, -6.1226075]], [[106.7695845, -6.1217534], [106.7728037, -6.121584]], [[106.7728735, -6.121468], [106.7731979, -6.1214974], [106.7734914, -6.1215553], [106.7736393, -6.121588]], [[106.7532228, -6.1226478], [106.7601996, -6.1227113], [106.7662712, -6.1221187]], [[106.7749215, -6.1222534], [106.7761747, -6.1235662]], [[106.7728037, -6.121584], [106.7741826, -6.1218518]], [[106.7741758, -6.1219807], [106.77296, -6.1216936]], [[106.7770355, -6.125617], [106.7758407, -6.1232668], [106.7741758, -6.1219807]], [[106.6967071, -6.1055441], [106.696499, -6.105653], [106.6963139, -6.1057556], [106.6962255, -6.1058024]], [[106.697189, -6.1052825], [106.6967071, -6.1055441]], [[106.772584, -6.1216873], [106.7722763, -6.121698], [106.7720219, -6.1217227], [106.7717925, -6.1217559]], [[106.7741826, -6.1218518], [106.7743353, -6.121916], [106.7745942, -6.1220467], [106.7749215, -6.1222534]], [[106.7326556, -6.1150065], [106.7333112, -6.1157404]], [[106.7381358, -6.1197008], [106.7378028, -6.1195568], [106.7365538, -6.1190066]], [[106.7521735, -6.1228113], [106.7452922, -6.1225167], [106.739536, -6.120275]], [[106.7320101, -6.1143553], [106.7322776, -6.114626]], [[106.7799564, -6.1287041], [106.7805718, -6.1292344]], [[106.77296, -6.1216936], [106.772584, -6.1216873]], [[106.7385136, -6.1198654], [106.7381358, -6.1197008]], [[106.739536, -6.120275], [106.7385136, -6.1198654]], [[106.7165959, -6.0974223], [106.7170025, -6.0978299]], [[106.7702624, -6.1216787], [106.7718583, -6.1215227], [106.7723975, -6.121472], [106.7728735, -6.121468]], [[106.7695845, -6.1217534], [106.7699178, -6.121712]], [[106.7670385, -6.1220297], [106.7671484, -6.1220107], [106.7676296, -6.1219423]], [[106.7671402, -6.1218786], [106.7678457, -6.1216653]], [[106.7687431, -6.1218081], [106.7688207, -6.1218014], [106.768859, -6.1217997]], [[106.7178937, -6.0991571], [106.7177767, -6.0990203], [106.717215, -6.0983427]], [[106.717215, -6.0983427], [106.716476, -6.0974954]], [[106.6951914, -6.1065318], [106.6942647, -6.1071385], [106.6937202, -6.1074586]], [[106.7161319, -6.0971247], [106.7160546, -6.0970582], [106.7159447, -6.0969652]], [[106.7261882, -6.107928], [106.7306111, -6.1128794]], [[106.7260285, -6.1082522], [106.7178937, -6.0991571]], [[106.7306111, -6.1128794], [106.730879, -6.1131665], [106.7316593, -6.1140028], [106.7320101, -6.1143553]], [[106.7312674, -6.1141402], [106.7303443, -6.1130502]], [[106.6974855, -6.1051293], [106.697189, -6.1052825]], [[106.6976908, -6.105022], [106.6974855, -6.1051293]], [[106.696092, -6.1058926], [106.6959572, -6.1059837], [106.6957588, -6.1061332]], [[106.6954037, -6.1064007], [106.6951914, -6.1065318]], [[106.6957588, -6.1061332], [106.6954037, -6.1064007]], [[106.6962255, -6.1058024], [106.696092, -6.1058926]], [[106.7170025, -6.0978299], [106.7170732, -6.0978506], [106.7171644, -6.0978943], [106.717248, -6.0979713]], [[106.7717925, -6.1217559], [106.770827, -6.1218652]], [[106.7662712, -6.1221187], [106.7665581, -6.1220848]], [[106.7678457, -6.1216653], [106.7689188, -6.1213987]], [[106.7692271, -6.1217713], [106.769335, -6.12176]], [[106.769101, -6.1217836], [106.7692271, -6.1217713]], [[106.7689333, -6.1217964], [106.769101, -6.1217836]], [[106.7676296, -6.1219423], [106.7683059, -6.1218461]], [[106.769335, -6.12176], [106.7695275, -6.1217467], [106.7695845, -6.1217534]], [[106.7665581, -6.1220848], [106.7670385, -6.1220297]], [[106.7699178, -6.121712], [106.7702624, -6.1216787]], [[106.7170025, -6.0978299], [106.7183859, -6.0993854]], [[106.7811092, -6.1298393], [106.7774655, -6.1262764]], [[106.7691211, -6.1220801], [106.7675373, -6.1221427]], [[106.770827, -6.1218652], [106.7698614, -6.1219907]], [[106.7697048, -6.121526], [106.7702624, -6.1216787]], [[106.7689188, -6.1213987], [106.7695591, -6.1214939]], [[106.768859, -6.1217997], [106.7689333, -6.1217964]], [[106.7683059, -6.1218461], [106.7687431, -6.1218081]], [[106.7695591, -6.1214939], [106.7696219, -6.1215033], [106.7697048, -6.121526]], [[106.6895384, -6.1111378], [106.6889968, -6.111619], [106.6885146, -6.1119983]], [[106.6927571, -6.1080222], [106.6895384, -6.1111378]], [[106.6937202, -6.1074586], [106.6927571, -6.1080222]], [[106.6982684, -6.1046931], [106.6976908, -6.105022]], [[106.700349, -6.1034098], [106.6992574, -6.1040749]], [[106.6984735, -6.1045763], [106.6982684, -6.1046931]], [[106.7827793, -6.130855], [106.7822938, -6.1306084]], [[106.7796911, -6.1284366], [106.7799564, -6.1287041]], [[106.7794168, -6.1281658], [106.7796911, -6.1284366]], [[106.7774655, -6.1262764], [106.7773446, -6.1261083], [106.7770355, -6.125617]], [[106.7322776, -6.114626], [106.7326556, -6.1150065]], [[106.7698614, -6.1219907], [106.769557, -6.1220227], [106.7691211, -6.1220801]], [[106.699094, -6.1039927], [106.6991767, -6.1039421]], [[106.6991799, -6.1041245], [106.6984735, -6.1045763]], [[106.6992574, -6.1040749], [106.6991799, -6.1041245]], [[106.6991767, -6.1039421], [106.7006651, -6.1030359]], [[106.7007822, -6.1031427], [106.7007233, -6.1031809]], [[106.7007241, -6.1029978], [106.7041336, -6.1007971]], [[106.7006651, -6.1030359], [106.7007241, -6.1029978]], [[106.7007233, -6.1031809], [106.700349, -6.1034098]], [[106.7041336, -6.1007971], [106.70419, -6.1007607]], [[106.7042663, -6.1008853], [106.7042034, -6.100926]], [[106.7042034, -6.100926], [106.7007822, -6.1031427]], [[106.6963881, -6.1054573], [106.699094, -6.1039927]]]}, "properties": {"id": "rd-313", "name": "Jalan Tol Profesor Doktor Sedyatmo", "route_name": "Jalan Tol Profesor Doktor Sedyatmo", "highway": "motorway", "mode": "road", "status": "context", "status_label": "Jalan - konteks", "source": "OpenStreetMap", "source_type": "osm", "license": "ODbL"}}, {"type": "Feature", "id": "rd-314", "geometry": {"type": "MultiLineString", "coordinates": [[[106.6762024, -6.3126068], [106.6780437, -6.3122435], [106.6805825, -6.3111427]], [[106.6806421, -6.3112736], [106.6780928, -6.3123719], [106.6762044, -6.3127443]]]}, "properties": {"id": "rd-314", "name": "Jalan Tol Serpong–Balaraja", "route_name": "Jalan Tol Serpong–Balaraja", "highway": "motorway", "mode": "road", "status": "context", "status_label": "Jalan - konteks", "source": "OpenStreetMap", "source_type": "osm", "license": "ODbL"}}, {"type": "Feature", "id": "rd-315", "geometry": {"type": "MultiLineString", "coordinates": [[[106.7215064, -6.3155178], [106.7259496, -6.3166528], [106.7295867, -6.3189242], [106.7324513, -6.3224112], [106.7355412, -6.3291345], [106.7367643, -6.3300889], [106.7399452, -6.3312465]], [[106.7399407, -6.3314226], [106.736716, -6.3302649], [106.7354339, -6.3292678], [106.7316896, -6.3215261], [106.7287606, -6.3184603], [106.7252737, -6.3165622], [106.7201367, -6.31541]], [[106.6977837, -6.2990628], [106.7008039, -6.300673], [106.701445, -6.3010636], [106.7022549, -6.3016567]], [[106.7436915, -6.3348399], [106.7439365, -6.33533], [106.7446125, -6.3366309]], [[106.7444783, -6.3367482], [106.7437756, -6.3353886], [106.7435573, -6.3349506]], [[106.7399452, -6.3312465], [106.7417237, -6.3320137], [106.7430836, -6.3336238]], [[106.7429388, -6.3337091], [106.7416352, -6.3321629], [106.7399407, -6.3314226]], [[106.7445917, -6.3369317], [106.7444783, -6.3367482]], [[106.7446125, -6.3366309], [106.7447188, -6.3368105]], [[106.7447188, -6.3368105], [106.7472773, -6.33995], [106.7527309, -6.3435121], [106.755252, -6.3460463], [106.7568862, -6.3488162], [106.7589408, -6.3545236], [106.7608774, -6.3572799]], [[106.7606896, -6.3573332], [106.7587799, -6.3545662], [106.7567494, -6.3488695], [106.7551134, -6.3461379], [106.75262, -6.3436326], [106.7471605, -6.3400698], [106.7445917, -6.3369317]], [[106.7609847, -6.3576478], [106.7606896, -6.3573332]], [[106.7608774, -6.3572799], [106.7611617, -6.3576105]], [[106.7022549, -6.3016567], [106.702888, -6.3021606], [106.7033841, -6.3026269]], [[106.7105626, -6.3105544], [106.710366, -6.3103879], [106.7101853, -6.310223]], [[106.7101998, -6.3100197], [106.7104733, -6.3102759], [106.7105613, -6.310349]], [[106.7101853, -6.310223], [106.7068247, -6.3066709]], [[106.7033841, -6.3026269], [106.7101998, -6.3100197]], [[106.7201692, -6.3152506], [106.7208803, -6.3154105], [106.7215064, -6.3155178]], [[106.7201367, -6.31541], [106.7151296, -6.3136083], [106.7105626, -6.3105544]], [[106.7105613, -6.310349], [106.7152047, -6.3134644], [106.7201692, -6.3152506]], [[106.7430836, -6.3336238], [106.7431963, -6.3338493], [106.7436915, -6.3348399]], [[106.7435573, -6.3349506], [106.7429388, -6.3337091]], [[106.7667649, -6.3612479], [106.7639364, -6.3600029], [106.7609847, -6.3576478]], [[106.7611617, -6.3576105], [106.7634979, -6.3595498], [106.7667193, -6.3610813]], [[106.7068247, -6.3066709], [106.7066285, -6.306461]]]}, "properties": {"id": "rd-315", "name": "Jalan Tol Serpong–Cinere", "route_name": "Jalan Tol Serpong–Cinere", "highway": "motorway", "mode": "road", "status": "context", "status_label": "Jalan - konteks", "source": "OpenStreetMap", "source_type": "osm", "license": "ODbL"}}, {"type": "Feature", "id": "rd-316", "geometry": {"type": "MultiLineString", "coordinates": [[[106.916872, -6.1671494], [106.9176572, -6.168925], [106.9181626, -6.1767951], [106.9179654, -6.1811312], [106.9184802, -6.1823206], [106.9195259, -6.1828355], [106.9260327, -6.1835653], [106.9319515, -6.1829022]], [[106.9296126, -6.1833532], [106.9257087, -6.183643], [106.9193874, -6.1829164], [106.9183112, -6.1823112], [106.917847, -6.1811508], [106.9180453, -6.1768173], [106.9175332, -6.1688835], [106.9168001, -6.1672518]], [[106.9388122, -6.1875865], [106.9383711, -6.1872614]], [[106.9410977, -6.188414], [106.9388122, -6.1875865]], [[106.9319515, -6.1829022], [106.9371343, -6.1821105], [106.9382174, -6.182875], [106.9382117, -6.1834476], [106.9377241, -6.1839322]], [[106.9372821, -6.1838278], [106.9374817, -6.1829298], [106.936598, -6.1824891], [106.9296126, -6.1833532]], [[106.9369658, -6.1853543], [106.937351, -6.1861092], [106.9397243, -6.1879576]], [[106.9373772, -6.1863811], [106.9366781, -6.1851925], [106.9372821, -6.1838278]], [[106.9380556, -6.1869746], [106.9376955, -6.1866266]], [[106.9376955, -6.1866266], [106.9375983, -6.1865447], [106.9375115, -6.1864782], [106.9373772, -6.1863811]], [[106.9397243, -6.1879576], [106.9407776, -6.1882465]], [[106.9376012, -6.1840461], [106.9369658, -6.1853543]], [[106.9377241, -6.1839322], [106.9376617, -6.1839898], [106.9376227, -6.1840261], [106.9376012, -6.1840461]], [[106.9382799, -6.1871825], [106.9381123, -6.1870295], [106.9380556, -6.1869746]], [[106.9383711, -6.1872614], [106.9383236, -6.1872203], [106.9382799, -6.1871825]], [[106.8979335, -6.1561414], [106.9046834, -6.1599684]], [[106.9046165, -6.1600699], [106.9006945, -6.1578297]], [[106.9046834, -6.1599684], [106.9061403, -6.1608934]], [[106.9060879, -6.1609821], [106.9046165, -6.1600699]], [[106.9061403, -6.1608934], [106.9135071, -6.1654773]], [[106.9134567, -6.1655597], [106.9060879, -6.1609821]], [[106.9135071, -6.1654773], [106.916872, -6.1671494]], [[106.9168001, -6.1672518], [106.9134567, -6.1655597]]]}, "properties": {"id": "rd-316", "name": "Jalan Tol Sunter–Pulo Gebang", "route_name": "Jalan Tol Sunter–Pulo Gebang", "highway": "motorway", "mode": "road", "status": "context", "status_label": "Jalan - konteks", "source": "OpenStreetMap", "source_type": "osm", "license": "ODbL"}}, {"type": "Feature", "id": "rd-317", "geometry": {"type": "MultiLineString", "coordinates": [[[106.6812388, -6.3110433], [106.680763, -6.3112269]], [[106.6806059, -6.3111337], [106.6806694, -6.3111093]], [[106.7169951, -6.293968], [106.7194735, -6.2933868], [106.7228274, -6.2904752]], [[106.7591946, -6.262033], [106.760015, -6.2612293], [106.760726, -6.2597633], [106.7605868, -6.2565304]], [[106.7611492, -6.2542326], [106.7608099, -6.2555978]], [[106.7607151, -6.2565104], [106.7609433, -6.2591436], [106.7605526, -6.2606266], [106.7595682, -6.2619079], [106.7573414, -6.2631155]], [[106.7545202, -6.2634863], [106.7523877, -6.2631952], [106.7512692, -6.2637027], [106.7505278, -6.2645448], [106.7499297, -6.2698343], [106.7492479, -6.2716844]], [[106.7573414, -6.2631155], [106.7568939, -6.2632666], [106.7564317, -6.2634228]], [[106.7567518, -6.263189], [106.7573141, -6.2629996]], [[106.7492479, -6.2716844], [106.7488667, -6.2723267]], [[106.7491236, -6.2716581], [106.7497968, -6.2698533], [106.7501221, -6.2654756], [106.7505669, -6.2642519], [106.7523243, -6.2630738], [106.7545488, -6.263387]], [[106.73031, -6.2861579], [106.726818, -6.2893623], [106.7226158, -6.2907246], [106.7202593, -6.2930055], [106.7184636, -6.293884]], [[106.748738, -6.2722949], [106.748981, -6.2718942], [106.7491236, -6.2716581]], [[106.6942285, -6.3062774], [106.6940188, -6.3063763], [106.693857, -6.3064526]], [[106.6938054, -6.306334], [106.6939721, -6.3062573], [106.6941387, -6.3061807]], [[106.6811854, -6.3109112], [106.6938054, -6.306334]], [[106.693857, -6.3064526], [106.6812388, -6.3110433]], [[106.69885, -6.3040889], [106.6985565, -6.3042556]], [[106.6984936, -6.3041238], [106.6987992, -6.3039544]], [[106.6964478, -6.3051376], [106.696979, -6.3049035]], [[106.6985565, -6.3042556], [106.6942285, -6.3062774]], [[106.7302346, -6.2860659], [106.7303982, -6.2859271]], [[106.7428017, -6.2776617], [106.7444628, -6.2760552], [106.7472274, -6.274174]], [[106.7305026, -6.2860083], [106.73031, -6.2861579]], [[106.7488667, -6.2723267], [106.7473562, -6.2742197], [106.7445438, -6.2761627]], [[106.7548745, -6.2635584], [106.7545202, -6.2634863]], [[106.7564317, -6.2634228], [106.7548745, -6.2635584]], [[106.7550024, -6.2634683], [106.7567518, -6.263189]], [[106.7545488, -6.263387], [106.754803, -6.2634424], [106.7550024, -6.2634683]], [[106.7608099, -6.2555978], [106.7607579, -6.2558997], [106.7607262, -6.2562043], [106.7607151, -6.2565104]], [[106.7605868, -6.2565304], [106.7606053, -6.2562081], [106.7606386, -6.255887], [106.7606865, -6.2555677]], [[106.7608123, -6.2550233], [106.7610389, -6.2541878], [106.761055, -6.2541314]], [[106.701995, -6.3021763], [106.7023207, -6.3019927]], [[106.7024307, -6.302066], [106.7020741, -6.3022783]], [[106.7069803, -6.298759], [106.7067115, -6.2990181]], [[106.7065763, -6.2989392], [106.7068443, -6.2987055]], [[106.6987992, -6.3039544], [106.701995, -6.3021763]], [[106.7020741, -6.3022783], [106.69885, -6.3040889]], [[106.7067115, -6.2990181], [106.7024307, -6.302066]], [[106.7023207, -6.3019927], [106.7065763, -6.2989392]], [[106.7341707, -6.2839849], [106.7340344, -6.2840199], [106.7326591, -6.2846811], [106.7313763, -6.2853823]], [[106.7312066, -6.2853621], [106.7317691, -6.2850208], [106.7321542, -6.2847713], [106.7329353, -6.2843225]], [[106.7313763, -6.2853823], [106.7305026, -6.2860083]], [[106.7303982, -6.2859271], [106.7306741, -6.2857343], [106.7311241, -6.2854198], [106.7312066, -6.2853621]], [[106.7363524, -6.2827283], [106.7376329, -6.281897]], [[106.696979, -6.3049035], [106.6984936, -6.3041238]], [[106.6941689, -6.3061668], [106.6955631, -6.3055419]], [[106.7280533, -6.2881527], [106.7292134, -6.2870028], [106.7302346, -6.2860659]], [[106.7109563, -6.2956352], [106.7136008, -6.2945612], [106.7169951, -6.293968]], [[106.7243162, -6.2899808], [106.7263777, -6.2894431], [106.7280533, -6.2881527]], [[106.7343158, -6.2839475], [106.7341707, -6.2839849]], [[106.7345557, -6.2838858], [106.7343158, -6.2839475]], [[106.7348362, -6.2838114], [106.7345557, -6.2838858]], [[106.7356718, -6.2833502], [106.7348362, -6.2838114]], [[106.7370278, -6.2824857], [106.7361731, -6.2830412]], [[106.7428867, -6.2777458], [106.7377107, -6.2819868]], [[106.7361731, -6.2830412], [106.7356718, -6.2833502]], [[106.761426, -6.2531988], [106.7611492, -6.2542326]], [[106.7353337, -6.2831392], [106.7356247, -6.283064]], [[106.7350687, -6.2831974], [106.7353337, -6.2831392]], [[106.7356247, -6.283064], [106.7359979, -6.2829032], [106.7363524, -6.2827283]], [[106.7336965, -6.283862], [106.7341163, -6.2836171]], [[106.7331749, -6.2841856], [106.7336965, -6.283862]], [[106.7329353, -6.2843225], [106.7331749, -6.2841856]], [[106.7341163, -6.2836171], [106.7346329, -6.2833124], [106.734818, -6.2832574], [106.7350687, -6.2831974]], [[106.7376329, -6.281897], [106.7402265, -6.2798394], [106.7404469, -6.2796558], [106.7419449, -6.2784507]], [[106.7476998, -6.2737145], [106.7480866, -6.2732516], [106.7484959, -6.272694], [106.748738, -6.2722949]], [[106.7573141, -6.2629996], [106.7591946, -6.262033]], [[106.7228274, -6.2904752], [106.7243162, -6.2899808]], [[106.7473783, -6.2740404], [106.7476998, -6.2737145]], [[106.7110338, -6.295743], [106.7069803, -6.298759]], [[106.7068443, -6.2987055], [106.7109563, -6.2956352]], [[106.680763, -6.3112269], [106.6806421, -6.3112736]], [[106.6807054, -6.3110955], [106.6811854, -6.3109112]], [[106.6941387, -6.3061807], [106.6941689, -6.3061668]], [[106.6955631, -6.3055419], [106.6964478, -6.3051376]], [[106.7419449, -6.2784507], [106.742332, -6.2780847], [106.7428017, -6.2776617]], [[106.7445438, -6.2761627], [106.744095, -6.2765432], [106.7430901, -6.2775537], [106.7428867, -6.2777458]], [[106.7606865, -6.2555677], [106.7608123, -6.2550233]], [[106.7472274, -6.274174], [106.7473783, -6.2740404]], [[106.7176884, -6.294016], [106.7140942, -6.2945652], [106.7110338, -6.295743]], [[106.7184636, -6.293884], [106.7184167, -6.2938973], [106.7176884, -6.294016]], [[106.7377107, -6.2819868], [106.7370278, -6.2824857]], [[106.6806694, -6.3111093], [106.6807054, -6.3110955]], [[106.6805825, -6.3111427], [106.6806059, -6.3111337]]]}, "properties": {"id": "rd-317", "name": "Jalan Tol Ulujami–Serpong", "route_name": "Jalan Tol Ulujami–Serpong", "highway": "motorway", "mode": "road", "status": "context", "status_label": "Jalan - konteks", "source": "OpenStreetMap", "source_type": "osm", "license": "ODbL"}}, {"type": "Feature", "id": "rd-318", "geometry": {"type": "MultiLineString", "coordinates": [[[106.8024341, -6.1754712], [106.8010579, -6.1764802]], [[106.8068496, -6.1725875], [106.8057668, -6.1733465], [106.8053848, -6.1736284], [106.804532, -6.1742612]], [[106.8044679, -6.1741684], [106.8053212, -6.1735416], [106.8057321, -6.1732449], [106.8067795, -6.1724968]], [[106.7956789, -6.1795516], [106.7958102, -6.1794797], [106.7958971, -6.1794266]], [[106.8026321, -6.1752012], [106.8029298, -6.1750215], [106.8032396, -6.1748693]], [[106.804532, -6.1742612], [106.8034704, -6.174861]], [[106.7960227, -6.1796425], [106.7959825, -6.1796629], [106.7959055, -6.1796982], [106.7957569, -6.1797591]], [[106.7959543, -6.1793957], [106.7960236, -6.1793613]], [[106.7975096, -6.1786708], [106.7976457, -6.1786279], [106.7977927, -6.1785542]], [[106.7965817, -6.179106], [106.796806, -6.1790031], [106.7968351, -6.1789889], [106.7975096, -6.1786708]], [[106.7966215, -6.1793177], [106.7963678, -6.1794593]], [[106.8000899, -6.1771613], [106.8000493, -6.1771878], [106.7999958, -6.1772237]], [[106.7999958, -6.1772237], [106.7976105, -6.1787634]], [[106.8001434, -6.1769924], [106.8005774, -6.1766836], [106.8010474, -6.1763569]], [[106.8010474, -6.1763569], [106.8026321, -6.1752012]], [[106.7999823, -6.1771153], [106.8000185, -6.177087], [106.8001434, -6.1769924]], [[106.7998843, -6.1771854], [106.7999823, -6.1771153]], [[106.7990358, -6.1777683], [106.7992689, -6.1776049], [106.7998843, -6.1771854]], [[106.7980789, -6.1783935], [106.798699, -6.1780066], [106.7990358, -6.1777683]], [[106.8025689, -6.1753709], [106.8024341, -6.1754712]], [[106.8028042, -6.1752268], [106.8027516, -6.1752621], [106.8026815, -6.1753051], [106.8025689, -6.1753709]], [[106.8028511, -6.1752], [106.8028042, -6.1752268]], [[106.7971931, -6.1790101], [106.7971051, -6.1790561], [106.7968462, -6.1791913], [106.7966215, -6.1793177]], [[106.8032396, -6.1748693], [106.8037521, -6.1745985], [106.80427, -6.174309], [106.8044679, -6.1741684]], [[106.7963678, -6.1794593], [106.7960227, -6.1796425]], [[106.7960236, -6.1793613], [106.7960709, -6.179337], [106.7962527, -6.1792491]], [[106.7962527, -6.1792491], [106.7963832, -6.1791814], [106.7964048, -6.1791732], [106.7965817, -6.179106]], [[106.7977927, -6.1785542], [106.7980789, -6.1783935]], [[106.7958971, -6.1794266], [106.7959543, -6.1793957]], [[106.8034704, -6.174861], [106.8028511, -6.1752]], [[106.8010579, -6.1764802], [106.800201, -6.1770875], [106.8000899, -6.1771613]], [[106.7976105, -6.1787634], [106.7971931, -6.1790101]]]}, "properties": {"id": "rd-318", "name": "Jalan Tomang Raya", "route_name": "Jalan Tomang Raya", "highway": "primary", "mode": "road", "status": "context", "status_label": "Jalan - konteks", "source": "OpenStreetMap", "source_type": "osm", "license": "ODbL"}}, {"type": "Feature", "id": "rd-319", "geometry": {"type": "MultiLineString", "coordinates": [[[106.8009336, -6.2399727], [106.7988641, -6.2399605]], [[106.8020385, -6.2397885], [106.8021845, -6.2397869], [106.8022426, -6.2397862], [106.8023306, -6.2397852]], [[106.7985137, -6.2398099], [106.7985767, -6.2398096], [106.7986147, -6.2398079], [106.79884, -6.2398055]], [[106.79884, -6.2398055], [106.8004514, -6.2397969]], [[106.8025419, -6.2399517], [106.8023313, -6.2399524]], [[106.8012135, -6.2399618], [106.8009904, -6.2399702], [106.8009336, -6.2399727]], [[106.8023313, -6.2399524], [106.8021813, -6.2399488], [106.8020635, -6.239946], [106.8020146, -6.2399448]], [[106.8023306, -6.2397852], [106.8025297, -6.2397815]], [[106.8020146, -6.2399448], [106.8012135, -6.2399618]], [[106.8004514, -6.2397969], [106.8020385, -6.2397885]], [[106.7988641, -6.2399605], [106.7986147, -6.239959], [106.798541, -6.2399599]]]}, "properties": {"id": "rd-319", "name": "Jalan Trunojoyo", "route_name": "Jalan Trunojoyo", "highway": "primary", "mode": "road", "status": "context", "status_label": "Jalan - konteks", "source": "OpenStreetMap", "source_type": "osm", "license": "ODbL"}}, {"type": "Feature", "id": "rd-320", "geometry": {"type": "MultiLineString", "coordinates": [[[106.8521663, -6.1690647], [106.8523866, -6.164641]], [[106.8524131, -6.1645756], [106.8524694, -6.1644577]], [[106.8523866, -6.164641], [106.8524131, -6.1645756]]]}, "properties": {"id": "rd-320", "name": "Jalan Utan Panjang Barat", "route_name": "Jalan Utan Panjang Barat", "highway": "primary", "mode": "road", "status": "context", "status_label": "Jalan - konteks", "source": "OpenStreetMap", "source_type": "osm", "license": "ODbL"}}, {"type": "Feature", "id": "rd-321", "geometry": {"type": "MultiLineString", "coordinates": [[[106.8525011, -6.1631329], [106.8529851, -6.1634754]], [[106.8530585, -6.1635217], [106.8532126, -6.1636524]], [[106.8524694, -6.1644577], [106.8528862, -6.1635064]], [[106.8532126, -6.1636524], [106.8532239, -6.1637008]], [[106.8528862, -6.1635064], [106.8528549, -6.1634759], [106.8524375, -6.1631716]], [[106.8524375, -6.1631716], [106.8523497, -6.1631047]], [[106.8529851, -6.1634754], [106.8530585, -6.1635217]]]}, "properties": {"id": "rd-321", "name": "Jalan Utan Panjang Raya", "route_name": "Jalan Utan Panjang Raya", "highway": "primary", "mode": "road", "status": "context", "status_label": "Jalan - konteks", "source": "OpenStreetMap", "source_type": "osm", "license": "ODbL"}}, {"type": "Feature", "id": "rd-322", "geometry": {"type": "LineString", "coordinates": [[106.8532239, -6.1637008], [106.8526468, -6.1647649], [106.852452, -6.169078]]}, "properties": {"id": "rd-322", "name": "Jalan Utan Panjang Timur", "route_name": "Jalan Utan Panjang Timur", "highway": "primary", "mode": "road", "status": "context", "status_label": "Jalan - konteks", "source": "OpenStreetMap", "source_type": "osm", "license": "ODbL"}}, {"type": "Feature", "id": "rd-324", "geometry": {"type": "MultiLineString", "coordinates": [[[106.8259086, -6.286189], [106.8271115, -6.2828931]], [[106.8282256, -6.2810332], [106.8261424, -6.285963]], [[106.8261424, -6.285963], [106.8260845, -6.2861008], [106.8260495, -6.2861823]], [[106.8278426, -6.2815108], [106.8289388, -6.2794112]], [[106.8290617, -6.2794984], [106.8290071, -6.2795873], [106.828943, -6.2797012], [106.828821, -6.2798954]], [[106.828821, -6.2798954], [106.8282256, -6.2810332]], [[106.8271115, -6.2828931], [106.8278426, -6.2815108]]]}, "properties": {"id": "rd-324", "name": "Jalan Warung Jati Barat", "route_name": "Jalan Warung Jati Barat", "highway": "primary", "mode": "road", "status": "context", "status_label": "Jalan - konteks", "source": "OpenStreetMap", "source_type": "osm", "license": "ODbL"}}, {"type": "Feature", "id": "rd-326", "geometry": {"type": "MultiLineString", "coordinates": [[[106.8929656, -6.1342643], [106.8913652, -6.1414012]], [[106.8788263, -6.16613], [106.8802823, -6.1638634]], [[106.8801607, -6.1646886], [106.8801096, -6.1647662], [106.8795903, -6.1655543], [106.8792975, -6.1659987]], [[106.880631, -6.1638905], [106.8805428, -6.1639649], [106.8803459, -6.1642988], [106.8800022, -6.1648197]], [[106.8871501, -6.1525901], [106.8876727, -6.1516987]], [[106.8899514, -6.1478066], [106.8888331, -6.1505841]], [[106.8827323, -6.1601035], [106.8858713, -6.154879]], [[106.879565, -6.1650784], [106.8805732, -6.1634648]], [[106.8788629, -6.1661885], [106.8788846, -6.1661495]], [[106.8929781, -6.1110356], [106.8929801, -6.1109977], [106.8930042, -6.1105815], [106.8930314, -6.1104173]], [[106.8929501, -6.1118762], [106.8929674, -6.1112263], [106.8929781, -6.1110356]], [[106.8933355, -6.1101615], [106.8933121, -6.111005]], [[106.8909663, -6.1409904], [106.8919496, -6.1365776]], [[106.8903528, -6.1456121], [106.8903048, -6.1458006]], [[106.8911061, -6.1424848], [106.8910779, -6.1426041]], [[106.8906246, -6.1424616], [106.8906433, -6.1423879]], [[106.8897292, -6.1470143], [106.890151, -6.1453273]], [[106.8933102, -6.1110781], [106.8932927, -6.1118505]], [[106.8933121, -6.111005], [106.8933102, -6.1110781]], [[106.8892351, -6.1484809], [106.8896446, -6.1472987]], [[106.8788101, -6.1662829], [106.8788629, -6.1661885]], [[106.8906418, -6.1422327], [106.8907993, -6.1416656], [106.8908359, -6.141583]], [[106.8886827, -6.1508759], [106.8878174, -6.1523007]], [[106.8888331, -6.1505841], [106.8886827, -6.1508759]], [[106.8883914, -6.1504006], [106.8885294, -6.1500866]], [[106.8882749, -6.1506346], [106.8883914, -6.1504006]], [[106.8810241, -6.162828], [106.8810957, -6.1627255]], [[106.8815863, -6.162412], [106.8815111, -6.1625223]], [[106.8815111, -6.1625223], [106.880631, -6.1638905]], [[106.8828134, -6.1599941], [106.8836696, -6.1585915]], [[106.8836696, -6.1585915], [106.8858713, -6.154879]], [[106.882961, -6.160114], [106.8821579, -6.1615047]], [[106.8861575, -6.1549792], [106.882961, -6.160114]], [[106.8812614, -6.1624809], [106.8812812, -6.16245], [106.8813871, -6.1622885]], [[106.8810957, -6.1627255], [106.8812614, -6.1624809]], [[106.886773, -6.1532566], [106.8870257, -6.1527946]], [[106.8870768, -6.1534936], [106.8864474, -6.1545031], [106.8861575, -6.1549792]], [[106.8932884, -6.1230494], [106.893055, -6.1166628]], [[106.892982, -6.114694], [106.8929613, -6.1131957]], [[106.8934371, -6.1288385], [106.8933688, -6.1252095]], [[106.8930218, -6.111883], [106.8930379, -6.1112283], [106.8930499, -6.1109881]], [[106.8929823, -6.1120302], [106.8930191, -6.111955], [106.8930218, -6.111883]], [[106.8930499, -6.1109881], [106.8930566, -6.1108247], [106.8930596, -6.1105596], [106.8930314, -6.1104173]], [[106.8800022, -6.1648197], [106.8791063, -6.1661769]], [[106.8808078, -6.163116], [106.8810241, -6.162828]], [[106.8805732, -6.1634648], [106.8808078, -6.163116]], [[106.890151, -6.1453273], [106.8904808, -6.1430017]], [[106.8905199, -6.1428969], [106.8905915, -6.1425834], [106.8906009, -6.1425522]], [[106.890151, -6.1453273], [106.8902084, -6.1450259], [106.8902825, -6.1444926]], [[106.8858713, -6.154879], [106.8862814, -6.1541421]], [[106.8934358, -6.129653], [106.8934517, -6.1294601]], [[106.8908359, -6.141583], [106.8908633, -6.1414714]], [[106.8906433, -6.1423879], [106.8907362, -6.142007]], [[106.8906009, -6.1425522], [106.8906246, -6.1424616]], [[106.8906009, -6.1425522], [106.8905897, -6.1425269], [106.8905724, -6.1425042]], [[106.8905724, -6.1425042], [106.8905856, -6.1424519]], [[106.8905856, -6.1424519], [106.8906042, -6.1423776]], [[106.890887, -6.1413666], [106.8909663, -6.1409904]], [[106.880631, -6.1638905], [106.8801607, -6.1646886]], [[106.8871804, -6.1533495], [106.8870828, -6.1534857]], [[106.8933594, -6.1172442], [106.8934221, -6.1174705], [106.8934546, -6.1180561], [106.8934645, -6.1182728]], [[106.8932517, -6.1153271], [106.8933345, -6.1166745]], [[106.8932483, -6.1152172], [106.8932489, -6.1152214], [106.8932517, -6.1153271]], [[106.8932299, -6.114227], [106.8932483, -6.1151556]], [[106.8932356, -6.1135743], [106.8932299, -6.114227]], [[106.8932927, -6.1118505], [106.8932356, -6.1135743]], [[106.8937707, -6.1305055], [106.8936977, -6.1308439], [106.8936218, -6.1311514]], [[106.8938436, -6.130194], [106.8937707, -6.1305055]], [[106.894014, -6.1290733], [106.8938915, -6.1300347]], [[106.8940151, -6.1285076], [106.8940189, -6.1285896], [106.894004, -6.1287949]], [[106.8936225, -6.122282], [106.8940151, -6.1285076]], [[106.893868, -6.1300998], [106.8938436, -6.130194]], [[106.8922607, -6.1328167], [106.8927823, -6.1317423]], [[106.8933358, -6.1100728], [106.8933355, -6.1101615]], [[106.8929823, -6.1120302], [106.892952, -6.1119417], [106.8929503, -6.1118856], [106.8929501, -6.1118762]], [[106.8930448, -6.1101762], [106.8930519, -6.1100745]], [[106.8929613, -6.1131957], [106.892967, -6.1127733], [106.8929723, -6.1123325], [106.8929823, -6.1120302]], [[106.8930016, -6.1151557], [106.8929887, -6.1148716], [106.892982, -6.114694]], [[106.8792975, -6.1659987], [106.8791213, -6.1663101], [106.8791124, -6.166325]], [[106.8802823, -6.1638634], [106.8803688, -6.1637282], [106.880457, -6.1635929], [106.8805732, -6.1634648]], [[106.8787606, -6.1662558], [106.8788263, -6.16613]], [[106.8930314, -6.1104173], [106.8930333, -6.1103828], [106.8930448, -6.1101762]], [[106.8816917, -6.1618037], [106.8827323, -6.1601035]], [[106.8902825, -6.1444926], [106.8903809, -6.1439447], [106.8904763, -6.1431269], [106.8904808, -6.1430017]], [[106.8906199, -6.144496], [106.8905933, -6.1445938], [106.8905406, -6.1448001]], [[106.8934645, -6.1182728], [106.8936225, -6.122282]], [[106.893356, -6.1170641], [106.8933594, -6.1172442]], [[106.893055, -6.1166628], [106.8930441, -6.1164098], [106.8930414, -6.1163046], [106.8930206, -6.115791]], [[106.8932913, -6.1231497], [106.8932884, -6.1230494]], [[106.8827323, -6.1601035], [106.8828134, -6.1599941]], [[106.8870828, -6.1534857], [106.8870768, -6.1534936]], [[106.8871329, -6.1526207], [106.8871501, -6.1525901]], [[106.8903048, -6.1458006], [106.8903033, -6.1459084], [106.8901169, -6.1467871], [106.8901243, -6.1469028]], [[106.8933688, -6.1252095], [106.8932913, -6.1231497]], [[106.8933345, -6.1166745], [106.8933461, -6.1169128], [106.893356, -6.1170641]], [[106.894004, -6.1287949], [106.894014, -6.1290733]], [[106.8907362, -6.142007], [106.8908277, -6.1416708], [106.8908359, -6.141583]], [[106.8933653, -6.1320476], [106.8929656, -6.1342643]], [[106.8902737, -6.1447422], [106.8902903, -6.1445886], [106.8902825, -6.1444926]], [[106.8891378, -6.1489815], [106.8902737, -6.1447422]], [[106.8921432, -6.1331035], [106.8922183, -6.1329195], [106.8922607, -6.1328167]], [[106.8927823, -6.1317423], [106.8934358, -6.129653]], [[106.8906042, -6.1423776], [106.8906418, -6.1422327]], [[106.8913652, -6.1414012], [106.8911848, -6.1421429], [106.8911061, -6.1424848]], [[106.8919678, -6.1364921], [106.8921432, -6.1331035]], [[106.8919496, -6.1365776], [106.8919678, -6.1364921]], [[106.8930206, -6.115791], [106.8930117, -6.1153287]], [[106.8908633, -6.1414714], [106.890887, -6.1413666]], [[106.8907858, -6.1437963], [106.8906199, -6.144496]], [[106.8907858, -6.1437963], [106.8907725, -6.1438548], [106.8906814, -6.1442376], [106.8906199, -6.144496]], [[106.8909097, -6.1432767], [106.8907957, -6.1437532], [106.8907858, -6.1437963]], [[106.8885488, -6.1500425], [106.8892351, -6.1484809]], [[106.8885294, -6.1500866], [106.8885488, -6.1500425]], [[106.8876727, -6.1516987], [106.8882749, -6.1506346]], [[106.8870257, -6.1527946], [106.8871329, -6.1526207]], [[106.8930117, -6.1153287], [106.8930051, -6.1152336], [106.8930049, -6.1152309]], [[106.8932483, -6.1151556], [106.8932483, -6.1152172]], [[106.8930049, -6.1152309], [106.8930016, -6.1151557]], [[106.8938915, -6.1300347], [106.893868, -6.1300998]], [[106.8936218, -6.1311514], [106.8935193, -6.1315074], [106.8934552, -6.1317322], [106.8933653, -6.1320476]], [[106.893456, -6.1291907], [106.8934544, -6.129154], [106.8934371, -6.1288385]], [[106.8934632, -6.1293159], [106.893456, -6.1291907]], [[106.8934517, -6.1294601], [106.8934632, -6.1293159]], [[106.8910779, -6.1426041], [106.8909965, -6.1429329]], [[106.8909965, -6.1429329], [106.8909734, -6.143026], [106.8909097, -6.1432767]], [[106.8896446, -6.1472987], [106.8896749, -6.1472135], [106.8896952, -6.1471405], [106.8897292, -6.1470143]], [[106.8904808, -6.1430017], [106.8905199, -6.1428969]], [[106.8904459, -6.1452095], [106.8903528, -6.1456121]], [[106.8905406, -6.1448001], [106.8904459, -6.1452095]], [[106.8901243, -6.1469028], [106.8899514, -6.1478066]], [[106.8878174, -6.1523007], [106.8871804, -6.1533495]], [[106.8813871, -6.1622885], [106.8816917, -6.1618037]], [[106.8862814, -6.1541421], [106.886773, -6.1532566]], [[106.8821579, -6.1615047], [106.8818765, -6.1619513], [106.8818472, -6.1619979]], [[106.8818472, -6.1619979], [106.8817104, -6.1622154], [106.8816312, -6.1623437], [106.8815863, -6.162412]], [[106.8791063, -6.1661769], [106.8790257, -6.1663232]], [[106.8788846, -6.1661495], [106.8789991, -6.1659516]], [[106.8789991, -6.1659516], [106.879565, -6.1650784]]]}, "properties": {"id": "rd-326", "name": "Jalan Yos Sudarso", "route_name": "Jalan Yos Sudarso", "highway": "trunk", "mode": "road", "status": "context", "status_label": "Jalan - konteks", "source": "OpenStreetMap", "source_type": "osm", "license": "ODbL"}}, {"type": "Feature", "id": "rd-328", "geometry": {"type": "MultiLineString", "coordinates": [[[106.7442704, -6.3247378], [106.7451772, -6.3241885], [106.745842, -6.3205771]], [[106.7440143, -6.3248335], [106.7442704, -6.3247378]]]}, "properties": {"id": "rd-328", "name": "Otto Iskandardinata", "route_name": "Otto Iskandardinata", "highway": "trunk", "mode": "road", "status": "context", "status_label": "Jalan - konteks", "source": "OpenStreetMap", "source_type": "osm", "license": "ODbL"}}, {"type": "Feature", "id": "rd-329", "geometry": {"type": "MultiLineString", "coordinates": [[[106.9396685, -6.2139311], [106.9396231, -6.2148302]], [[106.939489, -6.2148347], [106.9395004, -6.2145609], [106.9395058, -6.214454], [106.9395275, -6.213909]], [[106.9395275, -6.213909], [106.9396721, -6.21239]], [[106.9394643, -6.2154305], [106.939489, -6.2148347]], [[106.9396641, -6.2131607], [106.9396685, -6.2139311]], [[106.9396231, -6.2148302], [106.9395654, -6.2154166]]]}, "properties": {"id": "rd-329", "name": "Penggilingan Raya", "route_name": "Penggilingan Raya", "highway": "primary", "mode": "road", "status": "context", "status_label": "Jalan - konteks", "source": "OpenStreetMap", "source_type": "osm", "license": "ODbL"}}, {"type": "Feature", "id": "rd-330", "geometry": {"type": "MultiLineString", "coordinates": [[[106.9395654, -6.2154166], [106.9393073, -6.2169628], [106.9383982, -6.2176353], [106.9351836, -6.2172917]], [[106.9352008, -6.2172421], [106.9386421, -6.2174658], [106.9393261, -6.2167005], [106.9394643, -6.2154305]]]}, "properties": {"id": "rd-330", "name": "Pondok Kopi Flyover", "route_name": "Pondok Kopi Flyover", "highway": "primary", "mode": "road", "status": "context", "status_label": "Jalan - konteks", "source": "OpenStreetMap", "source_type": "osm", "license": "ODbL"}}, {"type": "Feature", "id": "rd-331", "geometry": {"type": "MultiLineString", "coordinates": [[[106.8743637, -6.2507201], [106.8762625, -6.2487867]], [[106.8805737, -6.2475956], [106.8802408, -6.2475389], [106.8796, -6.2474058], [106.8787116, -6.2472212]], [[106.8772724, -6.243457], [106.8772976, -6.2456643]], [[106.8722315, -6.2456706], [106.87491, -6.2463022]], [[106.8766903, -6.2479889], [106.8772104, -6.2455779]], [[106.8771611, -6.246887], [106.8767894, -6.2480582]], [[106.8758586, -6.2464951], [106.8759552, -6.2465161], [106.8759631, -6.2465176], [106.8760575, -6.2465379]], [[106.8758909, -6.2466086], [106.8756554, -6.2465618]], [[106.8760575, -6.2465379], [106.8765084, -6.2466347], [106.876968, -6.2467334]], [[106.8748613, -6.246396], [106.8718214, -6.2457223]], [[106.8756554, -6.2465618], [106.8748613, -6.246396]], [[106.87491, -6.2463022], [106.8756623, -6.2464535]], [[106.8756623, -6.2464535], [106.8758586, -6.2464951]], [[106.8763413, -6.2488546], [106.8759849, -6.2493503], [106.8757587, -6.2496139], [106.8749246, -6.2504469]], [[106.876152, -6.2466653], [106.8759794, -6.2466269], [106.8758909, -6.2466086]], [[106.877267, -6.2467959], [106.8776646, -6.2468834], [106.8781574, -6.2469918]], [[106.876968, -6.2467334], [106.8771896, -6.2467797], [106.877267, -6.2467959]], [[106.8769394, -6.2468296], [106.876152, -6.2466653]], [[106.8772422, -6.2468981], [106.8769394, -6.2468296]], [[106.8781414, -6.247091], [106.8772422, -6.2468981]], [[106.8781574, -6.2469918], [106.8782542, -6.247013]], [[106.8782542, -6.247013], [106.8786376, -6.2471012]], [[106.8786376, -6.2471012], [106.8786772, -6.2471103], [106.8787239, -6.2471208]], [[106.8795136, -6.2473007], [106.8805474, -6.2474816]], [[106.8787116, -6.2472212], [106.8786243, -6.2472023]], [[106.8786243, -6.2472023], [106.8781414, -6.247091]], [[106.8807637, -6.2476311], [106.8806273, -6.2476056], [106.8805737, -6.2475956]], [[106.8772976, -6.2456643], [106.8771611, -6.246887]], [[106.8762625, -6.2487867], [106.8766903, -6.2479889]], [[106.8787239, -6.2471208], [106.8793331, -6.2472556]], [[106.8793331, -6.2472556], [106.8795136, -6.2473007]], [[106.8767894, -6.2480582], [106.8766019, -6.24842], [106.8763413, -6.2488546]]]}, "properties": {"id": "rd-331", "name": "Simpang Susun Cawang", "route_name": "Simpang Susun Cawang", "highway": "motorway", "mode": "road", "status": "context", "status_label": "Jalan - konteks", "source": "OpenStreetMap", "source_type": "osm", "license": "ODbL"}}, {"type": "Feature", "id": "rd-332", "geometry": {"type": "MultiLineString", "coordinates": [[[106.8771941, -6.2891592], [106.8771558, -6.2892497]], [[106.8780403, -6.2901955], [106.8770572, -6.2897889], [106.8770629, -6.2892012]], [[106.8781405, -6.2901958], [106.8780403, -6.2901955]], [[106.8771558, -6.2892497], [106.877123, -6.2897369], [106.8781073, -6.2901082]], [[106.8770629, -6.2892012], [106.877096, -6.2891164]]]}, "properties": {"id": "rd-332", "name": "Simpang Susun Taman Mini", "route_name": "Simpang Susun Taman Mini", "highway": "primary", "mode": "road", "status": "context", "status_label": "Jalan - konteks", "source": "OpenStreetMap", "source_type": "osm", "license": "ODbL"}}, {"type": "Feature", "id": "rd-333", "geometry": {"type": "MultiLineString", "coordinates": [[[106.7929541, -6.1827993], [106.7928585, -6.1829212]], [[106.7931304, -6.1825686], [106.7929541, -6.1827993]], [[106.7944688, -6.1809243], [106.7942995, -6.1811293], [106.794203, -6.1812299]], [[106.7928885, -6.1826922], [106.7930734, -6.1824727]], [[106.7930734, -6.1824727], [106.793359, -6.1821101], [106.7940878, -6.1811607], [106.7945492, -6.1805464]], [[106.7928256, -6.1827576], [106.7928885, -6.1826922]], [[106.7939822, -6.1815036], [106.7933958, -6.1822306], [106.7931304, -6.1825686]], [[106.794203, -6.1812299], [106.7939822, -6.1815036]]]}, "properties": {"id": "rd-333", "name": "Simpang Susun Tomang", "route_name": "Simpang Susun Tomang", "highway": "motorway", "mode": "road", "status": "context", "status_label": "Jalan - konteks", "source": "OpenStreetMap", "source_type": "osm", "license": "ODbL"}}, {"type": "Feature", "id": "rd-334", "geometry": {"type": "MultiLineString", "coordinates": [[[106.8023149, -6.2381457], [106.8024599, -6.239532]], [[106.8023982, -6.2419207], [106.8024005, -6.2415729], [106.8024227, -6.2402674]], [[106.8024927, -6.2402744], [106.8024726, -6.2415763]], [[106.8024599, -6.239532], [106.8024927, -6.2402744]], [[106.8023945, -6.2395321], [106.8023513, -6.2388823], [106.8022632, -6.2383087], [106.802237, -6.2381461]], [[106.8024227, -6.2402674], [106.8023945, -6.2395321]]]}, "properties": {"id": "rd-334", "name": "Terowngan Trunojoyo", "route_name": "Terowngan Trunojoyo", "highway": "primary", "mode": "road", "status": "context", "status_label": "Jalan - konteks", "source": "OpenStreetMap", "source_type": "osm", "license": "ODbL"}}, {"type": "Feature", "id": "rd-335", "geometry": {"type": "MultiLineString", "coordinates": [[[106.7785269, -6.2880868], [106.7776592, -6.2887898]], [[106.7798871, -6.2870026], [106.7785269, -6.2880868]]]}, "properties": {"id": "rd-335", "name": "Terowongan Kartini", "route_name": "Terowongan Kartini", "highway": "trunk", "mode": "road", "status": "context", "status_label": "Jalan - konteks", "source": "OpenStreetMap", "source_type": "osm", "license": "ODbL"}}, {"type": "Feature", "id": "rd-336", "geometry": {"type": "MultiLineString", "coordinates": [[[106.8275458, -6.236494], [106.8270518, -6.2372642]], [[106.8269801, -6.237218], [106.827168, -6.2368814]], [[106.8287312, -6.2351071], [106.8275458, -6.236494]], [[106.8274689, -6.2364209], [106.8285946, -6.2349605]], [[106.8257425, -6.2402234], [106.8258122, -6.239839]], [[106.8258808, -6.2398489], [106.8258106, -6.2402283]], [[106.82569, -6.2415643], [106.8257015, -6.2412273], [106.8257274, -6.2403848]], [[106.8257882, -6.2403848], [106.8257583, -6.2420008]], [[106.8269894, -6.2373544], [106.8258808, -6.2398489]], [[106.8258258, -6.2397959], [106.8269801, -6.237218]], [[106.827314, -6.2366575], [106.8274689, -6.2364209]], [[106.827168, -6.2368814], [106.827314, -6.2366575]], [[106.8257274, -6.2403848], [106.8257425, -6.2402234]], [[106.8258106, -6.2402283], [106.825798, -6.2403165], [106.8257882, -6.2403848]], [[106.8256635, -6.2421157], [106.8256863, -6.2419068], [106.82569, -6.2415643]], [[106.8270518, -6.2372642], [106.8269894, -6.2373544]], [[106.8257583, -6.2420008], [106.8257719, -6.2420857], [106.825796, -6.2421679]], [[106.8258122, -6.239839], [106.8258258, -6.2397959]]]}, "properties": {"id": "rd-336", "name": "Terowongan Mampang-Kuningan", "route_name": "Terowongan Mampang-Kuningan", "highway": "primary", "mode": "road", "status": "context", "status_label": "Jalan - konteks", "source": "OpenStreetMap", "source_type": "osm", "license": "ODbL"}}, {"type": "Feature", "id": "rd-337", "geometry": {"type": "MultiLineString", "coordinates": [[[106.854485, -6.1987076], [106.8549056, -6.198377], [106.8554546, -6.1979749], [106.8556056, -6.1978777]], [[106.8518568, -6.2010121], [106.8519209, -6.2009755], [106.8520572, -6.2008539], [106.8522142, -6.200715]], [[106.8529964, -6.2000437], [106.8536106, -6.1995132], [106.853629, -6.1994973], [106.854485, -6.1987076]], [[106.8522142, -6.200715], [106.8529964, -6.2000437]]]}, "properties": {"id": "rd-337", "name": "Terowongan Matraman", "route_name": "Terowongan Matraman", "highway": "primary", "mode": "road", "status": "context", "status_label": "Jalan - konteks", "source": "OpenStreetMap", "source_type": "osm", "license": "ODbL"}}, {"type": "Feature", "id": "rd-338", "geometry": {"type": "MultiLineString", "coordinates": [[[106.796781, -6.1822851], [106.7967383, -6.1818123], [106.7966902, -6.1815421], [106.7965949, -6.1809741]], [[106.7964606, -6.1800635], [106.7967232, -6.1809584]], [[106.7977968, -6.197239], [106.7971785, -6.1930937]], [[106.7970307, -6.185685], [106.7973648, -6.194666], [106.7976999, -6.1964373]], [[106.7967232, -6.1809584], [106.7969833, -6.1842095]], [[106.7965949, -6.1809741], [106.796223, -6.1797665]], [[106.7963281, -6.1797224], [106.7963944, -6.179893], [106.7964606, -6.1800635]], [[106.7976999, -6.1964373], [106.7978414, -6.196955], [106.798034, -6.1975897]], [[106.798034, -6.1975897], [106.7983211, -6.1985775]], [[106.797005, -6.1846777], [106.7970068, -6.1848215], [106.7970169, -6.1851878], [106.7970307, -6.185685]], [[106.7969061, -6.1856888], [106.796904, -6.1853821], [106.7968927, -6.1849669]], [[106.7980984, -6.1982401], [106.7977968, -6.197239]], [[106.798221, -6.1985971], [106.7980984, -6.1982401]], [[106.7971432, -6.192232], [106.797078, -6.1902306]], [[106.797078, -6.1902306], [106.7969061, -6.1856888]], [[106.7968745, -6.1842475], [106.7968578, -6.1834745], [106.7968161, -6.1827108], [106.796781, -6.1822851]], [[106.7969833, -6.1842095], [106.797005, -6.1846777]], [[106.7968853, -6.1847264], [106.79688, -6.1845886]], [[106.79688, -6.1845886], [106.7968745, -6.1842475]], [[106.7971785, -6.1930937], [106.7971432, -6.192232]], [[106.7968927, -6.1849669], [106.7968853, -6.1847264]]]}, "properties": {"id": "rd-338", "name": "Tol Dalam Kota Jakarta", "route_name": "Tol Dalam Kota Jakarta", "highway": "motorway", "mode": "road", "status": "context", "status_label": "Jalan - konteks", "source": "OpenStreetMap", "source_type": "osm", "license": "ODbL"}}]}