{"type": "FeatureCollection", "features": [{"type": "Feature", "id": "B00826P", "geometry": {"type": "Point", "coordinates": [106.88999999999999, -6.193312999999989]}, "properties": {"id": "B00826P", "stop_id": "B00826P", "name": "Jakarta International Velodrome", "stop_name": "Jakarta International Velodrome", "route_name": "Jakarta International Velodrome", "corridor_id": "K4", "corridor_no": 4, "corridor_nos": ",4,", "koridor_label": "4", "mode": "TransJakarta", "status": "existing", "status_label": "Jaringan saat ini", "source": "Jakarta Satu / Jaklingko Stop_Sequence_Transjakarta", "source_type": "official", "source_url": "https://jakartasatu.jakarta.go.id/server/rest/services/Jaklingko/Perhentian_TJ/FeatureServer/0", "operator": "TransJakarta", "prev_stop": "Kayu Jati", "next_stop": "Pemuda Rawamangun", "tipe": "Halte", "kecamatan": "", "kota": "", "interchange": false, "color": "#5865C7"}}, {"type": "Feature", "id": "B07730P", "geometry": {"type": "Point", "coordinates": [106.888957, -6.193618000000015]}, "properties": {"id": "B07730P", "stop_id": "B07730P", "name": "Velodrome 3", "stop_name": "Velodrome 3", "route_name": "Velodrome 3", "corridor_id": "K4", "corridor_no": 4, "corridor_nos": ",4,", "koridor_label": "4", "mode": "TransJakarta", "status": "existing", "status_label": "Jaringan saat ini", "source": "Jakarta Satu / Jaklingko Stop_Sequence_Transjakarta", "source_type": "official", "source_url": "https://jakartasatu.jakarta.go.id/server/rest/services/Jaklingko/Perhentian_TJ/FeatureServer/0", "operator": "TransJakarta", "prev_stop": "Pemuda Rawamangun", "next_stop": "Kayu Jati", "tipe": "Halte", "kecamatan": "", "kota": "", "interchange": false, "color": "#5865C7"}}, {"type": "Feature", "id": "H00001P", "geometry": {"type": "Point", "coordinates": [106.74786000013995, -6.236466000005066]}, "properties": {"id": "H00001P", "stop_id": "H00001P", "name": "Petukangan Utara", "stop_name": "Petukangan Utara", "route_name": "Petukangan Utara", "corridor_id": "K13", "corridor_no": 13, "corridor_nos": ",13,", "koridor_label": "13", "mode": "TransJakarta", "status": "existing", "status_label": "Jaringan saat ini", "source": "Jakarta Satu / Jaklingko Perhentian_TJ FeatureServer", "source_type": "official", "source_url": "https://jakartasatu.jakarta.go.id/server/rest/services/Jaklingko/Perhentian_TJ/FeatureServer/0", "operator": "TransJakarta", "prev_stop": "Puri Beta 1", "next_stop": "JORR", "tipe": "Antara", "kecamatan": "Pesanggrahan", "kota": "Jakarta Selatan", "interchange": false, "color": "#5865C7"}}, {"type": "Feature", "id": "H00002P", "geometry": {"type": "Point", "coordinates": [106.87377499981744, -6.205526000423788]}, "properties": {"id": "H00002P", "stop_id": "H00002P", "name": "Pisangan", "stop_name": "Pisangan", "route_name": "Pisangan", "corridor_id": "K10", "corridor_no": 10, "corridor_nos": ",10,", "koridor_label": "10", "mode": "TransJakarta", "status": "existing", "status_label": "Jaringan saat ini", "source": "Jakarta Satu / Jaklingko Perhentian_TJ FeatureServer", "source_type": "official", "source_url": "https://jakartasatu.jakarta.go.id/server/rest/services/Jaklingko/Perhentian_TJ/FeatureServer/0", "operator": "TransJakarta", "prev_stop": "Utan Kayu Rawamangun · Flyover Jatinegara", "next_stop": "Flyover Jatinegara · Utan Kayu Rawamangun", "tipe": "Antara", "kecamatan": "Pulo Gadung", "kota": "Jakarta Timur", "interchange": false, "color": "#5865C7"}}, {"type": "Feature", "id": "H00003P", "geometry": {"type": "Point", "coordinates": [106.8303910001456, -6.127562999731822]}, "properties": {"id": "H00003P", "stop_id": "H00003P", "name": "Ancol", "stop_name": "Ancol", "route_name": "Ancol", "corridor_id": "K5", "corridor_no": 5, "corridor_nos": ",5,", "koridor_label": "5", "mode": "TransJakarta", "status": "existing", "status_label": "Jaringan saat ini", "source": "Jakarta Satu / Jaklingko Perhentian_TJ FeatureServer", "source_type": "official", "source_url": "https://jakartasatu.jakarta.go.id/server/rest/services/Jaklingko/Perhentian_TJ/FeatureServer/0", "operator": "TransJakarta", "prev_stop": "Kampung Melayu", "next_stop": "Matraman Baru", "tipe": "Ujung", "kecamatan": "Pademangan", "kota": "Jakarta Utara", "interchange": false, "color": "#5865C7"}}, {"type": "Feature", "id": "H00004P", "geometry": {"type": "Point", "coordinates": [106.88879900017474, -6.171796999930791]}, "properties": {"id": "H00004P", "stop_id": "H00004P", "name": "Perintis Kemerdekaan", "stop_name": "Perintis Kemerdekaan", "route_name": "Perintis Kemerdekaan", "corridor_id": "K2", "corridor_no": 2, "corridor_nos": ",2,", "koridor_label": "2", "mode": "TransJakarta", "status": "existing", "status_label": "Jaringan saat ini", "source": "Jakarta Satu / Jaklingko Perhentian_TJ FeatureServer", "source_type": "official", "source_url": "https://jakartasatu.jakarta.go.id/server/rest/services/Jaklingko/Perhentian_TJ/FeatureServer/0", "operator": "TransJakarta", "prev_stop": "Pulo Mas · Pedongkelan", "next_stop": "Pedongkelan · Pulo Mas", "tipe": "Antara", "kecamatan": "Pulo Gadung", "kota": "Jakarta Timur", "interchange": false, "color": "#5865C7"}}, {"type": "Feature", "id": "H00005P", "geometry": {"type": "Point", "coordinates": [106.840231999808, -6.176251000282605]}, "properties": {"id": "H00005P", "stop_id": "H00005P", "name": "Senen Raya", "stop_name": "Senen Raya", "route_name": "Senen Raya", "corridor_id": "K2,K14", "corridor_no": 2, "corridor_nos": ",2,14,", "koridor_label": "2, 14", "mode": "TransJakarta", "status": "existing", "status_label": "Jaringan saat ini", "source": "Jakarta Satu / Jaklingko Perhentian_TJ FeatureServer", "source_type": "official", "source_url": "https://jakartasatu.jakarta.go.id/server/rest/services/Jaklingko/Perhentian_TJ/FeatureServer/0", "operator": "TransJakarta", "prev_stop": "Pasar Senen", "next_stop": "RSPAD · Tanah Tinggi", "tipe": "Transit", "kecamatan": "Senen", "kota": "Jakarta Pusat", "interchange": true, "color": "#5865C7"}}, {"type": "Feature", "id": "H00006P", "geometry": {"type": "Point", "coordinates": [106.82645600034516, -6.180487999620652]}, "properties": {"id": "H00006P", "stop_id": "H00006P", "name": "Balai Kota", "stop_name": "Balai Kota", "route_name": "Balai Kota", "corridor_id": "K2", "corridor_no": 2, "corridor_nos": ",2,", "koridor_label": "2", "mode": "TransJakarta", "status": "existing", "status_label": "Jaringan saat ini", "source": "Jakarta Satu / Jaklingko Perhentian_TJ FeatureServer", "source_type": "official", "source_url": "https://jakartasatu.jakarta.go.id/server/rest/services/Jaklingko/Perhentian_TJ/FeatureServer/0", "operator": "TransJakarta", "prev_stop": "Monumen Nasional", "next_stop": "Gambir 2", "tipe": "Transit", "kecamatan": "Gambir", "kota": "`", "interchange": false, "color": "#5865C7"}}, {"type": "Feature", "id": "H00007P", "geometry": {"type": "Point", "coordinates": [106.80347199983396, -6.136317999675157]}, "properties": {"id": "H00007P", "stop_id": "H00007P", "name": "Bandengan", "stop_name": "Bandengan", "route_name": "Bandengan", "corridor_id": "K12", "corridor_no": 12, "corridor_nos": ",12,", "koridor_label": "12", "mode": "TransJakarta", "status": "existing", "status_label": "Jaringan saat ini", "source": "Jakarta Satu / Jaklingko Perhentian_TJ FeatureServer", "source_type": "official", "source_url": "https://jakartasatu.jakarta.go.id/server/rest/services/Jaklingko/Perhentian_TJ/FeatureServer/0", "operator": "TransJakarta", "prev_stop": "Kali Besar", "next_stop": "Penjaringan", "tipe": "Antara", "kecamatan": "Tambora", "kota": "Jakarta Barat", "interchange": false, "color": "#5865C7"}}, {"type": "Feature", "id": "H00010P", "geometry": {"type": "Point", "coordinates": [106.81528300041117, -6.217136999871855]}, "properties": {"id": "H00010P", "stop_id": "H00010P", "name": "Bendungan Hilir", "stop_name": "Bendungan Hilir", "route_name": "Bendungan Hilir", "corridor_id": "K1", "corridor_no": 1, "corridor_nos": ",1,", "koridor_label": "1", "mode": "TransJakarta", "status": "existing", "status_label": "Jaringan saat ini", "source": "Jakarta Satu / Jaklingko Perhentian_TJ FeatureServer", "source_type": "official", "source_url": "https://jakartasatu.jakarta.go.id/server/rest/services/Jaklingko/Perhentian_TJ/FeatureServer/0", "operator": "TransJakarta", "prev_stop": "Polda Metro Jaya · Karet", "next_stop": "Karet · Polda Metro Jaya", "tipe": "Transit", "kecamatan": "Tanah Abang", "kota": "Jakarta Pusat", "interchange": false, "color": "#5865C7"}}, {"type": "Feature", "id": "H00011P", "geometry": {"type": "Point", "coordinates": [106.89859400041382, -6.178203000367375]}, "properties": {"id": "H00011P", "stop_id": "H00011P", "name": "Bermis", "stop_name": "Bermis", "route_name": "Bermis", "corridor_id": "K2", "corridor_no": 2, "corridor_nos": ",2,", "koridor_label": "2", "mode": "TransJakarta", "status": "existing", "status_label": "Jaringan saat ini", "source": "Jakarta Satu / Jaklingko Perhentian_TJ FeatureServer", "source_type": "official", "source_url": "https://jakartasatu.jakarta.go.id/server/rest/services/Jaklingko/Perhentian_TJ/FeatureServer/0", "operator": "TransJakarta", "prev_stop": "Pulo Gadung · Pulo Mas", "next_stop": "Pulo Mas · Pulo Gadung", "tipe": "Transit", "kecamatan": "Pulo Gadung", "kota": "Jakarta Timur", "interchange": false, "color": "#5865C7"}}, {"type": "Feature", "id": "H00012P", "geometry": {"type": "Point", "coordinates": [106.8672080000502, -6.2297240002615695]}, "properties": {"id": "H00012P", "stop_id": "H00012P", "name": "Bidara Cina", "stop_name": "Bidara Cina", "route_name": "Bidara Cina", "corridor_id": "K7", "corridor_no": 7, "corridor_nos": ",7,", "koridor_label": "7", "mode": "TransJakarta", "status": "existing", "status_label": "Jaringan saat ini", "source": "Jakarta Satu / Jaklingko Perhentian_TJ FeatureServer", "source_type": "official", "source_url": "https://jakartasatu.jakarta.go.id/server/rest/services/Jaklingko/Perhentian_TJ/FeatureServer/0", "operator": "TransJakarta", "prev_stop": "Gelanggang Remaja · Kampung Melayu", "next_stop": "Kampung Melayu · Gelanggang Remaja", "tipe": "Antara", "kecamatan": "Jatinegara", "kota": "Jakarta Timur", "interchange": false, "color": "#5865C7"}}, {"type": "Feature", "id": "H00013P", "geometry": {"type": "Point", "coordinates": [106.86999800010864, -6.257751000407552]}, "properties": {"id": "H00013P", "stop_id": "H00013P", "name": "Cawang Cililitan", "stop_name": "Cawang Cililitan", "route_name": "Cawang Cililitan", "corridor_id": "K7,K10", "corridor_no": 7, "corridor_nos": ",7,10,", "koridor_label": "7, 10", "mode": "TransJakarta", "status": "existing", "status_label": "Jaringan saat ini", "source": "Jakarta Satu / Jaklingko Perhentian_TJ FeatureServer", "source_type": "official", "source_url": "https://jakartasatu.jakarta.go.id/server/rest/services/Jaklingko/Perhentian_TJ/FeatureServer/0", "operator": "TransJakarta", "prev_stop": "Cililitan · Cawang Sentral · PGC", "next_stop": "Cawang Sentral · Cililitan · PGC", "tipe": "Transit", "kecamatan": "Kramat Jati", "kota": "Jakarta Timur", "interchange": true, "color": "#5865C7"}}, {"type": "Feature", "id": "H00014P", "geometry": {"type": "Point", "coordinates": [106.80175099960996, -6.243312000047979]}, "properties": {"id": "H00014P", "stop_id": "H00014P", "name": "Blok M", "stop_name": "Blok M", "route_name": "Blok M", "corridor_id": "K1", "corridor_no": 1, "corridor_nos": ",1,", "koridor_label": "1", "mode": "TransJakarta", "status": "existing", "status_label": "Jaringan saat ini", "source": "Jakarta Satu / Jaklingko Perhentian_TJ FeatureServer", "source_type": "official", "source_url": "https://jakartasatu.jakarta.go.id/server/rest/services/Jaklingko/Perhentian_TJ/FeatureServer/0", "operator": "TransJakarta", "prev_stop": "Kejaksaan Agung", "next_stop": "ASEAN", "tipe": "Ujung", "kecamatan": "Kebayoran Baru", "kota": "Jakarta Selatan", "interchange": false, "color": "#5865C7"}}, {"type": "Feature", "id": "H00015C", "geometry": {"type": "Point", "coordinates": [106.87318000025783, -6.2465100000356415]}, "properties": {"id": "H00015C", "stop_id": "H00015C", "name": "BNN", "stop_name": "BNN", "route_name": "BNN", "corridor_id": "K7,K9", "corridor_no": 7, "corridor_nos": ",7,9,", "koridor_label": "7, 9", "mode": "TransJakarta", "status": "existing", "status_label": "Jaringan saat ini", "source": "Jakarta Satu / Jaklingko Perhentian_TJ FeatureServer", "source_type": "official", "source_url": "https://jakartasatu.jakarta.go.id/server/rest/services/Jaklingko/Perhentian_TJ/FeatureServer/0", "operator": "TransJakarta", "prev_stop": "Cawang Sentral · Cawang", "next_stop": "Cawang · Cawang Sentral", "tipe": "Integrasi", "kecamatan": "Jatinegara", "kota": "Jakarta Timur", "interchange": true, "color": "#5865C7"}}, {"type": "Feature", "id": "H00017P", "geometry": {"type": "Point", "coordinates": [106.91768400031742, -6.215132000040967]}, "properties": {"id": "H00017P", "stop_id": "H00017P", "name": "Buaran", "stop_name": "Buaran", "route_name": "Buaran", "corridor_id": "K11", "corridor_no": 11, "corridor_nos": ",11,", "koridor_label": "11", "mode": "TransJakarta", "status": "existing", "status_label": "Jaringan saat ini", "source": "Jakarta Satu / Jaklingko Perhentian_TJ FeatureServer", "source_type": "official", "source_url": "https://jakartasatu.jakarta.go.id/server/rest/services/Jaklingko/Perhentian_TJ/FeatureServer/0", "operator": "TransJakarta", "prev_stop": "Simpang Buaran · Kampung Sumur", "next_stop": "Kampung Sumur · Simpang Buaran", "tipe": "Antara", "kecamatan": "Duren Sawit", "kota": "Jakarta Timur", "interchange": false, "color": "#5865C7"}}, {"type": "Feature", "id": "H00018P", "geometry": {"type": "Point", "coordinates": [106.83906299985858, -6.166062999906728]}, "properties": {"id": "H00018P", "stop_id": "H00018P", "name": "Lapangan Banteng", "stop_name": "Lapangan Banteng", "route_name": "Lapangan Banteng", "corridor_id": "K5", "corridor_no": 5, "corridor_nos": ",5,", "koridor_label": "5", "mode": "TransJakarta", "status": "existing", "status_label": "Jaringan saat ini", "source": "Jakarta Satu / Jaklingko Perhentian_TJ FeatureServer", "source_type": "official", "source_url": "https://jakartasatu.jakarta.go.id/server/rest/services/Jaklingko/Perhentian_TJ/FeatureServer/0", "operator": "TransJakarta", "prev_stop": "Paseban", "next_stop": "Salemba", "tipe": "Antara", "kecamatan": "Kemayoran", "kota": "Jakarta Pusat", "interchange": false, "color": "#5865C7"}}, {"type": "Feature", "id": "H00021P", "geometry": {"type": "Point", "coordinates": [106.83029300012288, -6.274332999767296]}, "properties": {"id": "H00021P", "stop_id": "H00021P", "name": "Buncit Indah", "stop_name": "Buncit Indah", "route_name": "Buncit Indah", "corridor_id": "K6", "corridor_no": 6, "corridor_nos": ",6,", "koridor_label": "6", "mode": "TransJakarta", "status": "existing", "status_label": "Jaringan saat ini", "source": "Jakarta Satu / Jaklingko Perhentian_TJ FeatureServer", "source_type": "official", "source_url": "https://jakartasatu.jakarta.go.id/server/rest/services/Jaklingko/Perhentian_TJ/FeatureServer/0", "operator": "TransJakarta", "prev_stop": "Pejaten · Warung Jati", "next_stop": "Warung Jati · Pejaten", "tipe": "Antara", "kecamatan": "Pancoran", "kota": "Jakarta Selatan", "interchange": false, "color": "#5865C7"}}, {"type": "Feature", "id": "H00022P", "geometry": {"type": "Point", "coordinates": [106.8229970000126, -6.1930210002181525]}, "properties": {"id": "H00022P", "stop_id": "H00022P", "name": "Bundaran HI Astra", "stop_name": "Bundaran HI Astra", "route_name": "Bundaran HI Astra", "corridor_id": "K1", "corridor_no": 1, "corridor_nos": ",1,", "koridor_label": "1", "mode": "TransJakarta", "status": "existing", "status_label": "Jaringan saat ini", "source": "Jakarta Satu / Jaklingko Perhentian_TJ FeatureServer", "source_type": "official", "source_url": "https://jakartasatu.jakarta.go.id/server/rest/services/Jaklingko/Perhentian_TJ/FeatureServer/0", "operator": "TransJakarta", "prev_stop": "Tosari · MH Thamrin", "next_stop": "MH Thamrin · Tosari", "tipe": "Integrasi", "kecamatan": "Menteng", "kota": "Jakarta Pusat", "interchange": false, "color": "#5865C7"}}, {"type": "Feature", "id": "H00023P", "geometry": {"type": "Point", "coordinates": [106.80093899993597, -6.227869000153419]}, "properties": {"id": "H00023P", "stop_id": "H00023P", "name": "Bundaran Senayan", "stop_name": "Bundaran Senayan", "route_name": "Bundaran Senayan", "corridor_id": "K1", "corridor_no": 1, "corridor_nos": ",1,", "koridor_label": "1", "mode": "TransJakarta", "status": "existing", "status_label": "Jaringan saat ini", "source": "Jakarta Satu / Jaklingko Perhentian_TJ FeatureServer", "source_type": "official", "source_url": "https://jakartasatu.jakarta.go.id/server/rest/services/Jaklingko/Perhentian_TJ/FeatureServer/0", "operator": "TransJakarta", "prev_stop": "Masjid Agung · Gelora Bung Karno", "next_stop": "Gelora Bung Karno · Masjid Agung", "tipe": "Transit", "kecamatan": "Tanah Abang", "kota": "Jakarta Pusat", "interchange": false, "color": "#5865C7"}}, {"type": "Feature", "id": "H00027C", "geometry": {"type": "Point", "coordinates": [106.81354000007201, -6.22110999962598]}, "properties": {"id": "H00027C", "stop_id": "H00027C", "name": "Semanggi", "stop_name": "Semanggi", "route_name": "Semanggi", "corridor_id": "K9", "corridor_no": 9, "corridor_nos": ",9,", "koridor_label": "9", "mode": "TransJakarta", "status": "existing", "status_label": "Jaringan saat ini", "source": "Jakarta Satu / Jaklingko Perhentian_TJ FeatureServer", "source_type": "official", "source_url": "https://jakartasatu.jakarta.go.id/server/rest/services/Jaklingko/Perhentian_TJ/FeatureServer/0", "operator": "TransJakarta", "prev_stop": "Widya Chandra Arah Barat · Gerbang Pemuda Arah Timur", "next_stop": "Gerbang Pemuda Arah Barat · Widya Chandra Arah Timur", "tipe": "Transit", "kecamatan": "Setiabudi", "kota": "Jakarta Selatan", "interchange": false, "color": "#5865C7"}}, {"type": "Feature", "id": "H00028P", "geometry": {"type": "Point", "coordinates": [106.86876299981361, -6.243607000162115]}, "properties": {"id": "H00028P", "stop_id": "H00028P", "name": "Cawang Baru", "stop_name": "Cawang Baru", "route_name": "Cawang Baru", "corridor_id": "K7", "corridor_no": 7, "corridor_nos": ",7,", "koridor_label": "7", "mode": "TransJakarta", "status": "existing", "status_label": "Jaringan saat ini", "source": "Jakarta Satu / Jaklingko Perhentian_TJ FeatureServer", "source_type": "official", "source_url": "https://jakartasatu.jakarta.go.id/server/rest/services/Jaklingko/Perhentian_TJ/FeatureServer/0", "operator": "TransJakarta", "prev_stop": "Cawang · Gelanggang Remaja", "next_stop": "Gelanggang Remaja · Cawang", "tipe": "Antara", "kecamatan": "Jatinegara", "kota": "Jakarta Timur", "interchange": false, "color": "#5865C7"}}, {"type": "Feature", "id": "H00029P", "geometry": {"type": "Point", "coordinates": [106.8759830000165, -6.244770999880927]}, "properties": {"id": "H00029P", "stop_id": "H00029P", "name": "Simpang Cawang", "stop_name": "Simpang Cawang", "route_name": "Simpang Cawang", "corridor_id": "K10", "corridor_no": 10, "corridor_nos": ",10,", "koridor_label": "10", "mode": "TransJakarta", "status": "existing", "status_label": "Jaringan saat ini", "source": "Jakarta Satu / Jaklingko Perhentian_TJ FeatureServer", "source_type": "official", "source_url": "https://jakartasatu.jakarta.go.id/server/rest/services/Jaklingko/Perhentian_TJ/FeatureServer/0", "operator": "TransJakarta", "prev_stop": "Halim · Cawang Sentral", "next_stop": "Cawang Sentral · Halim", "tipe": "Transit", "kecamatan": "Jatinegara", "kota": "Jakarta Timur", "interchange": false, "color": "#5865C7"}}, {"type": "Feature", "id": "H00030P", "geometry": {"type": "Point", "coordinates": [106.87360299997948, -6.250308999859669]}, "properties": {"id": "H00030P", "stop_id": "H00030P", "name": "Cawang Sentral", "stop_name": "Cawang Sentral", "route_name": "Cawang Sentral", "corridor_id": "K7,K9,K10", "corridor_no": 7, "corridor_nos": ",7,9,10,", "koridor_label": "7, 9, 10", "mode": "TransJakarta", "status": "existing", "status_label": "Jaringan saat ini", "source": "Jakarta Satu / Jaklingko Perhentian_TJ FeatureServer", "source_type": "official", "source_url": "https://jakartasatu.jakarta.go.id/server/rest/services/Jaklingko/Perhentian_TJ/FeatureServer/0", "operator": "TransJakarta", "prev_stop": "Cawang Cililitan · BNN · Makasar", "next_stop": "BNN · Cawang Cililitan · Makasar", "tipe": "Transit", "kecamatan": "Kramat Jati", "kota": "Jakarta Timur", "interchange": true, "color": "#5865C7"}}, {"type": "Feature", "id": "H00031P", "geometry": {"type": "Point", "coordinates": [106.70903900045056, -6.223628999777702]}, "properties": {"id": "H00031P", "stop_id": "H00031P", "name": "CBD Ciledug", "stop_name": "CBD Ciledug", "route_name": "CBD Ciledug", "corridor_id": "K13", "corridor_no": 13, "corridor_nos": ",13,", "koridor_label": "13", "mode": "TransJakarta", "status": "existing", "status_label": "Jaringan saat ini", "source": "Jakarta Satu / Jaklingko Perhentian_TJ FeatureServer", "source_type": "official", "source_url": "https://jakartasatu.jakarta.go.id/server/rest/services/Jaklingko/Perhentian_TJ/FeatureServer/0", "operator": "TransJakarta", "prev_stop": "", "next_stop": "", "tipe": "Ujung", "kecamatan": "Ciledug", "kota": "Tangerang", "interchange": false, "color": "#5865C7"}}, {"type": "Feature", "id": "H00032P", "geometry": {"type": "Point", "coordinates": [106.87919799988885, -6.165887999930419]}, "properties": {"id": "H00032P", "stop_id": "H00032P", "name": "Simpang Cempaka", "stop_name": "Simpang Cempaka", "route_name": "Simpang Cempaka", "corridor_id": "K10", "corridor_no": 10, "corridor_nos": ",10,", "koridor_label": "10", "mode": "TransJakarta", "status": "existing", "status_label": "Jaringan saat ini", "source": "Jakarta Satu / Jaklingko Perhentian_TJ FeatureServer", "source_type": "official", "source_url": "https://jakartasatu.jakarta.go.id/server/rest/services/Jaklingko/Perhentian_TJ/FeatureServer/0", "operator": "TransJakarta", "prev_stop": "Kodamar · Cempaka Putih", "next_stop": "Cempaka Putih · Kodamar", "tipe": "Transit", "kecamatan": "Kelapa Gading", "kota": "Jakarta Utara", "interchange": false, "color": "#5865C7"}}, {"type": "Feature", "id": "H00033P", "geometry": {"type": "Point", "coordinates": [106.87642299962278, -6.174206999552553]}, "properties": {"id": "H00033P", "stop_id": "H00033P", "name": "Cempaka Putih", "stop_name": "Cempaka Putih", "route_name": "Cempaka Putih", "corridor_id": "K10", "corridor_no": 10, "corridor_nos": ",10,", "koridor_label": "10", "mode": "TransJakarta", "status": "existing", "status_label": "Jaringan saat ini", "source": "Jakarta Satu / Jaklingko Perhentian_TJ FeatureServer", "source_type": "official", "source_url": "https://jakartasatu.jakarta.go.id/server/rest/services/Jaklingko/Perhentian_TJ/FeatureServer/0", "operator": "TransJakarta", "prev_stop": "Simpang Cempaka · Pulo Mas Bypass", "next_stop": "Pulo Mas Bypass · Simpang Cempaka", "tipe": "Antara", "kecamatan": "Pulo Gadung", "kota": "Jakarta Timur", "interchange": false, "color": "#5865C7"}}, {"type": "Feature", "id": "H00034P", "geometry": {"type": "Point", "coordinates": [106.86659000032927, -6.170398000166756]}, "properties": {"id": "H00034P", "stop_id": "H00034P", "name": "Cempaka Baru", "stop_name": "Cempaka Baru", "route_name": "Cempaka Baru", "corridor_id": "K2", "corridor_no": 2, "corridor_nos": ",2,", "koridor_label": "2", "mode": "TransJakarta", "status": "existing", "status_label": "Jaringan saat ini", "source": "Jakarta Satu / Jaklingko Perhentian_TJ FeatureServer", "source_type": "official", "source_url": "https://jakartasatu.jakarta.go.id/server/rest/services/Jaklingko/Perhentian_TJ/FeatureServer/0", "operator": "TransJakarta", "prev_stop": "Sumur Batu · Pasar Cempaka Putih", "next_stop": "Pasar Cempaka Putih · Sumur Batu", "tipe": "Antara", "kecamatan": "Cempaka Putih", "kota": "Jakarta Pusat", "interchange": false, "color": "#5865C7"}}, {"type": "Feature", "id": "H00035P", "geometry": {"type": "Point", "coordinates": [106.87591100029346, -6.1665839996510385]}, "properties": {"id": "H00035P", "stop_id": "H00035P", "name": "Cempaka Mas", "stop_name": "Cempaka Mas", "route_name": "Cempaka Mas", "corridor_id": "K2", "corridor_no": 2, "corridor_nos": ",2,", "koridor_label": "2", "mode": "TransJakarta", "status": "existing", "status_label": "Jaringan saat ini", "source": "Jakarta Satu / Jaklingko Perhentian_TJ FeatureServer", "source_type": "official", "source_url": "https://jakartasatu.jakarta.go.id/server/rest/services/Jaklingko/Perhentian_TJ/FeatureServer/0", "operator": "TransJakarta", "prev_stop": "Pedongkelan · Sumur Batu", "next_stop": "Sumur Batu · Pedongkelan", "tipe": "Transit", "kecamatan": "Cempaka Putih", "kota": "Jakarta Pusat", "interchange": false, "color": "#5865C7"}}, {"type": "Feature", "id": "H00036C", "geometry": {"type": "Point", "coordinates": [106.79989000012444, -6.202030000183527]}, "properties": {"id": "H00036C", "stop_id": "H00036C", "name": "Petamburan", "stop_name": "Petamburan", "route_name": "Petamburan", "corridor_id": "K9", "corridor_no": 9, "corridor_nos": ",9,", "koridor_label": "9", "mode": "TransJakarta", "status": "existing", "status_label": "Jaringan saat ini", "source": "Jakarta Satu / Jaklingko Perhentian_TJ FeatureServer", "source_type": "official", "source_url": "https://jakartasatu.jakarta.go.id/server/rest/services/Jaklingko/Perhentian_TJ/FeatureServer/0", "operator": "TransJakarta", "prev_stop": "Gerbang Pemuda Arah Barat · Kemanggisan Arah Selatan", "next_stop": "Kemanggisan Arah Utara · Gerbang Pemuda Arah Timur", "tipe": "Transit", "kecamatan": "Tanah Abang", "kota": "Jakarta Pusat", "interchange": false, "color": "#5865C7"}}, {"type": "Feature", "id": "H00037C", "geometry": {"type": "Point", "coordinates": [106.87415200011577, -6.215139000363763]}, "properties": {"id": "H00037C", "stop_id": "H00037C", "name": "Flyover Jatinegara", "stop_name": "Flyover Jatinegara", "route_name": "Flyover Jatinegara", "corridor_id": "K10,K11", "corridor_no": 10, "corridor_nos": ",10,11,", "koridor_label": "10, 11", "mode": "TransJakarta", "status": "existing", "status_label": "Jaringan saat ini", "source": "Jakarta Satu / Jaklingko Perhentian_TJ FeatureServer", "source_type": "official", "source_url": "https://jakartasatu.jakarta.go.id/server/rest/services/Jaklingko/Perhentian_TJ/FeatureServer/0", "operator": "TransJakarta", "prev_stop": "Pisangan · Pedati Prumpung · Pasar Enjo", "next_stop": "Pedati Prumpung · Pisangan · Stasiun Jatinegara", "tipe": "Transit", "kecamatan": "Jatinegara", "kota": "Jakarta Timur", "interchange": true, "color": "#5865C7"}}, {"type": "Feature", "id": "H00038P", "geometry": {"type": "Point", "coordinates": [106.8898639998248, -6.213663999792971]}, "properties": {"id": "H00038P", "stop_id": "H00038P", "name": "Cipinang", "stop_name": "Cipinang", "route_name": "Cipinang", "corridor_id": "K11", "corridor_no": 11, "corridor_nos": ",11,", "koridor_label": "11", "mode": "TransJakarta", "status": "existing", "status_label": "Jaringan saat ini", "source": "Jakarta Satu / Jaklingko Perhentian_TJ FeatureServer", "source_type": "official", "source_url": "https://jakartasatu.jakarta.go.id/server/rest/services/Jaklingko/Perhentian_TJ/FeatureServer/0", "operator": "TransJakarta", "prev_stop": "Stasiun Klender · Flyover Cipinang", "next_stop": "Flyover Cipinang · Stasiun Klender", "tipe": "Antara", "kecamatan": "Jatinegara", "kota": "Jakarta Timur", "interchange": false, "color": "#5865C7"}}, {"type": "Feature", "id": "H00039P", "geometry": {"type": "Point", "coordinates": [106.87636599969215, -6.2316589995623985]}, "properties": {"id": "H00039P", "stop_id": "H00039P", "name": "Kebon Nanas", "stop_name": "Kebon Nanas", "route_name": "Kebon Nanas", "corridor_id": "K10", "corridor_no": 10, "corridor_nos": ",10,", "koridor_label": "10", "mode": "TransJakarta", "status": "existing", "status_label": "Jaringan saat ini", "source": "Jakarta Satu / Jaklingko Perhentian_TJ FeatureServer", "source_type": "official", "source_url": "https://jakartasatu.jakarta.go.id/server/rest/services/Jaklingko/Perhentian_TJ/FeatureServer/0", "operator": "TransJakarta", "prev_stop": "Pedati Prumpung · Halim", "next_stop": "Halim · Pedati Prumpung", "tipe": "Antara", "kecamatan": "Jatinegara", "kota": "Jakarta Timur", "interchange": false, "color": "#5865C7"}}, {"type": "Feature", "id": "H00040P", "geometry": {"type": "Point", "coordinates": [106.7654110001186, -6.237818000299683]}, "properties": {"id": "H00040P", "stop_id": "H00040P", "name": "Cipulir", "stop_name": "Cipulir", "route_name": "Cipulir", "corridor_id": "K13", "corridor_no": 13, "corridor_nos": ",13,", "koridor_label": "13", "mode": "TransJakarta", "status": "existing", "status_label": "Jaringan saat ini", "source": "Jakarta Satu / Jaklingko Perhentian_TJ FeatureServer", "source_type": "official", "source_url": "https://jakartasatu.jakarta.go.id/server/rest/services/Jaklingko/Perhentian_TJ/FeatureServer/0", "operator": "TransJakarta", "prev_stop": "Swadarma", "next_stop": "Seskoal", "tipe": "Antara", "kecamatan": "Kebayoran Lama", "kota": "Jakarta Selatan", "interchange": false, "color": "#5865C7"}}, {"type": "Feature", "id": "H00041P", "geometry": {"type": "Point", "coordinates": [106.79843400042984, -6.239940000130105]}, "properties": {"id": "H00041P", "stop_id": "H00041P", "name": "CSW 1", "stop_name": "CSW 1", "route_name": "CSW 1", "corridor_id": "K13", "corridor_no": 13, "corridor_nos": ",13,", "koridor_label": "13", "mode": "TransJakarta", "status": "existing", "status_label": "Jaringan saat ini", "source": "Jakarta Satu / Jaklingko Perhentian_TJ FeatureServer", "source_type": "official", "source_url": "https://jakartasatu.jakarta.go.id/server/rest/services/Jaklingko/Perhentian_TJ/FeatureServer/0", "operator": "TransJakarta", "prev_stop": "Mayestik", "next_stop": "Pasar Santa", "tipe": "Integrasi", "kecamatan": "Kebayoran Baru", "kota": "Jakarta Selatan", "interchange": false, "color": "#5865C7"}}, {"type": "Feature", "id": "H00042P", "geometry": {"type": "Point", "coordinates": [106.85805399969337, -6.14686899970377]}, "properties": {"id": "H00042P", "stop_id": "H00042P", "name": "Danau Agung", "stop_name": "Danau Agung", "route_name": "Danau Agung", "corridor_id": "K12,K14", "corridor_no": 12, "corridor_nos": ",12,14,", "koridor_label": "12, 14", "mode": "TransJakarta", "status": "existing", "status_label": "Jaringan saat ini", "source": "Jakarta Satu / Jaklingko Perhentian_TJ FeatureServer", "source_type": "official", "source_url": "https://jakartasatu.jakarta.go.id/server/rest/services/Jaklingko/Perhentian_TJ/FeatureServer/0", "operator": "TransJakarta", "prev_stop": "Danau Sunter · Landasan Pacu", "next_stop": "Landasan Pacu · Danau Sunter", "tipe": "Antara", "kecamatan": "Tanjung Priok", "kota": "Jakarta Utara", "interchange": true, "color": "#5865C7"}}, {"type": "Feature", "id": "H00043P", "geometry": {"type": "Point", "coordinates": [106.83320500041145, -6.228793999642562]}, "properties": {"id": "H00043P", "stop_id": "H00043P", "name": "Kuningan", "stop_name": "Kuningan", "route_name": "Kuningan", "corridor_id": "K6", "corridor_no": 6, "corridor_nos": ",6,", "koridor_label": "6", "mode": "TransJakarta", "status": "existing", "status_label": "Jaringan saat ini", "source": "Jakarta Satu / Jaklingko Perhentian_TJ FeatureServer", "source_type": "official", "source_url": "https://jakartasatu.jakarta.go.id/server/rest/services/Jaklingko/Perhentian_TJ/FeatureServer/0", "operator": "TransJakarta", "prev_stop": "Patra Kuningan · Rasuna Said", "next_stop": "Rasuna Said · Patra Kuningan", "tipe": "Integrasi", "kecamatan": "Setiabudi", "kota": "Jakarta Selatan", "interchange": false, "color": "#5865C7"}}, {"type": "Feature", "id": "H00044P", "geometry": {"type": "Point", "coordinates": [106.82212500026958, -6.294641000081299]}, "properties": {"id": "H00044P", "stop_id": "H00044P", "name": "Simpang Ragunan", "stop_name": "Simpang Ragunan", "route_name": "Simpang Ragunan", "corridor_id": "K6", "corridor_no": 6, "corridor_nos": ",6,", "koridor_label": "6", "mode": "TransJakarta", "status": "existing", "status_label": "Jaringan saat ini", "source": "Jakarta Satu / Jaklingko Perhentian_TJ FeatureServer", "source_type": "official", "source_url": "https://jakartasatu.jakarta.go.id/server/rest/services/Jaklingko/Perhentian_TJ/FeatureServer/0", "operator": "TransJakarta", "prev_stop": "Ragunan · Jati Barat", "next_stop": "Jati Barat · Ragunan", "tipe": "Antara", "kecamatan": "Pasar Minggu", "kota": "Jakarta Selatan", "interchange": false, "color": "#5865C7"}}, {"type": "Feature", "id": "H00045P", "geometry": {"type": "Point", "coordinates": [106.83471699999058, -6.173503000362359]}, "properties": {"id": "H00045P", "stop_id": "H00045P", "name": "Pejambon", "stop_name": "Pejambon", "route_name": "Pejambon", "corridor_id": "K2", "corridor_no": 2, "corridor_nos": ",2,", "koridor_label": "2", "mode": "TransJakarta", "status": "existing", "status_label": "Jaringan saat ini", "source": "Jakarta Satu / Jaklingko Perhentian_TJ FeatureServer", "source_type": "official", "source_url": "https://jakartasatu.jakarta.go.id/server/rest/services/Jaklingko/Perhentian_TJ/FeatureServer/0", "operator": "TransJakarta", "prev_stop": "RSPAD", "next_stop": "Gambir", "tipe": "Antara", "kecamatan": "Senen", "kota": "Jakarta Pusat", "interchange": false, "color": "#5865C7"}}, {"type": "Feature", "id": "H00046P", "geometry": {"type": "Point", "coordinates": [106.73809699957792, -6.15463399985839]}, "properties": {"id": "H00046P", "stop_id": "H00046P", "name": "Pulo Nangka", "stop_name": "Pulo Nangka", "route_name": "Pulo Nangka", "corridor_id": "K3", "corridor_no": 3, "corridor_nos": ",3,", "koridor_label": "3", "mode": "TransJakarta", "status": "existing", "status_label": "Jaringan saat ini", "source": "Jakarta Satu / Jaklingko Perhentian_TJ FeatureServer", "source_type": "official", "source_url": "https://jakartasatu.jakarta.go.id/server/rest/services/Jaklingko/Perhentian_TJ/FeatureServer/0", "operator": "TransJakarta", "prev_stop": "Jembatan Baru · Jembatan Gantung", "next_stop": "Jembatan Gantung · Jembatan Baru", "tipe": "Antara", "kecamatan": "Cengkareng", "kota": "Jakarta Barat", "interchange": false, "color": "#5865C7"}}, {"type": "Feature", "id": "H00047P", "geometry": {"type": "Point", "coordinates": [106.82222500038449, -6.205702000446138]}, "properties": {"id": "H00047P", "stop_id": "H00047P", "name": "Dukuh Atas", "stop_name": "Dukuh Atas", "route_name": "Dukuh Atas", "corridor_id": "K1", "corridor_no": 1, "corridor_nos": ",1,", "koridor_label": "1", "mode": "TransJakarta", "status": "existing", "status_label": "Jaringan saat ini", "source": "Jakarta Satu / Jaklingko Perhentian_TJ FeatureServer", "source_type": "official", "source_url": "https://jakartasatu.jakarta.go.id/server/rest/services/Jaklingko/Perhentian_TJ/FeatureServer/0", "operator": "TransJakarta", "prev_stop": "Karet · Tosari", "next_stop": "Tosari · Karet", "tipe": "Transit", "kecamatan": "Tanah Abang", "kota": "Jakarta Pusat", "interchange": false, "color": "#5865C7"}}, {"type": "Feature", "id": "H00049P", "geometry": {"type": "Point", "coordinates": [106.82697199985893, -6.25237699989782]}, "properties": {"id": "H00049P", "stop_id": "H00049P", "name": "Duren Tiga", "stop_name": "Duren Tiga", "route_name": "Duren Tiga", "corridor_id": "K6", "corridor_no": 6, "corridor_nos": ",6,", "koridor_label": "6", "mode": "TransJakarta", "status": "existing", "status_label": "Jaringan saat ini", "source": "Jakarta Satu / Jaklingko Perhentian_TJ FeatureServer", "source_type": "official", "source_url": "https://jakartasatu.jakarta.go.id/server/rest/services/Jaklingko/Perhentian_TJ/FeatureServer/0", "operator": "TransJakarta", "prev_stop": "Warung Buncit · Mampang Prapatan", "next_stop": "Mampang Prapatan · Warung Buncit", "tipe": "Antara", "kecamatan": "Mampang Prapatan", "kota": "Jakarta Selatan", "interchange": false, "color": "#5865C7"}}, {"type": "Feature", "id": "H00050P", "geometry": {"type": "Point", "coordinates": [106.76841800029155, -6.185265999625358]}, "properties": {"id": "H00050P", "stop_id": "H00050P", "name": "Duri Kepa", "stop_name": "Duri Kepa", "route_name": "Duri Kepa", "corridor_id": "K8", "corridor_no": 8, "corridor_nos": ",8,", "koridor_label": "8", "mode": "TransJakarta", "status": "existing", "status_label": "Jaringan saat ini", "source": "Jakarta Satu / Jaklingko Perhentian_TJ FeatureServer", "source_type": "official", "source_url": "https://jakartasatu.jakarta.go.id/server/rest/services/Jaklingko/Perhentian_TJ/FeatureServer/0", "operator": "TransJakarta", "prev_stop": "Kebon Jeruk · Kedoya Panjang", "next_stop": "Kedoya Panjang · Kebon Jeruk", "tipe": "Antara", "kecamatan": "Kebon Jeruk", "kota": "Jakarta Barat", "interchange": false, "color": "#5865C7"}}, {"type": "Feature", "id": "H00051P", "geometry": {"type": "Point", "coordinates": [106.89241899983801, -6.110149999821829]}, "properties": {"id": "H00051P", "stop_id": "H00051P", "name": "Mambo", "stop_name": "Mambo", "route_name": "Mambo", "corridor_id": "K10,K12", "corridor_no": 10, "corridor_nos": ",10,12,", "koridor_label": "10, 12", "mode": "TransJakarta", "status": "existing", "status_label": "Jaringan saat ini", "source": "Jakarta Satu / Jaklingko Perhentian_TJ FeatureServer", "source_type": "official", "source_url": "https://jakartasatu.jakarta.go.id/server/rest/services/Jaklingko/Perhentian_TJ/FeatureServer/0", "operator": "TransJakarta", "prev_stop": "Tanjung Priok · Koja", "next_stop": "Koja · Tanjung Priok", "tipe": "Antara", "kecamatan": "Tanjung Priok", "kota": "Jakarta Utara", "interchange": true, "color": "#5865C7"}}, {"type": "Feature", "id": "H00054P", "geometry": {"type": "Point", "coordinates": [106.90306299965874, -6.213596000254427]}, "properties": {"id": "H00054P", "stop_id": "H00054P", "name": "Klender", "stop_name": "Klender", "route_name": "Klender", "corridor_id": "K11", "corridor_no": 11, "corridor_nos": ",11,", "koridor_label": "11", "mode": "TransJakarta", "status": "existing", "status_label": "Jaringan saat ini", "source": "Jakarta Satu / Jaklingko Perhentian_TJ FeatureServer", "source_type": "official", "source_url": "https://jakartasatu.jakarta.go.id/server/rest/services/Jaklingko/Perhentian_TJ/FeatureServer/0", "operator": "TransJakarta", "prev_stop": "Kampung Sumur · Stasiun Klender", "next_stop": "Stasiun Klender · Kampung Sumur", "tipe": "Antara", "kecamatan": "Duren Sawit", "kota": "Jakarta Timur", "interchange": false, "color": "#5865C7"}}, {"type": "Feature", "id": "H00055P", "geometry": {"type": "Point", "coordinates": [106.92438299987657, -6.21598199966877]}, "properties": {"id": "H00055P", "stop_id": "H00055P", "name": "Simpang Buaran", "stop_name": "Simpang Buaran", "route_name": "Simpang Buaran", "corridor_id": "K11", "corridor_no": 11, "corridor_nos": ",11,", "koridor_label": "11", "mode": "TransJakarta", "status": "existing", "status_label": "Jaringan saat ini", "source": "Jakarta Satu / Jaklingko Perhentian_TJ FeatureServer", "source_type": "official", "source_url": "https://jakartasatu.jakarta.go.id/server/rest/services/Jaklingko/Perhentian_TJ/FeatureServer/0", "operator": "TransJakarta", "prev_stop": "Flyover Pondok Kopi · Buaran", "next_stop": "Buaran · Flyover Pondok Kopi", "tipe": "Antara", "kecamatan": "Duren Sawit", "kota": "Jakarta Timur", "interchange": false, "color": "#5865C7"}}, {"type": "Feature", "id": "H00056P", "geometry": {"type": "Point", "coordinates": [106.8656999997562, -6.306500000174083]}, "properties": {"id": "H00056P", "stop_id": "H00056P", "name": "Flyover Raya Bogor", "stop_name": "Flyover Raya Bogor", "route_name": "Flyover Raya Bogor", "corridor_id": "K7", "corridor_no": 7, "corridor_nos": ",7,", "koridor_label": "7", "mode": "TransJakarta", "status": "existing", "status_label": "Jaringan saat ini", "source": "Jakarta Satu / Jaklingko Perhentian_TJ FeatureServer", "source_type": "official", "source_url": "https://jakartasatu.jakarta.go.id/server/rest/services/Jaklingko/Perhentian_TJ/FeatureServer/0", "operator": "TransJakarta", "prev_stop": "Tanah Merdeka Arah Barat · Trikora", "next_stop": "Trikora · Tanah Merdeka Arah Timur", "tipe": "Transit", "kecamatan": "Ciracas", "kota": "Jakarta Timur", "interchange": false, "color": "#5865C7"}}, {"type": "Feature", "id": "H00057P", "geometry": {"type": "Point", "coordinates": [106.85484500009773, -6.17438799980556]}, "properties": {"id": "H00057P", "stop_id": "H00057P", "name": "Galur", "stop_name": "Galur", "route_name": "Galur", "corridor_id": "K2", "corridor_no": 2, "corridor_nos": ",2,", "koridor_label": "2", "mode": "TransJakarta", "status": "existing", "status_label": "Jaringan saat ini", "source": "Jakarta Satu / Jaklingko Perhentian_TJ FeatureServer", "source_type": "official", "source_url": "https://jakartasatu.jakarta.go.id/server/rest/services/Jaklingko/Perhentian_TJ/FeatureServer/0", "operator": "TransJakarta", "prev_stop": "Rawa Selatan · Pasar Senen", "next_stop": "Pasar Senen · Rawa Selatan", "tipe": "Antara", "kecamatan": "Johar Baru", "kota": "Jakarta Pusat", "interchange": false, "color": "#5865C7"}}, {"type": "Feature", "id": "H00058P", "geometry": {"type": "Point", "coordinates": [106.83040199975352, -6.174612000242803]}, "properties": {"id": "H00058P", "stop_id": "H00058P", "name": "Gambir", "stop_name": "Gambir", "route_name": "Gambir", "corridor_id": "K2", "corridor_no": 2, "corridor_nos": ",2,", "koridor_label": "2", "mode": "TransJakarta", "status": "existing", "status_label": "Jaringan saat ini", "source": "Jakarta Satu / Jaklingko Perhentian_TJ FeatureServer", "source_type": "official", "source_url": "https://jakartasatu.jakarta.go.id/server/rest/services/Jaklingko/Perhentian_TJ/FeatureServer/0", "operator": "TransJakarta", "prev_stop": "Pejambon", "next_stop": "Istiqlal", "tipe": "Antara", "kecamatan": "Gambir", "kota": "Jakarta Pusat", "interchange": false, "color": "#5865C7"}}, {"type": "Feature", "id": "H00059P", "geometry": {"type": "Point", "coordinates": [106.83106199961264, -6.178928999672792]}, "properties": {"id": "H00059P", "stop_id": "H00059P", "name": "Gambir 2", "stop_name": "Gambir 2", "route_name": "Gambir 2", "corridor_id": "K2", "corridor_no": 2, "corridor_nos": ",2,", "koridor_label": "2", "mode": "TransJakarta", "status": "existing", "status_label": "Jaringan saat ini", "source": "Jakarta Satu / Jaklingko Perhentian_TJ FeatureServer", "source_type": "official", "source_url": "https://jakartasatu.jakarta.go.id/server/rest/services/Jaklingko/Perhentian_TJ/FeatureServer/0", "operator": "TransJakarta", "prev_stop": "Balai Kota", "next_stop": "Kwitang", "tipe": "Antara", "kecamatan": "Gambir", "kota": "Jakarta Pusat", "interchange": false, "color": "#5865C7"}}, {"type": "Feature", "id": "H00060P", "geometry": {"type": "Point", "coordinates": [106.88116399971983, -6.290154000006282]}, "properties": {"id": "H00060P", "stop_id": "H00060P", "name": "Makasar", "stop_name": "Makasar", "route_name": "Makasar", "corridor_id": "K9", "corridor_no": 9, "corridor_nos": ",9,", "koridor_label": "9", "mode": "TransJakarta", "status": "existing", "status_label": "Jaringan saat ini", "source": "Jakarta Satu / Jaklingko Perhentian_TJ FeatureServer", "source_type": "official", "source_url": "https://jakartasatu.jakarta.go.id/server/rest/services/Jaklingko/Perhentian_TJ/FeatureServer/0", "operator": "TransJakarta", "prev_stop": "Pinang Ranti · Cawang Sentral", "next_stop": "Cawang Sentral · Pinang Ranti", "tipe": "Antara", "kecamatan": "Makasar", "kota": "Jakarta Timur", "interchange": false, "color": "#5865C7"}}, {"type": "Feature", "id": "H00061S", "geometry": {"type": "Point", "coordinates": [106.86353699983374, -6.243011999703242]}, "properties": {"id": "H00061S", "stop_id": "H00061S", "name": "Ciliwung Arah Timur", "stop_name": "Ciliwung Arah Timur", "route_name": "Ciliwung Arah Timur", "corridor_id": "K9", "corridor_no": 9, "corridor_nos": ",9,", "koridor_label": "9", "mode": "TransJakarta", "status": "existing", "status_label": "Jaringan saat ini", "source": "Jakarta Satu / Jaklingko Perhentian_TJ FeatureServer", "source_type": "official", "source_url": "https://jakartasatu.jakarta.go.id/server/rest/services/Jaklingko/Perhentian_TJ/FeatureServer/0", "operator": "TransJakarta", "prev_stop": "Cikoko Arah Timur", "next_stop": "Cawang", "tipe": "Integrasi", "kecamatan": "Jatinegara", "kota": "Jakarta Timur", "interchange": false, "color": "#5865C7"}}, {"type": "Feature", "id": "H00062S", "geometry": {"type": "Point", "coordinates": [106.86358900043308, -6.243292000024951]}, "properties": {"id": "H00062S", "stop_id": "H00062S", "name": "Ciliwung Arah Barat", "stop_name": "Ciliwung Arah Barat", "route_name": "Ciliwung Arah Barat", "corridor_id": "K9", "corridor_no": 9, "corridor_nos": ",9,", "koridor_label": "9", "mode": "TransJakarta", "status": "existing", "status_label": "Jaringan saat ini", "source": "Jakarta Satu / Jaklingko Perhentian_TJ FeatureServer", "source_type": "official", "source_url": "https://jakartasatu.jakarta.go.id/server/rest/services/Jaklingko/Perhentian_TJ/FeatureServer/0", "operator": "TransJakarta", "prev_stop": "Cawang", "next_stop": "Cikoko Arah Barat", "tipe": "Integrasi", "kecamatan": "Kramat Jati", "kota": "Jakarta Timur", "interchange": false, "color": "#5865C7"}}, {"type": "Feature", "id": "H00063S", "geometry": {"type": "Point", "coordinates": [106.85814400024645, -6.243028000441086]}, "properties": {"id": "H00063S", "stop_id": "H00063S", "name": "Cikoko Arah Timur", "stop_name": "Cikoko Arah Timur", "route_name": "Cikoko Arah Timur", "corridor_id": "K9", "corridor_no": 9, "corridor_nos": ",9,", "koridor_label": "9", "mode": "TransJakarta", "status": "existing", "status_label": "Jaringan saat ini", "source": "Jakarta Satu / Jaklingko Perhentian_TJ FeatureServer", "source_type": "official", "source_url": "https://jakartasatu.jakarta.go.id/server/rest/services/Jaklingko/Perhentian_TJ/FeatureServer/0", "operator": "TransJakarta", "prev_stop": "Tebet Eco Park Arah Timur", "next_stop": "Ciliwung Arah Timur", "tipe": "Integrasi", "kecamatan": "Tebet", "kota": "Jakarta Selatan", "interchange": false, "color": "#5865C7"}}, {"type": "Feature", "id": "H00064S", "geometry": {"type": "Point", "coordinates": [106.8581470003848, -6.243359000416717]}, "properties": {"id": "H00064S", "stop_id": "H00064S", "name": "Cikoko Arah Barat", "stop_name": "Cikoko Arah Barat", "route_name": "Cikoko Arah Barat", "corridor_id": "K9", "corridor_no": 9, "corridor_nos": ",9,", "koridor_label": "9", "mode": "TransJakarta", "status": "existing", "status_label": "Jaringan saat ini", "source": "Jakarta Satu / Jaklingko Perhentian_TJ FeatureServer", "source_type": "official", "source_url": "https://jakartasatu.jakarta.go.id/server/rest/services/Jaklingko/Perhentian_TJ/FeatureServer/0", "operator": "TransJakarta", "prev_stop": "Ciliwung Arah Barat", "next_stop": "Tebet Eco Park Arah Barat", "tipe": "Integrasi", "kecamatan": "Pancoran", "kota": "Jakarta Selatan", "interchange": false, "color": "#5865C7"}}, {"type": "Feature", "id": "H00065P", "geometry": {"type": "Point", "coordinates": [106.80595700021644, -6.1326169998738465]}, "properties": {"id": "H00065P", "stop_id": "H00065P", "name": "Gedong Panjang", "stop_name": "Gedong Panjang", "route_name": "Gedong Panjang", "corridor_id": "K12", "corridor_no": 12, "corridor_nos": ",12,", "koridor_label": "12", "mode": "TransJakarta", "status": "existing", "status_label": "Jaringan saat ini", "source": "Jakarta Satu / Jaklingko Perhentian_TJ FeatureServer", "source_type": "official", "source_url": "https://jakartasatu.jakarta.go.id/server/rest/services/Jaklingko/Perhentian_TJ/FeatureServer/0", "operator": "TransJakarta", "prev_stop": "Pakin", "next_stop": "Museum Sejarah Jakarta", "tipe": "Antara", "kecamatan": "Tambora", "kota": "Jakarta Barat", "interchange": false, "color": "#5865C7"}}, {"type": "Feature", "id": "H00066P", "geometry": {"type": "Point", "coordinates": [106.8679540002779, -6.2354449996861945]}, "properties": {"id": "H00066P", "stop_id": "H00066P", "name": "Gelanggang Remaja", "stop_name": "Gelanggang Remaja", "route_name": "Gelanggang Remaja", "corridor_id": "K7", "corridor_no": 7, "corridor_nos": ",7,", "koridor_label": "7", "mode": "TransJakarta", "status": "existing", "status_label": "Jaringan saat ini", "source": "Jakarta Satu / Jaklingko Perhentian_TJ FeatureServer", "source_type": "official", "source_url": "https://jakartasatu.jakarta.go.id/server/rest/services/Jaklingko/Perhentian_TJ/FeatureServer/0", "operator": "TransJakarta", "prev_stop": "Cawang Baru · Bidara Cina", "next_stop": "Bidara Cina · Cawang Baru", "tipe": "Antara", "kecamatan": "Jatinegara", "kota": "Jakarta Timur", "interchange": false, "color": "#5865C7"}}, {"type": "Feature", "id": "H00067P", "geometry": {"type": "Point", "coordinates": [106.80579499994036, -6.2242169999138355]}, "properties": {"id": "H00067P", "stop_id": "H00067P", "name": "Senayan Bank DKI", "stop_name": "Senayan Bank DKI", "route_name": "Senayan Bank DKI", "corridor_id": "K1", "corridor_no": 1, "corridor_nos": ",1,", "koridor_label": "1", "mode": "TransJakarta", "status": "existing", "status_label": "Jaringan saat ini", "source": "Jakarta Satu / Jaklingko Perhentian_TJ FeatureServer", "source_type": "official", "source_url": "https://jakartasatu.jakarta.go.id/server/rest/services/Jaklingko/Perhentian_TJ/FeatureServer/0", "operator": "TransJakarta", "prev_stop": "Bundaran Senayan · Polda Metro Jaya", "next_stop": "Polda Metro Jaya · Bundaran Senayan", "tipe": "Transit", "kecamatan": "Tanah Abang", "kota": "Jakarta Pusat", "interchange": false, "color": "#5865C7"}}, {"type": "Feature", "id": "H00068P", "geometry": {"type": "Point", "coordinates": [106.81513599992752, -6.143393000385856]}, "properties": {"id": "H00068P", "stop_id": "H00068P", "name": "Glodok", "stop_name": "Glodok", "route_name": "Glodok", "corridor_id": "K1", "corridor_no": 1, "corridor_nos": ",1,", "koridor_label": "1", "mode": "TransJakarta", "status": "existing", "status_label": "Jaringan saat ini", "source": "Jakarta Satu / Jaklingko Perhentian_TJ FeatureServer", "source_type": "official", "source_url": "https://jakartasatu.jakarta.go.id/server/rest/services/Jaklingko/Perhentian_TJ/FeatureServer/0", "operator": "TransJakarta", "prev_stop": "Taman Sari · Kota", "next_stop": "Kali Besar · Taman Sari", "tipe": "Antara", "kecamatan": "Taman Sari", "kota": "Jakarta Barat", "interchange": false, "color": "#5865C7"}}, {"type": "Feature", "id": "H00069P", "geometry": {"type": "Point", "coordinates": [106.83224500020765, -6.221617999670116]}, "properties": {"id": "H00069P", "stop_id": "H00069P", "name": "Rasuna Said", "stop_name": "Rasuna Said", "route_name": "Rasuna Said", "corridor_id": "K6", "corridor_no": 6, "corridor_nos": ",6,", "koridor_label": "6", "mode": "TransJakarta", "status": "existing", "status_label": "Jaringan saat ini", "source": "Jakarta Satu / Jaklingko Perhentian_TJ FeatureServer", "source_type": "official", "source_url": "https://jakartasatu.jakarta.go.id/server/rest/services/Jaklingko/Perhentian_TJ/FeatureServer/0", "operator": "TransJakarta", "prev_stop": "Kuningan · Karet Kuningan", "next_stop": "Karet Kuningan · Kuningan", "tipe": "Integrasi", "kecamatan": "Setiabudi", "kota": "Jakarta Selatan", "interchange": false, "color": "#5865C7"}}, {"type": "Feature", "id": "H00070P", "geometry": {"type": "Point", "coordinates": [106.78970499988685, -6.166823999926862]}, "properties": {"id": "H00070P", "stop_id": "H00070P", "name": "Grogol", "stop_name": "Grogol", "route_name": "Grogol", "corridor_id": "K3", "corridor_no": 3, "corridor_nos": ",3,", "koridor_label": "3", "mode": "TransJakarta", "status": "existing", "status_label": "Jaringan saat ini", "source": "Jakarta Satu / Jaklingko Perhentian_TJ FeatureServer", "source_type": "official", "source_url": "https://jakartasatu.jakarta.go.id/server/rest/services/Jaklingko/Perhentian_TJ/FeatureServer/0", "operator": "TransJakarta", "prev_stop": "Jelambar · Roxy", "next_stop": "Roxy · Jelambar", "tipe": "Transit", "kecamatan": "Grogol Petamburan", "kota": "Jakarta Barat", "interchange": false, "color": "#5865C7"}}, {"type": "Feature", "id": "H00071P", "geometry": {"type": "Point", "coordinates": [106.78817999970823, -6.16716999969492]}, "properties": {"id": "H00071P", "stop_id": "H00071P", "name": "Grogol Reformasi", "stop_name": "Grogol Reformasi", "route_name": "Grogol Reformasi", "corridor_id": "K8,K9", "corridor_no": 8, "corridor_nos": ",8,9,", "koridor_label": "8, 9", "mode": "TransJakarta", "status": "existing", "status_label": "Jaringan saat ini", "source": "Jakarta Satu / Jaklingko Perhentian_TJ FeatureServer", "source_type": "official", "source_url": "https://jakartasatu.jakarta.go.id/server/rest/services/Jaklingko/Perhentian_TJ/FeatureServer/0", "operator": "TransJakarta", "prev_stop": "Jelambar · Tanjung Duren Arah Barat · Kali Grogol Arah Selatan", "next_stop": "Tanjung Duren Arah Timur · Kali Grogol Arah Utara", "tipe": "Transit", "kecamatan": "Grogol Petamburan", "kota": "Jakarta Barat", "interchange": true, "color": "#5865C7"}}, {"type": "Feature", "id": "H00072P", "geometry": {"type": "Point", "coordinates": [106.83236700043778, -6.136817000203564]}, "properties": {"id": "H00072P", "stop_id": "H00072P", "name": "Gunung Sahari", "stop_name": "Gunung Sahari", "route_name": "Gunung Sahari", "corridor_id": "K5,K12", "corridor_no": 5, "corridor_nos": ",5,12,", "koridor_label": "5, 12", "mode": "TransJakarta", "status": "existing", "status_label": "Jaringan saat ini", "source": "Jakarta Satu / Jaklingko Perhentian_TJ FeatureServer", "source_type": "official", "source_url": "https://jakartasatu.jakarta.go.id/server/rest/services/Jaklingko/Perhentian_TJ/FeatureServer/0", "operator": "TransJakarta", "prev_stop": "Kesatrian · Jembatan Merah · Mangga Dua", "next_stop": "Tegalan · Mangga Dua · Jembatan Merah", "tipe": "Transit", "kecamatan": "Pademangan", "kota": "Jakarta Utara", "interchange": true, "color": "#5865C7"}}, {"type": "Feature", "id": "H00073P", "geometry": {"type": "Point", "coordinates": [106.83338299962679, -6.205136999572062]}, "properties": {"id": "H00073P", "stop_id": "H00073P", "name": "Halimun", "stop_name": "Halimun", "route_name": "Halimun", "corridor_id": "K4,K6", "corridor_no": 4, "corridor_nos": ",4,6,", "koridor_label": "4, 6", "mode": "TransJakarta", "status": "existing", "status_label": "Jaringan saat ini", "source": "Jakarta Satu / Jaklingko Perhentian_TJ FeatureServer", "source_type": "official", "source_url": "https://jakartasatu.jakarta.go.id/server/rest/services/Jaklingko/Perhentian_TJ/FeatureServer/0", "operator": "TransJakarta", "prev_stop": "Pasar Rumput · Galunggung · Flyover Kuningan", "next_stop": "Galunggung · Pasar Rumput", "tipe": "Antara", "kecamatan": "Setiabudi", "kota": "Jakarta Selatan", "interchange": true, "color": "#5865C7"}}, {"type": "Feature", "id": "H00074P", "geometry": {"type": "Point", "coordinates": [106.82043999990714, -6.165927999976418]}, "properties": {"id": "H00074P", "stop_id": "H00074P", "name": "Harmoni Lama", "stop_name": "Harmoni Lama", "route_name": "Harmoni Lama", "corridor_id": "K1", "corridor_no": 1, "corridor_nos": ",1,", "koridor_label": "1", "mode": "TransJakarta", "status": "existing", "status_label": "Jaringan saat ini", "source": "Jakarta Satu / Jaklingko Perhentian_TJ FeatureServer", "source_type": "official", "source_url": "https://jakartasatu.jakarta.go.id/server/rest/services/Jaklingko/Perhentian_TJ/FeatureServer/0", "operator": "TransJakarta", "prev_stop": "", "next_stop": "", "tipe": " ", "kecamatan": "Gambir", "kota": "Jakarta Pusat", "interchange": false, "color": "#5865C7"}}, {"type": "Feature", "id": "H00075P", "geometry": {"type": "Point", "coordinates": [106.82807799960102, -6.256976999787923]}, "properties": {"id": "H00075P", "stop_id": "H00075P", "name": "Warung Buncit", "stop_name": "Warung Buncit", "route_name": "Warung Buncit", "corridor_id": "K6", "corridor_no": 6, "corridor_nos": ",6,", "koridor_label": "6", "mode": "TransJakarta", "status": "existing", "status_label": "Jaringan saat ini", "source": "Jakarta Satu / Jaklingko Perhentian_TJ FeatureServer", "source_type": "official", "source_url": "https://jakartasatu.jakarta.go.id/server/rest/services/Jaklingko/Perhentian_TJ/FeatureServer/0", "operator": "TransJakarta", "prev_stop": "Warung Jati · Duren Tiga", "next_stop": "Duren Tiga · Warung Jati", "tipe": "Antara", "kecamatan": "Pancoran", "kota": "Jakarta Selatan", "interchange": false, "color": "#5865C7"}}, {"type": "Feature", "id": "H00076P", "geometry": {"type": "Point", "coordinates": [106.88226800026905, -6.214632000365725]}, "properties": {"id": "H00076P", "stop_id": "H00076P", "name": "Flyover Cipinang", "stop_name": "Flyover Cipinang", "route_name": "Flyover Cipinang", "corridor_id": "K11", "corridor_no": 11, "corridor_nos": ",11,", "koridor_label": "11", "mode": "TransJakarta", "status": "existing", "status_label": "Jaringan saat ini", "source": "Jakarta Satu / Jaklingko Perhentian_TJ FeatureServer", "source_type": "official", "source_url": "https://jakartasatu.jakarta.go.id/server/rest/services/Jaklingko/Perhentian_TJ/FeatureServer/0", "operator": "TransJakarta", "prev_stop": "Cipinang · Pasar Enjo", "next_stop": "Pasar Enjo · Cipinang", "tipe": "Antara", "kecamatan": "Jatinegara", "kota": "Jakarta Timur", "interchange": false, "color": "#5865C7"}}, {"type": "Feature", "id": "H00077P", "geometry": {"type": "Point", "coordinates": [106.77514300015036, -6.1633760001014934]}, "properties": {"id": "H00077P", "stop_id": "H00077P", "name": "Damai", "stop_name": "Damai", "route_name": "Damai", "corridor_id": "K3,K8", "corridor_no": 3, "corridor_nos": ",3,8,", "koridor_label": "3, 8", "mode": "TransJakarta", "status": "existing", "status_label": "Jaringan saat ini", "source": "Jakarta Satu / Jaklingko Perhentian_TJ FeatureServer", "source_type": "official", "source_url": "https://jakartasatu.jakarta.go.id/server/rest/services/Jaklingko/Perhentian_TJ/FeatureServer/0", "operator": "TransJakarta", "prev_stop": "Taman Kota · Jelambar · Kedoya", "next_stop": "Jelambar · Taman Kota · Kedoya", "tipe": "Antara", "kecamatan": "Kebon Jeruk", "kota": "Jakarta Barat", "interchange": true, "color": "#5865C7"}}, {"type": "Feature", "id": "H00078P", "geometry": {"type": "Point", "coordinates": [106.83093199991288, -6.172252000228809]}, "properties": {"id": "H00078P", "stop_id": "H00078P", "name": "Istiqlal", "stop_name": "Istiqlal", "route_name": "Istiqlal", "corridor_id": "K2", "corridor_no": 2, "corridor_nos": ",2,", "koridor_label": "2", "mode": "TransJakarta", "status": "existing", "status_label": "Jaringan saat ini", "source": "Jakarta Satu / Jaklingko Perhentian_TJ FeatureServer", "source_type": "official", "source_url": "https://jakartasatu.jakarta.go.id/server/rest/services/Jaklingko/Perhentian_TJ/FeatureServer/0", "operator": "TransJakarta", "prev_stop": "Gambir", "next_stop": "Juanda", "tipe": "Antara", "kecamatan": "Gambir", "kota": "Jakarta Pusat", "interchange": false, "color": "#5865C7"}}, {"type": "Feature", "id": "H00081P", "geometry": {"type": "Point", "coordinates": [106.82626399958497, -6.285430999839946]}, "properties": {"id": "H00081P", "stop_id": "H00081P", "name": "Jati Padang", "stop_name": "Jati Padang", "route_name": "Jati Padang", "corridor_id": "K6", "corridor_no": 6, "corridor_nos": ",6,", "koridor_label": "6", "mode": "TransJakarta", "status": "existing", "status_label": "Jaringan saat ini", "source": "Jakarta Satu / Jaklingko Perhentian_TJ FeatureServer", "source_type": "official", "source_url": "https://jakartasatu.jakarta.go.id/server/rest/services/Jaklingko/Perhentian_TJ/FeatureServer/0", "operator": "TransJakarta", "prev_stop": "Jati Barat · Pejaten", "next_stop": "Pejaten · Jati Barat", "tipe": "Antara", "kecamatan": "Pasar Minggu", "kota": "Jakarta Selatan", "interchange": false, "color": "#5865C7"}}, {"type": "Feature", "id": "H00082P", "geometry": {"type": "Point", "coordinates": [106.8680710002775, -6.221412000062969]}, "properties": {"id": "H00082P", "stop_id": "H00082P", "name": "Jatinegara", "stop_name": "Jatinegara", "route_name": "Jatinegara", "corridor_id": "K5,K11", "corridor_no": 5, "corridor_nos": ",5,11,", "koridor_label": "5, 11", "mode": "TransJakarta", "status": "existing", "status_label": "Jaringan saat ini", "source": "Jakarta Satu / Jaklingko Perhentian_TJ FeatureServer", "source_type": "official", "source_url": "https://jakartasatu.jakarta.go.id/server/rest/services/Jaklingko/Perhentian_TJ/FeatureServer/0", "operator": "TransJakarta", "prev_stop": "Bali Mester · Stasiun Jatinegara", "next_stop": "Kampung Melayu", "tipe": "Antara", "kecamatan": "Jatinegara", "kota": "Jakarta Timur", "interchange": true, "color": "#5865C7"}}, {"type": "Feature", "id": "H00083P", "geometry": {"type": "Point", "coordinates": [106.78650499980694, -6.166547999789543]}, "properties": {"id": "H00083P", "stop_id": "H00083P", "name": "Jelambar", "stop_name": "Jelambar", "route_name": "Jelambar", "corridor_id": "K3,K8", "corridor_no": 3, "corridor_nos": ",3,8,", "koridor_label": "3, 8", "mode": "TransJakarta", "status": "existing", "status_label": "Jaringan saat ini", "source": "Jakarta Satu / Jaklingko Perhentian_TJ FeatureServer", "source_type": "official", "source_url": "https://jakartasatu.jakarta.go.id/server/rest/services/Jaklingko/Perhentian_TJ/FeatureServer/0", "operator": "TransJakarta", "prev_stop": "Damai · Grogol · Tanjung Duren Arah Barat", "next_stop": "Grogol · Damai · Grogol Reformasi", "tipe": "Transit", "kecamatan": "Grogol Petamburan", "kota": "Jakarta Barat", "interchange": true, "color": "#5865C7"}}, {"type": "Feature", "id": "H00084P", "geometry": {"type": "Point", "coordinates": [106.73037799974594, -6.154830999949866]}, "properties": {"id": "H00084P", "stop_id": "H00084P", "name": "Jembatan Baru", "stop_name": "Jembatan Baru", "route_name": "Jembatan Baru", "corridor_id": "K3", "corridor_no": 3, "corridor_nos": ",3,", "koridor_label": "3", "mode": "TransJakarta", "status": "existing", "status_label": "Jaringan saat ini", "source": "Jakarta Satu / Jaklingko Perhentian_TJ FeatureServer", "source_type": "official", "source_url": "https://jakartasatu.jakarta.go.id/server/rest/services/Jaklingko/Perhentian_TJ/FeatureServer/0", "operator": "TransJakarta", "prev_stop": "Rawa Buaya · Pulo Nangka", "next_stop": "Pulo Nangka · Rawa Buaya", "tipe": "Antara", "kecamatan": "Cengkareng", "kota": "Jakarta Barat", "interchange": false, "color": "#5865C7"}}, {"type": "Feature", "id": "H00085P", "geometry": {"type": "Point", "coordinates": [106.79490100028198, -6.152005000029931]}, "properties": {"id": "H00085P", "stop_id": "H00085P", "name": "Jembatan Besi", "stop_name": "Jembatan Besi", "route_name": "Jembatan Besi", "corridor_id": "K9", "corridor_no": 9, "corridor_nos": ",9,", "koridor_label": "9", "mode": "TransJakarta", "status": "existing", "status_label": "Jaringan saat ini", "source": "Jakarta Satu / Jaklingko Perhentian_TJ FeatureServer", "source_type": "official", "source_url": "https://jakartasatu.jakarta.go.id/server/rest/services/Jaklingko/Perhentian_TJ/FeatureServer/0", "operator": "TransJakarta", "prev_stop": "Kali Grogol Arah Utara · Jembatan Dua", "next_stop": "Jembatan Dua · Kali Grogol Arah Selatan", "tipe": "Antara", "kecamatan": "Tambora", "kota": "Jakarta Barat", "interchange": false, "color": "#5865C7"}}, {"type": "Feature", "id": "H00086P", "geometry": {"type": "Point", "coordinates": [106.79351600026422, -6.143278999625352]}, "properties": {"id": "H00086P", "stop_id": "H00086P", "name": "Jembatan Dua", "stop_name": "Jembatan Dua", "route_name": "Jembatan Dua", "corridor_id": "K9", "corridor_no": 9, "corridor_nos": ",9,", "koridor_label": "9", "mode": "TransJakarta", "status": "existing", "status_label": "Jaringan saat ini", "source": "Jakarta Satu / Jaklingko Perhentian_TJ FeatureServer", "source_type": "official", "source_url": "https://jakartasatu.jakarta.go.id/server/rest/services/Jaklingko/Perhentian_TJ/FeatureServer/0", "operator": "TransJakarta", "prev_stop": "Jembatan Besi · Jembatan Tiga", "next_stop": "Jembatan Tiga · Jembatan Besi", "tipe": "Antara", "kecamatan": "Tambora", "kota": "Jakarta Barat", "interchange": false, "color": "#5865C7"}}, {"type": "Feature", "id": "H00087P", "geometry": {"type": "Point", "coordinates": [106.74946400036436, -6.155512999924213]}, "properties": {"id": "H00087P", "stop_id": "H00087P", "name": "Jembatan Gantung", "stop_name": "Jembatan Gantung", "route_name": "Jembatan Gantung", "corridor_id": "K3", "corridor_no": 3, "corridor_nos": ",3,", "koridor_label": "3", "mode": "TransJakarta", "status": "existing", "status_label": "Jaringan saat ini", "source": "Jakarta Satu / Jaklingko Perhentian_TJ FeatureServer", "source_type": "official", "source_url": "https://jakartasatu.jakarta.go.id/server/rest/services/Jaklingko/Perhentian_TJ/FeatureServer/0", "operator": "TransJakarta", "prev_stop": "Pulo Nangka · Taman Kota", "next_stop": "Taman Kota · Pulo Nangka", "tipe": "Antara", "kecamatan": "Cengkareng", "kota": "Jakarta Barat", "interchange": false, "color": "#5865C7"}}, {"type": "Feature", "id": "H00088P", "geometry": {"type": "Point", "coordinates": [106.83427400024595, -6.1467309996351105]}, "properties": {"id": "H00088P", "stop_id": "H00088P", "name": "Jembatan Merah", "stop_name": "Jembatan Merah", "route_name": "Jembatan Merah", "corridor_id": "K5,K12", "corridor_no": 5, "corridor_nos": ",5,12,", "koridor_label": "5, 12", "mode": "TransJakarta", "status": "existing", "status_label": "Jaringan saat ini", "source": "Jakarta Satu / Jaklingko Perhentian_TJ FeatureServer", "source_type": "official", "source_url": "https://jakartasatu.jakarta.go.id/server/rest/services/Jaklingko/Perhentian_TJ/FeatureServer/0", "operator": "TransJakarta", "prev_stop": "Tegalan · Landasan Pacu · Gunung Sahari", "next_stop": "Matraman · Gunung Sahari · Landasan Pacu", "tipe": "Antara", "kecamatan": "Sawah Besar", "kota": "Jakarta Pusat", "interchange": true, "color": "#5865C7"}}, {"type": "Feature", "id": "H00089P", "geometry": {"type": "Point", "coordinates": [106.79266599973715, -6.133383000124525]}, "properties": {"id": "H00089P", "stop_id": "H00089P", "name": "Jembatan Tiga", "stop_name": "Jembatan Tiga", "route_name": "Jembatan Tiga", "corridor_id": "K9", "corridor_no": 9, "corridor_nos": ",9,", "koridor_label": "9", "mode": "TransJakarta", "status": "existing", "status_label": "Jaringan saat ini", "source": "Jakarta Satu / Jaklingko Perhentian_TJ FeatureServer", "source_type": "official", "source_url": "https://jakartasatu.jakarta.go.id/server/rest/services/Jaklingko/Perhentian_TJ/FeatureServer/0", "operator": "TransJakarta", "prev_stop": "Jembatan Dua · Penjaringan", "next_stop": "Penjaringan · Jembatan Dua", "tipe": "Antara", "kecamatan": "Penjaringan", "kota": "Jakarta Utara", "interchange": false, "color": "#5865C7"}}, {"type": "Feature", "id": "H00091P", "geometry": {"type": "Point", "coordinates": [106.75488000011296, -6.236104000398484]}, "properties": {"id": "H00091P", "stop_id": "H00091P", "name": "JORR", "stop_name": "JORR", "route_name": "JORR", "corridor_id": "K13", "corridor_no": 13, "corridor_nos": ",13,", "koridor_label": "13", "mode": "TransJakarta", "status": "existing", "status_label": "Jaringan saat ini", "source": "Jakarta Satu / Jaklingko Perhentian_TJ FeatureServer", "source_type": "official", "source_url": "https://jakartasatu.jakarta.go.id/server/rest/services/Jaklingko/Perhentian_TJ/FeatureServer/0", "operator": "TransJakarta", "prev_stop": "Petukangan Utara", "next_stop": "Swadarma", "tipe": "Antara", "kecamatan": "Pesanggrahan", "kota": "Jakarta Selatan", "interchange": false, "color": "#5865C7"}}, {"type": "Feature", "id": "H00092P", "geometry": {"type": "Point", "coordinates": [106.83088500044346, -6.168047999714588]}, "properties": {"id": "H00092P", "stop_id": "H00092P", "name": "Juanda", "stop_name": "Juanda", "route_name": "Juanda", "corridor_id": "K2,K8", "corridor_no": 2, "corridor_nos": ",2,8,", "koridor_label": "2, 8", "mode": "TransJakarta", "status": "existing", "status_label": "Jaringan saat ini", "source": "Jakarta Satu / Jaklingko Perhentian_TJ FeatureServer", "source_type": "official", "source_url": "https://jakartasatu.jakarta.go.id/server/rest/services/Jaklingko/Perhentian_TJ/FeatureServer/0", "operator": "TransJakarta", "prev_stop": "Istiqlal · Pecenongan · Pasar Baru", "next_stop": "Pecenongan · Pasar Baru", "tipe": "Integrasi", "kecamatan": "Sawah Besar", "kota": "Jakarta Pusat", "interchange": true, "color": "#5865C7"}}, {"type": "Feature", "id": "H00093P", "geometry": {"type": "Point", "coordinates": [106.81143199998786, -6.135355000232266]}, "properties": {"id": "H00093P", "stop_id": "H00093P", "name": "Kali Besar", "stop_name": "Kali Besar", "route_name": "Kali Besar", "corridor_id": "K1,K12", "corridor_no": 1, "corridor_nos": ",1,12,", "koridor_label": "1, 12", "mode": "TransJakarta", "status": "existing", "status_label": "Jaringan saat ini", "source": "Jakarta Satu / Jaklingko Perhentian_TJ FeatureServer", "source_type": "official", "source_url": "https://jakartasatu.jakarta.go.id/server/rest/services/Jaklingko/Perhentian_TJ/FeatureServer/0", "operator": "TransJakarta", "prev_stop": "Glodok · Mangga Dua Raya", "next_stop": "Museum Sejarah Jakarta · Bandengan", "tipe": "Antara", "kecamatan": "Tambora", "kota": "Jakarta Barat", "interchange": true, "color": "#5865C7"}}, {"type": "Feature", "id": "H00094P", "geometry": {"type": "Point", "coordinates": [106.70550300016436, -6.154412000412663]}, "properties": {"id": "H00094P", "stop_id": "H00094P", "name": "Kalideres", "stop_name": "Kalideres", "route_name": "Kalideres", "corridor_id": "K3", "corridor_no": 3, "corridor_nos": ",3,", "koridor_label": "3", "mode": "TransJakarta", "status": "existing", "status_label": "Jaringan saat ini", "source": "Jakarta Satu / Jaklingko Perhentian_TJ FeatureServer", "source_type": "official", "source_url": "https://jakartasatu.jakarta.go.id/server/rest/services/Jaklingko/Perhentian_TJ/FeatureServer/0", "operator": "TransJakarta", "prev_stop": "Pesakih", "next_stop": "Pesakih", "tipe": "Ujung", "kecamatan": "Kalideres", "kota": "Jakarta Barat", "interchange": false, "color": "#5865C7"}}, {"type": "Feature", "id": "H00095P", "geometry": {"type": "Point", "coordinates": [106.86682100019004, -6.224673000257951]}, "properties": {"id": "H00095P", "stop_id": "H00095P", "name": "Kampung Melayu", "stop_name": "Kampung Melayu", "route_name": "Kampung Melayu", "corridor_id": "K5,K7,K11", "corridor_no": 5, "corridor_nos": ",5,7,11,", "koridor_label": "5, 7, 11", "mode": "TransJakarta", "status": "existing", "status_label": "Jaringan saat ini", "source": "Jakarta Satu / Jaklingko Perhentian_TJ FeatureServer", "source_type": "official", "source_url": "https://jakartasatu.jakarta.go.id/server/rest/services/Jaklingko/Perhentian_TJ/FeatureServer/0", "operator": "TransJakarta", "prev_stop": "Bidara Cina · Jatinegara", "next_stop": "Ancol · Bidara Cina · Stasiun Jatinegara", "tipe": "Ujung", "kecamatan": "Jatinegara", "kota": "Jakarta Timur", "interchange": true, "color": "#5865C7"}}, {"type": "Feature", "id": "H00096P", "geometry": {"type": "Point", "coordinates": [106.88215499955464, -6.309884999792075]}, "properties": {"id": "H00096P", "stop_id": "H00096P", "name": "Kampung Rambutan", "stop_name": "Kampung Rambutan", "route_name": "Kampung Rambutan", "corridor_id": "K7", "corridor_no": 7, "corridor_nos": ",7,", "koridor_label": "7", "mode": "TransJakarta", "status": "existing", "status_label": "Jaringan saat ini", "source": "Jakarta Satu / Jaklingko Perhentian_TJ FeatureServer", "source_type": "official", "source_url": "https://jakartasatu.jakarta.go.id/server/rest/services/Jaklingko/Perhentian_TJ/FeatureServer/0", "operator": "TransJakarta", "prev_stop": "Tanah Merdeka Arah Timur", "next_stop": "Tanah Merdeka Arah Barat", "tipe": "Ujung", "kecamatan": "Ciracas", "kota": "Jakarta Timur", "interchange": false, "color": "#5865C7"}}, {"type": "Feature", "id": "H00097P", "geometry": {"type": "Point", "coordinates": [106.91188499999379, -6.2144120001129295]}, "properties": {"id": "H00097P", "stop_id": "H00097P", "name": "Kampung Sumur", "stop_name": "Kampung Sumur", "route_name": "Kampung Sumur", "corridor_id": "K11", "corridor_no": 11, "corridor_nos": ",11,", "koridor_label": "11", "mode": "TransJakarta", "status": "existing", "status_label": "Jaringan saat ini", "source": "Jakarta Satu / Jaklingko Perhentian_TJ FeatureServer", "source_type": "official", "source_url": "https://jakartasatu.jakarta.go.id/server/rest/services/Jaklingko/Perhentian_TJ/FeatureServer/0", "operator": "TransJakarta", "prev_stop": "Buaran · Klender", "next_stop": "Klender · Buaran", "tipe": "Antara", "kecamatan": "Duren Sawit", "kota": "Jakarta Timur", "interchange": false, "color": "#5865C7"}}, {"type": "Feature", "id": "H00098P", "geometry": {"type": "Point", "coordinates": [106.83073699991365, -6.216669999919759]}, "properties": {"id": "H00098P", "stop_id": "H00098P", "name": "Karet Kuningan", "stop_name": "Karet Kuningan", "route_name": "Karet Kuningan", "corridor_id": "K6", "corridor_no": 6, "corridor_nos": ",6,", "koridor_label": "6", "mode": "TransJakarta", "status": "existing", "status_label": "Jaringan saat ini", "source": "Jakarta Satu / Jaklingko Perhentian_TJ FeatureServer", "source_type": "official", "source_url": "https://jakartasatu.jakarta.go.id/server/rest/services/Jaklingko/Perhentian_TJ/FeatureServer/0", "operator": "TransJakarta", "prev_stop": "Rasuna Said · Kuningan Madya", "next_stop": "Kuningan Madya · Rasuna Said", "tipe": "Antara", "kecamatan": "Setiabudi", "kota": "Jakarta Selatan", "interchange": false, "color": "#5865C7"}}, {"type": "Feature", "id": "H00099P", "geometry": {"type": "Point", "coordinates": [106.82003099993176, -6.21245699988981]}, "properties": {"id": "H00099P", "stop_id": "H00099P", "name": "Karet", "stop_name": "Karet", "route_name": "Karet", "corridor_id": "K1", "corridor_no": 1, "corridor_nos": ",1,", "koridor_label": "1", "mode": "TransJakarta", "status": "existing", "status_label": "Jaringan saat ini", "source": "Jakarta Satu / Jaklingko Perhentian_TJ FeatureServer", "source_type": "official", "source_url": "https://jakartasatu.jakarta.go.id/server/rest/services/Jaklingko/Perhentian_TJ/FeatureServer/0", "operator": "TransJakarta", "prev_stop": "Bendungan Hilir · Dukuh Atas", "next_stop": "Dukuh Atas · Bendungan Hilir", "tipe": "Transit", "kecamatan": "Tanah Abang", "kota": "Jakarta Pusat", "interchange": false, "color": "#5865C7"}}, {"type": "Feature", "id": "H00100P", "geometry": {"type": "Point", "coordinates": [106.8754169999956, -6.187452999755351]}, "properties": {"id": "H00100P", "stop_id": "H00100P", "name": "Kayu Putih Rawasari", "stop_name": "Kayu Putih Rawasari", "route_name": "Kayu Putih Rawasari", "corridor_id": "K10", "corridor_no": 10, "corridor_nos": ",10,", "koridor_label": "10", "mode": "TransJakarta", "status": "existing", "status_label": "Jaringan saat ini", "source": "Jakarta Satu / Jaklingko Perhentian_TJ FeatureServer", "source_type": "official", "source_url": "https://jakartasatu.jakarta.go.id/server/rest/services/Jaklingko/Perhentian_TJ/FeatureServer/0", "operator": "TransJakarta", "prev_stop": "Pulo Mas Bypass · Pemuda Pramuka", "next_stop": "Pemuda Pramuka · Pulo Mas Bypass", "tipe": "Antara", "kecamatan": "Pulo Gadung", "kota": "Jakarta Timur", "interchange": false, "color": "#5865C7"}}, {"type": "Feature", "id": "H00101P", "geometry": {"type": "Point", "coordinates": [106.77751499981844, -6.238340000090147]}, "properties": {"id": "H00101P", "stop_id": "H00101P", "name": "Kebayoran Lama", "stop_name": "Kebayoran Lama", "route_name": "Kebayoran Lama", "corridor_id": "K13", "corridor_no": 13, "corridor_nos": ",13,", "koridor_label": "13", "mode": "TransJakarta", "status": "existing", "status_label": "Jaringan saat ini", "source": "Jakarta Satu / Jaklingko Perhentian_TJ FeatureServer", "source_type": "official", "source_url": "https://jakartasatu.jakarta.go.id/server/rest/services/Jaklingko/Perhentian_TJ/FeatureServer/0", "operator": "TransJakarta", "prev_stop": "Seskoal", "next_stop": "Velbak", "tipe": "Antara", "kecamatan": "Kebayoran Lama", "kota": "Jakarta Selatan", "interchange": false, "color": "#5865C7"}}, {"type": "Feature", "id": "H00102P", "geometry": {"type": "Point", "coordinates": [106.78164200037907, -6.25268799985048]}, "properties": {"id": "H00102P", "stop_id": "H00102P", "name": "Bungur", "stop_name": "Bungur", "route_name": "Bungur", "corridor_id": "K8", "corridor_no": 8, "corridor_nos": ",8,", "koridor_label": "8", "mode": "TransJakarta", "status": "existing", "status_label": "Jaringan saat ini", "source": "Jakarta Satu / Jaklingko Perhentian_TJ FeatureServer", "source_type": "official", "source_url": "https://jakartasatu.jakarta.go.id/server/rest/services/Jaklingko/Perhentian_TJ/FeatureServer/0", "operator": "TransJakarta", "prev_stop": "Tanah Kusir · Kebayoran", "next_stop": "Kebayoran · Tanah Kusir", "tipe": "Antara", "kecamatan": "Kebayoran Lama", "kota": "Jakarta Selatan", "interchange": false, "color": "#5865C7"}}, {"type": "Feature", "id": "H00103P", "geometry": {"type": "Point", "coordinates": [106.76887399973634, -6.194311000351604]}, "properties": {"id": "H00103P", "stop_id": "H00103P", "name": "Kebon Jeruk", "stop_name": "Kebon Jeruk", "route_name": "Kebon Jeruk", "corridor_id": "K8", "corridor_no": 8, "corridor_nos": ",8,", "koridor_label": "8", "mode": "TransJakarta", "status": "existing", "status_label": "Jaringan saat ini", "source": "Jakarta Satu / Jaklingko Perhentian_TJ FeatureServer", "source_type": "official", "source_url": "https://jakartasatu.jakarta.go.id/server/rest/services/Jaklingko/Perhentian_TJ/FeatureServer/0", "operator": "TransJakarta", "prev_stop": "Kelapa Dua Sasak · Duri Kepa", "next_stop": "Duri Kepa · Kelapa Dua Sasak", "tipe": "Antara", "kecamatan": "Kebon Jeruk", "kota": "Jakarta Barat", "interchange": false, "color": "#5865C7"}}, {"type": "Feature", "id": "H00104P", "geometry": {"type": "Point", "coordinates": [106.86115199956618, -6.212879999611459]}, "properties": {"id": "H00104P", "stop_id": "H00104P", "name": "Matraman Baru", "stop_name": "Matraman Baru", "route_name": "Matraman Baru", "corridor_id": "K5", "corridor_no": 5, "corridor_nos": ",5,", "koridor_label": "5", "mode": "TransJakarta", "status": "existing", "status_label": "Jaringan saat ini", "source": "Jakarta Satu / Jaklingko Perhentian_TJ FeatureServer", "source_type": "official", "source_url": "https://jakartasatu.jakarta.go.id/server/rest/services/Jaklingko/Perhentian_TJ/FeatureServer/0", "operator": "TransJakarta", "prev_stop": "Ancol", "next_stop": "Pademangan", "tipe": "Integrasi", "kecamatan": "Jatinegara", "kota": "Jakarta Timur", "interchange": false, "color": "#5865C7"}}, {"type": "Feature", "id": "H00105P", "geometry": {"type": "Point", "coordinates": [106.76585399986322, -6.174495000243269]}, "properties": {"id": "H00105P", "stop_id": "H00105P", "name": "Kedoya Panjang", "stop_name": "Kedoya Panjang", "route_name": "Kedoya Panjang", "corridor_id": "K8", "corridor_no": 8, "corridor_nos": ",8,", "koridor_label": "8", "mode": "TransJakarta", "status": "existing", "status_label": "Jaringan saat ini", "source": "Jakarta Satu / Jaklingko Perhentian_TJ FeatureServer", "source_type": "official", "source_url": "https://jakartasatu.jakarta.go.id/server/rest/services/Jaklingko/Perhentian_TJ/FeatureServer/0", "operator": "TransJakarta", "prev_stop": "Duri Kepa · Kedoya", "next_stop": "Kedoya · Duri Kepa", "tipe": "Antara", "kecamatan": "Kebon Jeruk", "kota": "Jakarta Barat", "interchange": false, "color": "#5865C7"}}, {"type": "Feature", "id": "H00106P", "geometry": {"type": "Point", "coordinates": [106.76301300015086, -6.164435000374169]}, "properties": {"id": "H00106P", "stop_id": "H00106P", "name": "Kedoya", "stop_name": "Kedoya", "route_name": "Kedoya", "corridor_id": "K8", "corridor_no": 8, "corridor_nos": ",8,", "koridor_label": "8", "mode": "TransJakarta", "status": "existing", "status_label": "Jaringan saat ini", "source": "Jakarta Satu / Jaklingko Perhentian_TJ FeatureServer", "source_type": "official", "source_url": "https://jakartasatu.jakarta.go.id/server/rest/services/Jaklingko/Perhentian_TJ/FeatureServer/0", "operator": "TransJakarta", "prev_stop": "Kedoya Panjang · Damai", "next_stop": "Damai · Kedoya Panjang", "tipe": "Antara", "kecamatan": "Kebon Jeruk", "kota": "Jakarta Barat", "interchange": false, "color": "#5865C7"}}, {"type": "Feature", "id": "H00107P", "geometry": {"type": "Point", "coordinates": [106.76952600012584, -6.205550999777984]}, "properties": {"id": "H00107P", "stop_id": "H00107P", "name": "Kelapa Dua Sasak", "stop_name": "Kelapa Dua Sasak", "route_name": "Kelapa Dua Sasak", "corridor_id": "K8", "corridor_no": 8, "corridor_nos": ",8,", "koridor_label": "8", "mode": "TransJakarta", "status": "existing", "status_label": "Jaringan saat ini", "source": "Jakarta Satu / Jaklingko Perhentian_TJ FeatureServer", "source_type": "official", "source_url": "https://jakartasatu.jakarta.go.id/server/rest/services/Jaklingko/Perhentian_TJ/FeatureServer/0", "operator": "TransJakarta", "prev_stop": "Pos Pengumben · Kebon Jeruk", "next_stop": "Kebon Jeruk · Pos Pengumben", "tipe": "Antara", "kecamatan": "Kebon Jeruk", "kota": "Jakarta Barat", "interchange": false, "color": "#5865C7"}}, {"type": "Feature", "id": "H00108P", "geometry": {"type": "Point", "coordinates": [106.85423799998478, -6.1521810000522805]}, "properties": {"id": "H00108P", "stop_id": "H00108P", "name": "Landasan Pacu", "stop_name": "Landasan Pacu", "route_name": "Landasan Pacu", "corridor_id": "K12,K14", "corridor_no": 12, "corridor_nos": ",12,14,", "koridor_label": "12, 14", "mode": "TransJakarta", "status": "existing", "status_label": "Jaringan saat ini", "source": "Jakarta Satu / Jaklingko Perhentian_TJ FeatureServer", "source_type": "official", "source_url": "https://jakartasatu.jakarta.go.id/server/rest/services/Jaklingko/Perhentian_TJ/FeatureServer/0", "operator": "TransJakarta", "prev_stop": "Danau Agung · Jembatan Merah · Kemayoran", "next_stop": "Jembatan Merah · Danau Agung · Kemayoran", "tipe": "Antara", "kecamatan": "Pademangan", "kota": "Jakarta Utara", "interchange": true, "color": "#5865C7"}}, {"type": "Feature", "id": "H00109S", "geometry": {"type": "Point", "coordinates": [106.82162000036374, -6.232601999881581]}, "properties": {"id": "H00109S", "stop_id": "H00109S", "name": "Denpasar Arah Timur", "stop_name": "Denpasar Arah Timur", "route_name": "Denpasar Arah Timur", "corridor_id": "K9", "corridor_no": 9, "corridor_nos": ",9,", "koridor_label": "9", "mode": "TransJakarta", "status": "existing", "status_label": "Jaringan saat ini", "source": "Jakarta Satu / Jaklingko Perhentian_TJ FeatureServer", "source_type": "official", "source_url": "https://jakartasatu.jakarta.go.id/server/rest/services/Jaklingko/Perhentian_TJ/FeatureServer/0", "operator": "TransJakarta", "prev_stop": "Widya Chandra Arah Timur", "next_stop": "Simpang Kuningan", "tipe": "Transit", "kecamatan": "Setiabudi", "kota": "Jakarta Selatan", "interchange": false, "color": "#5865C7"}}, {"type": "Feature", "id": "H00112P", "geometry": {"type": "Point", "coordinates": [106.84595100003963, -6.18797999977636]}, "properties": {"id": "H00112P", "stop_id": "H00112P", "name": "Kramat Sentiong", "stop_name": "Kramat Sentiong", "route_name": "Kramat Sentiong", "corridor_id": "K5", "corridor_no": 5, "corridor_nos": ",5,", "koridor_label": "5", "mode": "TransJakarta", "status": "existing", "status_label": "Jaringan saat ini", "source": "Jakarta Satu / Jaklingko Perhentian_TJ FeatureServer", "source_type": "official", "source_url": "https://jakartasatu.jakarta.go.id/server/rest/services/Jaklingko/Perhentian_TJ/FeatureServer/0", "operator": "TransJakarta", "prev_stop": "Senen Sentral", "next_stop": "Pal Putih", "tipe": "Antara", "kecamatan": "Senen", "kota": "Jakarta Pusat", "interchange": false, "color": "#5865C7"}}, {"type": "Feature", "id": "H00113P", "geometry": {"type": "Point", "coordinates": [106.82794000043174, -6.237250000186577]}, "properties": {"id": "H00113P", "stop_id": "H00113P", "name": "Simpang Kuningan", "stop_name": "Simpang Kuningan", "route_name": "Simpang Kuningan", "corridor_id": "K9", "corridor_no": 9, "corridor_nos": ",9,", "koridor_label": "9", "mode": "TransJakarta", "status": "existing", "status_label": "Jaringan saat ini", "source": "Jakarta Satu / Jaklingko Perhentian_TJ FeatureServer", "source_type": "official", "source_url": "https://jakartasatu.jakarta.go.id/server/rest/services/Jaklingko/Perhentian_TJ/FeatureServer/0", "operator": "TransJakarta", "prev_stop": "Tegal Parang Arah Barat · Denpasar Arah Timur", "next_stop": "Denpasar Arah Barat · Tegal Parang Arah Timur", "tipe": "Transit", "kecamatan": "Setiabudi", "kota": "Jakarta Selatan", "interchange": false, "color": "#5865C7"}}, {"type": "Feature", "id": "H00114P", "geometry": {"type": "Point", "coordinates": [106.83047200028363, -6.213413999955321]}, "properties": {"id": "H00114P", "stop_id": "H00114P", "name": "Kuningan Madya", "stop_name": "Kuningan Madya", "route_name": "Kuningan Madya", "corridor_id": "K6", "corridor_no": 6, "corridor_nos": ",6,", "koridor_label": "6", "mode": "TransJakarta", "status": "existing", "status_label": "Jaringan saat ini", "source": "Jakarta Satu / Jaklingko Perhentian_TJ FeatureServer", "source_type": "official", "source_url": "https://jakartasatu.jakarta.go.id/server/rest/services/Jaklingko/Perhentian_TJ/FeatureServer/0", "operator": "TransJakarta", "prev_stop": "Karet Kuningan · Setiabudi", "next_stop": "Setiabudi · Karet Kuningan", "tipe": "Antara", "kecamatan": "Setiabudi", "kota": "Jakarta Selatan", "interchange": false, "color": "#5865C7"}}, {"type": "Feature", "id": "H00115P", "geometry": {"type": "Point", "coordinates": [106.82901499964356, -6.234731000034799]}, "properties": {"id": "H00115P", "stop_id": "H00115P", "name": "Underpass Kuningan", "stop_name": "Underpass Kuningan", "route_name": "Underpass Kuningan", "corridor_id": "K6", "corridor_no": 6, "corridor_nos": ",6,", "koridor_label": "6", "mode": "TransJakarta", "status": "existing", "status_label": "Jaringan saat ini", "source": "Jakarta Satu / Jaklingko Perhentian_TJ FeatureServer", "source_type": "official", "source_url": "https://jakartasatu.jakarta.go.id/server/rest/services/Jaklingko/Perhentian_TJ/FeatureServer/0", "operator": "TransJakarta", "prev_stop": "Mampang Prapatan · Patra Kuningan", "next_stop": "Patra Kuningan · Mampang Prapatan", "tipe": "Transit", "kecamatan": "Setiabudi", "kota": "Jakarta Selatan", "interchange": false, "color": "#5865C7"}}, {"type": "Feature", "id": "H00116P", "geometry": {"type": "Point", "coordinates": [106.8386600001599, -6.181051000402533]}, "properties": {"id": "H00116P", "stop_id": "H00116P", "name": "Kwitang", "stop_name": "Kwitang", "route_name": "Kwitang", "corridor_id": "K2", "corridor_no": 2, "corridor_nos": ",2,", "koridor_label": "2", "mode": "TransJakarta", "status": "existing", "status_label": "Jaringan saat ini", "source": "Jakarta Satu / Jaklingko Perhentian_TJ FeatureServer", "source_type": "official", "source_url": "https://jakartasatu.jakarta.go.id/server/rest/services/Jaklingko/Perhentian_TJ/FeatureServer/0", "operator": "TransJakarta", "prev_stop": "Gambir 2", "next_stop": "Pasar Senen", "tipe": "Transit", "kecamatan": "Senen", "kota": "Jakarta Pusat", "interchange": false, "color": "#5865C7"}}, {"type": "Feature", "id": "H00117P", "geometry": {"type": "Point", "coordinates": [106.79971400010209, -6.125257999556254]}, "properties": {"id": "H00117P", "stop_id": "H00117P", "name": "Pluit Selatan", "stop_name": "Pluit Selatan", "route_name": "Pluit Selatan", "corridor_id": "K12", "corridor_no": 12, "corridor_nos": ",12,", "koridor_label": "12", "mode": "TransJakarta", "status": "existing", "status_label": "Jaringan saat ini", "source": "Jakarta Satu / Jaklingko Perhentian_TJ FeatureServer", "source_type": "official", "source_url": "https://jakartasatu.jakarta.go.id/server/rest/services/Jaklingko/Perhentian_TJ/FeatureServer/0", "operator": "TransJakarta", "prev_stop": "Pluit", "next_stop": "Pakin", "tipe": "Antara", "kecamatan": "Penjaringan", "kota": "Jakarta Utara", "interchange": false, "color": "#5865C7"}}, {"type": "Feature", "id": "H00118P", "geometry": {"type": "Point", "coordinates": [106.82770600043261, -6.202760999719544]}, "properties": {"id": "H00118P", "stop_id": "H00118P", "name": "Flyover Kuningan", "stop_name": "Flyover Kuningan", "route_name": "Flyover Kuningan", "corridor_id": "K6", "corridor_no": 6, "corridor_nos": ",6,", "koridor_label": "6", "mode": "TransJakarta", "status": "existing", "status_label": "Jaringan saat ini", "source": "Jakarta Satu / Jaklingko Perhentian_TJ FeatureServer", "source_type": "official", "source_url": "https://jakartasatu.jakarta.go.id/server/rest/services/Jaklingko/Perhentian_TJ/FeatureServer/0", "operator": "TransJakarta", "prev_stop": "Setiabudi", "next_stop": "Halimun", "tipe": "Transit", "kecamatan": "Menteng", "kota": "Jakarta Pusat", "interchange": false, "color": "#5865C7"}}, {"type": "Feature", "id": "H00119S", "geometry": {"type": "Point", "coordinates": [106.82208400017748, -6.233550999578142]}, "properties": {"id": "H00119S", "stop_id": "H00119S", "name": "Denpasar Arah Barat", "stop_name": "Denpasar Arah Barat", "route_name": "Denpasar Arah Barat", "corridor_id": "K9", "corridor_no": 9, "corridor_nos": ",9,", "koridor_label": "9", "mode": "TransJakarta", "status": "existing", "status_label": "Jaringan saat ini", "source": "Jakarta Satu / Jaklingko Perhentian_TJ FeatureServer", "source_type": "official", "source_url": "https://jakartasatu.jakarta.go.id/server/rest/services/Jaklingko/Perhentian_TJ/FeatureServer/0", "operator": "TransJakarta", "prev_stop": "Simpang Kuningan", "next_stop": "Widya Chandra Arah Barat", "tipe": "Transit", "kecamatan": "Mampang Prapatan", "kota": "Jakarta Selatan", "interchange": false, "color": "#5865C7"}}, {"type": "Feature", "id": "H00120S", "geometry": {"type": "Point", "coordinates": [106.81740000001105, -6.226549000435227]}, "properties": {"id": "H00120S", "stop_id": "H00120S", "name": "Widya Chandra Telkomsel Arah Timur", "stop_name": "Widya Chandra Telkomsel Arah Timur", "route_name": "Widya Chandra Telkomsel Arah Timur", "corridor_id": "K9", "corridor_no": 9, "corridor_nos": ",9,", "koridor_label": "9", "mode": "TransJakarta", "status": "existing", "status_label": "Jaringan saat ini", "source": "Jakarta Satu / Jaklingko Perhentian_TJ FeatureServer", "source_type": "official", "source_url": "https://jakartasatu.jakarta.go.id/server/rest/services/Jaklingko/Perhentian_TJ/FeatureServer/0", "operator": "TransJakarta", "prev_stop": "Semanggi", "next_stop": "Denpasar Arah Timur", "tipe": "Transit", "kecamatan": "Setiabudi", "kota": "Jakarta Selatan", "interchange": false, "color": "#5865C7"}}, {"type": "Feature", "id": "H00121P", "geometry": {"type": "Point", "coordinates": [106.89908999990462, -6.19353899982417]}, "properties": {"id": "H00121P", "stop_id": "H00121P", "name": "Layur", "stop_name": "Layur", "route_name": "Layur", "corridor_id": "K4", "corridor_no": 4, "corridor_nos": ",4,", "koridor_label": "4", "mode": "TransJakarta", "status": "existing", "status_label": "Jaringan saat ini", "source": "Jakarta Satu / Jaklingko Perhentian_TJ FeatureServer", "source_type": "official", "source_url": "https://jakartasatu.jakarta.go.id/server/rest/services/Jaklingko/Perhentian_TJ/FeatureServer/0", "operator": "TransJakarta", "prev_stop": "Pemuda Merdeka · Pemuda Rawamangun", "next_stop": "Pemuda Rawamangun · Pemuda Merdeka", "tipe": "Antara", "kecamatan": "Pulo Gadung", "kota": "Jakarta Timur", "interchange": false, "color": "#5865C7"}}, {"type": "Feature", "id": "H00122P", "geometry": {"type": "Point", "coordinates": [106.77415100026951, -6.2894130000091195]}, "properties": {"id": "H00122P", "stop_id": "H00122P", "name": "Lebak Bulus", "stop_name": "Lebak Bulus", "route_name": "Lebak Bulus", "corridor_id": "K8", "corridor_no": 8, "corridor_nos": ",8,", "koridor_label": "8", "mode": "TransJakarta", "status": "existing", "status_label": "Jaringan saat ini", "source": "Jakarta Satu / Jaklingko Perhentian_TJ FeatureServer", "source_type": "official", "source_url": "https://jakartasatu.jakarta.go.id/server/rest/services/Jaklingko/Perhentian_TJ/FeatureServer/0", "operator": "TransJakarta", "prev_stop": "Underpass Lebak Bulus", "next_stop": "Pondok Pinang", "tipe": "Ujung", "kecamatan": "Cilandak", "kota": "Jakarta Selatan", "interchange": false, "color": "#5865C7"}}, {"type": "Feature", "id": "H00123P", "geometry": {"type": "Point", "coordinates": [106.82571700044025, -6.242698999658273]}, "properties": {"id": "H00123P", "stop_id": "H00123P", "name": "Mampang Prapatan", "stop_name": "Mampang Prapatan", "route_name": "Mampang Prapatan", "corridor_id": "K6", "corridor_no": 6, "corridor_nos": ",6,", "koridor_label": "6", "mode": "TransJakarta", "status": "existing", "status_label": "Jaringan saat ini", "source": "Jakarta Satu / Jaklingko Perhentian_TJ FeatureServer", "source_type": "official", "source_url": "https://jakartasatu.jakarta.go.id/server/rest/services/Jaklingko/Perhentian_TJ/FeatureServer/0", "operator": "TransJakarta", "prev_stop": "Duren Tiga · Underpass Kuningan", "next_stop": "Underpass Kuningan · Duren Tiga", "tipe": "Antara", "kecamatan": "Mampang Prapatan", "kota": "Jakarta Selatan", "interchange": false, "color": "#5865C7"}}, {"type": "Feature", "id": "H00124P", "geometry": {"type": "Point", "coordinates": [106.81735999996505, -6.152170000444357]}, "properties": {"id": "H00124P", "stop_id": "H00124P", "name": "Mangga Besar Lama", "stop_name": "Mangga Besar Lama", "route_name": "Mangga Besar Lama", "corridor_id": "K1", "corridor_no": 1, "corridor_nos": ",1,", "koridor_label": "1", "mode": "TransJakarta", "status": "existing", "status_label": "Jaringan saat ini", "source": "Jakarta Satu / Jaklingko Perhentian_TJ FeatureServer", "source_type": "official", "source_url": "https://jakartasatu.jakarta.go.id/server/rest/services/Jaklingko/Perhentian_TJ/FeatureServer/0", "operator": "TransJakarta", "prev_stop": "", "next_stop": "", "tipe": " ", "kecamatan": "Taman Sari", "kota": "Jakarta Barat", "interchange": false, "color": "#5865C7"}}, {"type": "Feature", "id": "H00125P", "geometry": {"type": "Point", "coordinates": [106.825968000324, -6.136147999929449]}, "properties": {"id": "H00125P", "stop_id": "H00125P", "name": "Mangga Dua", "stop_name": "Mangga Dua", "route_name": "Mangga Dua", "corridor_id": "K12", "corridor_no": 12, "corridor_nos": ",12,", "koridor_label": "12", "mode": "TransJakarta", "status": "existing", "status_label": "Jaringan saat ini", "source": "Jakarta Satu / Jaklingko Perhentian_TJ FeatureServer", "source_type": "official", "source_url": "https://jakartasatu.jakarta.go.id/server/rest/services/Jaklingko/Perhentian_TJ/FeatureServer/0", "operator": "TransJakarta", "prev_stop": "Gunung Sahari · Mangga Dua Raya", "next_stop": "Mangga Dua Raya · Gunung Sahari", "tipe": "Antara", "kecamatan": "Sawah Besar", "kota": "Jakarta Pusat", "interchange": false, "color": "#5865C7"}}, {"type": "Feature", "id": "H00126P", "geometry": {"type": "Point", "coordinates": [106.84739099989577, -6.208880000410886]}, "properties": {"id": "H00126P", "stop_id": "H00126P", "name": "Manggarai", "stop_name": "Manggarai", "route_name": "Manggarai", "corridor_id": "K4", "corridor_no": 4, "corridor_nos": ",4,", "koridor_label": "4", "mode": "TransJakarta", "status": "existing", "status_label": "Jaringan saat ini", "source": "Jakarta Satu / Jaklingko Perhentian_TJ FeatureServer", "source_type": "official", "source_url": "https://jakartasatu.jakarta.go.id/server/rest/services/Jaklingko/Perhentian_TJ/FeatureServer/0", "operator": "TransJakarta", "prev_stop": "Flyover Pramuka · Pasar Rumput", "next_stop": "Pasar Rumput · Flyover Pramuka", "tipe": "Integrasi", "kecamatan": "Setiabudi", "kota": "Jakarta Selatan", "interchange": false, "color": "#5865C7"}}, {"type": "Feature", "id": "H00127P", "geometry": {"type": "Point", "coordinates": [106.79844700013001, -6.236482999889745]}, "properties": {"id": "H00127P", "stop_id": "H00127P", "name": "Masjid Agung", "stop_name": "Masjid Agung", "route_name": "Masjid Agung", "corridor_id": "K1", "corridor_no": 1, "corridor_nos": ",1,", "koridor_label": "1", "mode": "TransJakarta", "status": "existing", "status_label": "Jaringan saat ini", "source": "Jakarta Satu / Jaklingko Perhentian_TJ FeatureServer", "source_type": "official", "source_url": "https://jakartasatu.jakarta.go.id/server/rest/services/Jaklingko/Perhentian_TJ/FeatureServer/0", "operator": "TransJakarta", "prev_stop": "ASEAN · Bundaran Senayan", "next_stop": "Bundaran Senayan · Kejaksaan Agung", "tipe": "Antara", "kecamatan": "Kebayoran Baru", "kota": "Jakarta Selatan", "interchange": false, "color": "#5865C7"}}, {"type": "Feature", "id": "H00128P", "geometry": {"type": "Point", "coordinates": [106.85442899979955, -6.1999800000761525]}, "properties": {"id": "H00128P", "stop_id": "H00128P", "name": "Matraman", "stop_name": "Matraman", "route_name": "Matraman", "corridor_id": "K5", "corridor_no": 5, "corridor_nos": ",5,", "koridor_label": "5", "mode": "TransJakarta", "status": "existing", "status_label": "Jaringan saat ini", "source": "Jakarta Satu / Jaklingko Perhentian_TJ FeatureServer", "source_type": "official", "source_url": "https://jakartasatu.jakarta.go.id/server/rest/services/Jaklingko/Perhentian_TJ/FeatureServer/0", "operator": "TransJakarta", "prev_stop": "Jembatan Merah", "next_stop": "Pasar Baru Timur", "tipe": "Transit", "kecamatan": "Matraman", "kota": "Jakarta Timur", "interchange": false, "color": "#5865C7"}}, {"type": "Feature", "id": "H00129P", "geometry": {"type": "Point", "coordinates": [106.85449600019132, -6.1989100001955535]}, "properties": {"id": "H00129P", "stop_id": "H00129P", "name": "Flyover Pramuka", "stop_name": "Flyover Pramuka", "route_name": "Flyover Pramuka", "corridor_id": "K4", "corridor_no": 4, "corridor_nos": ",4,", "koridor_label": "4", "mode": "TransJakarta", "status": "existing", "status_label": "Jaringan saat ini", "source": "Jakarta Satu / Jaklingko Perhentian_TJ FeatureServer", "source_type": "official", "source_url": "https://jakartasatu.jakarta.go.id/server/rest/services/Jaklingko/Perhentian_TJ/FeatureServer/0", "operator": "TransJakarta", "prev_stop": "Pasar Genjing · Manggarai", "next_stop": "Manggarai · Pasar Genjing", "tipe": "Antara", "kecamatan": "Senen", "kota": "Jakarta Pusat", "interchange": false, "color": "#5865C7"}}, {"type": "Feature", "id": "H00130P", "geometry": {"type": "Point", "coordinates": [106.79076700029788, -6.241920999753518]}, "properties": {"id": "H00130P", "stop_id": "H00130P", "name": "Mayestik", "stop_name": "Mayestik", "route_name": "Mayestik", "corridor_id": "K13", "corridor_no": 13, "corridor_nos": ",13,", "koridor_label": "13", "mode": "TransJakarta", "status": "existing", "status_label": "Jaringan saat ini", "source": "Jakarta Satu / Jaklingko Perhentian_TJ FeatureServer", "source_type": "official", "source_url": "https://jakartasatu.jakarta.go.id/server/rest/services/Jaklingko/Perhentian_TJ/FeatureServer/0", "operator": "TransJakarta", "prev_stop": "Velbak", "next_stop": "CSW 1", "tipe": "Antara", "kecamatan": "Kebayoran Baru", "kota": "Jakarta Selatan", "interchange": false, "color": "#5865C7"}}, {"type": "Feature", "id": "H00131P", "geometry": {"type": "Point", "coordinates": [106.82285499975944, -6.1762480001442555]}, "properties": {"id": "H00131P", "stop_id": "H00131P", "name": "Monumen Nasional", "stop_name": "Monumen Nasional", "route_name": "Monumen Nasional", "corridor_id": "K1,K2,K3", "corridor_no": 1, "corridor_nos": ",1,2,3,", "koridor_label": "1, 2, 3", "mode": "TransJakarta", "status": "existing", "status_label": "Jaringan saat ini", "source": "Jakarta Satu / Jaklingko Perhentian_TJ FeatureServer", "source_type": "official", "source_url": "https://jakartasatu.jakarta.go.id/server/rest/services/Jaklingko/Perhentian_TJ/FeatureServer/0", "operator": "TransJakarta", "prev_stop": "Kebon Sirih Arah Utara · Harmoni · Pecenongan", "next_stop": "Harmoni · Kebon Sirih Arah Selatan · Balai Kota", "tipe": "Ujung", "kecamatan": "Gambir", "kota": "Jakarta Pusat", "interchange": true, "color": "#5865C7"}}, {"type": "Feature", "id": "H00132P", "geometry": {"type": "Point", "coordinates": [106.81208799966248, -6.1339300001685615]}, "properties": {"id": "H00132P", "stop_id": "H00132P", "name": "Museum Sejarah Jakarta", "stop_name": "Museum Sejarah Jakarta", "route_name": "Museum Sejarah Jakarta", "corridor_id": "K1,K12", "corridor_no": 1, "corridor_nos": ",1,12,", "koridor_label": "1, 12", "mode": "TransJakarta", "status": "existing", "status_label": "Jaringan saat ini", "source": "Jakarta Satu / Jaklingko Perhentian_TJ FeatureServer", "source_type": "official", "source_url": "https://jakartasatu.jakarta.go.id/server/rest/services/Jaklingko/Perhentian_TJ/FeatureServer/0", "operator": "TransJakarta", "prev_stop": "Kali Besar · Gedong Panjang", "next_stop": "Kota", "tipe": "Antara", "kecamatan": "Taman Sari", "kota": "Jakarta Barat", "interchange": true, "color": "#5865C7"}}, {"type": "Feature", "id": "H00133P", "geometry": {"type": "Point", "coordinates": [106.81668999964478, -6.149300000293977]}, "properties": {"id": "H00133P", "stop_id": "H00133P", "name": "Taman Sari", "stop_name": "Taman Sari", "route_name": "Taman Sari", "corridor_id": "K1", "corridor_no": 1, "corridor_nos": ",1,", "koridor_label": "1", "mode": "TransJakarta", "status": "existing", "status_label": "Jaringan saat ini", "source": "Jakarta Satu / Jaklingko Perhentian_TJ FeatureServer", "source_type": "official", "source_url": "https://jakartasatu.jakarta.go.id/server/rest/services/Jaklingko/Perhentian_TJ/FeatureServer/0", "operator": "TransJakarta", "prev_stop": "Mangga Besar · Glodok", "next_stop": "Glodok · Mangga Besar", "tipe": "Antara", "kecamatan": "Taman Sari", "kota": "Jakarta Barat", "interchange": false, "color": "#5865C7"}}, {"type": "Feature", "id": "H00134P", "geometry": {"type": "Point", "coordinates": [106.83163700004854, -6.133703999639067]}, "properties": {"id": "H00134P", "stop_id": "H00134P", "name": "Pademangan", "stop_name": "Pademangan", "route_name": "Pademangan", "corridor_id": "K5", "corridor_no": 5, "corridor_nos": ",5,", "koridor_label": "5", "mode": "TransJakarta", "status": "existing", "status_label": "Jaringan saat ini", "source": "Jakarta Satu / Jaklingko Perhentian_TJ FeatureServer", "source_type": "official", "source_url": "https://jakartasatu.jakarta.go.id/server/rest/services/Jaklingko/Perhentian_TJ/FeatureServer/0", "operator": "TransJakarta", "prev_stop": "Matraman Baru", "next_stop": "Kesatrian", "tipe": "Antara", "kecamatan": "Pademangan", "kota": "Jakarta Utara", "interchange": false, "color": "#5865C7"}}, {"type": "Feature", "id": "H00135P", "geometry": {"type": "Point", "coordinates": [106.80474299999048, -6.127982000168345]}, "properties": {"id": "H00135P", "stop_id": "H00135P", "name": "Pakin", "stop_name": "Pakin", "route_name": "Pakin", "corridor_id": "K12", "corridor_no": 12, "corridor_nos": ",12,", "koridor_label": "12", "mode": "TransJakarta", "status": "existing", "status_label": "Jaringan saat ini", "source": "Jakarta Satu / Jaklingko Perhentian_TJ FeatureServer", "source_type": "official", "source_url": "https://jakartasatu.jakarta.go.id/server/rest/services/Jaklingko/Perhentian_TJ/FeatureServer/0", "operator": "TransJakarta", "prev_stop": "Pluit Selatan", "next_stop": "Gedong Panjang", "tipe": "Antara", "kecamatan": "Penjaringan", "kota": "Jakarta Utara", "interchange": false, "color": "#5865C7"}}, {"type": "Feature", "id": "H00136P", "geometry": {"type": "Point", "coordinates": [106.84402400020849, -6.184631000019806]}, "properties": {"id": "H00136P", "stop_id": "H00136P", "name": "Pal Putih", "stop_name": "Pal Putih", "route_name": "Pal Putih", "corridor_id": "K5", "corridor_no": 5, "corridor_nos": ",5,", "koridor_label": "5", "mode": "TransJakarta", "status": "existing", "status_label": "Jaringan saat ini", "source": "Jakarta Satu / Jaklingko Perhentian_TJ FeatureServer", "source_type": "official", "source_url": "https://jakartasatu.jakarta.go.id/server/rest/services/Jaklingko/Perhentian_TJ/FeatureServer/0", "operator": "TransJakarta", "prev_stop": "Kramat Sentiong", "next_stop": "Bali Mester", "tipe": "Antara", "kecamatan": "Senen", "kota": "Jakarta Pusat", "interchange": false, "color": "#5865C7"}}, {"type": "Feature", "id": "H00137S", "geometry": {"type": "Point", "coordinates": [106.81762799973342, -6.227391999740178]}, "properties": {"id": "H00137S", "stop_id": "H00137S", "name": "Widya Chandra Telkomsel Arah Barat", "stop_name": "Widya Chandra Telkomsel Arah Barat", "route_name": "Widya Chandra Telkomsel Arah Barat", "corridor_id": "K9", "corridor_no": 9, "corridor_nos": ",9,", "koridor_label": "9", "mode": "TransJakarta", "status": "existing", "status_label": "Jaringan saat ini", "source": "Jakarta Satu / Jaklingko Perhentian_TJ FeatureServer", "source_type": "official", "source_url": "https://jakartasatu.jakarta.go.id/server/rest/services/Jaklingko/Perhentian_TJ/FeatureServer/0", "operator": "TransJakarta", "prev_stop": "Denpasar Arah Barat", "next_stop": "Semanggi", "tipe": "Transit", "kecamatan": "Mampang Prapatan", "kota": "Jakarta Selatan", "interchange": false, "color": "#5865C7"}}, {"type": "Feature", "id": "H00138S", "geometry": {"type": "Point", "coordinates": [106.79039700032234, -6.161060000317946]}, "properties": {"id": "H00138S", "stop_id": "H00138S", "name": "Kali Grogol Arah Utara", "stop_name": "Kali Grogol Arah Utara", "route_name": "Kali Grogol Arah Utara", "corridor_id": "K9", "corridor_no": 9, "corridor_nos": ",9,", "koridor_label": "9", "mode": "TransJakarta", "status": "existing", "status_label": "Jaringan saat ini", "source": "Jakarta Satu / Jaklingko Perhentian_TJ FeatureServer", "source_type": "official", "source_url": "https://jakartasatu.jakarta.go.id/server/rest/services/Jaklingko/Perhentian_TJ/FeatureServer/0", "operator": "TransJakarta", "prev_stop": "Grogol Reformasi", "next_stop": "Jembatan Besi", "tipe": "Transit", "kecamatan": "Grogol Petamburan", "kota": "Jakarta Barat", "interchange": false, "color": "#5865C7"}}, {"type": "Feature", "id": "H00139P", "geometry": {"type": "Point", "coordinates": [106.84387999986313, -6.243300000393901]}, "properties": {"id": "H00139P", "stop_id": "H00139P", "name": "Pancoran Tugu", "stop_name": "Pancoran Tugu", "route_name": "Pancoran Tugu", "corridor_id": "K9", "corridor_no": 9, "corridor_nos": ",9,", "koridor_label": "9", "mode": "TransJakarta", "status": "existing", "status_label": "Jaringan saat ini", "source": "Jakarta Satu / Jaklingko Perhentian_TJ FeatureServer", "source_type": "official", "source_url": "https://jakartasatu.jakarta.go.id/server/rest/services/Jaklingko/Perhentian_TJ/FeatureServer/0", "operator": "TransJakarta", "prev_stop": "Tebet Eco Park Arah Barat · Pancoran Arah Timur", "next_stop": "Pancoran Arah Barat · Tebet Eco Park Arah Timur", "tipe": "Antara", "kecamatan": "Tebet", "kota": "Jakarta Selatan", "interchange": false, "color": "#5865C7"}}, {"type": "Feature", "id": "H00140P", "geometry": {"type": "Point", "coordinates": [106.81791799961701, -6.137610999946901]}, "properties": {"id": "H00140P", "stop_id": "H00140P", "name": "Mangga Dua Raya", "stop_name": "Mangga Dua Raya", "route_name": "Mangga Dua Raya", "corridor_id": "K12", "corridor_no": 12, "corridor_nos": ",12,", "koridor_label": "12", "mode": "TransJakarta", "status": "existing", "status_label": "Jaringan saat ini", "source": "Jakarta Satu / Jaklingko Perhentian_TJ FeatureServer", "source_type": "official", "source_url": "https://jakartasatu.jakarta.go.id/server/rest/services/Jaklingko/Perhentian_TJ/FeatureServer/0", "operator": "TransJakarta", "prev_stop": "Mangga Dua · Kota", "next_stop": "Kali Besar · Mangga Dua", "tipe": "Antara", "kecamatan": "Taman Sari", "kota": "Jakarta Barat", "interchange": false, "color": "#5865C7"}}, {"type": "Feature", "id": "H00141P", "geometry": {"type": "Point", "coordinates": [106.83483399999017, -6.16612900025234]}, "properties": {"id": "H00141P", "stop_id": "H00141P", "name": "Pasar Baru", "stop_name": "Pasar Baru", "route_name": "Pasar Baru", "corridor_id": "K8", "corridor_no": 8, "corridor_nos": ",8,", "koridor_label": "8", "mode": "TransJakarta", "status": "existing", "status_label": "Jaringan saat ini", "source": "Jakarta Satu / Jaklingko Perhentian_TJ FeatureServer", "source_type": "official", "source_url": "https://jakartasatu.jakarta.go.id/server/rest/services/Jaklingko/Perhentian_TJ/FeatureServer/0", "operator": "TransJakarta", "prev_stop": "Juanda", "next_stop": "Juanda", "tipe": "Ujung", "kecamatan": "Sawah Besar", "kota": "Jakarta Pusat", "interchange": false, "color": "#5865C7"}}, {"type": "Feature", "id": "H00142P", "geometry": {"type": "Point", "coordinates": [106.83811400016202, -6.162271999552331]}, "properties": {"id": "H00142P", "stop_id": "H00142P", "name": "Pasar Baru Timur", "stop_name": "Pasar Baru Timur", "route_name": "Pasar Baru Timur", "corridor_id": "K5", "corridor_no": 5, "corridor_nos": ",5,", "koridor_label": "5", "mode": "TransJakarta", "status": "existing", "status_label": "Jaringan saat ini", "source": "Jakarta Satu / Jaklingko Perhentian_TJ FeatureServer", "source_type": "official", "source_url": "https://jakartasatu.jakarta.go.id/server/rest/services/Jaklingko/Perhentian_TJ/FeatureServer/0", "operator": "TransJakarta", "prev_stop": "Matraman", "next_stop": "Paseban", "tipe": "Antara", "kecamatan": "Kemayoran", "kota": "Jakarta Pusat", "interchange": false, "color": "#5865C7"}}, {"type": "Feature", "id": "H00144P", "geometry": {"type": "Point", "coordinates": [106.86245500029906, -6.172324999997954]}, "properties": {"id": "H00144P", "stop_id": "H00144P", "name": "Pasar Cempaka Putih", "stop_name": "Pasar Cempaka Putih", "route_name": "Pasar Cempaka Putih", "corridor_id": "K2", "corridor_no": 2, "corridor_nos": ",2,", "koridor_label": "2", "mode": "TransJakarta", "status": "existing", "status_label": "Jaringan saat ini", "source": "Jakarta Satu / Jaklingko Perhentian_TJ FeatureServer", "source_type": "official", "source_url": "https://jakartasatu.jakarta.go.id/server/rest/services/Jaklingko/Perhentian_TJ/FeatureServer/0", "operator": "TransJakarta", "prev_stop": "Cempaka Baru · Rawa Selatan", "next_stop": "Rawa Selatan · Cempaka Baru", "tipe": "Antara", "kecamatan": "Cempaka Putih", "kota": "Jakarta Pusat", "interchange": false, "color": "#5865C7"}}, {"type": "Feature", "id": "H00145P", "geometry": {"type": "Point", "coordinates": [106.87819400035386, -6.21488100015722]}, "properties": {"id": "H00145P", "stop_id": "H00145P", "name": "Pasar Enjo", "stop_name": "Pasar Enjo", "route_name": "Pasar Enjo", "corridor_id": "K11", "corridor_no": 11, "corridor_nos": ",11,", "koridor_label": "11", "mode": "TransJakarta", "status": "existing", "status_label": "Jaringan saat ini", "source": "Jakarta Satu / Jaklingko Perhentian_TJ FeatureServer", "source_type": "official", "source_url": "https://jakartasatu.jakarta.go.id/server/rest/services/Jaklingko/Perhentian_TJ/FeatureServer/0", "operator": "TransJakarta", "prev_stop": "Flyover Cipinang · Flyover Jatinegara", "next_stop": "Flyover Jatinegara · Flyover Cipinang", "tipe": "Antara", "kecamatan": "Jatinegara", "kota": "Jakarta Timur", "interchange": false, "color": "#5865C7"}}, {"type": "Feature", "id": "H00146P", "geometry": {"type": "Point", "coordinates": [106.86091500032802, -6.194446000281857]}, "properties": {"id": "H00146P", "stop_id": "H00146P", "name": "Pasar Genjing", "stop_name": "Pasar Genjing", "route_name": "Pasar Genjing", "corridor_id": "K4", "corridor_no": 4, "corridor_nos": ",4,", "koridor_label": "4", "mode": "TransJakarta", "status": "existing", "status_label": "Jaringan saat ini", "source": "Jakarta Satu / Jaklingko Perhentian_TJ FeatureServer", "source_type": "official", "source_url": "https://jakartasatu.jakarta.go.id/server/rest/services/Jaklingko/Perhentian_TJ/FeatureServer/0", "operator": "TransJakarta", "prev_stop": "Utan Kayu · Flyover Pramuka", "next_stop": "Flyover Pramuka · Utan Kayu", "tipe": "Antara", "kecamatan": "Cempaka Putih", "kota": "Jakarta Pusat", "interchange": false, "color": "#5865C7"}}, {"type": "Feature", "id": "H00147P", "geometry": {"type": "Point", "coordinates": [106.87203200037754, -6.2942150002213]}, "properties": {"id": "H00147P", "stop_id": "H00147P", "name": "Pasar Induk", "stop_name": "Pasar Induk", "route_name": "Pasar Induk", "corridor_id": "K7", "corridor_no": 7, "corridor_nos": ",7,", "koridor_label": "7", "mode": "TransJakarta", "status": "existing", "status_label": "Jaringan saat ini", "source": "Jakarta Satu / Jaklingko Perhentian_TJ FeatureServer", "source_type": "official", "source_url": "https://jakartasatu.jakarta.go.id/server/rest/services/Jaklingko/Perhentian_TJ/FeatureServer/0", "operator": "TransJakarta", "prev_stop": "Trikora · Kramat Jati", "next_stop": "Kramat Jati · Trikora", "tipe": "Antara", "kecamatan": "Kramat Jati", "kota": "Jakarta Timur", "interchange": false, "color": "#5865C7"}}, {"type": "Feature", "id": "H00148P", "geometry": {"type": "Point", "coordinates": [106.86631800037645, -6.215744000384518]}, "properties": {"id": "H00148P", "stop_id": "H00148P", "name": "Bali Mester", "stop_name": "Bali Mester", "route_name": "Bali Mester", "corridor_id": "K5", "corridor_no": 5, "corridor_nos": ",5,", "koridor_label": "5", "mode": "TransJakarta", "status": "existing", "status_label": "Jaringan saat ini", "source": "Jakarta Satu / Jaklingko Perhentian_TJ FeatureServer", "source_type": "official", "source_url": "https://jakartasatu.jakarta.go.id/server/rest/services/Jaklingko/Perhentian_TJ/FeatureServer/0", "operator": "TransJakarta", "prev_stop": "Pal Putih", "next_stop": "Jatinegara", "tipe": "Antara", "kecamatan": "Jatinegara", "kota": "Jakarta Timur", "interchange": false, "color": "#5865C7"}}, {"type": "Feature", "id": "H00149P", "geometry": {"type": "Point", "coordinates": [106.78322899981953, -6.238412999859236]}, "properties": {"id": "H00149P", "stop_id": "H00149P", "name": "Kebayoran", "stop_name": "Kebayoran", "route_name": "Kebayoran", "corridor_id": "K8", "corridor_no": 8, "corridor_nos": ",8,", "koridor_label": "8", "mode": "TransJakarta", "status": "existing", "status_label": "Jaringan saat ini", "source": "Jakarta Satu / Jaklingko Perhentian_TJ FeatureServer", "source_type": "official", "source_url": "https://jakartasatu.jakarta.go.id/server/rest/services/Jaklingko/Perhentian_TJ/FeatureServer/0", "operator": "TransJakarta", "prev_stop": "Bungur · Simprug", "next_stop": "Simprug · Bungur", "tipe": "Integrasi", "kecamatan": "Kebayoran Lama", "kota": "Jakarta Selatan", "interchange": false, "color": "#5865C7"}}, {"type": "Feature", "id": "H00150P", "geometry": {"type": "Point", "coordinates": [106.86663199956814, -6.268822000134378]}, "properties": {"id": "H00150P", "stop_id": "H00150P", "name": "Kramat Jati", "stop_name": "Kramat Jati", "route_name": "Kramat Jati", "corridor_id": "K7", "corridor_no": 7, "corridor_nos": ",7,", "koridor_label": "7", "mode": "TransJakarta", "status": "existing", "status_label": "Jaringan saat ini", "source": "Jakarta Satu / Jaklingko Perhentian_TJ FeatureServer", "source_type": "official", "source_url": "https://jakartasatu.jakarta.go.id/server/rest/services/Jaklingko/Perhentian_TJ/FeatureServer/0", "operator": "TransJakarta", "prev_stop": "Pasar Induk · Cililitan", "next_stop": "Cililitan · Pasar Induk", "tipe": "Antara", "kecamatan": "Kramat Jati", "kota": "Jakarta Timur", "interchange": false, "color": "#5865C7"}}, {"type": "Feature", "id": "H00152P", "geometry": {"type": "Point", "coordinates": [106.90591299978615, -6.187433999778477]}, "properties": {"id": "H00152P", "stop_id": "H00152P", "name": "Pasar Pulo Gadung", "stop_name": "Pasar Pulo Gadung", "route_name": "Pasar Pulo Gadung", "corridor_id": "K4", "corridor_no": 4, "corridor_nos": ",4,", "koridor_label": "4", "mode": "TransJakarta", "status": "existing", "status_label": "Jaringan saat ini", "source": "Jakarta Satu / Jaklingko Perhentian_TJ FeatureServer", "source_type": "official", "source_url": "https://jakartasatu.jakarta.go.id/server/rest/services/Jaklingko/Perhentian_TJ/FeatureServer/0", "operator": "TransJakarta", "prev_stop": "Pulo Gadung · Pemuda Merdeka", "next_stop": "Pemuda Merdeka · Pulo Gadung", "tipe": "Antara", "kecamatan": "Pulo Gadung", "kota": "Jakarta Timur", "interchange": false, "color": "#5865C7"}}, {"type": "Feature", "id": "H00153P", "geometry": {"type": "Point", "coordinates": [106.84111800019662, -6.207125000417648]}, "properties": {"id": "H00153P", "stop_id": "H00153P", "name": "Pasar Rumput", "stop_name": "Pasar Rumput", "route_name": "Pasar Rumput", "corridor_id": "K4", "corridor_no": 4, "corridor_nos": ",4,", "koridor_label": "4", "mode": "TransJakarta", "status": "existing", "status_label": "Jaringan saat ini", "source": "Jakarta Satu / Jaklingko Perhentian_TJ FeatureServer", "source_type": "official", "source_url": "https://jakartasatu.jakarta.go.id/server/rest/services/Jaklingko/Perhentian_TJ/FeatureServer/0", "operator": "TransJakarta", "prev_stop": "Manggarai · Halimun", "next_stop": "Halimun · Manggarai", "tipe": "Antara", "kecamatan": "Setiabudi", "kota": "Jakarta Selatan", "interchange": false, "color": "#5865C7"}}, {"type": "Feature", "id": "H00154P", "geometry": {"type": "Point", "coordinates": [106.83208700011602, -6.232676999742921]}, "properties": {"id": "H00154P", "stop_id": "H00154P", "name": "Patra Kuningan", "stop_name": "Patra Kuningan", "route_name": "Patra Kuningan", "corridor_id": "K6", "corridor_no": 6, "corridor_nos": ",6,", "koridor_label": "6", "mode": "TransJakarta", "status": "existing", "status_label": "Jaringan saat ini", "source": "Jakarta Satu / Jaklingko Perhentian_TJ FeatureServer", "source_type": "official", "source_url": "https://jakartasatu.jakarta.go.id/server/rest/services/Jaklingko/Perhentian_TJ/FeatureServer/0", "operator": "TransJakarta", "prev_stop": "Underpass Kuningan · Kuningan", "next_stop": "Kuningan · Underpass Kuningan", "tipe": "Antara", "kecamatan": "Setiabudi", "kota": "Jakarta Selatan", "interchange": false, "color": "#5865C7"}}, {"type": "Feature", "id": "H00155P", "geometry": {"type": "Point", "coordinates": [106.82819000026933, -6.167710000315481]}, "properties": {"id": "H00155P", "stop_id": "H00155P", "name": "Pecenongan", "stop_name": "Pecenongan", "route_name": "Pecenongan", "corridor_id": "K2,K8", "corridor_no": 2, "corridor_nos": ",2,8,", "koridor_label": "2, 8", "mode": "TransJakarta", "status": "existing", "status_label": "Jaringan saat ini", "source": "Jakarta Satu / Jaklingko Perhentian_TJ FeatureServer", "source_type": "official", "source_url": "https://jakartasatu.jakarta.go.id/server/rest/services/Jaklingko/Perhentian_TJ/FeatureServer/0", "operator": "TransJakarta", "prev_stop": "Juanda · Petojo", "next_stop": "Monumen Nasional · Juanda · Petojo", "tipe": "Antara", "kecamatan": "Gambir", "kota": "Jakarta Pusat", "interchange": true, "color": "#5865C7"}}, {"type": "Feature", "id": "H00156P", "geometry": {"type": "Point", "coordinates": [106.87438600011484, -6.220159999883265]}, "properties": {"id": "H00156P", "stop_id": "H00156P", "name": "Pedati Prumpung", "stop_name": "Pedati Prumpung", "route_name": "Pedati Prumpung", "corridor_id": "K10", "corridor_no": 10, "corridor_nos": ",10,", "koridor_label": "10", "mode": "TransJakarta", "status": "existing", "status_label": "Jaringan saat ini", "source": "Jakarta Satu / Jaklingko Perhentian_TJ FeatureServer", "source_type": "official", "source_url": "https://jakartasatu.jakarta.go.id/server/rest/services/Jaklingko/Perhentian_TJ/FeatureServer/0", "operator": "TransJakarta", "prev_stop": "Flyover Jatinegara · Kebon Nanas", "next_stop": "Kebon Nanas · Flyover Jatinegara", "tipe": "Antara", "kecamatan": "Jatinegara", "kota": "Jakarta Timur", "interchange": false, "color": "#5865C7"}}, {"type": "Feature", "id": "H00157P", "geometry": {"type": "Point", "coordinates": [106.88246400031443, -6.167962000245325]}, "properties": {"id": "H00157P", "stop_id": "H00157P", "name": "Pedongkelan", "stop_name": "Pedongkelan", "route_name": "Pedongkelan", "corridor_id": "K2", "corridor_no": 2, "corridor_nos": ",2,", "koridor_label": "2", "mode": "TransJakarta", "status": "existing", "status_label": "Jaringan saat ini", "source": "Jakarta Satu / Jaklingko Perhentian_TJ FeatureServer", "source_type": "official", "source_url": "https://jakartasatu.jakarta.go.id/server/rest/services/Jaklingko/Perhentian_TJ/FeatureServer/0", "operator": "TransJakarta", "prev_stop": "Perintis Kemerdekaan · Cempaka Mas", "next_stop": "Cempaka Mas · Perintis Kemerdekaan", "tipe": "Antara", "kecamatan": "Pulo Gadung", "kota": "Jakarta Timur", "interchange": false, "color": "#5865C7"}}, {"type": "Feature", "id": "H00158P", "geometry": {"type": "Point", "coordinates": [106.82972399996368, -6.278404000443459]}, "properties": {"id": "H00158P", "stop_id": "H00158P", "name": "Pejaten", "stop_name": "Pejaten", "route_name": "Pejaten", "corridor_id": "K6", "corridor_no": 6, "corridor_nos": ",6,", "koridor_label": "6", "mode": "TransJakarta", "status": "existing", "status_label": "Jaringan saat ini", "source": "Jakarta Satu / Jaklingko Perhentian_TJ FeatureServer", "source_type": "official", "source_url": "https://jakartasatu.jakarta.go.id/server/rest/services/Jaklingko/Perhentian_TJ/FeatureServer/0", "operator": "TransJakarta", "prev_stop": "Jati Padang · Buncit Indah", "next_stop": "Buncit Indah · Jati Padang", "tipe": "Antara", "kecamatan": "Pasar Minggu", "kota": "Jakarta Selatan", "interchange": false, "color": "#5865C7"}}, {"type": "Feature", "id": "H00160P", "geometry": {"type": "Point", "coordinates": [106.8749789995822, -6.192794999688658]}, "properties": {"id": "H00160P", "stop_id": "H00160P", "name": "Pemuda Pramuka", "stop_name": "Pemuda Pramuka", "route_name": "Pemuda Pramuka", "corridor_id": "K10", "corridor_no": 10, "corridor_nos": ",10,", "koridor_label": "10", "mode": "TransJakarta", "status": "existing", "status_label": "Jaringan saat ini", "source": "Jakarta Satu / Jaklingko Perhentian_TJ FeatureServer", "source_type": "official", "source_url": "https://jakartasatu.jakarta.go.id/server/rest/services/Jaklingko/Perhentian_TJ/FeatureServer/0", "operator": "TransJakarta", "prev_stop": "Kayu Putih Rawasari · Utan Kayu Rawamangun", "next_stop": "Utan Kayu Rawamangun · Kayu Putih Rawasari", "tipe": "Antara", "kecamatan": "Pulo Gadung", "kota": "Jakarta Timur", "interchange": false, "color": "#5865C7"}}, {"type": "Feature", "id": "H00161P", "geometry": {"type": "Point", "coordinates": [106.89165000034825, -6.193488000170248]}, "properties": {"id": "H00161P", "stop_id": "H00161P", "name": "Pemuda Rawamangun", "stop_name": "Pemuda Rawamangun", "route_name": "Pemuda Rawamangun", "corridor_id": "K4", "corridor_no": 4, "corridor_nos": ",4,", "koridor_label": "4", "mode": "TransJakarta", "status": "existing", "status_label": "Jaringan saat ini", "source": "Jakarta Satu / Jaklingko Perhentian_TJ FeatureServer", "source_type": "official", "source_url": "https://jakartasatu.jakarta.go.id/server/rest/services/Jaklingko/Perhentian_TJ/FeatureServer/0", "operator": "TransJakarta", "prev_stop": "Layur · Jakarta International Velodrome", "next_stop": "Velodrome 3 · Layur", "tipe": "Integrasi", "kecamatan": "Pulo Gadung", "kota": "Jakarta Timur", "interchange": false, "color": "#5865C7"}}, {"type": "Feature", "id": "H00162P", "geometry": {"type": "Point", "coordinates": [106.87800000040073, -6.2390699995800105]}, "properties": {"id": "H00162P", "stop_id": "H00162P", "name": "Halim", "stop_name": "Halim", "route_name": "Halim", "corridor_id": "K10", "corridor_no": 10, "corridor_nos": ",10,", "koridor_label": "10", "mode": "TransJakarta", "status": "existing", "status_label": "Jaringan saat ini", "source": "Jakarta Satu / Jaklingko Perhentian_TJ FeatureServer", "source_type": "official", "source_url": "https://jakartasatu.jakarta.go.id/server/rest/services/Jaklingko/Perhentian_TJ/FeatureServer/0", "operator": "TransJakarta", "prev_stop": "Kebon Nanas · Simpang Cawang", "next_stop": "Simpang Cawang · Kebon Nanas", "tipe": "Antara", "kecamatan": "Jatinegara", "kota": "Jakarta Timur", "interchange": false, "color": "#5865C7"}}, {"type": "Feature", "id": "H00163P", "geometry": {"type": "Point", "coordinates": [106.93960899965663, -6.214131999791164]}, "properties": {"id": "H00163P", "stop_id": "H00163P", "name": "Penggilingan", "stop_name": "Penggilingan", "route_name": "Penggilingan", "corridor_id": "K11", "corridor_no": 11, "corridor_nos": ",11,", "koridor_label": "11", "mode": "TransJakarta", "status": "existing", "status_label": "Jaringan saat ini", "source": "Jakarta Satu / Jaklingko Perhentian_TJ FeatureServer", "source_type": "official", "source_url": "https://jakartasatu.jakarta.go.id/server/rest/services/Jaklingko/Perhentian_TJ/FeatureServer/0", "operator": "TransJakarta", "prev_stop": "Walikota Jakarta Timur · Flyover Pondok Kopi", "next_stop": "Flyover Pondok Kopi · Walikota Jakarta Timur", "tipe": "Antara", "kecamatan": "Cakung", "kota": "Jakarta Timur", "interchange": false, "color": "#5865C7"}}, {"type": "Feature", "id": "H00164P", "geometry": {"type": "Point", "coordinates": [106.792025999901, -6.12630600022095]}, "properties": {"id": "H00164P", "stop_id": "H00164P", "name": "Penjaringan", "stop_name": "Penjaringan", "route_name": "Penjaringan", "corridor_id": "K9,K12", "corridor_no": 9, "corridor_nos": ",9,12,", "koridor_label": "9, 12", "mode": "TransJakarta", "status": "existing", "status_label": "Jaringan saat ini", "source": "Jakarta Satu / Jaklingko Perhentian_TJ FeatureServer", "source_type": "official", "source_url": "https://jakartasatu.jakarta.go.id/server/rest/services/Jaklingko/Perhentian_TJ/FeatureServer/0", "operator": "TransJakarta", "prev_stop": "Jembatan Tiga · Pluit · Bandengan", "next_stop": "Pluit · Jembatan Tiga", "tipe": "Transit", "kecamatan": "Penjaringan", "kota": "Jakarta Utara", "interchange": true, "color": "#5865C7"}}, {"type": "Feature", "id": "H00165P", "geometry": {"type": "Point", "coordinates": [106.89309000020438, -6.114129999898751]}, "properties": {"id": "H00165P", "stop_id": "H00165P", "name": "Koja", "stop_name": "Koja", "route_name": "Koja", "corridor_id": "K10,K12", "corridor_no": 10, "corridor_nos": ",10,12,", "koridor_label": "10, 12", "mode": "TransJakarta", "status": "existing", "status_label": "Jaringan saat ini", "source": "Jakarta Satu / Jaklingko Perhentian_TJ FeatureServer", "source_type": "official", "source_url": "https://jakartasatu.jakarta.go.id/server/rest/services/Jaklingko/Perhentian_TJ/FeatureServer/0", "operator": "TransJakarta", "prev_stop": "Mambo · Walikota Jakarta Utara Arah Utara", "next_stop": "Walikota Jakarta Utara Arah Selatan · Mambo", "tipe": "Antara", "kecamatan": "Tanjung Priok", "kota": "Jakarta Utara", "interchange": true, "color": "#5865C7"}}, {"type": "Feature", "id": "H00166P", "geometry": {"type": "Point", "coordinates": [106.78324599970415, -6.221426999855339]}, "properties": {"id": "H00166P", "stop_id": "H00166P", "name": "Permata Hijau", "stop_name": "Permata Hijau", "route_name": "Permata Hijau", "corridor_id": "K8", "corridor_no": 8, "corridor_nos": ",8,", "koridor_label": "8", "mode": "TransJakarta", "status": "existing", "status_label": "Jaringan saat ini", "source": "Jakarta Satu / Jaklingko Perhentian_TJ FeatureServer", "source_type": "official", "source_url": "https://jakartasatu.jakarta.go.id/server/rest/services/Jaklingko/Perhentian_TJ/FeatureServer/0", "operator": "TransJakarta", "prev_stop": "Simprug · Arteri", "next_stop": "Arteri · Simprug", "tipe": "Antara", "kecamatan": "Kebayoran Lama", "kota": "Jakarta Selatan", "interchange": false, "color": "#5865C7"}}, {"type": "Feature", "id": "H00167P", "geometry": {"type": "Point", "coordinates": [106.7776129998411, -6.21840099970558]}, "properties": {"id": "H00167P", "stop_id": "H00167P", "name": "Arteri", "stop_name": "Arteri", "route_name": "Arteri", "corridor_id": "K8", "corridor_no": 8, "corridor_nos": ",8,", "koridor_label": "8", "mode": "TransJakarta", "status": "existing", "status_label": "Jaringan saat ini", "source": "Jakarta Satu / Jaklingko Perhentian_TJ FeatureServer", "source_type": "official", "source_url": "https://jakartasatu.jakarta.go.id/server/rest/services/Jaklingko/Perhentian_TJ/FeatureServer/0", "operator": "TransJakarta", "prev_stop": "Permata Hijau · Pos Pengumben", "next_stop": "Pos Pengumben · Permata Hijau", "tipe": "Antara", "kecamatan": "Kebon Jeruk", "kota": "Jakarta Barat", "interchange": false, "color": "#5865C7"}}, {"type": "Feature", "id": "H00168P", "geometry": {"type": "Point", "coordinates": [106.93053999962234, -6.216688999896633]}, "properties": {"id": "H00168P", "stop_id": "H00168P", "name": "Flyover Pondok Kopi", "stop_name": "Flyover Pondok Kopi", "route_name": "Flyover Pondok Kopi", "corridor_id": "K11", "corridor_no": 11, "corridor_nos": ",11,", "koridor_label": "11", "mode": "TransJakarta", "status": "existing", "status_label": "Jaringan saat ini", "source": "Jakarta Satu / Jaklingko Perhentian_TJ FeatureServer", "source_type": "official", "source_url": "https://jakartasatu.jakarta.go.id/server/rest/services/Jaklingko/Perhentian_TJ/FeatureServer/0", "operator": "TransJakarta", "prev_stop": "Penggilingan · Simpang Buaran", "next_stop": "Simpang Buaran · Penggilingan", "tipe": "Antara", "kecamatan": "Duren Sawit", "kota": "Jakarta Timur", "interchange": false, "color": "#5865C7"}}, {"type": "Feature", "id": "H00169P", "geometry": {"type": "Point", "coordinates": [106.71526599982707, -6.154802999558001]}, "properties": {"id": "H00169P", "stop_id": "H00169P", "name": "Pesakih", "stop_name": "Pesakih", "route_name": "Pesakih", "corridor_id": "K3", "corridor_no": 3, "corridor_nos": ",3,", "koridor_label": "3", "mode": "TransJakarta", "status": "existing", "status_label": "Jaringan saat ini", "source": "Jakarta Satu / Jaklingko Perhentian_TJ FeatureServer", "source_type": "official", "source_url": "https://jakartasatu.jakarta.go.id/server/rest/services/Jaklingko/Perhentian_TJ/FeatureServer/0", "operator": "TransJakarta", "prev_stop": "Kalideres · Sumur Bor", "next_stop": "Sumur Bor · Kalideres", "tipe": "Antara", "kecamatan": "Kalideres", "kota": "Jakarta Barat", "interchange": false, "color": "#5865C7"}}, {"type": "Feature", "id": "H00170P", "geometry": {"type": "Point", "coordinates": [106.81698299966672, -6.169983999960834]}, "properties": {"id": "H00170P", "stop_id": "H00170P", "name": "Petojo", "stop_name": "Petojo", "route_name": "Petojo", "corridor_id": "K3,K8", "corridor_no": 3, "corridor_nos": ",3,8,", "koridor_label": "3, 8", "mode": "TransJakarta", "status": "existing", "status_label": "Jaringan saat ini", "source": "Jakarta Satu / Jaklingko Perhentian_TJ FeatureServer", "source_type": "official", "source_url": "https://jakartasatu.jakarta.go.id/server/rest/services/Jaklingko/Perhentian_TJ/FeatureServer/0", "operator": "TransJakarta", "prev_stop": "Roxy · Monumen Nasional · Tarakan", "next_stop": "Monumen Nasional · Roxy · Pecenongan", "tipe": "Antara", "kecamatan": "Gambir", "kota": "Jakarta Pusat", "interchange": true, "color": "#5865C7"}}, {"type": "Feature", "id": "H00171P", "geometry": {"type": "Point", "coordinates": [106.86635200014575, -6.26249399969754]}, "properties": {"id": "H00171P", "stop_id": "H00171P", "name": "Cililitan", "stop_name": "Cililitan", "route_name": "Cililitan", "corridor_id": "K7", "corridor_no": 7, "corridor_nos": ",7,", "koridor_label": "7", "mode": "TransJakarta", "status": "existing", "status_label": "Jaringan saat ini", "source": "Jakarta Satu / Jaklingko Perhentian_TJ FeatureServer", "source_type": "official", "source_url": "https://jakartasatu.jakarta.go.id/server/rest/services/Jaklingko/Perhentian_TJ/FeatureServer/0", "operator": "TransJakarta", "prev_stop": "Kramat Jati · Cawang Cililitan", "next_stop": "Cawang Cililitan · Kramat Jati", "tipe": "Transit", "kecamatan": "Kramat Jati", "kota": "Jakarta Timur", "interchange": false, "color": "#5865C7"}}, {"type": "Feature", "id": "H00172P", "geometry": {"type": "Point", "coordinates": [106.86569599957176, -6.261900000184028]}, "properties": {"id": "H00172P", "stop_id": "H00172P", "name": "PGC", "stop_name": "PGC", "route_name": "PGC", "corridor_id": "K10", "corridor_no": 10, "corridor_nos": ",10,", "koridor_label": "10", "mode": "TransJakarta", "status": "existing", "status_label": "Jaringan saat ini", "source": "Jakarta Satu / Jaklingko Perhentian_TJ FeatureServer", "source_type": "official", "source_url": "https://jakartasatu.jakarta.go.id/server/rest/services/Jaklingko/Perhentian_TJ/FeatureServer/0", "operator": "TransJakarta", "prev_stop": "Cawang Cililitan", "next_stop": "Cawang Cililitan", "tipe": "Ujung", "kecamatan": "Kramat Jati", "kota": "Jakarta Timur", "interchange": false, "color": "#5865C7"}}, {"type": "Feature", "id": "H00173P", "geometry": {"type": "Point", "coordinates": [106.88633799999974, -6.291075000210299]}, "properties": {"id": "H00173P", "stop_id": "H00173P", "name": "Pinang Ranti", "stop_name": "Pinang Ranti", "route_name": "Pinang Ranti", "corridor_id": "K9", "corridor_no": 9, "corridor_nos": ",9,", "koridor_label": "9", "mode": "TransJakarta", "status": "existing", "status_label": "Jaringan saat ini", "source": "Jakarta Satu / Jaklingko Perhentian_TJ FeatureServer", "source_type": "official", "source_url": "https://jakartasatu.jakarta.go.id/server/rest/services/Jaklingko/Perhentian_TJ/FeatureServer/0", "operator": "TransJakarta", "prev_stop": "Makasar", "next_stop": "Makasar", "tipe": "Ujung", "kecamatan": "Makasar", "kota": "Jakarta Timur", "interchange": false, "color": "#5865C7"}}, {"type": "Feature", "id": "H00174P", "geometry": {"type": "Point", "coordinates": [106.79037100002267, -6.115795000238279]}, "properties": {"id": "H00174P", "stop_id": "H00174P", "name": "Pluit", "stop_name": "Pluit", "route_name": "Pluit", "corridor_id": "K9,K12", "corridor_no": 9, "corridor_nos": ",9,12,", "koridor_label": "9, 12", "mode": "TransJakarta", "status": "existing", "status_label": "Jaringan saat ini", "source": "Jakarta Satu / Jaklingko Perhentian_TJ FeatureServer", "source_type": "official", "source_url": "https://jakartasatu.jakarta.go.id/server/rest/services/Jaklingko/Perhentian_TJ/FeatureServer/0", "operator": "TransJakarta", "prev_stop": "Penjaringan", "next_stop": "Penjaringan · Pluit Selatan", "tipe": "Ujung", "kecamatan": "Penjaringan", "kota": "Jakarta Utara", "interchange": true, "color": "#5865C7"}}, {"type": "Feature", "id": "H00175P", "geometry": {"type": "Point", "coordinates": [106.89369999955636, -6.1284799997513915]}, "properties": {"id": "H00175P", "stop_id": "H00175P", "name": "Plumpang", "stop_name": "Plumpang", "route_name": "Plumpang", "corridor_id": "K10,K12", "corridor_no": 10, "corridor_nos": ",10,12,", "koridor_label": "10, 12", "mode": "TransJakarta", "status": "existing", "status_label": "Jaringan saat ini", "source": "Jakarta Satu / Jaklingko Perhentian_TJ FeatureServer", "source_type": "official", "source_url": "https://jakartasatu.jakarta.go.id/server/rest/services/Jaklingko/Perhentian_TJ/FeatureServer/0", "operator": "TransJakarta", "prev_stop": "Walikota Jakarta Utara Arah Selatan · Sunter Kelapa Gading", "next_stop": "Sunter Kelapa Gading · Walikota Jakarta Utara Arah Utara · Sunter Boulevard Barat", "tipe": "Antara", "kecamatan": "Tanjung Priok", "kota": "Jakarta Utara", "interchange": true, "color": "#5865C7"}}, {"type": "Feature", "id": "H00176P", "geometry": {"type": "Point", "coordinates": [106.81027899987697, -6.221093999787456]}, "properties": {"id": "H00176P", "stop_id": "H00176P", "name": "Polda Metro Jaya", "stop_name": "Polda Metro Jaya", "route_name": "Polda Metro Jaya", "corridor_id": "K1", "corridor_no": 1, "corridor_nos": ",1,", "koridor_label": "1", "mode": "TransJakarta", "status": "existing", "status_label": "Jaringan saat ini", "source": "Jakarta Satu / Jaklingko Perhentian_TJ FeatureServer", "source_type": "official", "source_url": "https://jakartasatu.jakarta.go.id/server/rest/services/Jaklingko/Perhentian_TJ/FeatureServer/0", "operator": "TransJakarta", "prev_stop": "Gelora Bung Karno · Bendungan Hilir", "next_stop": "Bendungan Hilir · Gelora Bung Karno", "tipe": "Antara", "kecamatan": "Tanah Abang", "kota": "Jakarta Pusat", "interchange": false, "color": "#5865C7"}}, {"type": "Feature", "id": "H00177P", "geometry": {"type": "Point", "coordinates": [106.77998599955527, -6.2867610000193395]}, "properties": {"id": "H00177P", "stop_id": "H00177P", "name": "Underpass Lebak Bulus", "stop_name": "Underpass Lebak Bulus", "route_name": "Underpass Lebak Bulus", "corridor_id": "K8", "corridor_no": 8, "corridor_nos": ",8,", "koridor_label": "8", "mode": "TransJakarta", "status": "existing", "status_label": "Jaringan saat ini", "source": "Jakarta Satu / Jaklingko Perhentian_TJ FeatureServer", "source_type": "official", "source_url": "https://jakartasatu.jakarta.go.id/server/rest/services/Jaklingko/Perhentian_TJ/FeatureServer/0", "operator": "TransJakarta", "prev_stop": "Pondok Pinang · Pondok Indah", "next_stop": "Pondok Indah · Lebak Bulus", "tipe": "Antara", "kecamatan": "Kebayoran Lama", "kota": "Jakarta Selatan", "interchange": false, "color": "#5865C7"}}, {"type": "Feature", "id": "H00178P", "geometry": {"type": "Point", "coordinates": [106.78364900030215, -6.267230999610149]}, "properties": {"id": "H00178P", "stop_id": "H00178P", "name": "Pondok Indah", "stop_name": "Pondok Indah", "route_name": "Pondok Indah", "corridor_id": "K8", "corridor_no": 8, "corridor_nos": ",8,", "koridor_label": "8", "mode": "TransJakarta", "status": "existing", "status_label": "Jaringan saat ini", "source": "Jakarta Satu / Jaklingko Perhentian_TJ FeatureServer", "source_type": "official", "source_url": "https://jakartasatu.jakarta.go.id/server/rest/services/Jaklingko/Perhentian_TJ/FeatureServer/0", "operator": "TransJakarta", "prev_stop": "Underpass Lebak Bulus · Tanah Kusir", "next_stop": "Tanah Kusir · Underpass Lebak Bulus", "tipe": "Antara", "kecamatan": "Kebayoran Lama", "kota": "Jakarta Selatan", "interchange": false, "color": "#5865C7"}}, {"type": "Feature", "id": "H00179P", "geometry": {"type": "Point", "coordinates": [106.77204300018536, -6.282169999644964]}, "properties": {"id": "H00179P", "stop_id": "H00179P", "name": "Pondok Pinang", "stop_name": "Pondok Pinang", "route_name": "Pondok Pinang", "corridor_id": "K8", "corridor_no": 8, "corridor_nos": ",8,", "koridor_label": "8", "mode": "TransJakarta", "status": "existing", "status_label": "Jaringan saat ini", "source": "Jakarta Satu / Jaklingko Perhentian_TJ FeatureServer", "source_type": "official", "source_url": "https://jakartasatu.jakarta.go.id/server/rest/services/Jaklingko/Perhentian_TJ/FeatureServer/0", "operator": "TransJakarta", "prev_stop": "Lebak Bulus", "next_stop": "Underpass Lebak Bulus", "tipe": "Antara", "kecamatan": "Kebayoran Lama", "kota": "Jakarta Selatan", "interchange": false, "color": "#5865C7"}}, {"type": "Feature", "id": "H00180P", "geometry": {"type": "Point", "coordinates": [106.77226000029981, -6.212935000349205]}, "properties": {"id": "H00180P", "stop_id": "H00180P", "name": "Pos Pengumben", "stop_name": "Pos Pengumben", "route_name": "Pos Pengumben", "corridor_id": "K8", "corridor_no": 8, "corridor_nos": ",8,", "koridor_label": "8", "mode": "TransJakarta", "status": "existing", "status_label": "Jaringan saat ini", "source": "Jakarta Satu / Jaklingko Perhentian_TJ FeatureServer", "source_type": "official", "source_url": "https://jakartasatu.jakarta.go.id/server/rest/services/Jaklingko/Perhentian_TJ/FeatureServer/0", "operator": "TransJakarta", "prev_stop": "Arteri · Kelapa Dua Sasak", "next_stop": "Kelapa Dua Sasak · Arteri", "tipe": "Antara", "kecamatan": "Kebon Jeruk", "kota": "Jakarta Barat", "interchange": false, "color": "#5865C7"}}, {"type": "Feature", "id": "H00181P", "geometry": {"type": "Point", "coordinates": [106.87401099990876, -6.192191999760155]}, "properties": {"id": "H00181P", "stop_id": "H00181P", "name": "Simpang Pramuka", "stop_name": "Simpang Pramuka", "route_name": "Simpang Pramuka", "corridor_id": "K4", "corridor_no": 4, "corridor_nos": ",4,", "koridor_label": "4", "mode": "TransJakarta", "status": "existing", "status_label": "Jaringan saat ini", "source": "Jakarta Satu / Jaklingko Perhentian_TJ FeatureServer", "source_type": "official", "source_url": "https://jakartasatu.jakarta.go.id/server/rest/services/Jaklingko/Perhentian_TJ/FeatureServer/0", "operator": "TransJakarta", "prev_stop": "Rawamangun · Pramuka Sari", "next_stop": "Pramuka Sari · Rawamangun", "tipe": "Antara", "kecamatan": "Cempaka Putih", "kota": "Jakarta Pusat", "interchange": false, "color": "#5865C7"}}, {"type": "Feature", "id": "H00182P", "geometry": {"type": "Point", "coordinates": [106.86857600018328, -6.1922380000828525]}, "properties": {"id": "H00182P", "stop_id": "H00182P", "name": "Pramuka Sari", "stop_name": "Pramuka Sari", "route_name": "Pramuka Sari", "corridor_id": "K4", "corridor_no": 4, "corridor_nos": ",4,", "koridor_label": "4", "mode": "TransJakarta", "status": "existing", "status_label": "Jaringan saat ini", "source": "Jakarta Satu / Jaklingko Perhentian_TJ FeatureServer", "source_type": "official", "source_url": "https://jakartasatu.jakarta.go.id/server/rest/services/Jaklingko/Perhentian_TJ/FeatureServer/0", "operator": "TransJakarta", "prev_stop": "Simpang Pramuka · Utan Kayu", "next_stop": "Utan Kayu · Simpang Pramuka", "tipe": "Antara", "kecamatan": "Cempaka Putih", "kota": "Jakarta Pusat", "interchange": false, "color": "#5865C7"}}, {"type": "Feature", "id": "H00184P", "geometry": {"type": "Point", "coordinates": [106.9088500003283, -6.183325000047887]}, "properties": {"id": "H00184P", "stop_id": "H00184P", "name": "Pulo Gadung", "stop_name": "Pulo Gadung", "route_name": "Pulo Gadung", "corridor_id": "K2,K4", "corridor_no": 2, "corridor_nos": ",2,4,", "koridor_label": "2, 4", "mode": "TransJakarta", "status": "existing", "status_label": "Jaringan saat ini", "source": "Jakarta Satu / Jaklingko Perhentian_TJ FeatureServer", "source_type": "official", "source_url": "https://jakartasatu.jakarta.go.id/server/rest/services/Jaklingko/Perhentian_TJ/FeatureServer/0", "operator": "TransJakarta", "prev_stop": "Bermis · Pasar Pulo Gadung", "next_stop": "Bermis · Pasar Pulo Gadung", "tipe": "Ujung", "kecamatan": "Pulo Gadung", "kota": "Jakarta Timur", "interchange": true, "color": "#5865C7"}}, {"type": "Feature", "id": "H00186P", "geometry": {"type": "Point", "coordinates": [106.95265100034442, -6.212697000165633]}, "properties": {"id": "H00186P", "stop_id": "H00186P", "name": "Pulo Gebang", "stop_name": "Pulo Gebang", "route_name": "Pulo Gebang", "corridor_id": "K11", "corridor_no": 11, "corridor_nos": ",11,", "koridor_label": "11", "mode": "TransJakarta", "status": "existing", "status_label": "Jaringan saat ini", "source": "Jakarta Satu / Jaklingko Perhentian_TJ FeatureServer", "source_type": "official", "source_url": "https://jakartasatu.jakarta.go.id/server/rest/services/Jaklingko/Perhentian_TJ/FeatureServer/0", "operator": "TransJakarta", "prev_stop": "Walikota Jakarta Timur", "next_stop": "Walikota Jakarta Timur", "tipe": "Ujung", "kecamatan": "Cakung", "kota": "Jakarta Timur", "interchange": false, "color": "#5865C7"}}, {"type": "Feature", "id": "H00187P", "geometry": {"type": "Point", "coordinates": [106.89277400002112, -6.17473599966587]}, "properties": {"id": "H00187P", "stop_id": "H00187P", "name": "Pulo Mas", "stop_name": "Pulo Mas", "route_name": "Pulo Mas", "corridor_id": "K2", "corridor_no": 2, "corridor_nos": ",2,", "koridor_label": "2", "mode": "TransJakarta", "status": "existing", "status_label": "Jaringan saat ini", "source": "Jakarta Satu / Jaklingko Perhentian_TJ FeatureServer", "source_type": "official", "source_url": "https://jakartasatu.jakarta.go.id/server/rest/services/Jaklingko/Perhentian_TJ/FeatureServer/0", "operator": "TransJakarta", "prev_stop": "Bermis · Perintis Kemerdekaan", "next_stop": "Perintis Kemerdekaan · Bermis", "tipe": "Antara", "kecamatan": "Pulo Gadung", "kota": "Jakarta Timur", "interchange": false, "color": "#5865C7"}}, {"type": "Feature", "id": "H00188P", "geometry": {"type": "Point", "coordinates": [106.87600199999332, -6.176953000279923]}, "properties": {"id": "H00188P", "stop_id": "H00188P", "name": "Pulo Mas Bypass", "stop_name": "Pulo Mas Bypass", "route_name": "Pulo Mas Bypass", "corridor_id": "K10", "corridor_no": 10, "corridor_nos": ",10,", "koridor_label": "10", "mode": "TransJakarta", "status": "existing", "status_label": "Jaringan saat ini", "source": "Jakarta Satu / Jaklingko Perhentian_TJ FeatureServer", "source_type": "official", "source_url": "https://jakartasatu.jakarta.go.id/server/rest/services/Jaklingko/Perhentian_TJ/FeatureServer/0", "operator": "TransJakarta", "prev_stop": "Cempaka Putih · Kayu Putih Rawasari", "next_stop": "Kayu Putih Rawasari · Cempaka Putih", "tipe": "Antara", "kecamatan": "Pulo Gadung", "kota": "Jakarta Timur", "interchange": false, "color": "#5865C7"}}, {"type": "Feature", "id": "H00189P", "geometry": {"type": "Point", "coordinates": [106.7260230003622, -6.230596000004596]}, "properties": {"id": "H00189P", "stop_id": "H00189P", "name": "Puri Beta 1", "stop_name": "Puri Beta 1", "route_name": "Puri Beta 1", "corridor_id": "K13", "corridor_no": 13, "corridor_nos": ",13,", "koridor_label": "13", "mode": "TransJakarta", "status": "existing", "status_label": "Jaringan saat ini", "source": "Jakarta Satu / Jaklingko Perhentian_TJ FeatureServer", "source_type": "official", "source_url": "https://jakartasatu.jakarta.go.id/server/rest/services/Jaklingko/Perhentian_TJ/FeatureServer/0", "operator": "TransJakarta", "prev_stop": "Puri Beta 2", "next_stop": "Petukangan Utara", "tipe": "Antara", "kecamatan": "Ciledug", "kota": "Tangerang", "interchange": false, "color": "#5865C7"}}, {"type": "Feature", "id": "H00190P", "geometry": {"type": "Point", "coordinates": [106.72370499958708, -6.230531999751179]}, "properties": {"id": "H00190P", "stop_id": "H00190P", "name": "Puri Beta 2", "stop_name": "Puri Beta 2", "route_name": "Puri Beta 2", "corridor_id": "K13", "corridor_no": 13, "corridor_nos": ",13,", "koridor_label": "13", "mode": "TransJakarta", "status": "existing", "status_label": "Jaringan saat ini", "source": "Jakarta Satu / Jaklingko Perhentian_TJ FeatureServer", "source_type": "official", "source_url": "https://jakartasatu.jakarta.go.id/server/rest/services/Jaklingko/Perhentian_TJ/FeatureServer/0", "operator": "TransJakarta", "prev_stop": "", "next_stop": "Puri Beta 1", "tipe": "Antara", "kecamatan": "Ciledug", "kota": "Tangerang", "interchange": false, "color": "#5865C7"}}, {"type": "Feature", "id": "H00191P", "geometry": {"type": "Point", "coordinates": [106.81948499993382, -6.305768999738746]}, "properties": {"id": "H00191P", "stop_id": "H00191P", "name": "Ragunan", "stop_name": "Ragunan", "route_name": "Ragunan", "corridor_id": "K6", "corridor_no": 6, "corridor_nos": ",6,", "koridor_label": "6", "mode": "TransJakarta", "status": "existing", "status_label": "Jaringan saat ini", "source": "Jakarta Satu / Jaklingko Perhentian_TJ FeatureServer", "source_type": "official", "source_url": "https://jakartasatu.jakarta.go.id/server/rest/services/Jaklingko/Perhentian_TJ/FeatureServer/0", "operator": "TransJakarta", "prev_stop": "Simpang Ragunan", "next_stop": "Simpang Ragunan", "tipe": "Ujung", "kecamatan": "Pasar Minggu", "kota": "Jakarta Selatan", "interchange": false, "color": "#5865C7"}}, {"type": "Feature", "id": "H00192P", "geometry": {"type": "Point", "coordinates": [106.81624299971571, -6.238947000203098]}, "properties": {"id": "H00192P", "stop_id": "H00192P", "name": "Rawa Barat", "stop_name": "Rawa Barat", "route_name": "Rawa Barat", "corridor_id": "K13", "corridor_no": 13, "corridor_nos": ",13,", "koridor_label": "13", "mode": "TransJakarta", "status": "existing", "status_label": "Jaringan saat ini", "source": "Jakarta Satu / Jaklingko Perhentian_TJ FeatureServer", "source_type": "official", "source_url": "https://jakartasatu.jakarta.go.id/server/rest/services/Jaklingko/Perhentian_TJ/FeatureServer/0", "operator": "TransJakarta", "prev_stop": "Pasar Santa", "next_stop": "Tegal Mampang", "tipe": "Antara", "kecamatan": "Kebayoran Baru", "kota": "Jakarta Selatan", "interchange": false, "color": "#5865C7"}}, {"type": "Feature", "id": "H00193P", "geometry": {"type": "Point", "coordinates": [106.72618799987731, -6.153916000022548]}, "properties": {"id": "H00193P", "stop_id": "H00193P", "name": "Rawa Buaya", "stop_name": "Rawa Buaya", "route_name": "Rawa Buaya", "corridor_id": "K3", "corridor_no": 3, "corridor_nos": ",3,", "koridor_label": "3", "mode": "TransJakarta", "status": "existing", "status_label": "Jaringan saat ini", "source": "Jakarta Satu / Jaklingko Perhentian_TJ FeatureServer", "source_type": "official", "source_url": "https://jakartasatu.jakarta.go.id/server/rest/services/Jaklingko/Perhentian_TJ/FeatureServer/0", "operator": "TransJakarta", "prev_stop": "Sumur Bor · Jembatan Baru", "next_stop": "Jembatan Baru · Sumur Bor", "tipe": "Antara", "kecamatan": "Cengkareng", "kota": "Jakarta Barat", "interchange": false, "color": "#5865C7"}}, {"type": "Feature", "id": "H00194P", "geometry": {"type": "Point", "coordinates": [106.85808800036199, -6.173925000037912]}, "properties": {"id": "H00194P", "stop_id": "H00194P", "name": "Rawa Selatan", "stop_name": "Rawa Selatan", "route_name": "Rawa Selatan", "corridor_id": "K2", "corridor_no": 2, "corridor_nos": ",2,", "koridor_label": "2", "mode": "TransJakarta", "status": "existing", "status_label": "Jaringan saat ini", "source": "Jakarta Satu / Jaklingko Perhentian_TJ FeatureServer", "source_type": "official", "source_url": "https://jakartasatu.jakarta.go.id/server/rest/services/Jaklingko/Perhentian_TJ/FeatureServer/0", "operator": "TransJakarta", "prev_stop": "Pasar Cempaka Putih · Galur", "next_stop": "Galur · Pasar Cempaka Putih", "tipe": "Antara", "kecamatan": "Cempaka Putih", "kota": "Jakarta Pusat", "interchange": false, "color": "#5865C7"}}, {"type": "Feature", "id": "H00196P", "geometry": {"type": "Point", "coordinates": [106.86802800009315, -6.301956000168445]}, "properties": {"id": "H00196P", "stop_id": "H00196P", "name": "Trikora", "stop_name": "Trikora", "route_name": "Trikora", "corridor_id": "K7", "corridor_no": 7, "corridor_nos": ",7,", "koridor_label": "7", "mode": "TransJakarta", "status": "existing", "status_label": "Jaringan saat ini", "source": "Jakarta Satu / Jaklingko Perhentian_TJ FeatureServer", "source_type": "official", "source_url": "https://jakartasatu.jakarta.go.id/server/rest/services/Jaklingko/Perhentian_TJ/FeatureServer/0", "operator": "TransJakarta", "prev_stop": "Flyover Raya Bogor · Pasar Induk", "next_stop": "Pasar Induk · Flyover Raya Bogor", "tipe": "Antara", "kecamatan": "Ciracas", "kota": "Jakarta Timur", "interchange": false, "color": "#5865C7"}}, {"type": "Feature", "id": "H00197S", "geometry": {"type": "Point", "coordinates": [106.79097299990508, -6.160376000251404]}, "properties": {"id": "H00197S", "stop_id": "H00197S", "name": "Kali Grogol Arah Selatan", "stop_name": "Kali Grogol Arah Selatan", "route_name": "Kali Grogol Arah Selatan", "corridor_id": "K9", "corridor_no": 9, "corridor_nos": ",9,", "koridor_label": "9", "mode": "TransJakarta", "status": "existing", "status_label": "Jaringan saat ini", "source": "Jakarta Satu / Jaklingko Perhentian_TJ FeatureServer", "source_type": "official", "source_url": "https://jakartasatu.jakarta.go.id/server/rest/services/Jaklingko/Perhentian_TJ/FeatureServer/0", "operator": "TransJakarta", "prev_stop": "Jembatan Besi", "next_stop": "Grogol Reformasi", "tipe": "Transit", "kecamatan": "Grogol Petamburan", "kota": "Jakarta Barat", "interchange": false, "color": "#5865C7"}}, {"type": "Feature", "id": "H00198S", "geometry": {"type": "Point", "coordinates": [106.83807500016218, -6.241570999801013]}, "properties": {"id": "H00198S", "stop_id": "H00198S", "name": "Pancoran Arah Timur", "stop_name": "Pancoran Arah Timur", "route_name": "Pancoran Arah Timur", "corridor_id": "K9", "corridor_no": 9, "corridor_nos": ",9,", "koridor_label": "9", "mode": "TransJakarta", "status": "existing", "status_label": "Jaringan saat ini", "source": "Jakarta Satu / Jaklingko Perhentian_TJ FeatureServer", "source_type": "official", "source_url": "https://jakartasatu.jakarta.go.id/server/rest/services/Jaklingko/Perhentian_TJ/FeatureServer/0", "operator": "TransJakarta", "prev_stop": "Tegal Parang Arah Timur", "next_stop": "Pancoran Tugu", "tipe": "Integrasi", "kecamatan": "Tebet", "kota": "Jakarta Selatan", "interchange": false, "color": "#5865C7"}}, {"type": "Feature", "id": "H00199P", "geometry": {"type": "Point", "coordinates": [106.87027000006151, -6.168675999896664]}, "properties": {"id": "H00199P", "stop_id": "H00199P", "name": "Sumur Batu", "stop_name": "Sumur Batu", "route_name": "Sumur Batu", "corridor_id": "K2", "corridor_no": 2, "corridor_nos": ",2,", "koridor_label": "2", "mode": "TransJakarta", "status": "existing", "status_label": "Jaringan saat ini", "source": "Jakarta Satu / Jaklingko Perhentian_TJ FeatureServer", "source_type": "official", "source_url": "https://jakartasatu.jakarta.go.id/server/rest/services/Jaklingko/Perhentian_TJ/FeatureServer/0", "operator": "TransJakarta", "prev_stop": "Cempaka Mas · Cempaka Baru", "next_stop": "Cempaka Baru · Cempaka Mas", "tipe": "Antara", "kecamatan": "Cempaka Putih", "kota": "Jakarta Pusat", "interchange": false, "color": "#5865C7"}}, {"type": "Feature", "id": "H00200P", "geometry": {"type": "Point", "coordinates": [106.79674599992899, -6.166293999767447]}, "properties": {"id": "H00200P", "stop_id": "H00200P", "name": "Roxy", "stop_name": "Roxy", "route_name": "Roxy", "corridor_id": "K3", "corridor_no": 3, "corridor_nos": ",3,", "koridor_label": "3", "mode": "TransJakarta", "status": "existing", "status_label": "Jaringan saat ini", "source": "Jakarta Satu / Jaklingko Perhentian_TJ FeatureServer", "source_type": "official", "source_url": "https://jakartasatu.jakarta.go.id/server/rest/services/Jaklingko/Perhentian_TJ/FeatureServer/0", "operator": "TransJakarta", "prev_stop": "Grogol · Petojo", "next_stop": "Petojo · Grogol", "tipe": "Antara", "kecamatan": "Grogol Petamburan", "kota": "Jakarta Barat", "interchange": false, "color": "#5865C7"}}, {"type": "Feature", "id": "H00201P", "geometry": {"type": "Point", "coordinates": [106.81011000017742, -6.171145999587395]}, "properties": {"id": "H00201P", "stop_id": "H00201P", "name": "Tarakan", "stop_name": "Tarakan", "route_name": "Tarakan", "corridor_id": "K8", "corridor_no": 8, "corridor_nos": ",8,", "koridor_label": "8", "mode": "TransJakarta", "status": "existing", "status_label": "Jaringan saat ini", "source": "Jakarta Satu / Jaklingko Perhentian_TJ FeatureServer", "source_type": "official", "source_url": "https://jakartasatu.jakarta.go.id/server/rest/services/Jaklingko/Perhentian_TJ/FeatureServer/0", "operator": "TransJakarta", "prev_stop": "Tomang Raya · Petojo", "next_stop": "Petojo · Tomang Raya", "tipe": "Antara", "kecamatan": "Gambir", "kota": "Jakarta Pusat", "interchange": false, "color": "#5865C7"}}, {"type": "Feature", "id": "H00202P", "geometry": {"type": "Point", "coordinates": [106.83673899970609, -6.175485000031927]}, "properties": {"id": "H00202P", "stop_id": "H00202P", "name": "RSPAD", "stop_name": "RSPAD", "route_name": "RSPAD", "corridor_id": "K2", "corridor_no": 2, "corridor_nos": ",2,", "koridor_label": "2", "mode": "TransJakarta", "status": "existing", "status_label": "Jaringan saat ini", "source": "Jakarta Satu / Jaklingko Perhentian_TJ FeatureServer", "source_type": "official", "source_url": "https://jakartasatu.jakarta.go.id/server/rest/services/Jaklingko/Perhentian_TJ/FeatureServer/0", "operator": "TransJakarta", "prev_stop": "Senen Raya", "next_stop": "Pejambon", "tipe": "Antara", "kecamatan": "Senen", "kota": "Jakarta Pusat", "interchange": false, "color": "#5865C7"}}, {"type": "Feature", "id": "H00203S", "geometry": {"type": "Point", "coordinates": [106.8372000002808, -6.241671999962023]}, "properties": {"id": "H00203S", "stop_id": "H00203S", "name": "Pancoran Arah Barat", "stop_name": "Pancoran Arah Barat", "route_name": "Pancoran Arah Barat", "corridor_id": "K9", "corridor_no": 9, "corridor_nos": ",9,", "koridor_label": "9", "mode": "TransJakarta", "status": "existing", "status_label": "Jaringan saat ini", "source": "Jakarta Satu / Jaklingko Perhentian_TJ FeatureServer", "source_type": "official", "source_url": "https://jakartasatu.jakarta.go.id/server/rest/services/Jaklingko/Perhentian_TJ/FeatureServer/0", "operator": "TransJakarta", "prev_stop": "Pancoran Tugu", "next_stop": "Tegal Parang Arah Barat", "tipe": "Integrasi", "kecamatan": "Pancoran", "kota": "Jakarta Selatan", "interchange": false, "color": "#5865C7"}}, {"type": "Feature", "id": "H00204S", "geometry": {"type": "Point", "coordinates": [106.79674299979064, -6.1844889997667]}, "properties": {"id": "H00204S", "stop_id": "H00204S", "name": "Kota Bambu Arah Utara", "stop_name": "Kota Bambu Arah Utara", "route_name": "Kota Bambu Arah Utara", "corridor_id": "K9", "corridor_no": 9, "corridor_nos": ",9,", "koridor_label": "9", "mode": "TransJakarta", "status": "existing", "status_label": "Jaringan saat ini", "source": "Jakarta Satu / Jaklingko Perhentian_TJ FeatureServer", "source_type": "official", "source_url": "https://jakartasatu.jakarta.go.id/server/rest/services/Jaklingko/Perhentian_TJ/FeatureServer/0", "operator": "TransJakarta", "prev_stop": "Kemanggisan Arah Utara", "next_stop": "Tanjung Duren Arah Barat", "tipe": "Antara", "kecamatan": "Palmerah", "kota": "Jakarta Barat", "interchange": false, "color": "#5865C7"}}, {"type": "Feature", "id": "H00205P", "geometry": {"type": "Point", "coordinates": [106.85101599978958, -6.196781000042336]}, "properties": {"id": "H00205P", "stop_id": "H00205P", "name": "Paseban", "stop_name": "Paseban", "route_name": "Paseban", "corridor_id": "K5", "corridor_no": 5, "corridor_nos": ",5,", "koridor_label": "5", "mode": "TransJakarta", "status": "existing", "status_label": "Jaringan saat ini", "source": "Jakarta Satu / Jaklingko Perhentian_TJ FeatureServer", "source_type": "official", "source_url": "https://jakartasatu.jakarta.go.id/server/rest/services/Jaklingko/Perhentian_TJ/FeatureServer/0", "operator": "TransJakarta", "prev_stop": "Pasar Baru Timur", "next_stop": "Lapangan Banteng", "tipe": "Antara", "kecamatan": "Senen", "kota": "Jakarta Pusat", "interchange": false, "color": "#5865C7"}}, {"type": "Feature", "id": "H00206P", "geometry": {"type": "Point", "coordinates": [106.84891199988994, -6.193373000262966]}, "properties": {"id": "H00206P", "stop_id": "H00206P", "name": "Salemba", "stop_name": "Salemba", "route_name": "Salemba", "corridor_id": "K5", "corridor_no": 5, "corridor_nos": ",5,", "koridor_label": "5", "mode": "TransJakarta", "status": "existing", "status_label": "Jaringan saat ini", "source": "Jakarta Satu / Jaklingko Perhentian_TJ FeatureServer", "source_type": "official", "source_url": "https://jakartasatu.jakarta.go.id/server/rest/services/Jaklingko/Perhentian_TJ/FeatureServer/0", "operator": "TransJakarta", "prev_stop": "Lapangan Banteng", "next_stop": "Senen Sentral", "tipe": "Antara", "kecamatan": "Senen", "kota": "Jakarta Pusat", "interchange": false, "color": "#5865C7"}}, {"type": "Feature", "id": "H00207P", "geometry": {"type": "Point", "coordinates": [106.8229869995514, -6.188149000375233]}, "properties": {"id": "H00207P", "stop_id": "H00207P", "name": "MH Thamrin", "stop_name": "MH Thamrin", "route_name": "MH Thamrin", "corridor_id": "K1", "corridor_no": 1, "corridor_nos": ",1,", "koridor_label": "1", "mode": "TransJakarta", "status": "existing", "status_label": "Jaringan saat ini", "source": "Jakarta Satu / Jaklingko Perhentian_TJ FeatureServer", "source_type": "official", "source_url": "https://jakartasatu.jakarta.go.id/server/rest/services/Jaklingko/Perhentian_TJ/FeatureServer/0", "operator": "TransJakarta", "prev_stop": "Bundaran HI Astra · Kebon Sirih Arah Selatan", "next_stop": "Kebon Sirih Arah Utara · Bundaran HI Astra", "tipe": "Transit", "kecamatan": "Menteng", "kota": "Jakarta Pusat", "interchange": false, "color": "#5865C7"}}, {"type": "Feature", "id": "H00208P", "geometry": {"type": "Point", "coordinates": [106.8192200003038, -6.160410000020704]}, "properties": {"id": "H00208P", "stop_id": "H00208P", "name": "Sawah Besar Lama", "stop_name": "Sawah Besar Lama", "route_name": "Sawah Besar Lama", "corridor_id": "K1", "corridor_no": 1, "corridor_nos": ",1,", "koridor_label": "1", "mode": "TransJakarta", "status": "existing", "status_label": "Jaringan saat ini", "source": "Jakarta Satu / Jaklingko Perhentian_TJ FeatureServer", "source_type": "official", "source_url": "https://jakartasatu.jakarta.go.id/server/rest/services/Jaklingko/Perhentian_TJ/FeatureServer/0", "operator": "TransJakarta", "prev_stop": "", "next_stop": "", "tipe": " ", "kecamatan": "Gambir", "kota": "Jakarta Pusat", "interchange": false, "color": "#5865C7"}}, {"type": "Feature", "id": "H00209S", "geometry": {"type": "Point", "coordinates": [106.79708800041192, -6.185221000248134]}, "properties": {"id": "H00209S", "stop_id": "H00209S", "name": "Kota Bambu Arah Selatan", "stop_name": "Kota Bambu Arah Selatan", "route_name": "Kota Bambu Arah Selatan", "corridor_id": "K9", "corridor_no": 9, "corridor_nos": ",9,", "koridor_label": "9", "mode": "TransJakarta", "status": "existing", "status_label": "Jaringan saat ini", "source": "Jakarta Satu / Jaklingko Perhentian_TJ FeatureServer", "source_type": "official", "source_url": "https://jakartasatu.jakarta.go.id/server/rest/services/Jaklingko/Perhentian_TJ/FeatureServer/0", "operator": "TransJakarta", "prev_stop": "Tanjung Duren Arah Timur", "next_stop": "Kemanggisan Arah Selatan", "tipe": "Antara", "kecamatan": "Palmerah", "kota": "Jakarta Barat", "interchange": false, "color": "#5865C7"}}, {"type": "Feature", "id": "H00210S", "geometry": {"type": "Point", "coordinates": [106.79222800022308, -6.175587000239091]}, "properties": {"id": "H00210S", "stop_id": "H00210S", "name": "Tanjung Duren Arah Barat", "stop_name": "Tanjung Duren Arah Barat", "route_name": "Tanjung Duren Arah Barat", "corridor_id": "K8,K9", "corridor_no": 8, "corridor_nos": ",8,9,", "koridor_label": "8, 9", "mode": "TransJakarta", "status": "existing", "status_label": "Jaringan saat ini", "source": "Jakarta Satu / Jaklingko Perhentian_TJ FeatureServer", "source_type": "official", "source_url": "https://jakartasatu.jakarta.go.id/server/rest/services/Jaklingko/Perhentian_TJ/FeatureServer/0", "operator": "TransJakarta", "prev_stop": "Tomang Raya · Kota Bambu Arah Utara", "next_stop": "Jelambar · Grogol Reformasi", "tipe": "Antara", "kecamatan": "Grogol Petamburan", "kota": "Jakarta Barat", "interchange": true, "color": "#5865C7"}}, {"type": "Feature", "id": "H00211S", "geometry": {"type": "Point", "coordinates": [106.79307499971253, -6.175799000122936]}, "properties": {"id": "H00211S", "stop_id": "H00211S", "name": "Tanjung Duren Arah Timur", "stop_name": "Tanjung Duren Arah Timur", "route_name": "Tanjung Duren Arah Timur", "corridor_id": "K8,K9", "corridor_no": 8, "corridor_nos": ",8,9,", "koridor_label": "8, 9", "mode": "TransJakarta", "status": "existing", "status_label": "Jaringan saat ini", "source": "Jakarta Satu / Jaklingko Perhentian_TJ FeatureServer", "source_type": "official", "source_url": "https://jakartasatu.jakarta.go.id/server/rest/services/Jaklingko/Perhentian_TJ/FeatureServer/0", "operator": "TransJakarta", "prev_stop": "Grogol Reformasi", "next_stop": "Tomang Raya · Kota Bambu Arah Selatan", "tipe": "Antara", "kecamatan": "Grogol Petamburan", "kota": "Jakarta Barat", "interchange": true, "color": "#5865C7"}}, {"type": "Feature", "id": "H00212P", "geometry": {"type": "Point", "coordinates": [106.84250500030657, -6.178210999836949]}, "properties": {"id": "H00212P", "stop_id": "H00212P", "name": "Pasar Senen", "stop_name": "Pasar Senen", "route_name": "Pasar Senen", "corridor_id": "K2,K14", "corridor_no": 2, "corridor_nos": ",2,14,", "koridor_label": "2, 14", "mode": "TransJakarta", "status": "existing", "status_label": "Jaringan saat ini", "source": "Jakarta Satu / Jaklingko Perhentian_TJ FeatureServer", "source_type": "official", "source_url": "https://jakartasatu.jakarta.go.id/server/rest/services/Jaklingko/Perhentian_TJ/FeatureServer/0", "operator": "TransJakarta", "prev_stop": "Galur · Kwitang · Tanah Tinggi", "next_stop": "Senen Raya · Galur", "tipe": "Ujung", "kecamatan": "Senen", "kota": "Jakarta Pusat", "interchange": true, "color": "#5865C7"}}, {"type": "Feature", "id": "H00213P", "geometry": {"type": "Point", "coordinates": [106.84197300005496, -6.178286999744444]}, "properties": {"id": "H00213P", "stop_id": "H00213P", "name": "Senen Sentral", "stop_name": "Senen Sentral", "route_name": "Senen Sentral", "corridor_id": "K5", "corridor_no": 5, "corridor_nos": ",5,", "koridor_label": "5", "mode": "TransJakarta", "status": "existing", "status_label": "Jaringan saat ini", "source": "Jakarta Satu / Jaklingko Perhentian_TJ FeatureServer", "source_type": "official", "source_url": "https://jakartasatu.jakarta.go.id/server/rest/services/Jaklingko/Perhentian_TJ/FeatureServer/0", "operator": "TransJakarta", "prev_stop": "Salemba", "next_stop": "Kramat Sentiong", "tipe": "Transit", "kecamatan": "Senen", "kota": "Jakarta Pusat", "interchange": false, "color": "#5865C7"}}, {"type": "Feature", "id": "H00214P", "geometry": {"type": "Point", "coordinates": [106.77120500021164, -6.2380639999528285]}, "properties": {"id": "H00214P", "stop_id": "H00214P", "name": "Seskoal", "stop_name": "Seskoal", "route_name": "Seskoal", "corridor_id": "K13", "corridor_no": 13, "corridor_nos": ",13,", "koridor_label": "13", "mode": "TransJakarta", "status": "existing", "status_label": "Jaringan saat ini", "source": "Jakarta Satu / Jaklingko Perhentian_TJ FeatureServer", "source_type": "official", "source_url": "https://jakartasatu.jakarta.go.id/server/rest/services/Jaklingko/Perhentian_TJ/FeatureServer/0", "operator": "TransJakarta", "prev_stop": "Cipulir", "next_stop": "Kebayoran Lama", "tipe": "Antara", "kecamatan": "Kebayoran Lama", "kota": "Jakarta Selatan", "interchange": false, "color": "#5865C7"}}, {"type": "Feature", "id": "H00215P", "geometry": {"type": "Point", "coordinates": [106.83023700023841, -6.209189000271351]}, "properties": {"id": "H00215P", "stop_id": "H00215P", "name": "Setiabudi", "stop_name": "Setiabudi", "route_name": "Setiabudi", "corridor_id": "K6", "corridor_no": 6, "corridor_nos": ",6,", "koridor_label": "6", "mode": "TransJakarta", "status": "existing", "status_label": "Jaringan saat ini", "source": "Jakarta Satu / Jaklingko Perhentian_TJ FeatureServer", "source_type": "official", "source_url": "https://jakartasatu.jakarta.go.id/server/rest/services/Jaklingko/Perhentian_TJ/FeatureServer/0", "operator": "TransJakarta", "prev_stop": "Kuningan Madya · Galunggung", "next_stop": "Flyover Kuningan · Kuningan Madya", "tipe": "Integrasi", "kecamatan": "Setiabudi", "kota": "Jakarta Selatan", "interchange": false, "color": "#5865C7"}}, {"type": "Feature", "id": "H00216P", "geometry": {"type": "Point", "coordinates": [106.78647100003764, -6.233935000199267]}, "properties": {"id": "H00216P", "stop_id": "H00216P", "name": "Simprug", "stop_name": "Simprug", "route_name": "Simprug", "corridor_id": "K8", "corridor_no": 8, "corridor_nos": ",8,", "koridor_label": "8", "mode": "TransJakarta", "status": "existing", "status_label": "Jaringan saat ini", "source": "Jakarta Satu / Jaklingko Perhentian_TJ FeatureServer", "source_type": "official", "source_url": "https://jakartasatu.jakarta.go.id/server/rest/services/Jaklingko/Perhentian_TJ/FeatureServer/0", "operator": "TransJakarta", "prev_stop": "Kebayoran · Permata Hijau", "next_stop": "Permata Hijau · Kebayoran", "tipe": "Antara", "kecamatan": "Kebayoran Lama", "kota": "Jakarta Selatan", "interchange": false, "color": "#5865C7"}}, {"type": "Feature", "id": "H00217P", "geometry": {"type": "Point", "coordinates": [106.8592889999884, -6.208532999697354]}, "properties": {"id": "H00217P", "stop_id": "H00217P", "name": "Kesatrian", "stop_name": "Kesatrian", "route_name": "Kesatrian", "corridor_id": "K4,K5", "corridor_no": 4, "corridor_nos": ",4,5,", "koridor_label": "4, 5", "mode": "TransJakarta", "status": "existing", "status_label": "Jaringan saat ini", "source": "Jakarta Satu / Jaklingko Perhentian_TJ FeatureServer", "source_type": "official", "source_url": "https://jakartasatu.jakarta.go.id/server/rest/services/Jaklingko/Perhentian_TJ/FeatureServer/0", "operator": "TransJakarta", "prev_stop": "Pademangan", "next_stop": "Gunung Sahari", "tipe": "Antara", "kecamatan": "Matraman", "kota": "Jakarta Timur", "interchange": true, "color": "#5865C7"}}, {"type": "Feature", "id": "H00218S", "geometry": {"type": "Point", "coordinates": [106.8084069998842, -6.213906000160989]}, "properties": {"id": "H00218S", "stop_id": "H00218S", "name": "Gerbang Pemuda Arah Barat", "stop_name": "Gerbang Pemuda Arah Barat", "route_name": "Gerbang Pemuda Arah Barat", "corridor_id": "K9", "corridor_no": 9, "corridor_nos": ",9,", "koridor_label": "9", "mode": "TransJakarta", "status": "existing", "status_label": "Jaringan saat ini", "source": "Jakarta Satu / Jaklingko Perhentian_TJ FeatureServer", "source_type": "official", "source_url": "https://jakartasatu.jakarta.go.id/server/rest/services/Jaklingko/Perhentian_TJ/FeatureServer/0", "operator": "TransJakarta", "prev_stop": "Semanggi", "next_stop": "Petamburan", "tipe": "Transit", "kecamatan": "Tanah Abang", "kota": "Jakarta Pusat", "interchange": false, "color": "#5865C7"}}, {"type": "Feature", "id": "H00219S", "geometry": {"type": "Point", "coordinates": [106.80900400043532, -6.214145000390658]}, "properties": {"id": "H00219S", "stop_id": "H00219S", "name": "Gerbang Pemuda Arah Timur", "stop_name": "Gerbang Pemuda Arah Timur", "route_name": "Gerbang Pemuda Arah Timur", "corridor_id": "K9", "corridor_no": 9, "corridor_nos": ",9,", "koridor_label": "9", "mode": "TransJakarta", "status": "existing", "status_label": "Jaringan saat ini", "source": "Jakarta Satu / Jaklingko Perhentian_TJ FeatureServer", "source_type": "official", "source_url": "https://jakartasatu.jakarta.go.id/server/rest/services/Jaklingko/Perhentian_TJ/FeatureServer/0", "operator": "TransJakarta", "prev_stop": "Petamburan", "next_stop": "Semanggi", "tipe": "Transit", "kecamatan": "Tanah Abang", "kota": "Jakarta Pusat", "interchange": false, "color": "#5865C7"}}, {"type": "Feature", "id": "H00220S", "geometry": {"type": "Point", "coordinates": [106.79694099992827, -6.189905999561404]}, "properties": {"id": "H00220S", "stop_id": "H00220S", "name": "Kemanggisan Arah Utara", "stop_name": "Kemanggisan Arah Utara", "route_name": "Kemanggisan Arah Utara", "corridor_id": "K9", "corridor_no": 9, "corridor_nos": ",9,", "koridor_label": "9", "mode": "TransJakarta", "status": "existing", "status_label": "Jaringan saat ini", "source": "Jakarta Satu / Jaklingko Perhentian_TJ FeatureServer", "source_type": "official", "source_url": "https://jakartasatu.jakarta.go.id/server/rest/services/Jaklingko/Perhentian_TJ/FeatureServer/0", "operator": "TransJakarta", "prev_stop": "Petamburan", "next_stop": "Kota Bambu Arah Utara", "tipe": "Antara", "kecamatan": "Palmerah", "kota": "Jakarta Barat", "interchange": false, "color": "#5865C7"}}, {"type": "Feature", "id": "H00221P", "geometry": {"type": "Point", "coordinates": [106.8236490004021, -6.290966999726436]}, "properties": {"id": "H00221P", "stop_id": "H00221P", "name": "Jati Barat", "stop_name": "Jati Barat", "route_name": "Jati Barat", "corridor_id": "K6", "corridor_no": 6, "corridor_nos": ",6,", "koridor_label": "6", "mode": "TransJakarta", "status": "existing", "status_label": "Jaringan saat ini", "source": "Jakarta Satu / Jaklingko Perhentian_TJ FeatureServer", "source_type": "official", "source_url": "https://jakartasatu.jakarta.go.id/server/rest/services/Jaklingko/Perhentian_TJ/FeatureServer/0", "operator": "TransJakarta", "prev_stop": "Simpang Ragunan · Jati Padang", "next_stop": "Jati Padang · Simpang Ragunan", "tipe": "Antara", "kecamatan": "Pasar Minggu", "kota": "Jakarta Selatan", "interchange": false, "color": "#5865C7"}}, {"type": "Feature", "id": "H00222P", "geometry": {"type": "Point", "coordinates": [106.85920199957366, -6.139775999961614]}, "properties": {"id": "H00222P", "stop_id": "H00222P", "name": "Sunter Utara", "stop_name": "Sunter Utara", "route_name": "Sunter Utara", "corridor_id": "K12", "corridor_no": 12, "corridor_nos": ",12,", "koridor_label": "12", "mode": "TransJakarta", "status": "existing", "status_label": "Jaringan saat ini", "source": "Jakarta Satu / Jaklingko Perhentian_TJ FeatureServer", "source_type": "official", "source_url": "https://jakartasatu.jakarta.go.id/server/rest/services/Jaklingko/Perhentian_TJ/FeatureServer/0", "operator": "TransJakarta", "prev_stop": "Sunter Karya · Danau Sunter", "next_stop": "Danau Sunter · Sunter Karya", "tipe": "Antara", "kecamatan": "Tanjung Priok", "kota": "Jakarta Utara", "interchange": false, "color": "#5865C7"}}, {"type": "Feature", "id": "H00224S", "geometry": {"type": "Point", "coordinates": [106.79725900020372, -6.189781000092296]}, "properties": {"id": "H00224S", "stop_id": "H00224S", "name": "Kemanggisan Arah Selatan", "stop_name": "Kemanggisan Arah Selatan", "route_name": "Kemanggisan Arah Selatan", "corridor_id": "K9", "corridor_no": 9, "corridor_nos": ",9,", "koridor_label": "9", "mode": "TransJakarta", "status": "existing", "status_label": "Jaringan saat ini", "source": "Jakarta Satu / Jaklingko Perhentian_TJ FeatureServer", "source_type": "official", "source_url": "https://jakartasatu.jakarta.go.id/server/rest/services/Jaklingko/Perhentian_TJ/FeatureServer/0", "operator": "TransJakarta", "prev_stop": "Kota Bambu Arah Selatan", "next_stop": "Petamburan", "tipe": "Antara", "kecamatan": "Palmerah", "kota": "Jakarta Barat", "interchange": false, "color": "#5865C7"}}, {"type": "Feature", "id": "H00225P", "geometry": {"type": "Point", "coordinates": [106.86805100025452, -6.2156010000852575]}, "properties": {"id": "H00225P", "stop_id": "H00225P", "name": "Stasiun Jatinegara", "stop_name": "Stasiun Jatinegara", "route_name": "Stasiun Jatinegara", "corridor_id": "K11", "corridor_no": 11, "corridor_nos": ",11,", "koridor_label": "11", "mode": "TransJakarta", "status": "existing", "status_label": "Jaringan saat ini", "source": "Jakarta Satu / Jaklingko Perhentian_TJ FeatureServer", "source_type": "official", "source_url": "https://jakartasatu.jakarta.go.id/server/rest/services/Jaklingko/Perhentian_TJ/FeatureServer/0", "operator": "TransJakarta", "prev_stop": "Flyover Jatinegara · Kampung Melayu", "next_stop": "Jatinegara · Flyover Jatinegara", "tipe": "Integrasi", "kecamatan": "Jatinegara", "kota": "Jakarta Timur", "interchange": false, "color": "#5865C7"}}, {"type": "Feature", "id": "H00226P", "geometry": {"type": "Point", "coordinates": [106.89865599967567, -6.21353200000101]}, "properties": {"id": "H00226P", "stop_id": "H00226P", "name": "Stasiun Klender", "stop_name": "Stasiun Klender", "route_name": "Stasiun Klender", "corridor_id": "K11", "corridor_no": 11, "corridor_nos": ",11,", "koridor_label": "11", "mode": "TransJakarta", "status": "existing", "status_label": "Jaringan saat ini", "source": "Jakarta Satu / Jaklingko Perhentian_TJ FeatureServer", "source_type": "official", "source_url": "https://jakartasatu.jakarta.go.id/server/rest/services/Jaklingko/Perhentian_TJ/FeatureServer/0", "operator": "TransJakarta", "prev_stop": "Klender · Cipinang", "next_stop": "Cipinang · Klender", "tipe": "Antara", "kecamatan": "Duren Sawit", "kota": "Jakarta Timur", "interchange": false, "color": "#5865C7"}}, {"type": "Feature", "id": "H00229P", "geometry": {"type": "Point", "coordinates": [106.71928800004218, -6.15304600037183]}, "properties": {"id": "H00229P", "stop_id": "H00229P", "name": "Sumur Bor", "stop_name": "Sumur Bor", "route_name": "Sumur Bor", "corridor_id": "K3", "corridor_no": 3, "corridor_nos": ",3,", "koridor_label": "3", "mode": "TransJakarta", "status": "existing", "status_label": "Jaringan saat ini", "source": "Jakarta Satu / Jaklingko Perhentian_TJ FeatureServer", "source_type": "official", "source_url": "https://jakartasatu.jakarta.go.id/server/rest/services/Jaklingko/Perhentian_TJ/FeatureServer/0", "operator": "TransJakarta", "prev_stop": "Pesakih · Rawa Buaya", "next_stop": "Rawa Buaya · Pesakih", "tipe": "Antara", "kecamatan": "Cengkareng", "kota": "Jakarta Barat", "interchange": false, "color": "#5865C7"}}, {"type": "Feature", "id": "H00230P", "geometry": {"type": "Point", "coordinates": [106.88366800007918, -6.193266999871355]}, "properties": {"id": "H00230P", "stop_id": "H00230P", "name": "Kayu Jati", "stop_name": "Kayu Jati", "route_name": "Kayu Jati", "corridor_id": "K4", "corridor_no": 4, "corridor_nos": ",4,", "koridor_label": "4", "mode": "TransJakarta", "status": "existing", "status_label": "Jaringan saat ini", "source": "Jakarta Satu / Jaklingko Perhentian_TJ FeatureServer", "source_type": "official", "source_url": "https://jakartasatu.jakarta.go.id/server/rest/services/Jaklingko/Perhentian_TJ/FeatureServer/0", "operator": "TransJakarta", "prev_stop": "Velodrome 3 · Rawamangun", "next_stop": "Rawamangun · Jakarta International Velodrome", "tipe": "Antara", "kecamatan": "Pulo Gadung", "kota": "Jakarta Timur", "interchange": false, "color": "#5865C7"}}, {"type": "Feature", "id": "H00231P", "geometry": {"type": "Point", "coordinates": [106.88899500022012, -6.149650000246481]}, "properties": {"id": "H00231P", "stop_id": "H00231P", "name": "Sunter Boulevard Barat", "stop_name": "Sunter Boulevard Barat", "route_name": "Sunter Boulevard Barat", "corridor_id": "K12", "corridor_no": 12, "corridor_nos": ",12,", "koridor_label": "12", "mode": "TransJakarta", "status": "existing", "status_label": "Jaringan saat ini", "source": "Jakarta Satu / Jaklingko Perhentian_TJ FeatureServer", "source_type": "official", "source_url": "https://jakartasatu.jakarta.go.id/server/rest/services/Jaklingko/Perhentian_TJ/FeatureServer/0", "operator": "TransJakarta", "prev_stop": "Plumpang · Sunter Karya", "next_stop": "Sunter Kelapa Gading", "tipe": "Transit", "kecamatan": "Tanjung Priok", "kota": "Jakarta Utara", "interchange": false, "color": "#5865C7"}}, {"type": "Feature", "id": "H00232P", "geometry": {"type": "Point", "coordinates": [106.87081299992104, -6.137624999693173]}, "properties": {"id": "H00232P", "stop_id": "H00232P", "name": "Sunter Karya", "stop_name": "Sunter Karya", "route_name": "Sunter Karya", "corridor_id": "K12", "corridor_no": 12, "corridor_nos": ",12,", "koridor_label": "12", "mode": "TransJakarta", "status": "existing", "status_label": "Jaringan saat ini", "source": "Jakarta Satu / Jaklingko Perhentian_TJ FeatureServer", "source_type": "official", "source_url": "https://jakartasatu.jakarta.go.id/server/rest/services/Jaklingko/Perhentian_TJ/FeatureServer/0", "operator": "TransJakarta", "prev_stop": "Sunter Kelapa Gading · Sunter Utara", "next_stop": "Sunter Utara · Sunter Boulevard Barat", "tipe": "Antara", "kecamatan": "Tanjung Priok", "kota": "Jakarta Utara", "interchange": false, "color": "#5865C7"}}, {"type": "Feature", "id": "H00233P", "geometry": {"type": "Point", "coordinates": [106.89075999977518, -6.142900000134091]}, "properties": {"id": "H00233P", "stop_id": "H00233P", "name": "Sunter Kelapa Gading", "stop_name": "Sunter Kelapa Gading", "route_name": "Sunter Kelapa Gading", "corridor_id": "K10,K12", "corridor_no": 10, "corridor_nos": ",10,12,", "koridor_label": "10, 12", "mode": "TransJakarta", "status": "existing", "status_label": "Jaringan saat ini", "source": "Jakarta Satu / Jaklingko Perhentian_TJ FeatureServer", "source_type": "official", "source_url": "https://jakartasatu.jakarta.go.id/server/rest/services/Jaklingko/Perhentian_TJ/FeatureServer/0", "operator": "TransJakarta", "prev_stop": "Plumpang · Kodamar · Sunter Boulevard Barat", "next_stop": "Kodamar · Plumpang · Sunter Karya", "tipe": "Transit", "kecamatan": "Tanjung Priok", "kota": "Jakarta Utara", "interchange": true, "color": "#5865C7"}}, {"type": "Feature", "id": "H00234P", "geometry": {"type": "Point", "coordinates": [106.76064799990633, -6.2375499996319945]}, "properties": {"id": "H00234P", "stop_id": "H00234P", "name": "Swadarma ParagonCorp", "stop_name": "Swadarma ParagonCorp", "route_name": "Swadarma ParagonCorp", "corridor_id": "K13", "corridor_no": 13, "corridor_nos": ",13,", "koridor_label": "13", "mode": "TransJakarta", "status": "existing", "status_label": "Jaringan saat ini", "source": "Jakarta Satu / Jaklingko Perhentian_TJ FeatureServer", "source_type": "official", "source_url": "https://jakartasatu.jakarta.go.id/server/rest/services/Jaklingko/Perhentian_TJ/FeatureServer/0", "operator": "TransJakarta", "prev_stop": "JORR", "next_stop": "Cipulir", "tipe": "Antara", "kecamatan": "Pesanggrahan", "kota": "Jakarta Selatan", "interchange": false, "color": "#5865C7"}}, {"type": "Feature", "id": "H00235P", "geometry": {"type": "Point", "coordinates": [106.75789299966323, -6.157176000171489]}, "properties": {"id": "H00235P", "stop_id": "H00235P", "name": "Taman Kota", "stop_name": "Taman Kota", "route_name": "Taman Kota", "corridor_id": "K3", "corridor_no": 3, "corridor_nos": ",3,", "koridor_label": "3", "mode": "TransJakarta", "status": "existing", "status_label": "Jaringan saat ini", "source": "Jakarta Satu / Jaklingko Perhentian_TJ FeatureServer", "source_type": "official", "source_url": "https://jakartasatu.jakarta.go.id/server/rest/services/Jaklingko/Perhentian_TJ/FeatureServer/0", "operator": "TransJakarta", "prev_stop": "Jembatan Gantung · Damai", "next_stop": "Damai · Jembatan Gantung", "tipe": "Antara", "kecamatan": "Cengkareng", "kota": "Jakarta Barat", "interchange": false, "color": "#5865C7"}}, {"type": "Feature", "id": "H00237P", "geometry": {"type": "Point", "coordinates": [106.78168399961794, -6.2569969998108945]}, "properties": {"id": "H00237P", "stop_id": "H00237P", "name": "Tanah Kusir", "stop_name": "Tanah Kusir", "route_name": "Tanah Kusir", "corridor_id": "K8", "corridor_no": 8, "corridor_nos": ",8,", "koridor_label": "8", "mode": "TransJakarta", "status": "existing", "status_label": "Jaringan saat ini", "source": "Jakarta Satu / Jaklingko Perhentian_TJ FeatureServer", "source_type": "official", "source_url": "https://jakartasatu.jakarta.go.id/server/rest/services/Jaklingko/Perhentian_TJ/FeatureServer/0", "operator": "TransJakarta", "prev_stop": "Pondok Indah · Bungur", "next_stop": "Bungur · Pondok Indah", "tipe": "Antara", "kecamatan": "Kebayoran Lama", "kota": "Jakarta Selatan", "interchange": false, "color": "#5865C7"}}, {"type": "Feature", "id": "H00238S", "geometry": {"type": "Point", "coordinates": [106.87392799967847, -6.3082160001674765]}, "properties": {"id": "H00238S", "stop_id": "H00238S", "name": "Tanah Merdeka Arah Barat", "stop_name": "Tanah Merdeka Arah Barat", "route_name": "Tanah Merdeka Arah Barat", "corridor_id": "K7", "corridor_no": 7, "corridor_nos": ",7,", "koridor_label": "7", "mode": "TransJakarta", "status": "existing", "status_label": "Jaringan saat ini", "source": "Jakarta Satu / Jaklingko Perhentian_TJ FeatureServer", "source_type": "official", "source_url": "https://jakartasatu.jakarta.go.id/server/rest/services/Jaklingko/Perhentian_TJ/FeatureServer/0", "operator": "TransJakarta", "prev_stop": "Kampung Rambutan", "next_stop": "Flyover Raya Bogor", "tipe": "Antara", "kecamatan": "Ciracas", "kota": "Jakarta Timur", "interchange": false, "color": "#5865C7"}}, {"type": "Feature", "id": "H00239S", "geometry": {"type": "Point", "coordinates": [106.8738860004396, -6.307866000214915]}, "properties": {"id": "H00239S", "stop_id": "H00239S", "name": "Tanah Merdeka Arah Timur", "stop_name": "Tanah Merdeka Arah Timur", "route_name": "Tanah Merdeka Arah Timur", "corridor_id": "K7", "corridor_no": 7, "corridor_nos": ",7,", "koridor_label": "7", "mode": "TransJakarta", "status": "existing", "status_label": "Jaringan saat ini", "source": "Jakarta Satu / Jaklingko Perhentian_TJ FeatureServer", "source_type": "official", "source_url": "https://jakartasatu.jakarta.go.id/server/rest/services/Jaklingko/Perhentian_TJ/FeatureServer/0", "operator": "TransJakarta", "prev_stop": "Flyover Raya Bogor", "next_stop": "Kampung Rambutan", "tipe": "Antara", "kecamatan": "Ciracas", "kota": "Jakarta Timur", "interchange": false, "color": "#5865C7"}}, {"type": "Feature", "id": "H00240P", "geometry": {"type": "Point", "coordinates": [106.88213999976222, -6.109590000077617]}, "properties": {"id": "H00240P", "stop_id": "H00240P", "name": "Tanjung Priok", "stop_name": "Tanjung Priok", "route_name": "Tanjung Priok", "corridor_id": "K10,K12", "corridor_no": 10, "corridor_nos": ",10,12,", "koridor_label": "10, 12", "mode": "TransJakarta", "status": "existing", "status_label": "Jaringan saat ini", "source": "Jakarta Satu / Jaklingko Perhentian_TJ FeatureServer", "source_type": "official", "source_url": "https://jakartasatu.jakarta.go.id/server/rest/services/Jaklingko/Perhentian_TJ/FeatureServer/0", "operator": "TransJakarta", "prev_stop": "Mambo", "next_stop": "Mambo", "tipe": "Ujung", "kecamatan": "Tanjung Priok", "kota": "Jakarta Utara", "interchange": true, "color": "#5865C7"}}, {"type": "Feature", "id": "H00241S", "geometry": {"type": "Point", "coordinates": [106.85207500006226, -6.243055999933631]}, "properties": {"id": "H00241S", "stop_id": "H00241S", "name": "Tebet Eco Park Arah Timur", "stop_name": "Tebet Eco Park Arah Timur", "route_name": "Tebet Eco Park Arah Timur", "corridor_id": "K9", "corridor_no": 9, "corridor_nos": ",9,", "koridor_label": "9", "mode": "TransJakarta", "status": "existing", "status_label": "Jaringan saat ini", "source": "Jakarta Satu / Jaklingko Perhentian_TJ FeatureServer", "source_type": "official", "source_url": "https://jakartasatu.jakarta.go.id/server/rest/services/Jaklingko/Perhentian_TJ/FeatureServer/0", "operator": "TransJakarta", "prev_stop": "Pancoran Tugu", "next_stop": "Cikoko Arah Timur", "tipe": "Antara", "kecamatan": "Tebet", "kota": "Jakarta Selatan", "interchange": false, "color": "#5865C7"}}, {"type": "Feature", "id": "H00242S", "geometry": {"type": "Point", "coordinates": [106.8521150001082, -6.243338000347649]}, "properties": {"id": "H00242S", "stop_id": "H00242S", "name": "Tebet Eco Park Arah Barat", "stop_name": "Tebet Eco Park Arah Barat", "route_name": "Tebet Eco Park Arah Barat", "corridor_id": "K9", "corridor_no": 9, "corridor_nos": ",9,", "koridor_label": "9", "mode": "TransJakarta", "status": "existing", "status_label": "Jaringan saat ini", "source": "Jakarta Satu / Jaklingko Perhentian_TJ FeatureServer", "source_type": "official", "source_url": "https://jakartasatu.jakarta.go.id/server/rest/services/Jaklingko/Perhentian_TJ/FeatureServer/0", "operator": "TransJakarta", "prev_stop": "Cikoko Arah Barat", "next_stop": "Pancoran Tugu", "tipe": "Antara", "kecamatan": "Pancoran", "kota": "Jakarta Selatan", "interchange": false, "color": "#5865C7"}}, {"type": "Feature", "id": "H00243S", "geometry": {"type": "Point", "coordinates": [106.83105600023526, -6.239005000179816]}, "properties": {"id": "H00243S", "stop_id": "H00243S", "name": "Tegal Parang Arah Timur", "stop_name": "Tegal Parang Arah Timur", "route_name": "Tegal Parang Arah Timur", "corridor_id": "K9", "corridor_no": 9, "corridor_nos": ",9,", "koridor_label": "9", "mode": "TransJakarta", "status": "existing", "status_label": "Jaringan saat ini", "source": "Jakarta Satu / Jaklingko Perhentian_TJ FeatureServer", "source_type": "official", "source_url": "https://jakartasatu.jakarta.go.id/server/rest/services/Jaklingko/Perhentian_TJ/FeatureServer/0", "operator": "TransJakarta", "prev_stop": "Simpang Kuningan", "next_stop": "Pancoran Arah Timur", "tipe": "Antara", "kecamatan": "Setiabudi", "kota": "Jakarta Selatan", "interchange": false, "color": "#5865C7"}}, {"type": "Feature", "id": "H00244S", "geometry": {"type": "Point", "coordinates": [106.83021900030764, -6.23886299992671]}, "properties": {"id": "H00244S", "stop_id": "H00244S", "name": "Tegal Parang Arah Barat", "stop_name": "Tegal Parang Arah Barat", "route_name": "Tegal Parang Arah Barat", "corridor_id": "K9", "corridor_no": 9, "corridor_nos": ",9,", "koridor_label": "9", "mode": "TransJakarta", "status": "existing", "status_label": "Jaringan saat ini", "source": "Jakarta Satu / Jaklingko Perhentian_TJ FeatureServer", "source_type": "official", "source_url": "https://jakartasatu.jakarta.go.id/server/rest/services/Jaklingko/Perhentian_TJ/FeatureServer/0", "operator": "TransJakarta", "prev_stop": "Pancoran Arah Barat", "next_stop": "Simpang Kuningan", "tipe": "Antara", "kecamatan": "Mampang Prapatan", "kota": "Jakarta Selatan", "interchange": false, "color": "#5865C7"}}, {"type": "Feature", "id": "H00245P", "geometry": {"type": "Point", "coordinates": [106.85715000027335, -6.20310100011028]}, "properties": {"id": "H00245P", "stop_id": "H00245P", "name": "Tegalan", "stop_name": "Tegalan", "route_name": "Tegalan", "corridor_id": "K4,K5", "corridor_no": 4, "corridor_nos": ",4,5,", "koridor_label": "4, 5", "mode": "TransJakarta", "status": "existing", "status_label": "Jaringan saat ini", "source": "Jakarta Satu / Jaklingko Perhentian_TJ FeatureServer", "source_type": "official", "source_url": "https://jakartasatu.jakarta.go.id/server/rest/services/Jaklingko/Perhentian_TJ/FeatureServer/0", "operator": "TransJakarta", "prev_stop": "Gunung Sahari", "next_stop": "Jembatan Merah", "tipe": "Antara", "kecamatan": "Matraman", "kota": "Jakarta Timur", "interchange": true, "color": "#5865C7"}}, {"type": "Feature", "id": "H00246P", "geometry": {"type": "Point", "coordinates": [106.83102100041987, -6.2402130001290175]}, "properties": {"id": "H00246P", "stop_id": "H00246P", "name": "Tegal Mampang", "stop_name": "Tegal Mampang", "route_name": "Tegal Mampang", "corridor_id": "K13", "corridor_no": 13, "corridor_nos": ",13,", "koridor_label": "13", "mode": "TransJakarta", "status": "existing", "status_label": "Jaringan saat ini", "source": "Jakarta Satu / Jaklingko Perhentian_TJ FeatureServer", "source_type": "official", "source_url": "https://jakartasatu.jakarta.go.id/server/rest/services/Jaklingko/Perhentian_TJ/FeatureServer/0", "operator": "TransJakarta", "prev_stop": "Rawa Barat", "next_stop": "", "tipe": "Ujung", "kecamatan": "Mampang Prapatan", "kota": "Jakarta Selatan", "interchange": false, "color": "#5865C7"}}, {"type": "Feature", "id": "H00249P", "geometry": {"type": "Point", "coordinates": [106.80777100023249, -6.239206999602516]}, "properties": {"id": "H00249P", "stop_id": "H00249P", "name": "Pasar Santa", "stop_name": "Pasar Santa", "route_name": "Pasar Santa", "corridor_id": "K13", "corridor_no": 13, "corridor_nos": ",13,", "koridor_label": "13", "mode": "TransJakarta", "status": "existing", "status_label": "Jaringan saat ini", "source": "Jakarta Satu / Jaklingko Perhentian_TJ FeatureServer", "source_type": "official", "source_url": "https://jakartasatu.jakarta.go.id/server/rest/services/Jaklingko/Perhentian_TJ/FeatureServer/0", "operator": "TransJakarta", "prev_stop": "CSW 1", "next_stop": "Rawa Barat", "tipe": "Antara", "kecamatan": "Kebayoran Baru", "kota": "Jakarta Selatan", "interchange": false, "color": "#5865C7"}}, {"type": "Feature", "id": "H00250P", "geometry": {"type": "Point", "coordinates": [106.80037399996115, -6.1768750002802335]}, "properties": {"id": "H00250P", "stop_id": "H00250P", "name": "Tomang Raya", "stop_name": "Tomang Raya", "route_name": "Tomang Raya", "corridor_id": "K8", "corridor_no": 8, "corridor_nos": ",8,", "koridor_label": "8", "mode": "TransJakarta", "status": "existing", "status_label": "Jaringan saat ini", "source": "Jakarta Satu / Jaklingko Perhentian_TJ FeatureServer", "source_type": "official", "source_url": "https://jakartasatu.jakarta.go.id/server/rest/services/Jaklingko/Perhentian_TJ/FeatureServer/0", "operator": "TransJakarta", "prev_stop": "Tanjung Duren Arah Timur · Tarakan", "next_stop": "Tarakan · Tanjung Duren Arah Barat", "tipe": "Transit", "kecamatan": "Palmerah", "kota": "Jakarta Barat", "interchange": false, "color": "#5865C7"}}, {"type": "Feature", "id": "H00251P", "geometry": {"type": "Point", "coordinates": [106.82309199989692, -6.196891999765171]}, "properties": {"id": "H00251P", "stop_id": "H00251P", "name": "Tosari", "stop_name": "Tosari", "route_name": "Tosari", "corridor_id": "K1", "corridor_no": 1, "corridor_nos": ",1,", "koridor_label": "1", "mode": "TransJakarta", "status": "existing", "status_label": "Jaringan saat ini", "source": "Jakarta Satu / Jaklingko Perhentian_TJ FeatureServer", "source_type": "official", "source_url": "https://jakartasatu.jakarta.go.id/server/rest/services/Jaklingko/Perhentian_TJ/FeatureServer/0", "operator": "TransJakarta", "prev_stop": "Dukuh Atas · Bundaran HI Astra", "next_stop": "Bundaran HI Astra · Dukuh Atas", "tipe": "Transit", "kecamatan": "Menteng", "kota": "Jakarta Pusat", "interchange": false, "color": "#5865C7"}}, {"type": "Feature", "id": "H00252P", "geometry": {"type": "Point", "coordinates": [106.90488600008985, -6.192409999920756]}, "properties": {"id": "H00252P", "stop_id": "H00252P", "name": "Pemuda Merdeka", "stop_name": "Pemuda Merdeka", "route_name": "Pemuda Merdeka", "corridor_id": "K4", "corridor_no": 4, "corridor_nos": ",4,", "koridor_label": "4", "mode": "TransJakarta", "status": "existing", "status_label": "Jaringan saat ini", "source": "Jakarta Satu / Jaklingko Perhentian_TJ FeatureServer", "source_type": "official", "source_url": "https://jakartasatu.jakarta.go.id/server/rest/services/Jaklingko/Perhentian_TJ/FeatureServer/0", "operator": "TransJakarta", "prev_stop": "Pasar Pulo Gadung · Layur", "next_stop": "Layur · Pasar Pulo Gadung", "tipe": "Antara", "kecamatan": "Pulo Gadung", "kota": "Jakarta Timur", "interchange": false, "color": "#5865C7"}}, {"type": "Feature", "id": "H00254P", "geometry": {"type": "Point", "coordinates": [106.8803320000228, -6.192930999665123]}, "properties": {"id": "H00254P", "stop_id": "H00254P", "name": "Rawamangun", "stop_name": "Rawamangun", "route_name": "Rawamangun", "corridor_id": "K4", "corridor_no": 4, "corridor_nos": ",4,", "koridor_label": "4", "mode": "TransJakarta", "status": "existing", "status_label": "Jaringan saat ini", "source": "Jakarta Satu / Jaklingko Perhentian_TJ FeatureServer", "source_type": "official", "source_url": "https://jakartasatu.jakarta.go.id/server/rest/services/Jaklingko/Perhentian_TJ/FeatureServer/0", "operator": "TransJakarta", "prev_stop": "Kayu Jati · Simpang Pramuka", "next_stop": "Simpang Pramuka · Kayu Jati", "tipe": "Antara", "kecamatan": "Pulo Gadung", "kota": "Jakarta Timur", "interchange": false, "color": "#5865C7"}}, {"type": "Feature", "id": "H00255P", "geometry": {"type": "Point", "coordinates": [106.86456999980669, -6.192728000196269]}, "properties": {"id": "H00255P", "stop_id": "H00255P", "name": "Utan Kayu", "stop_name": "Utan Kayu", "route_name": "Utan Kayu", "corridor_id": "K4", "corridor_no": 4, "corridor_nos": ",4,", "koridor_label": "4", "mode": "TransJakarta", "status": "existing", "status_label": "Jaringan saat ini", "source": "Jakarta Satu / Jaklingko Perhentian_TJ FeatureServer", "source_type": "official", "source_url": "https://jakartasatu.jakarta.go.id/server/rest/services/Jaklingko/Perhentian_TJ/FeatureServer/0", "operator": "TransJakarta", "prev_stop": "Pramuka Sari · Pasar Genjing", "next_stop": "Pasar Genjing · Pramuka Sari", "tipe": "Antara", "kecamatan": "Cempaka Putih", "kota": "Jakarta Pusat", "interchange": false, "color": "#5865C7"}}, {"type": "Feature", "id": "H00256P", "geometry": {"type": "Point", "coordinates": [106.87403600016233, -6.197514999716645]}, "properties": {"id": "H00256P", "stop_id": "H00256P", "name": "Utan Kayu Rawamangun", "stop_name": "Utan Kayu Rawamangun", "route_name": "Utan Kayu Rawamangun", "corridor_id": "K10", "corridor_no": 10, "corridor_nos": ",10,", "koridor_label": "10", "mode": "TransJakarta", "status": "existing", "status_label": "Jaringan saat ini", "source": "Jakarta Satu / Jaklingko Perhentian_TJ FeatureServer", "source_type": "official", "source_url": "https://jakartasatu.jakarta.go.id/server/rest/services/Jaklingko/Perhentian_TJ/FeatureServer/0", "operator": "TransJakarta", "prev_stop": "Pemuda Pramuka · Pisangan", "next_stop": "Pisangan · Pemuda Pramuka", "tipe": "Antara", "kecamatan": "Pulo Gadung", "kota": "Jakarta Timur", "interchange": false, "color": "#5865C7"}}, {"type": "Feature", "id": "H00257P", "geometry": {"type": "Point", "coordinates": [106.78552100029498, -6.239433000132067]}, "properties": {"id": "H00257P", "stop_id": "H00257P", "name": "Velbak", "stop_name": "Velbak", "route_name": "Velbak", "corridor_id": "K13", "corridor_no": 13, "corridor_nos": ",13,", "koridor_label": "13", "mode": "TransJakarta", "status": "existing", "status_label": "Jaringan saat ini", "source": "Jakarta Satu / Jaklingko Perhentian_TJ FeatureServer", "source_type": "official", "source_url": "https://jakartasatu.jakarta.go.id/server/rest/services/Jaklingko/Perhentian_TJ/FeatureServer/0", "operator": "TransJakarta", "prev_stop": "Kebayoran Lama", "next_stop": "Mayestik", "tipe": "Integrasi", "kecamatan": "Kebayoran Baru", "kota": "Jakarta Selatan", "interchange": false, "color": "#5865C7"}}, {"type": "Feature", "id": "H00258P", "geometry": {"type": "Point", "coordinates": [106.88829999964628, -6.193468000147277]}, "properties": {"id": "H00258P", "stop_id": "H00258P", "name": "Velodrome", "stop_name": "Velodrome", "route_name": "Velodrome", "corridor_id": "K4", "corridor_no": 4, "corridor_nos": ",4,", "koridor_label": "4", "mode": "TransJakarta", "status": "existing", "status_label": "Jaringan saat ini", "source": "Jakarta Satu / Jaklingko Perhentian_TJ FeatureServer", "source_type": "official", "source_url": "https://jakartasatu.jakarta.go.id/server/rest/services/Jaklingko/Perhentian_TJ/FeatureServer/0", "operator": "TransJakarta", "prev_stop": "", "next_stop": "", "tipe": "Antara", "kecamatan": "Pulo Gadung", "kota": "Jakarta Timur", "interchange": false, "color": "#5865C7"}}, {"type": "Feature", "id": "H00259P", "geometry": {"type": "Point", "coordinates": [106.94536699988817, -6.2125400001201]}, "properties": {"id": "H00259P", "stop_id": "H00259P", "name": "Walikota Jakarta Timur", "stop_name": "Walikota Jakarta Timur", "route_name": "Walikota Jakarta Timur", "corridor_id": "K11", "corridor_no": 11, "corridor_nos": ",11,", "koridor_label": "11", "mode": "TransJakarta", "status": "existing", "status_label": "Jaringan saat ini", "source": "Jakarta Satu / Jaklingko Perhentian_TJ FeatureServer", "source_type": "official", "source_url": "https://jakartasatu.jakarta.go.id/server/rest/services/Jaklingko/Perhentian_TJ/FeatureServer/0", "operator": "TransJakarta", "prev_stop": "Pulo Gebang · Penggilingan", "next_stop": "Penggilingan · Pulo Gebang", "tipe": "Antara", "kecamatan": "Cakung", "kota": "Jakarta Timur", "interchange": false, "color": "#5865C7"}}, {"type": "Feature", "id": "H00260S", "geometry": {"type": "Point", "coordinates": [106.8931349995816, -6.118841999557844]}, "properties": {"id": "H00260S", "stop_id": "H00260S", "name": "Walikota Jakarta Utara Arah Utara", "stop_name": "Walikota Jakarta Utara Arah Utara", "route_name": "Walikota Jakarta Utara Arah Utara", "corridor_id": "K10,K12", "corridor_no": 10, "corridor_nos": ",10,12,", "koridor_label": "10, 12", "mode": "TransJakarta", "status": "existing", "status_label": "Jaringan saat ini", "source": "Jakarta Satu / Jaklingko Perhentian_TJ FeatureServer", "source_type": "official", "source_url": "https://jakartasatu.jakarta.go.id/server/rest/services/Jaklingko/Perhentian_TJ/FeatureServer/0", "operator": "TransJakarta", "prev_stop": "Plumpang", "next_stop": "Koja", "tipe": "Antara", "kecamatan": "Tanjung Priok", "kota": "Jakarta Utara", "interchange": true, "color": "#5865C7"}}, {"type": "Feature", "id": "H00261S", "geometry": {"type": "Point", "coordinates": [106.89346799964949, -6.1188449996961936]}, "properties": {"id": "H00261S", "stop_id": "H00261S", "name": "Walikota Jakarta Utara Arah Selatan", "stop_name": "Walikota Jakarta Utara Arah Selatan", "route_name": "Walikota Jakarta Utara Arah Selatan", "corridor_id": "K10,K12", "corridor_no": 10, "corridor_nos": ",10,12,", "koridor_label": "10, 12", "mode": "TransJakarta", "status": "existing", "status_label": "Jaringan saat ini", "source": "Jakarta Satu / Jaklingko Perhentian_TJ FeatureServer", "source_type": "official", "source_url": "https://jakartasatu.jakarta.go.id/server/rest/services/Jaklingko/Perhentian_TJ/FeatureServer/0", "operator": "TransJakarta", "prev_stop": "Koja", "next_stop": "Plumpang", "tipe": "Antara", "kecamatan": "Koja", "kota": "Jakarta Utara", "interchange": true, "color": "#5865C7"}}, {"type": "Feature", "id": "H00262P", "geometry": {"type": "Point", "coordinates": [106.82976600010187, -6.262363999997774]}, "properties": {"id": "H00262P", "stop_id": "H00262P", "name": "Warung Jati", "stop_name": "Warung Jati", "route_name": "Warung Jati", "corridor_id": "K6", "corridor_no": 6, "corridor_nos": ",6,", "koridor_label": "6", "mode": "TransJakarta", "status": "existing", "status_label": "Jaringan saat ini", "source": "Jakarta Satu / Jaklingko Perhentian_TJ FeatureServer", "source_type": "official", "source_url": "https://jakartasatu.jakarta.go.id/server/rest/services/Jaklingko/Perhentian_TJ/FeatureServer/0", "operator": "TransJakarta", "prev_stop": "Buncit Indah · Warung Buncit", "next_stop": "Warung Buncit · Buncit Indah", "tipe": "Antara", "kecamatan": "Pancoran", "kota": "Jakarta Selatan", "interchange": false, "color": "#5865C7"}}, {"type": "Feature", "id": "H00263P", "geometry": {"type": "Point", "coordinates": [106.88169299983309, -6.162042999783807]}, "properties": {"id": "H00263P", "stop_id": "H00263P", "name": "Kodamar", "stop_name": "Kodamar", "route_name": "Kodamar", "corridor_id": "K10", "corridor_no": 10, "corridor_nos": ",10,", "koridor_label": "10", "mode": "TransJakarta", "status": "existing", "status_label": "Jaringan saat ini", "source": "Jakarta Satu / Jaklingko Perhentian_TJ FeatureServer", "source_type": "official", "source_url": "https://jakartasatu.jakarta.go.id/server/rest/services/Jaklingko/Perhentian_TJ/FeatureServer/0", "operator": "TransJakarta", "prev_stop": "Sunter Kelapa Gading · Simpang Cempaka", "next_stop": "Simpang Cempaka · Sunter Kelapa Gading", "tipe": "Antara", "kecamatan": "Kelapa Gading", "kota": "Jakarta Utara", "interchange": false, "color": "#5865C7"}}, {"type": "Feature", "id": "H00265P", "geometry": {"type": "Point", "coordinates": [106.79897200005877, -6.239888999576863]}, "properties": {"id": "H00265P", "stop_id": "H00265P", "name": "ASEAN", "stop_name": "ASEAN", "route_name": "ASEAN", "corridor_id": "K1", "corridor_no": 1, "corridor_nos": ",1,", "koridor_label": "1", "mode": "TransJakarta", "status": "existing", "status_label": "Jaringan saat ini", "source": "Jakarta Satu / Jaklingko Perhentian_TJ FeatureServer", "source_type": "official", "source_url": "https://jakartasatu.jakarta.go.id/server/rest/services/Jaklingko/Perhentian_TJ/FeatureServer/0", "operator": "TransJakarta", "prev_stop": "Blok M", "next_stop": "Masjid Agung", "tipe": "Transit", "kecamatan": "Kebayoran Baru", "kota": "Jakarta Selatan", "interchange": false, "color": "#5865C7"}}, {"type": "Feature", "id": "H00266P", "geometry": {"type": "Point", "coordinates": [106.79844399999166, -6.24049999987426]}, "properties": {"id": "H00266P", "stop_id": "H00266P", "name": "Kejaksaan Agung", "stop_name": "Kejaksaan Agung", "route_name": "Kejaksaan Agung", "corridor_id": "K1", "corridor_no": 1, "corridor_nos": ",1,", "koridor_label": "1", "mode": "TransJakarta", "status": "existing", "status_label": "Jaringan saat ini", "source": "Jakarta Satu / Jaklingko Perhentian_TJ FeatureServer", "source_type": "official", "source_url": "https://jakartasatu.jakarta.go.id/server/rest/services/Jaklingko/Perhentian_TJ/FeatureServer/0", "operator": "TransJakarta", "prev_stop": "Masjid Agung", "next_stop": "Blok M", "tipe": "Transit", "kecamatan": "Kebayoran Baru", "kota": "Jakarta Selatan", "interchange": false, "color": "#5865C7"}}, {"type": "Feature", "id": "H00267S", "geometry": {"type": "Point", "coordinates": [106.82279899987498, -6.182775999911655]}, "properties": {"id": "H00267S", "stop_id": "H00267S", "name": "Kebon Sirih Arah Utara", "stop_name": "Kebon Sirih Arah Utara", "route_name": "Kebon Sirih Arah Utara", "corridor_id": "K1", "corridor_no": 1, "corridor_nos": ",1,", "koridor_label": "1", "mode": "TransJakarta", "status": "existing", "status_label": "Jaringan saat ini", "source": "Jakarta Satu / Jaklingko Perhentian_TJ FeatureServer", "source_type": "official", "source_url": "https://jakartasatu.jakarta.go.id/server/rest/services/Jaklingko/Perhentian_TJ/FeatureServer/0", "operator": "TransJakarta", "prev_stop": "MH Thamrin", "next_stop": "Monumen Nasional", "tipe": "Antara", "kecamatan": "Gambir", "kota": "Jakarta Pusat", "interchange": false, "color": "#5865C7"}}, {"type": "Feature", "id": "H00268S", "geometry": {"type": "Point", "coordinates": [106.82326099959647, -6.184783999880892]}, "properties": {"id": "H00268S", "stop_id": "H00268S", "name": "Kebon Sirih Arah Selatan", "stop_name": "Kebon Sirih Arah Selatan", "route_name": "Kebon Sirih Arah Selatan", "corridor_id": "K1", "corridor_no": 1, "corridor_nos": ",1,", "koridor_label": "1", "mode": "TransJakarta", "status": "existing", "status_label": "Jaringan saat ini", "source": "Jakarta Satu / Jaklingko Perhentian_TJ FeatureServer", "source_type": "official", "source_url": "https://jakartasatu.jakarta.go.id/server/rest/services/Jaklingko/Perhentian_TJ/FeatureServer/0", "operator": "TransJakarta", "prev_stop": "Monumen Nasional", "next_stop": "MH Thamrin", "tipe": "Antara", "kecamatan": "Menteng", "kota": "Jakarta Pusat", "interchange": false, "color": "#5865C7"}}, {"type": "Feature", "id": "H00273P", "geometry": {"type": "Point", "coordinates": [106.85586510019527, -6.126688999896601]}, "properties": {"id": "H00273P", "stop_id": "H00273P", "name": "Jakarta International Stadium", "stop_name": "Jakarta International Stadium", "route_name": "Jakarta International Stadium", "corridor_id": "K14", "corridor_no": 14, "corridor_nos": ",14,", "koridor_label": "14", "mode": "TransJakarta", "status": "existing", "status_label": "Jaringan saat ini", "source": "Jakarta Satu / Jaklingko Perhentian_TJ FeatureServer", "source_type": "official", "source_url": "https://jakartasatu.jakarta.go.id/server/rest/services/Jaklingko/Perhentian_TJ/FeatureServer/0", "operator": "TransJakarta", "prev_stop": "Jembatan Item", "next_stop": "Jembatan Item", "tipe": "Ujung", "kecamatan": "Tanjung Priok", "kota": "Jakarta Utara", "interchange": false, "color": "#5865C7"}}, {"type": "Feature", "id": "H00274P", "geometry": {"type": "Point", "coordinates": [106.82312499962006, -6.198396999920817]}, "properties": {"id": "H00274P", "stop_id": "H00274P", "name": "Tosari Lama", "stop_name": "Tosari Lama", "route_name": "Tosari Lama", "corridor_id": "K1", "corridor_no": 1, "corridor_nos": ",1,", "koridor_label": "1", "mode": "TransJakarta", "status": "existing", "status_label": "Jaringan saat ini", "source": "Jakarta Satu / Jaklingko Perhentian_TJ FeatureServer", "source_type": "official", "source_url": "https://jakartasatu.jakarta.go.id/server/rest/services/Jaklingko/Perhentian_TJ/FeatureServer/0", "operator": "TransJakarta", "prev_stop": "", "next_stop": "", "tipe": " ", "kecamatan": "Menteng", "kota": "Jakarta Pusat", "interchange": false, "color": "#5865C7"}}, {"type": "Feature", "id": "H00275P", "geometry": {"type": "Point", "coordinates": [106.81490400002065, -6.136789999857797]}, "properties": {"id": "H00275P", "stop_id": "H00275P", "name": "Kota", "stop_name": "Kota", "route_name": "Kota", "corridor_id": "K1,K12", "corridor_no": 1, "corridor_nos": ",1,12,", "koridor_label": "1, 12", "mode": "TransJakarta", "status": "existing", "status_label": "Jaringan saat ini", "source": "Jakarta Satu / Jaklingko Perhentian_TJ FeatureServer", "source_type": "official", "source_url": "https://jakartasatu.jakarta.go.id/server/rest/services/Jaklingko/Perhentian_TJ/FeatureServer/0", "operator": "TransJakarta", "prev_stop": "Museum Sejarah Jakarta", "next_stop": "Glodok · Mangga Dua Raya", "tipe": "Ujung", "kecamatan": "Taman Sari", "kota": "Jakarta Barat", "interchange": true, "color": "#5865C7"}}, {"type": "Feature", "id": "H00276P", "geometry": {"type": "Point", "coordinates": [106.87114299985058, -6.245862999876749]}, "properties": {"id": "H00276P", "stop_id": "H00276P", "name": "Cawang", "stop_name": "Cawang", "route_name": "Cawang", "corridor_id": "K7,K9", "corridor_no": 7, "corridor_nos": ",7,9,", "koridor_label": "7, 9", "mode": "TransJakarta", "status": "existing", "status_label": "Jaringan saat ini", "source": "Jakarta Satu / Jaklingko Perhentian_TJ FeatureServer", "source_type": "official", "source_url": "https://jakartasatu.jakarta.go.id/server/rest/services/Jaklingko/Perhentian_TJ/FeatureServer/0", "operator": "TransJakarta", "prev_stop": "BNN · Cawang Baru · Ciliwung Arah Timur", "next_stop": "Cawang Baru · BNN · Ciliwung Arah Barat", "tipe": "Integrasi", "kecamatan": "Cawang", "kota": "Jakarta Timur", "interchange": true, "color": "#5865C7"}}, {"type": "Feature", "id": "H00277P", "geometry": {"type": "Point", "coordinates": [106.81966300004848, -6.162678000288679]}, "properties": {"id": "H00277P", "stop_id": "H00277P", "name": "Harmoni Arah Utara", "stop_name": "Harmoni Arah Utara", "route_name": "Harmoni Arah Utara", "corridor_id": "K1", "corridor_no": 1, "corridor_nos": ",1,", "koridor_label": "1", "mode": "TransJakarta", "status": "existing", "status_label": "Jaringan saat ini", "source": "Jakarta Satu / Jaklingko Perhentian_TJ FeatureServer", "source_type": "official", "source_url": "https://jakartasatu.jakarta.go.id/server/rest/services/Jaklingko/Perhentian_TJ/FeatureServer/0", "operator": "TransJakarta", "prev_stop": "", "next_stop": "", "tipe": " ", "kecamatan": "Gambir", "kota": "Jakarta Pusat", "interchange": false, "color": "#5865C7"}}, {"type": "Feature", "id": "H00278P", "geometry": {"type": "Point", "coordinates": [106.81992000020887, -6.162686999804407]}, "properties": {"id": "H00278P", "stop_id": "H00278P", "name": "Harmoni", "stop_name": "Harmoni", "route_name": "Harmoni", "corridor_id": "K1", "corridor_no": 1, "corridor_nos": ",1,", "koridor_label": "1", "mode": "TransJakarta", "status": "existing", "status_label": "Jaringan saat ini", "source": "Jakarta Satu / Jaklingko Perhentian_TJ FeatureServer", "source_type": "official", "source_url": "https://jakartasatu.jakarta.go.id/server/rest/services/Jaklingko/Perhentian_TJ/FeatureServer/0", "operator": "TransJakarta", "prev_stop": "Monumen Nasional · Sawah Besar", "next_stop": "Sawah Besar · Monumen Nasional", "tipe": "Transit", "kecamatan": "Gambir", "kota": "Jakarta Pusat", "interchange": false, "color": "#5865C7"}}, {"type": "Feature", "id": "H00279P", "geometry": {"type": "Point", "coordinates": [106.81846000032976, -6.157417999640188]}, "properties": {"id": "H00279P", "stop_id": "H00279P", "name": "Sawah Besar Arah Utara", "stop_name": "Sawah Besar Arah Utara", "route_name": "Sawah Besar Arah Utara", "corridor_id": "K1", "corridor_no": 1, "corridor_nos": ",1,", "koridor_label": "1", "mode": "TransJakarta", "status": "existing", "status_label": "Jaringan saat ini", "source": "Jakarta Satu / Jaklingko Perhentian_TJ FeatureServer", "source_type": "official", "source_url": "https://jakartasatu.jakarta.go.id/server/rest/services/Jaklingko/Perhentian_TJ/FeatureServer/0", "operator": "TransJakarta", "prev_stop": "", "next_stop": "", "tipe": " ", "kecamatan": "Taman Sari", "kota": "Jakarta Barat", "interchange": false, "color": "#5865C7"}}, {"type": "Feature", "id": "H00280P", "geometry": {"type": "Point", "coordinates": [106.81866099970642, -6.157368000032363]}, "properties": {"id": "H00280P", "stop_id": "H00280P", "name": "Sawah Besar", "stop_name": "Sawah Besar", "route_name": "Sawah Besar", "corridor_id": "K1", "corridor_no": 1, "corridor_nos": ",1,", "koridor_label": "1", "mode": "TransJakarta", "status": "existing", "status_label": "Jaringan saat ini", "source": "Jakarta Satu / Jaklingko Perhentian_TJ FeatureServer", "source_type": "official", "source_url": "https://jakartasatu.jakarta.go.id/server/rest/services/Jaklingko/Perhentian_TJ/FeatureServer/0", "operator": "TransJakarta", "prev_stop": "Harmoni · Mangga Besar", "next_stop": "Mangga Besar · Harmoni", "tipe": "Antara", "kecamatan": "Taman Sari", "kota": "Jakarta Barat", "interchange": false, "color": "#5865C7"}}, {"type": "Feature", "id": "H00281P", "geometry": {"type": "Point", "coordinates": [106.81753599998746, -6.153249999886782]}, "properties": {"id": "H00281P", "stop_id": "H00281P", "name": "Mangga Besar", "stop_name": "Mangga Besar", "route_name": "Mangga Besar", "corridor_id": "K1", "corridor_no": 1, "corridor_nos": ",1,", "koridor_label": "1", "mode": "TransJakarta", "status": "existing", "status_label": "Jaringan saat ini", "source": "Jakarta Satu / Jaklingko Perhentian_TJ FeatureServer", "source_type": "official", "source_url": "https://jakartasatu.jakarta.go.id/server/rest/services/Jaklingko/Perhentian_TJ/FeatureServer/0", "operator": "TransJakarta", "prev_stop": "Sawah Besar · Taman Sari", "next_stop": "Taman Sari · Sawah Besar", "tipe": "Antara", "kecamatan": "Taman Sari", "kota": "Jakarta Barat", "interchange": false, "color": "#5865C7"}}, {"type": "Feature", "id": "H00282P", "geometry": {"type": "Point", "coordinates": [106.81795200028563, -6.153943000368372]}, "properties": {"id": "H00282P", "stop_id": "H00282P", "name": "Mangga Besar Arah Selatan", "stop_name": "Mangga Besar Arah Selatan", "route_name": "Mangga Besar Arah Selatan", "corridor_id": "K1", "corridor_no": 1, "corridor_nos": ",1,", "koridor_label": "1", "mode": "TransJakarta", "status": "existing", "status_label": "Jaringan saat ini", "source": "Jakarta Satu / Jaklingko Perhentian_TJ FeatureServer", "source_type": "official", "source_url": "https://jakartasatu.jakarta.go.id/server/rest/services/Jaklingko/Perhentian_TJ/FeatureServer/0", "operator": "TransJakarta", "prev_stop": "", "next_stop": "", "tipe": " ", "kecamatan": "Taman Sari", "kota": "Jakarta Barat", "interchange": false, "color": "#5865C7"}}, {"type": "Feature", "id": "H00283P", "geometry": {"type": "Point", "coordinates": [106.82338099973441, -6.2043989997132485]}, "properties": {"id": "H00283P", "stop_id": "H00283P", "name": "Galunggung", "stop_name": "Galunggung", "route_name": "Galunggung", "corridor_id": "K4,K6", "corridor_no": 4, "corridor_nos": ",4,6,", "koridor_label": "4, 6", "mode": "TransJakarta", "status": "existing", "status_label": "Jaringan saat ini", "source": "Jakarta Satu / Jaklingko Perhentian_TJ FeatureServer", "source_type": "official", "source_url": "https://jakartasatu.jakarta.go.id/server/rest/services/Jaklingko/Perhentian_TJ/FeatureServer/0", "operator": "TransJakarta", "prev_stop": "Halimun", "next_stop": "Halimun · Setiabudi", "tipe": "Ujung", "kecamatan": "Setiabudi", "kota": "Jakarta Selatan", "interchange": true, "color": "#5865C7"}}, {"type": "Feature", "id": "H00285P", "geometry": {"type": "Point", "coordinates": [106.85218849990036, -6.171373000163044]}, "properties": {"id": "H00285P", "stop_id": "H00285P", "name": "Tanah Tinggi", "stop_name": "Tanah Tinggi", "route_name": "Tanah Tinggi", "corridor_id": "K14", "corridor_no": 14, "corridor_nos": ",14,", "koridor_label": "14", "mode": "TransJakarta", "status": "existing", "status_label": "Jaringan saat ini", "source": "Jakarta Satu / Jaklingko Perhentian_TJ FeatureServer", "source_type": "official", "source_url": "https://jakartasatu.jakarta.go.id/server/rest/services/Jaklingko/Perhentian_TJ/FeatureServer/0", "operator": "TransJakarta", "prev_stop": "Kemayoran · Senen Raya", "next_stop": "Pasar Senen · Kemayoran", "tipe": "Antara", "kecamatan": "Senen", "kota": "Jakarta Pusat", "interchange": false, "color": "#5865C7"}}, {"type": "Feature", "id": "H00286P", "geometry": {"type": "Point", "coordinates": [106.85699000008947, -6.141210000440367]}, "properties": {"id": "H00286P", "stop_id": "H00286P", "name": "Danau Sunter", "stop_name": "Danau Sunter", "route_name": "Danau Sunter", "corridor_id": "K12,K14", "corridor_no": 12, "corridor_nos": ",12,14,", "koridor_label": "12, 14", "mode": "TransJakarta", "status": "existing", "status_label": "Jaringan saat ini", "source": "Jakarta Satu / Jaklingko Perhentian_TJ FeatureServer", "source_type": "official", "source_url": "https://jakartasatu.jakarta.go.id/server/rest/services/Jaklingko/Perhentian_TJ/FeatureServer/0", "operator": "TransJakarta", "prev_stop": "Sunter Utara · Danau Agung · Jembatan Item", "next_stop": "Danau Agung · Sunter Utara · Jembatan Item", "tipe": "Antara", "kecamatan": "Tanjung Priok", "kota": "Jakarta Utara", "interchange": true, "color": "#5865C7"}}, {"type": "Feature", "id": "H00287P", "geometry": {"type": "Point", "coordinates": [106.85514999977369, -6.1309799999262395]}, "properties": {"id": "H00287P", "stop_id": "H00287P", "name": "Jembatan Item", "stop_name": "Jembatan Item", "route_name": "Jembatan Item", "corridor_id": "K14", "corridor_no": 14, "corridor_nos": ",14,", "koridor_label": "14", "mode": "TransJakarta", "status": "existing", "status_label": "Jaringan saat ini", "source": "Jakarta Satu / Jaklingko Perhentian_TJ FeatureServer", "source_type": "official", "source_url": "https://jakartasatu.jakarta.go.id/server/rest/services/Jaklingko/Perhentian_TJ/FeatureServer/0", "operator": "TransJakarta", "prev_stop": "Jakarta International Stadium · Danau Sunter", "next_stop": "Danau Sunter · Jakarta International Stadium", "tipe": "Antara", "kecamatan": "Tanjung Priok", "kota": "Jakarta Utara", "interchange": false, "color": "#5865C7"}}, {"type": "Feature", "id": "H00288P", "geometry": {"type": "Point", "coordinates": [106.8515100000875, -6.158890000072631]}, "properties": {"id": "H00288P", "stop_id": "H00288P", "name": "Kemayoran", "stop_name": "Kemayoran", "route_name": "Kemayoran", "corridor_id": "K14", "corridor_no": 14, "corridor_nos": ",14,", "koridor_label": "14", "mode": "TransJakarta", "status": "existing", "status_label": "Jaringan saat ini", "source": "Jakarta Satu / Jaklingko Perhentian_TJ FeatureServer", "source_type": "official", "source_url": "https://jakartasatu.jakarta.go.id/server/rest/services/Jaklingko/Perhentian_TJ/FeatureServer/0", "operator": "TransJakarta", "prev_stop": "Landasan Pacu · Tanah Tinggi", "next_stop": "Tanah Tinggi · Landasan Pacu", "tipe": "Antara", "kecamatan": "Kemayoran", "kota": "Jakarta Pusat", "interchange": false, "color": "#5865C7"}}]}