{"type": "FeatureCollection", "features": [{"type": "Feature", "id": "tj-k1", "geometry": {"type": "MultiLineString", "coordinates": [[[106.80175000029661, -6.243240000038122], [106.80216000010378, -6.24324999989649], [106.80226999977604, -6.243240000005811], [106.80230000022988, -6.243210000429057], [106.8023200002022, -6.2431699995580585], [106.80232000008223, -6.2429199999024725], [106.80239999972379, -6.2421999999980855], [106.8024000001312, -6.241920000420819], [106.80232000028349, -6.241650000133505], [106.80231999988607, -6.2410700003932575], [106.80232999987629, -6.240219999635451], [106.80226000010009, -6.240129999835899], [106.80217999979529, -6.240039999886746], [106.80201000012858, -6.2399400002035925], [106.80093000009781, -6.239970000319665], [106.79896999990768, -6.239960000421482], [106.79855235771299, -6.239960000219332]], [[106.81823769885695, -6.1555898628167895], [106.81830199963117, -6.155647000333815], [106.81869000009361, -6.157361000127118], [106.81868000019581, -6.157370000049366], [106.81877000040157, -6.157760000032775], [106.81881000000445, -6.157840000111649], [106.81915999986998, -6.159330000354804], [106.81923000006121, -6.159639999648221], [106.81958000017876, -6.160919999860655], [106.81971000017191, -6.161480000139881], [106.81972000017862, -6.161579999745006], [106.8198399995891, -6.162080000226999], [106.81998000012474, -6.162760000247133], [106.82029000001, -6.1642000002675355], [106.8203399999609, -6.164460000273128], [106.82038999976088, -6.164770000374124], [106.82063999959816, -6.1659799999577505], [106.82087000028955, -6.166979999899611], [106.8209300000408, -6.167250000044885], [106.82094000040298, -6.167319999812078], [106.82100000037686, -6.1675399998295], [106.8210700001988, -6.16768000020854], [106.82112000019798, -6.167860000120959], [106.82150999981754, -6.169669999641328], [106.82164000035549, -6.170169999612037], [106.82172999969225, -6.170330000424393], [106.82194000040197, -6.170599999585084], [106.82206000037363, -6.170740000315233], [106.82221999967209, -6.17087999972064], [106.82232000004984, -6.170940000364891], [106.82249999973143, -6.171010000378509], [106.82273999955525, -6.171090000328597], [106.82286000023983, -6.171139999988737], [106.82298000007997, -6.171249999840203], [106.82302000030698, -6.171309999615096], [106.82309999961218, -6.171450000429721], [106.82312999961366, -6.1715899997628405], [106.82315000000803, -6.1720300000548445], [106.82310000023804, -6.174200000185526], [106.82304999977188, -6.176070000129077], [106.82305000044484, -6.176358000048812], [106.82305000006083, -6.176360000087239], [106.8229899998199, -6.178719999957055], [106.8229700001596, -6.179459999944226], [106.8229799996363, -6.179720000303137], [106.82300000041147, -6.1798699995920785], [106.8230799998997, -6.180199999879009], [106.82310000012933, -6.1804200004380805], [106.82314999977054, -6.1804800000446996], [106.8231699995834, -6.180549999644572], [106.82318000009045, -6.180620000083682], [106.82318000029142, -6.180699999742271], [106.8231600001394, -6.180770000003499], [106.82309999990214, -6.180850000208961], [106.82305000022748, -6.180889999735464], [106.82305000015778, -6.180999999952116], [106.82303000025054, -6.181039999662709], [106.82303000036332, -6.18113000041532], [106.82306999958463, -6.181859999606085], [106.82311000031875, -6.182680000387291], [106.82317999976325, -6.183359999594528], [106.82322999983303, -6.184194999654902], [106.82322999979975, -6.184199999746005], [106.82326999958178, -6.184829999594464], [106.82328000018768, -6.185220000374552], [106.82327999978801, -6.185589999850898], [106.82323999998819, -6.186120000295168], [106.82319999976586, -6.187260000051803], [106.8231089998466, -6.188263999782373], [106.82306000021347, -6.189820000040845], [106.82305000023686, -6.19068000021738], [106.82309000006306, -6.192559999775145], [106.8230999998516, -6.193576999964832], [106.82310000020782, -6.193580000017457], [106.82310099959841, -6.193594000450817], [106.82311000034582, -6.193769999800537], [106.82316000036292, -6.194119999685071], [106.82320000027856, -6.194260000325682], [106.82347000023036, -6.194680000069488], [106.82353999994852, -6.194840000026312], [106.82355999999473, -6.194960000287714], [106.82355000039122, -6.195079999718083], [106.82351000021575, -6.195219999582476], [106.82342999985892, -6.19532999992441], [106.82329999969139, -6.195440000380355], [106.8231900003971, -6.195689999654056], [106.82320999987803, -6.196948000303623], [106.8232100004208, -6.196950000337321], [106.82327999962494, -6.199439999893851], [106.82328999979453, -6.200140000441994], [106.82326999962137, -6.200580000159367], [106.82321999987819, -6.201159999790638], [106.82272000044776, -6.203270000110248], [106.822509999672, -6.204339999611549], [106.82243999986166, -6.2047600003057495], [106.82235099960536, -6.205634000423397], [106.82235099995972, -6.205632000386263], [106.82235000018866, -6.205640000354363], [106.82214000000232, -6.207639999685741], [106.82190999960869, -6.208819999957151], [106.82181999974976, -6.2091799998709], [106.82139000040728, -6.210170000069744], [106.82040999966597, -6.212049999567467], [106.82012400001946, -6.212551999656166], [106.82011900022941, -6.212550999664654], [106.81991000020534, -6.21290999967995], [106.81974000010997, -6.2131999997930905], [106.81944999973307, -6.213599999908564], [106.81901999961784, -6.214120000235985], [106.81874999986401, -6.214399999615907], [106.81823000034689, -6.214890000358403], [106.8178699998272, -6.215230000122566], [106.81638000044964, -6.216409999721045], [106.81531000027601, -6.217250000132592], [106.81530800043858, -6.217251999811302], [106.8139500002515, -6.218330000211326], [106.81269999980529, -6.2193100002127855], [106.81221999990494, -6.21967999989246], [106.81033900009469, -6.221168000074246], [106.80920000041714, -6.222019999737855], [106.8091199998276, -6.222100000003426], [106.80907999967414, -6.222200000254178], [106.80854999964073, -6.222570000253644], [106.80768000021853, -6.223120000412768], [106.80675000023439, -6.2237200001197746], [106.8062199997295, -6.2240699999485], [106.80583000024555, -6.224373000322219], [106.80582599973444, -6.224375999619335], [106.8058200004282, -6.224380000355209], [106.80144999971259, -6.227660000329595], [106.80120999978469, -6.227819999684388], [106.80096700024404, -6.22800499998384], [106.80096000042872, -6.228009999609347], [106.80095799979722, -6.228011000138172], [106.80056000025542, -6.22831000013873], [106.79989000010828, -6.228850000213762], [106.7998000000696, -6.228969999774886], [106.79977999995145, -6.2290499998389794], [106.79978000028579, -6.2291399997716335], [106.79979999965722, -6.229260000162428], [106.79978000006417, -6.229319999639153], [106.79969000006099, -6.229470000092544], [106.79964000025346, -6.22952999975606], [106.79958999979866, -6.229580000029429], [106.79935999990646, -6.229729999787492], [106.79921000017458, -6.2298799996494605], [106.79897000011599, -6.23031000017008], [106.79880000015002, -6.230760000322025], [106.7986699997171, -6.23117999969336], [106.7985900004152, -6.231630000322798], [106.79857000008744, -6.232580000252135], [106.79857999989575, -6.233009999801392], [106.79855000031348, -6.236477999601264], [106.79854999990286, -6.236479999662301], [106.79852999964409, -6.237670000325576], [106.79852999979865, -6.239539999904105], [106.79855000014642, -6.239810000199929], [106.79855235771299, -6.239960000219332]], [[106.79855235771299, -6.239960000219332], [106.79834999972458, -6.239959999622381], [106.79834999959616, -6.239809999672781], [106.79836999965421, -6.239739999812983], [106.79837000044512, -6.239090000324714], [106.79838000029028, -6.237800000020659], [106.7983599997061, -6.2367900001372725], [106.79837000007672, -6.236469999832854], [106.79835999972595, -6.23529000044799], [106.79835000043069, -6.2347899996932075], [106.79834000017013, -6.233010000280255], [106.79833999995516, -6.2323200003371015], [106.79836000011821, -6.231949999657423], [106.79839999970184, -6.231600000089036], [106.79846000031611, -6.231209999830115], [106.79854999989772, -6.230900000038174], [106.79861999974815, -6.23067999973498], [106.79877000008396, -6.230259999994364], [106.79907000028753, -6.2296500001861705], [106.7991400002393, -6.229449999603487], [106.79919000033496, -6.229250000333221], [106.79923000028867, -6.2291399998740635], [106.79928000032, -6.229039999962379], [106.79938000032247, -6.228940000390204], [106.79947000038064, -6.228890000232928], [106.79965999998777, -6.228820000112238], [106.79974000027262, -6.22877999997171], [106.80028000000853, -6.228299999685877], [106.80051999998405, -6.228090000067138], [106.80095000023285, -6.22775000003266], [106.80227999975689, -6.226760000416086], [106.80367000010666, -6.22568000017869], [106.80405999982835, -6.225369999692], [106.80470999979042, -6.224900000077138], [106.80559999988378, -6.224220000004268], [106.80579999982625, -6.224080000297866], [106.80639999968373, -6.223670000256896], [106.80702000041303, -6.223279999668191], [106.80758999956196, -6.222919999655372], [106.80822999985507, -6.222509999698786], [106.8089499997921, -6.222009999665833], [106.80974000008955, -6.221369999894463], [106.80979999993332, -6.221309999895757], [106.81020999969144, -6.221009999902916], [106.81052999963445, -6.220779999765837], [106.81211999991704, -6.219539999726138], [106.81274000030133, -6.219049999915402], [106.81415000026395, -6.217930000095178], [106.81527000003585, -6.217010000378305], [106.81558000039063, -6.2167700000550585], [106.81622000036423, -6.21623999985811], [106.81666000018332, -6.215909999967396], [106.81767999986305, -6.2150999998102066], [106.81797999966165, -6.214840000130849], [106.81815000032164, -6.21470999974244], [106.81858000012065, -6.214300000111297], [106.81873000042997, -6.214119999621012], [106.81895000028102, -6.213849999785685], [106.81948000038504, -6.213150000132957], [106.81969000031815, -6.212820000007057], [106.81997000007333, -6.212340000266131], [106.8200799996935, -6.212149999693283], [106.8203000003425, -6.211699999930519], [106.82111999955808, -6.210069999974374], [106.82145000021008, -6.2094000000343295], [106.8215600004413, -6.2091399999916845], [106.8216700002418, -6.20879000012528], [106.82182000040908, -6.208250000177654], [106.82192000038192, -6.207719999865767], [106.82198000014274, -6.207200000015566], [106.82214999974518, -6.205620000268234], [106.82219000035602, -6.20519999968944], [106.82225000030832, -6.204690000103174], [106.82232000017892, -6.204229999575469], [106.82240000008291, -6.203880000089581], [106.82244000017972, -6.203590000092943], [106.82252000012402, -6.203280000445585], [106.82265999974706, -6.202760000364076], [106.82288999991295, -6.201679999836354], [106.82299999998094, -6.201120000195395], [106.8230399999481, -6.200820000104639], [106.82307000032695, -6.200570000048574], [106.82308000006385, -6.200120000159322], [106.82307000006858, -6.199939999720914], [106.82308000024868, -6.199689999759474], [106.82305000034297, -6.199019999722743], [106.82302999999474, -6.197460000007882], [106.82300999983033, -6.196739999848459], [106.82299000007349, -6.1959199996687255], [106.82297000013651, -6.195700000279884], [106.82295000008399, -6.195640000142436], [106.82269999959308, -6.195380000336218], [106.82260999977765, -6.195280000422486], [106.82254000012715, -6.19516000010448], [106.82252000025939, -6.195049999922283], [106.8225100000171, -6.194929999550223], [106.82251999969313, -6.194889999721095], [106.82256000013129, -6.194760000042624], [106.82258999989847, -6.194710000021082], [106.82263999977215, -6.194639999623432], [106.82283999994873, -6.194420000008066], [106.82292000035545, -6.194319999936293], [106.82293999960822, -6.194259999742187], [106.82295000036365, -6.194099999559867], [106.82293999995423, -6.193599999596345], [106.82293000044163, -6.193169999975729], [106.82292999999856, -6.1922900003466905], [106.82289999966203, -6.190880000097485], [106.82285999977537, -6.1904199998311995], [106.8228600000912, -6.190119999796379], [106.82285999985477, -6.188960000361451], [106.82289999961235, -6.188039999943421], [106.82294000015276, -6.187039999878859], [106.82299999998222, -6.1861799997358835], [106.82301000015343, -6.18591000026417], [106.82300999959516, -6.185710000229853], [106.82300999996967, -6.185229999593642], [106.82298000045091, -6.1850200001535205], [106.82294000019613, -6.184619999892093], [106.82291000026815, -6.18398999994358], [106.82290000019545, -6.183370000245292], [106.82286000030997, -6.182769999828333], [106.82279000039159, -6.18170999971846], [106.8227400000553, -6.180930000300762], [106.82266999974274, -6.180889999989229], [106.82263000002528, -6.180860000058452], [106.82258999970034, -6.180799999565528], [106.82255999961446, -6.180740000041525], [106.82253999986061, -6.180670000397677], [106.82254999987794, -6.180600000065337], [106.82255999989529, -6.180529999733426], [106.82259000035663, -6.180460000449326], [106.82262000010964, -6.1801000002760285], [106.8226599995698, -6.178759999964414], [106.82266000029706, -6.178280000026918], [106.822710000231, -6.176929999599483], [106.82271999997658, -6.176130000071745], [106.82275000019433, -6.175410000416486], [106.82277000041798, -6.174140000282459], [106.82282000015327, -6.172199999599246], [106.82282000028124, -6.1718100003912735], [106.82280000041332, -6.171729999556224], [106.82272000018777, -6.171530000268533], [106.82265999955206, -6.171430000374912], [106.8225499999047, -6.171310000376666], [106.82244000028727, -6.171249999676353], [106.8219500002489, -6.171159999707798], [106.82173000016827, -6.171100000045457], [106.8216199997433, -6.171040000042462], [106.82152000024853, -6.170930000075609], [106.8214600002461, -6.170809999564824], [106.82141000014795, -6.170700000287741], [106.82133999959528, -6.170459999950687], [106.82121000006997, -6.169959999846711], [106.82103999973428, -6.168949999691411], [106.82080999961458, -6.167990000125933], [106.82076000018017, -6.167829999654121], [106.82069000011532, -6.1676600004219395], [106.82089000037439, -6.167369999937138], [106.82086000042243, -6.167150000420276], [106.82071000032501, -6.166610000415544], [106.82052999966893, -6.16575000044548], [106.82038999972647, -6.1651299995798094], [106.82030999962915, -6.164639999732961], [106.82011999974003, -6.163729999756285], [106.81998000031841, -6.163119999556893], [106.81990000039913, -6.162890000288511], [106.81983100028322, -6.162613000434583], [106.81982999991564, -6.162610000170507], [106.81970000007011, -6.161980000405379], [106.81965999998256, -6.161720000389713], [106.81930000032604, -6.160150000424141], [106.81893000009094, -6.158630000327945], [106.81884999987554, -6.158250000034026], [106.8188299998876, -6.158200000240798], [106.81879000023935, -6.158120000173272], [106.81875999981794, -6.158030000153138], [106.81862000014372, -6.1573800004404315], [106.81853000017207, -6.157020000121564], [106.81849999993742, -6.156869999654322], [106.81848000023342, -6.156580000033177], [106.81835000034054, -6.155939999605935], [106.81828999961563, -6.155689999661801], [106.81825999979573, -6.1556199999773025], [106.81823769885695, -6.1555898628167895]], [[106.79855235771299, -6.239960000219332], [106.79855999964715, -6.240446000298754], [106.79855999973815, -6.240450000417131], [106.79856000041434, -6.240459999807382], [106.79857000017942, -6.24208600028362], [106.79856100029279, -6.242440999952423], [106.7986710000828, -6.242609999802034], [106.7990580003803, -6.242976999974674], [106.79931399977716, -6.243133000178931], [106.79943299968544, -6.2432059996471585], [106.79988199981325, -6.243355000370663], [106.80171399958932, -6.243355999925942], [106.80171400037159, -6.243351999811757]], [[106.81133499985528, -6.135381000219582], [106.81133000026631, -6.135390000190567], [106.81106999973854, -6.134350000427508], [106.81111000015404, -6.134269999560439], [106.81120000011856, -6.134210000107687], [106.8116100001152, -6.1341199997523335], [106.81216200010587, -6.133952000356701], [106.81217599967276, -6.133947999899129], [106.81216999992101, -6.133950000360792], [106.81292000041233, -6.1337299998518935], [106.81456000016901, -6.1331800002439225], [106.81489999985253, -6.134349999858646], [106.81496000042043, -6.134630000444936], [106.81512000041474, -6.135189999760135], [106.81550000004451, -6.13641000029315], [106.81551000014932, -6.136510000426952], [106.81548999967119, -6.13662000037262], [106.81544999992741, -6.136699999611159], [106.81488599986514, -6.136868000196089], [106.81488799993328, -6.136867999744244], [106.81488000009989, -6.1368699997904335], [106.81481000030192, -6.136889999803319], [106.81470999971975, -6.136959999661098], [106.8142300003498, -6.137080000349767], [106.81406000005565, -6.137199999903117], [106.81367000022749, -6.137330000122994], [106.81361999960365, -6.137360000307931], [106.81357999991553, -6.137449999752082], [106.81357000012993, -6.137509999873404], [106.81371399968899, -6.13798100018978], [106.81466499989858, -6.141388999799608], [106.81486999995836, -6.142189999998098], [106.81506000041901, -6.142789999882255], [106.81547000010758, -6.14400999983017], [106.81559299982695, -6.144409000329655], [106.81559999998531, -6.144429999660157]], [[106.81790144079025, -6.1551354602798325], [106.81788999992109, -6.155119999809417], [106.81783000007609, -6.155020000321046], [106.81743000008896, -6.153279999854675], [106.81720000039493, -6.152189999572378], [106.81698999959153, -6.151280000028879], [106.81674000027188, -6.150129999615957], [106.81670999981054, -6.150000000117449], [106.81669000018728, -6.149840000271939], [106.81656000042256, -6.149330000248848], [106.81613999976976, -6.147669999887835], [106.81599999969252, -6.147149999681126], [106.81600000032994, -6.147090000083992], [106.81602000022644, -6.147030000341296], [106.81605000033122, -6.146999999868743], [106.81611000021847, -6.146969999622562], [106.81612999982829, -6.1468500002901685], [106.81612000006831, -6.146719999591401], [106.81546999998976, -6.144429999870023], [106.81531999962392, -6.143959999780873], [106.8151000004404, -6.143539999673324], [106.81487999984337, -6.142839999848432], [106.81432999962966, -6.140680000334796], [106.81417000030726, -6.1400900003823615], [106.8137300001757, -6.138640000363739], [106.81377000003936, -6.138509999897212], [106.81377999956104, -6.138400000340086], [106.81371000011782, -6.138189999967925], [106.81322000010424, -6.136610000182009], [106.81318999982719, -6.136560000169964], [106.81314000000738, -6.136539999934192], [106.81302999960954, -6.1365599995741675], [106.81195999974675, -6.136840000258586], [106.81188999990967, -6.13684000030457], [106.8118399998927, -6.136839999557242], [106.81176000023632, -6.136780000224012], [106.81171999969254, -6.136729999579947], [106.81169000006793, -6.1366700000862675], [106.81135999969332, -6.135370000348476]], [[106.81559999998531, -6.144429999660157], [106.81559999976176, -6.144430999684615]], [[106.81559999998531, -6.144429999660157], [106.81590000021839, -6.145499999664138], [106.81603000026323, -6.146050000399149], [106.81640999974718, -6.14738000044223], [106.81660999960992, -6.148209999772593], [106.81673999978032, -6.148860000364362], [106.81683999958527, -6.149250000159891], [106.8168400000515, -6.1492520002040125], [106.81684300011946, -6.149269000335834], [106.81697699989591, -6.149925999903645], [106.81692100021883, -6.150008999682873], [106.81677400016467, -6.150060999942408], [106.81676899988855, -6.15012300028346], [106.81749800023738, -6.153266000429549], [106.81749900012687, -6.1532709998500446], [106.81790144079025, -6.1551354602798325]], [[106.81790144079025, -6.1551354602798325], [106.81794299977786, -6.155328000192392], [106.81823769885695, -6.1555898628167895]], [[106.81823769885695, -6.1555898628167895], [106.81790144079025, -6.1551354602798325]]]}, "properties": {"id": "tj-k1", "corridor_id": "K1", "corridor_no": 1, "corridor_nos": ",1,", "name": "Koridor 1", "route_name": "Koridor 1", "endpoint": "Blok M - Kota", "from_name": "Blok M", "to_name": "Kota", "ruas": "Blok M > Jl. Sultan Hasanuddin > Jl. Sisingamangaraja > Jl. Jenderal Sudirman > Jl. M.H. Thamrin > Jl. Medan Merdeka Barat > Jl. Majapahit > Jl. Hayam Wuruk > Jl. Gajah Mada > Jl. Pintu Besar Selatan > Kota", "mode": "TransJakarta", "status": "existing", "status_label": "Jaringan saat ini", "source": "Jakarta Satu / Jaklingko Rute_TJ FeatureServer", "source_type": "official", "source_url": "https://jakartasatu.jakarta.go.id/server/rest/services/Jaklingko/Rute_TJ/FeatureServer/3", "operator": "TransJakarta", "length_km": 28.81, "geometry_type": "road", "has_toll": false, "color": "#5865C7", "stop_count": 31}}, {"type": "Feature", "id": "tj-k2", "geometry": {"type": "MultiLineString", "coordinates": [[[106.83097999969927, -6.1723599997816185], [106.83187000020435, -6.171930000228256], [106.83319000005048, -6.1712199999504795], [106.8333300001284, -6.171089999865508], [106.83337999969876, -6.171020000363758], [106.83340000031158, -6.1709699995491425], [106.83340000000806, -6.170909999669966], [106.8333799996962, -6.170839999816896], [106.83264999994292, -6.1693799997673215], [106.83215000038561, -6.168320000355948], [106.83163999972032, -6.16807999973289], [106.8312999999929, -6.168079999752641], [106.8309700001019, -6.168120000117957], [106.8308180001842, -6.168167999804056], [106.83081000005981, -6.168160000061732], [106.8302999998628, -6.168279999665922], [106.83010999986783, -6.168300000050918], [106.83001000036079, -6.168300000068126], [106.82814500020079, -6.167951000415034], [106.82814400011435, -6.1679510002308975], [106.82813999995878, -6.167950000381773], [106.8269159997948, -6.167671000008166], [106.8269100003713, -6.1676699997721665], [106.82657999984511, -6.167589999927823], [106.8258200001394, -6.167439999793757], [106.82537900000943, -6.16739799957182], [106.82536999975142, -6.16739999970667], [106.82541999982574, -6.167760000153076], [106.82551900020287, -6.168932999641552], [106.82551999985576, -6.1689399999538], [106.82567000016799, -6.1711599998455995], [106.82563999995597, -6.171269999747099], [106.82561499967636, -6.171339999893871], [106.82561000011185, -6.17133999985981], [106.82552000039412, -6.1714699997154705], [106.82361399959234, -6.171441000156006], [106.82361000031054, -6.17144000027506], [106.82356000008313, -6.171439999762209], [106.82339000044037, -6.171489999810646], [106.82331599975313, -6.171555000410989], [106.82319000010179, -6.171760999991783], [106.82314000031857, -6.171962999600022], [106.82313999986218, -6.171969999732204], [106.82304000021644, -6.176254999859354], [106.82298000004394, -6.178680000045387], [106.82295999984693, -6.179380000202488], [106.8229800004407, -6.179729999581054], [106.82314000001791, -6.1800299998484], [106.82325000006891, -6.180179999674876], [106.82335999962964, -6.180289999635261], [106.82359000007847, -6.180390000032461], [106.82380999970107, -6.180459999718188], [106.82504999966115, -6.180440000406551], [106.82634999999627, -6.180380000283735], [106.82641999960231, -6.18037000012702], [106.82642899968907, -6.180369999946264], [106.82855999986577, -6.180290000111576], [106.83000000030565, -6.180229999745513], [106.83098999988104, -6.1801699995635575], [106.83106999992084, -6.180099999706614], [106.8311100001237, -6.180020000048318], [106.83112000026252, -6.179699999994652], [106.83110000023616, -6.179590000426725], [106.83103000013406, -6.179439999797556], [106.83094999998367, -6.1793000002716045], [106.83051999991277, -6.178919999838182], [106.83050000036094, -6.178880000302143], [106.83048999985493, -6.178789999979695], [106.83049999984297, -6.178750000240221], [106.83055000032316, -6.178689999940382], [106.83058999991201, -6.178670000284931], [106.8306900004302, -6.178669999586268], [106.83102599960557, -6.178966999673233], [106.83103000040437, -6.1789700004046795], [106.83132999991314, -6.179229999775987], [106.83138999996432, -6.1792400003010135], [106.8317900003932, -6.1792300001508895], [106.83187999997247, -6.179240000335329], [106.83201999972901, -6.1792999997842655], [106.83252000008873, -6.1808300003954235], [106.83292999989175, -6.18174000002356], [106.83316999974888, -6.182150000308839], [106.83324000039806, -6.18224999972077], [106.83347000007544, -6.182460000051121], [106.8336199997148, -6.182560000034266], [106.83385000038383, -6.182609999930675], [106.8342899997647, -6.18252000011078], [106.83635999973293, -6.181749999718109], [106.83680999965948, -6.181520000041206], [106.83711999997739, -6.181409999758933], [106.83831000027855, -6.181090000438135], [106.8386199998061, -6.180980000349072], [106.83862700011255, -6.180976999612949], [106.83890000013085, -6.18084999972798], [106.83918999982917, -6.180649999898077], [106.83974999961838, -6.180230000264318], [106.84014000017862, -6.179889999951708], [106.84068999976932, -6.179459999935889], [106.84114999958467, -6.179150000350056], [106.8419000000727, -6.178580000228535], [106.84211118292713, -6.178450565996943]], [[106.83097999969927, -6.1723599997816185], [106.83098200006486, -6.172359000119363]], [[106.83482000013487, -6.173449999581842], [106.83452999970842, -6.172940000281168], [106.834525000112, -6.172935000273549], [106.83451999961224, -6.172930000268971], [106.83441999997594, -6.172879999844079], [106.83428999980666, -6.172880000342482], [106.83418999989658, -6.172909999967863], [106.83403000031896, -6.1730000000476215], [106.83319000044628, -6.17402999977877], [106.83273000016072, -6.174640000198786], [106.83266999967566, -6.174769999741313], [106.83265000037544, -6.174909999972767], [106.83266000035721, -6.175639999673706], [106.83258999971207, -6.1759100002983285], [106.83246000036321, -6.176039999594591], [106.83232999963474, -6.176099999746061], [106.83127000016864, -6.176299999915323], [106.83118000021943, -6.176299999620313], [106.83100000023919, -6.176279999604753], [106.83053000014667, -6.174580000332882], [106.8305269996577, -6.1745709996748674], [106.83023000004384, -6.173659999828258], [106.83006000000135, -6.17306999977823], [106.83003999993198, -6.17296000000928], [106.83006000001629, -6.172879999671447], [106.83011000020556, -6.172810000304668], [106.83018000044741, -6.172750000123709], [106.83097999969927, -6.1723599997816185]], [[106.83482000013487, -6.173449999581842], [106.83481799956301, -6.173447000113635]], [[106.84211118292713, -6.178450565996943], [106.84190700014503, -6.178304999963869], [106.84120400032293, -6.1774460004457445], [106.84020100035438, -6.1762770000887945], [106.84020100019455, -6.176278000098502], [106.83844100033909, -6.174342000182263], [106.83821100013975, -6.174198000369905], [106.8367150002184, -6.175456000364339], [106.83670999997558, -6.175459999588618], [106.83645000009639, -6.175700000218627], [106.836370000056, -6.175730000045157], [106.83631000036024, -6.175709999879038], [106.83621999959345, -6.1756200002932635], [106.8354400001443, -6.174530000072883], [106.83482000013487, -6.173449999581842]], [[106.84211118292713, -6.178450565996943], [106.8422100002899, -6.178389999848463], [106.84240999962218, -6.178169999594231], [106.84241499998033, -6.178165000313469], [106.8424499997557, -6.178129999932098], [106.8428099997772, -6.177939999699421], [106.84310999987679, -6.177709999893239], [106.84333000011786, -6.177509999923896], [106.84358000026512, -6.177210000077123], [106.84409999971274, -6.176670000068658], [106.84484000004086, -6.1756899998259], [106.84511000044056, -6.175300000328806], [106.84528999956254, -6.175149999848467], [106.84552000004281, -6.175049999806375], [106.84572999955346, -6.175009999824553], [106.84690999969624, -6.174950000396322], [106.8475000000629, -6.174860000321741], [106.84899999986189, -6.174739999713657], [106.84944999982886, -6.174780000049165], [106.8532800003783, -6.1744899996888565], [106.85430000006436, -6.174390000054003], [106.85482999979271, -6.174309999865283], [106.85484100007129, -6.174308000395681], [106.85552000012149, -6.174200000016733], [106.8576200000266, -6.173900000264766], [106.85807000042138, -6.1738199997251995], [106.85807299988782, -6.173819000102383], [106.8584799995515, -6.173730000221857], [106.85940999999524, -6.17351000036267], [106.86008999989743, -6.173279999576483], [106.86072999958533, -6.173019999675185], [106.86241000018333, -6.172239999916092], [106.86240999958054, -6.172229999948551], [106.86495999967869, -6.171039999729123], [106.86526000019009, -6.170899999967849], [106.86654999995001, -6.170309999899097], [106.86655199986764, -6.170304000152859], [106.8696100001732, -6.168880000413407], [106.87024000042176, -6.168600000103258], [106.8711400000268, -6.168180000282735], [106.87274000007261, -6.1674699995616145], [106.87550999998918, -6.166629999937154], [106.87588000040742, -6.166499999643316], [106.87589000036512, -6.16649699972514], [106.8762900000422, -6.166380000122277], [106.87662999975234, -6.166299999647359], [106.87706000043819, -6.166259999721791], [106.87761000019854, -6.166250000283783], [106.87810000000924, -6.166259999991948], [106.87891999956044, -6.16629999971348], [106.87995000019379, -6.166539999630624], [106.88053999983903, -6.166760000321628], [106.88131000007063, -6.167139999820534], [106.88198999968967, -6.167489999829993], [106.88253899999178, -6.1678399996972475], [106.8825400000474, -6.167839999779241], [106.8835700000568, -6.168479999844148], [106.88447999993696, -6.169030000059571], [106.88481000013505, -6.169260000387764], [106.88578999989001, -6.169879999998412], [106.88743999986814, -6.170849999661963], [106.88875100030569, -6.171639999659884], [106.88875000024646, -6.171639999591739], [106.89105000038785, -6.17302999955754], [106.89141999984531, -6.173310000225429], [106.89155999962543, -6.173430000277086], [106.89227000031578, -6.1741399999061395], [106.89284800016662, -6.174657999563686], [106.89285000016795, -6.174659999641074], [106.89332999966837, -6.175099999696125], [106.89408000028583, -6.175839999857253], [106.89449000006937, -6.176170000265027], [106.89477000010731, -6.17642000029486], [106.89521000009955, -6.176860000020317], [106.89623999995887, -6.177800000386656], [106.89644999956988, -6.1779500004147465], [106.8966300000762, -6.178030000400379], [106.89683999981459, -6.178060000214531], [106.89749000043442, -6.1780600003362185], [106.89847000021265, -6.178089999912182], [106.89847300040991, -6.178090000050666], [106.89936999972105, -6.178139999925019], [106.8995499996169, -6.178179999736563], [106.90082000018023, -6.178290000218968], [106.90123999980544, -6.178359999600463], [106.90151999992769, -6.178439999948428], [106.9017799997062, -6.178520000230303], [106.903709999606, -6.179280000231104], [106.90654300023172, -6.180347999901312], [106.90756700026712, -6.180806000055208], [106.9086270003364, -6.1813920002615275], [106.90872999991936, -6.181584999882106], [106.90877452090884, -6.181822443270863]], [[106.90877452090884, -6.181822443270863], [106.90859399973498, -6.181655999790051], [106.90846000020626, -6.181580000423312], [106.90834000022997, -6.181489999976467], [106.90732000015123, -6.180870000359491], [106.90660999975155, -6.180579999863728], [106.90494000010084, -6.179959999928517], [106.9039999995889, -6.1795600003464415], [106.90159000028999, -6.1786200000208495], [106.9010200001772, -6.178499999683513], [106.89942999996289, -6.178369999769888], [106.89893999998904, -6.178319999758817], [106.89846099971565, -6.1782900002111445], [106.89754999974143, -6.178239999989728], [106.8969800001305, -6.1782500000965195], [106.89668000010612, -6.178230000194168], [106.89653999955064, -6.178200000223506], [106.89621000012309, -6.1780799998621045], [106.89602000001562, -6.177929999854897], [106.89401999999652, -6.1760100001695575], [106.89300000021579, -6.175150000302388], [106.89268000035742, -6.174850000232071], [106.89267800035559, -6.174848000154081], [106.8912300002534, -6.173500000042149], [106.89099999987758, -6.17331999988374], [106.89042999967319, -6.1729399996532015], [106.88966000026682, -6.172450000047993], [106.8889500003904, -6.172060000266055], [106.8886240004461, -6.1718619996792325], [106.88862000035328, -6.171860000345305], [106.88241999979047, -6.168029999878601], [106.88071000043107, -6.167050000353324], [106.88013000004987, -6.16675999993326], [106.88000000017034, -6.166710000048929], [106.87955000001811, -6.166599999780263], [106.87868999997922, -6.166509999987085], [106.87779000022638, -6.1664400002348065], [106.87728000001307, -6.166420000353186], [106.8769800003375, -6.166440000210134], [106.87664999967724, -6.16647999958347], [106.87593399959697, -6.166659000429472], [106.8759300001734, -6.166660000035867], [106.87564000015978, -6.166740000434769], [106.87288999991307, -6.167619999792175], [106.87245999957422, -6.1677900001796], [106.87141000026458, -6.168260000383977], [106.8703149997781, -6.168768000406029], [106.87031200038095, -6.168769000082569], [106.87031000014474, -6.168769999866709], [106.86769000011732, -6.1699900003987365], [106.86663799959463, -6.170485999670346], [106.86663000039354, -6.170489999665304], [106.86540000000086, -6.171049999697706], [106.86250499957967, -6.172416999684542], [106.86249999974783, -6.172419999992203], [106.86115000012838, -6.1730000003628716], [106.86047000023166, -6.173320000278696], [106.86019999984389, -6.173429999983486], [106.85900000004428, -6.173790000265715], [106.85810600019708, -6.1739789995899255], [106.85809999958664, -6.173979999747088], [106.85771000031846, -6.174059999738343], [106.85654999991999, -6.174220000376338], [106.85513000017663, -6.174440000238122], [106.85506000030678, -6.174470000198723], [106.85486300021007, -6.174489999852801], [106.8548599999618, -6.174490000366158], [106.85434999994135, -6.1745699996502585], [106.85218000020599, -6.174739999686515], [106.85124999986587, -6.1747999996583225], [106.85028999959037, -6.174830000115949], [106.84867999958243, -6.1749300004186445], [106.84824000013454, -6.174990000448643], [106.84729000030343, -6.175070000036596], [106.84712999972409, -6.17498999997523], [106.84571999989082, -6.175079999682889], [106.84543000039565, -6.1751799999699735], [106.8452700001224, -6.175289999584348], [106.84516000009478, -6.17538000012902], [106.84484000030714, -6.1757300000892785], [106.84387999968945, -6.177079999856566], [106.84368999985752, -6.177340000355077], [106.84341999971616, -6.17760999973794], [106.84317499966164, -6.177804999557297], [106.84256800016954, -6.178341999600719], [106.84255600001406, -6.178352999676146], [106.84246999995018, -6.17842199983097], [106.84227700031815, -6.178508000128998], [106.84211600015108, -6.178453999607578], [106.84211118292713, -6.178450565996943]], [[106.90877452090884, -6.181822443270863], [106.90881099965925, -6.182016999980991], [106.90878200022433, -6.182220999559679], [106.9087540001237, -6.182419000250633], [106.90860599959176, -6.182531999596521], [106.90869499999299, -6.183037000435307], [106.90875199981079, -6.183356999583465], [106.90884399969616, -6.183466000362026], [106.90907999976393, -6.183332999936694]], [[106.9090959998829, -6.18330200032989], [106.90942900038057, -6.18302000019317], [106.90979400039994, -6.182721000280531], [106.90990599983837, -6.182613999686804], [106.9098899995839, -6.182438000128593], [106.90977799976461, -6.182348000321112], [106.90937500030113, -6.182156000394592], [106.9088119996246, -6.181857000217844], [106.90877452090884, -6.181822443270863]]]}, "properties": {"id": "tj-k2", "corridor_id": "K2", "corridor_no": 2, "corridor_nos": ",2,", "name": "Koridor 2", "route_name": "Koridor 2", "endpoint": "Pulo Gadung - Monas", "from_name": "Pulo Gadung", "to_name": "Monas", "ruas": "Pulo Gadung > Jl. Perintis Kemerdekaan > Jl. Jenderal Ahmad Yani > Jl. Pramuka > Jl. Salemba Raya > Jl. Kramat Raya > Jl. Senen Raya > Jl. Letjen Suprapto > Jl. Gunung Sahari Raya > Lapangan Banteng / Juanda > Jl. Ir. H. Juanda > Monas", "mode": "TransJakarta", "status": "existing", "status_label": "Jaringan saat ini", "source": "Jakarta Satu / Jaklingko Rute_TJ FeatureServer", "source_type": "official", "source_url": "https://jakartasatu.jakarta.go.id/server/rest/services/Jaklingko/Rute_TJ/FeatureServer/3", "operator": "TransJakarta", "length_km": 25.18, "geometry_type": "road", "has_toll": false, "color": "#5865C7", "stop_count": 23}}, {"type": "Feature", "id": "tj-k3", "geometry": {"type": "MultiLineString", "coordinates": [[[106.7774107601342, -6.164310600704117], [106.77736640062703, -6.164292487447111], [106.77669054990423, -6.164028338607687]], [[106.7766905810541, -6.164028468708489], [106.77563926686148, -6.163656628202175], [106.77378771570206, -6.162883828154528], [106.77253743992637, -6.162396195634822], [106.77238861862278, -6.162321660724092], [106.77175377770413, -6.162042058823675], [106.77117231233107, -6.161815574119386], [106.77063723167744, -6.16160302026108], [106.77028421979236, -6.161467246521114], [106.77006071505298, -6.161366982824204], [106.7698497441653, -6.16122076472842], [106.76972232554542, -6.161101701819324], [106.76960659365318, -6.1609397698206765], [106.7695238872499, -6.160784200469015], [106.76941735656077, -6.160491764150807], [106.76920011879344, -6.159902715121813], [106.76901212452037, -6.1593951297638645], [106.76891603848952, -6.159119405274057], [106.76879697539627, -6.158875012507064], [106.7686277796793, -6.1586389743595955], [106.768362498676, -6.158396671131855], [106.76805126394602, -6.15818987706111], [106.76773793947252, -6.157985172043605], [106.76746639214078, -6.157801354720313], [106.7672825748839, -6.1576802026917035], [106.76714889036198, -6.1576217158354725], [106.76699431710436, -6.157584116505771], [106.76690031989754, -6.157575761916172], [106.7667917005744, -6.157573673036102], [106.76667054864056, -6.157590383342726], [106.76650970890346, -6.157636337686901], [106.76631962550876, -6.157719890671108], [106.7657681757976, -6.1579559284970395], [106.76533161044033, -6.15813556755465], [106.76506841840751, -6.158233742583028], [106.7647404725849, -6.158331917424722], [106.76459425424157, -6.158367427287036], [106.76442714797284, -6.158394581724349], [106.76411382450746, -6.1584321803867885], [106.76353730823105, -6.158455158176648], [106.76309735289163, -6.158470640271996], [106.76282501767655, -6.158480224274079], [106.76222552403978, -6.158490668355125], [106.76205006300435, -6.158486490015172], [106.7618328246161, -6.158453069223559], [106.76165318543096, -6.1584196480491], [106.76149652358534, -6.158373693686066], [106.76106075021544, -6.158222080094334], [106.76042129961994, -6.157998749216832], [106.75983225027458, -6.157831120323031], [106.75952484014086, -6.157729932603323], [106.75773604761554, -6.157172456626674], [106.75632612217524, -6.156750291201554], [106.75539858434955, -6.156480694380254], [106.75474686982885, -6.156263194463179], [106.75443612418532, -6.1561737671635], [106.75413637789576, -6.156117368647356], [106.75341364311707, -6.156024938242733], [106.75247576013945, -6.155953917948919], [106.75198384138245, -6.155881853454286], [106.75141202492057, -6.155797777817598], [106.75117859854122, -6.155763834750327], [106.75035897036507, -6.155648871125284], [106.74954711333206, -6.155562272926632], [106.74862971415716, -6.155472968405972], [106.74729826834316, -6.155321421856412], [106.74638086947401, -6.155223998828406], [106.74582880696478, -6.1551806999834096], [106.7451712024144, -6.155156344422281], [106.74447029915993, -6.15508868927519], [106.74371527179, -6.154996679530398], [106.74306307895719, -6.1548965502559065], [106.74272074633922, -6.154858663832206], [106.741873708454, -6.154796420995697], [106.74124316571873, -6.154761240856896], [106.74032306090928, -6.154698997809581], [106.73945978585809, -6.154647580383356], [106.7390024400525, -6.154625930725402], [106.73839703485953, -6.154657677673785], [106.73793890638444, -6.154674642448498], [106.73679418763038, -6.154644874234114], [106.73577033454542, -6.154639922839714], [106.73526431607553, -6.1546174679208665], [106.73506763769366, -6.154609693495417], [106.734798371362, -6.1545941335802326], [106.73446821610497, -6.154607663894259], [106.73423548441683, -6.15463066657636], [106.73382684938659, -6.154684790515641], [106.7331205332056, -6.15484174929189], [106.73255223311345, -6.154931054011855], [106.73215712884873, -6.154951350284718], [106.73131279778882, -6.154978412258434], [106.73055506432172, -6.154924288783301], [106.72915596296716, -6.154613076964255], [106.72818714672805, -6.154388462571809], [106.72775256926569, -6.154308065217297], [106.72735837447405, -6.154226406524627], [106.72714675903207, -6.154181754407029], [106.72564588679074, -6.153841904670363], [106.72548374375344, -6.153806655866548], [106.72459061877338, -6.1536347887405105], [106.72394654515826, -6.153477829433489], [106.72322203981287, -6.153238445649316], [106.72279370761875, -6.153093550591373], [106.72244190284145, -6.153020483124753], [106.72201070291834, -6.152952624809982], [106.72121125236819, -6.152895756043565], [106.72101527437178, -6.152893845984344], [106.72057598451153, -6.152927794878618], [106.71964894924322, -6.153051164637246], [106.71874893918465, -6.153163959587499], [106.7176867852168, -6.153645688588779], [106.71712038617117, -6.153874761949176], [106.71675270172597, -6.1540251962616646], [106.71611529158194, -6.154370043892861], [106.71545262078534, -6.154748377066749], [106.71451971209943, -6.1553429017500205], [106.71426827338482, -6.155505044587754], [106.71407558138914, -6.15558259072946], [106.71382442936702, -6.155660367044165], [106.713412323126, -6.155713009753172], [106.71243594072332, -6.1556895111979095], [106.71206818139846, -6.155675412290869], [106.7117626950309, -6.155673061892643], [106.71107241259645, -6.155663074625029], [106.71043441559969, -6.155674824780581], [106.70993623751608, -6.155748258635769], [106.70918544581646, -6.155898065008508], [106.70882263523431, -6.155936342801506], [106.70809274315744, -6.155876915839449], [106.70703528952474, -6.155804068841092], [106.7068613974047, -6.155811118301585], [106.7066734056666, -6.155839317574789], [106.70653706857996, -6.155800282902235], [106.70647601439498, -6.155759420553417], [106.70638671811189, -6.155639576088104], [106.70633267098908, -6.155362287897232], [106.70625042451641, -6.155109674099031], [106.70610708063691, -6.155002753794993], [106.70592378854995, -6.1548946581121715], [106.70570941907151, -6.154880472178024], [106.70562395266839, -6.154849495002098], [106.7055403816022, -6.154802052004905], [106.70550869403954, -6.1547236748902305], [106.70548905733712, -6.154499875816826], [106.70547827184855, -6.1544103532515715], [106.705465558874, -6.15430483463491], [106.70546555852377, -6.154246086630707], [106.70549375725591, -6.154199089464941], [106.70555720444717, -6.154161490404777], [106.70586034139646, -6.154135641861905], [106.70595198701791, -6.154175590066088], [106.70599663576651, -6.154286035024177], [106.70601934715229, -6.154770080406997], [106.7060550789203, -6.154832400746404], [106.70613861241178, -6.1549232704379815], [106.70627889706496, -6.155017702217078], [106.70633502077439, -6.155056801753618], [106.70634911967143, -6.155092049775367], [106.70641017614386, -6.1553366239466945], [106.7064689646807, -6.155611376864242], [106.70653601243832, -6.155701788258765], [106.70667575579154, -6.1557406212530115], [106.70697654196395, -6.1557171222292775], [106.70796584929198, -6.155780570076639], [106.70886820927858, -6.155834617351699], [106.7091971947467, -6.1557970193498], [106.70994916224406, -6.155644275908268], [106.7104191413317, -6.155576129051738], [106.71101601565461, -6.1555643787642875], [106.7120564321078, -6.155583765609666], [106.71243711558645, -6.1556002147617805], [106.71340292379429, -6.155616664480455], [106.71380769318633, -6.155563792173969], [106.7140097844911, -6.155497994419521], [106.7141813263427, -6.155425147695562], [106.7144186667568, -6.155291203344896], [106.71533512576902, -6.1546919799736], [106.71607064381995, -6.154287797796961], [106.71674858917996, -6.153924151203873], [106.71710166113824, -6.153792556470156], [106.71763038772596, -6.1535681417652395], [106.71873483954103, -6.153055863985578], [106.71963954989828, -6.152954818857852], [106.72055600995304, -6.152849073142987], [106.72099409043386, -6.152810753536938], [106.72116458122328, -6.152805341067126], [106.72154074173285, -6.15282699082811], [106.72213610308314, -6.152881113909807], [106.72252579529469, -6.152948768768283], [106.72280182604082, -6.153008304826381], [106.72322940475203, -6.153157145651772], [106.72399796280483, -6.153392584041025], [106.72449590169384, -6.153522481739377], [106.72549314332011, -6.153705611061124], [106.72570463427175, -6.153752608980004], [106.72711574712886, -6.154062794829394], [106.7273595489571, -6.15410949939805], [106.72777254393613, -6.154188514806975], [106.7281917063254, -6.154270467606495], [106.72885016328665, -6.15439658131025], [106.72961330949173, -6.154594132922532], [106.73044140384359, -6.154772741792836], [106.73089604370006, -6.154840396310496], [106.73132362270596, -6.154880989859811], [106.73185403617902, -6.154867458228437], [106.73229243898139, -6.154864752531422], [106.73272813589347, -6.154797097896304], [106.73329102312205, -6.154699674442634], [106.73374836966987, -6.154613076778135], [106.73450610318643, -6.15451835944795], [106.73499051117592, -6.15450482872404], [106.7353040038037, -6.154518770904866], [106.73574283197021, -6.154540009302853], [106.73660340151625, -6.154550834161185], [106.73735301647685, -6.154550834486393], [106.73791049189417, -6.154550834537474], [106.7384517298883, -6.154537302829259], [106.7390281483355, -6.154526478029599], [106.73995095979836, -6.154580601982791], [106.7409197761858, -6.1546428451114705], [106.74152596326645, -6.15467531925194], [106.74228640210335, -6.1547240307719004], [106.74295483213206, -6.154780860364634], [106.74338511572259, -6.154848515501421], [106.74399400927092, -6.154937819541252], [106.74470032510978, -6.1550271235772085], [106.74522387448357, -6.155054155136871], [106.74570973464903, -6.155089365983512], [106.74634975199653, -6.1551303978867296], [106.74725839202901, -6.155217084125836], [106.74784744107012, -6.155279748827821], [106.74863910688715, -6.1553695680519604], [106.74915452457627, -6.15541917781829], [106.74997543389608, -6.15550273146621], [106.75118173139629, -6.155652604666308], [106.75135979826749, -6.155686948233787], [106.75201079785046, -6.155777844899481], [106.75250187080354, -6.15586200960794], [106.75345124206994, -6.15593094050125], [106.7541530881609, -6.15602963790923], [106.7544382131977, -6.156086036574616], [106.75475313706244, -6.156160842642141], [106.7554487160987, -6.156403146330724], [106.75644247564064, -6.156680176538965], [106.75787919712816, -6.157095853418433], [106.75989088300878, -6.157735021280254], [106.76066151482351, -6.158000315582023], [106.76111270174114, -6.158163244578507], [106.76144900255645, -6.158292751423381], [106.76164117526908, -6.158347060956947], [106.76177277129177, -6.158376304234879], [106.76205685125768, -6.158409725813858], [106.76244537368636, -6.158415992478824], [106.76315227396373, -6.158394073274918], [106.76379266713501, -6.158374215815815], [106.76408719160355, -6.158361682590855], [106.76432155245287, -6.15833594425299], [106.76455926689675, -6.158299017848932], [106.76492063407777, -6.158202931573351], [106.76522978004195, -6.15809431290526], [106.76597966963132, -6.1577809892058415], [106.76637236832302, -6.157618060009033], [106.76656036345221, -6.157542862447823], [106.76672063988245, -6.1575047023917735], [106.76691128583383, -6.157498997578763], [106.76707317049672, -6.157525107422772], [106.76723192076783, -6.157577328337454], [106.76771825194412, -6.157861195039019], [106.76806492877388, -6.158110813453482], [106.76838286474981, -6.158318862049305], [106.76865744536953, -6.158560261887044], [106.76880974207857, -6.158759922115778], [106.76890716036958, -6.158920444095317], [106.76897818082521, -6.159085461574426], [106.76904920096402, -6.159265100893913], [106.7693753025681, -6.160191467021739], [106.7695003874173, -6.1605183968115105], [106.76959438489821, -6.160773233647633], [106.76969720373877, -6.160952562872007], [106.76979073423716, -6.161067758880064], [106.76986802125246, -6.161142956231564], [106.76994148865992, -6.161200462868596], [106.77008630316313, -6.161292307531731], [106.77069415269538, -6.161540878033275], [106.77223260887052, -6.162159516293374], [106.7725841799744, -6.162304412124679], [106.77683761457865, -6.163935856062359], [106.77752167899331, -6.164203726141526]], [[106.78275044500752, -6.165327408593469], [106.782717302958, -6.1653194612771935], [106.78205771679106, -6.165200187844372], [106.78150514928275, -6.165077140595458], [106.7809844248545, -6.164976149046936], [106.78067339264928, -6.164983942798183], [106.78021818497486, -6.164996005709658], [106.77937721494429, -6.165018289031561], [106.77925348734523, -6.1649828263030155], [106.77851994372308, -6.164729829089881], [106.77741074842274, -6.164310610689359]], [[106.777522672385, -6.164203608899409], [106.7782379063484, -6.1644726985497025], [106.77931478942597, -6.164872289622221], [106.78027015340601, -6.164854587462842], [106.78104306534273, -6.164840264774109], [106.7818664318063, -6.165000697201847], [106.78281558789867, -6.165202870945409]], [[106.78281685383497, -6.16520347794648], [106.78327843241985, -6.1653099731051935], [106.78349763444191, -6.165353272909152], [106.78389815010938, -6.1654263393794215], [106.78430137254101, -6.165507525167578], [106.78471271415889, -6.165580592683891], [106.78500498285966, -6.165664484121521], [106.7851835911435, -6.165756495191086], [106.78539738038917, -6.165872861231081], [106.7855381022326, -6.165964871602006], [106.78574106674832, -6.166097475089451], [106.7859413245874, -6.166221959739809], [106.78614428895469, -6.166316676372259], [106.78634578205155, -6.166394501163019], [106.78656374836606, -6.166476342206162], [106.78693720322484, -6.166560234071941], [106.78759480715318, -6.1667090744383435], [106.78787726894988, -6.16675175120836], [106.78811029924098, -6.166765331322945], [106.78835254087716, -6.166776729335249], [106.78864480960178, -6.166809203289979], [106.78874073514741, -6.166812821690645], [106.78892407567271, -6.166819736190386], [106.79008463069059, -6.166719278218969], [106.79105220083264, -6.166632037641763], [106.79174747640835, -6.166577843478861], [106.79380686798565, -6.166416581717709], [106.79467133626977, -6.166359743617786], [106.79680210526146, -6.166209056175848], [106.79803094010092, -6.166135097296806], [106.79834596764616, -6.166112062302809], [106.80023785537254, -6.165978256103846], [106.80295847203446, -6.166004974731812], [106.8038166269657, -6.165982701580765], [106.80456193130478, -6.16598494741983], [106.80500167894063, -6.165973586874148], [106.80548158324602, -6.165967666909115], [106.8062297310899, -6.16591391367551], [106.80747047660098, -6.165823148603377], [106.80853850535644, -6.165745602083915], [106.81021633187868, -6.165637800610113], [106.8106264970045, -6.165605689203588], [106.81068397919239, -6.165646698364846], [106.81072828209678, -6.1663395158372225], [106.81080713486602, -6.1673796650139225], [106.81112407444874, -6.170770448203661], [106.81113600002622, -6.170894219981785], [106.81115315415242, -6.170922338646655], [106.81119324022134, -6.170954208506056], [106.81125039116597, -6.170948550102135], [106.81146743788241, -6.170898163916551], [106.81219028336268, -6.170762508960984], [106.8129615763384, -6.17062200992503], [106.81383170353084, -6.170455348890483], [106.814632065503, -6.170317755958019], [106.81494891587717, -6.170270277082777], [106.81540238954545, -6.170196636340545], [106.815857801026, -6.170130746500393], [106.8160419041912, -6.170095863768326], [106.81667075979941, -6.169989278631829], [106.81724438502148, -6.169884630000845], [106.81781607221616, -6.169787734435097], [106.81829861460115, -6.169681148840744], [106.81855248257969, -6.169615258816322], [106.81896719736606, -6.169498983692561], [106.81913579657932, -6.169405963686432], [106.81923656873926, -6.169328446929536], [106.81938578922437, -6.169173413121337], [106.81964353270682, -6.168825556057146], [106.81982182140534, -6.1686085084066935], [106.82009313062932, -6.168327509551587], [106.82066675552372, -6.167765512378122], [106.82076004607863, -6.1676496640458245], [106.82078036576505, -6.167628189999102], [106.82091792890417, -6.167482809984067], [106.82097443098762, -6.167409814292431], [106.82108867697644, -6.167336252290961], [106.82127555919928, -6.167316751332955], [106.82180618672768, -6.167351110252447], [106.82231376436694, -6.167351110104179], [106.82341704104627, -6.167206591548631], [106.82519708857869, -6.1670655971228], [106.82534019242188, -6.167059094032223], [106.8253840193931, -6.167095090063045], [106.82538973650556, -6.167261807583053], [106.82543859041616, -6.167747060086103], [106.8256522962096, -6.170919482251329], [106.82567103462002, -6.171178479438887], [106.82558725779496, -6.171475793585579], [106.82392701495947, -6.1714613847746715], [106.82355999969103, -6.1714700003169884], [106.82340963151394, -6.171552488881533], [106.82325849091569, -6.171727203297252], [106.82318999974957, -6.1717999998157405], [106.82318594519869, -6.172073196008882], [106.82307288385198, -6.173231698007878], [106.82303357176143, -6.174908892879755], [106.82301803347997, -6.175576995627721], [106.82299875369252, -6.176405993931813], [106.82295758519051, -6.1778686911382685], [106.82293030399161, -6.178834002388455], [106.82291519431556, -6.179535116916382], [106.82294790862758, -6.179915864415172], [106.82305644859139, -6.180256892723688], [106.82313786838198, -6.1805438656092315], [106.82312663278546, -6.180733986298729], [106.82308345324871, -6.180818582602538], [106.82299533236768, -6.180889079614462], [106.82290188219044, -6.180932178475192], [106.82280446522458, -6.180938673611867], [106.8227494742893, -6.1809172786068185], [106.82263124904902, -6.180826091888719], [106.82256618281524, -6.1806529148275935], [106.82258204458223, -6.18049429690218], [106.82261467490346, -6.18032557156895], [106.82263667972808, -6.1802792818786125], [106.82266987946313, -6.179163318117142], [106.82272850946983, -6.177407278734445], [106.82275612505605, -6.1761691636410765], [106.82279067139935, -6.174620361636702], [106.82280620560138, -6.1736671603304085], [106.82285435485551, -6.171974593803933], [106.82283649413061, -6.171763474680629], [106.82280477006411, -6.171636580016044], [106.82272546179003, -6.171460338298483], [106.82263557807808, -6.17132639395928], [106.82248048495977, -6.171160725568843], [106.8223781854092, -6.171143053723778], [106.82198283819233, -6.171118524860464], [106.82181252599275, -6.171083179346307], [106.82168597705609, -6.171019355261366], [106.82158341108293, -6.170910461761653], [106.8215023400512, -6.1707906174411615], [106.82147061609153, -6.170670772450167], [106.82120272794438, -6.16937010436222], [106.82095161818484, -6.168127024157711], [106.82081776416695, -6.167967389947066], [106.82068094776095, -6.167959673022969], [106.82055914651656, -6.1679946596733455], [106.82022490896763, -6.1683236341801075], [106.81990709011136, -6.168631763634314], [106.81974236614165, -6.168841059552405], [106.819583457358, -6.169056168437754], [106.81947493339645, -6.169200544025756], [106.81936834734306, -6.169330384655862], [106.81924625862277, -6.169436970341516], [106.81909316254806, -6.169529021487232], [106.8189552680453, -6.169586269494421], [106.8188096367983, -6.169633521989048], [106.81861221253935, -6.169686227222267], [106.81839468025112, -6.169752865732698], [106.81788583742134, -6.169867188761297], [106.81733159080837, -6.169969899348327], [106.81696761679981, -6.170029113829411], [106.81665913212902, -6.170080361016796], [106.81605803203038, -6.170179915542947], [106.81600730496562, -6.170187228864506], [106.8158644645964, -6.170210047455483], [106.81496473172221, -6.170353219668903], [106.81496127868428, -6.170353713367601], [106.81466780943202, -6.1703957281822674], [106.81430068082592, -6.1704611625735595], [106.8134937971133, -6.170610080471905], [106.81300511006395, -6.17070095130245], [106.81269922384045, -6.170754261756722], [106.81243964695258, -6.170806361032449], [106.81214183528128, -6.170865218893983], [106.81178887721069, -6.17093236846133], [106.8114123081284, -6.170995372010493], [106.81127205972994, -6.171014962683981], [106.81126484923594, -6.1710159700613145], [106.81084088961484, -6.17107929993769], [106.81078858690805, -6.171021768416489], [106.81078002770147, -6.170946452033005], [106.8107209383505, -6.170337312897017], [106.8104525728277, -6.167253144475772], [106.81036502541653, -6.166280659237102], [106.81032926941532, -6.165855793262322], [106.81032373424678, -6.1657535508364045], [106.81028426408946, -6.165715336748946], [106.81019753230031, -6.1657200465355535], [106.80926655022552, -6.165784353046141], [106.80833641427172, -6.16584341628144], [106.80724606153873, -6.165932712100685], [106.80621915693513, -6.166003209711948], [106.80540374270889, -6.166054906932761], [106.80478673490883, -6.16606001186358], [106.8043801195767, -6.166065255353589], [106.80403667040882, -6.166068195088719], [106.80349973838506, -6.16609279922796], [106.80228719145217, -6.1660822246014515], [106.80027097970284, -6.166057550826255], [106.7996053904084, -6.166093867333947], [106.79813577775992, -6.166253300679854], [106.79685762120303, -6.166351813102929], [106.79459202716433, -6.166497212581292], [106.7934552643806, -6.16656991269041], [106.79201316224972, -6.166684910328982], [106.79106674088162, -6.16677743796823], [106.79012692940971, -6.166851459211032], [106.78942900934491, -6.1669043320280075], [106.78888647426079, -6.166935243799427], [106.78871706944294, -6.166924893591762], [106.7884919336939, -6.166911138072075], [106.7881298035504, -6.166885038918134], [106.78791336566725, -6.166859301417428], [106.78783783764668, -6.166849407127879], [106.78772741059468, -6.166828146682326], [106.78759210078535, -6.166817321816861], [106.7869588527726, -6.166695543691415], [106.78650421204163, -6.166598120689822], [106.78628501127454, -6.166541290167732], [106.78602792275998, -6.166449279576267], [106.78581142730049, -6.166322088910396], [106.78564905595785, -6.1661921922222325], [106.78545150382952, -6.16604876363279], [106.785302663588, -6.16594322204436], [106.78509699259001, -6.165824149641512], [106.78487237867827, -6.165753788985209], [106.78461258492119, -6.1656780150836], [106.7842553672598, -6.165607654273281], [106.78377637161158, -6.165518350188736], [106.78330278848635, -6.165423633985884], [106.78275057411913, -6.165327384652412]]]}, "properties": {"id": "tj-k3", "corridor_id": "K3", "corridor_no": 3, "corridor_nos": ",3,", "name": "Koridor 3", "route_name": "Koridor 3", "endpoint": "Kalideres - Monas via Veteran", "from_name": "Kalideres", "to_name": "Monas", "ruas": "Terminal Kalideres > Jl. Daan Mogot > Jl. Kyai Tapa > Jl. Tomang Raya > Jl. Letjen S. Parman > Tanah Abang > Jl. KH Hasyim Ashari > Harmoni > Jl. Veteran > Jl. Medan Merdeka Barat > Monas", "mode": "TransJakarta", "status": "existing", "status_label": "Jaringan saat ini", "source": "Jakarta Satu / Jaklingko Rute_TJ FeatureServer", "source_type": "official", "source_url": "https://jakartasatu.jakarta.go.id/server/rest/services/Jaklingko/Rute_TJ/FeatureServer/3", "operator": "TransJakarta", "length_km": 31.96, "geometry_type": "road", "has_toll": false, "color": "#5865C7", "stop_count": 14}}, {"type": "Feature", "id": "tj-k4", "geometry": {"type": "MultiLineString", "coordinates": [[[106.82509420925204, -6.203587940909445], [106.82326899964917, -6.203234999639436], [106.82326999978507, -6.203229999725629], [106.82323999965561, -6.203229999920301], [106.82318399978935, -6.203266999843283], [106.82318000044613, -6.20327000010004], [106.82315000038429, -6.203289999737806], [106.823109999964, -6.203389999943476], [106.82304000041144, -6.20424000000032], [106.82305200031209, -6.204241000300385], [106.8233839997346, -6.204304000357227], [106.82334999971383, -6.204320000160483]], [[106.82345300030578, -6.204351999596786], [106.82345000013918, -6.20433999977262], [106.82421999990021, -6.204509999979212], [106.82484600022973, -6.204657000216043], [106.82509420925204, -6.203587940909445]], [[106.82509420925204, -6.203587940909445], [106.82509999968423, -6.2035630001097894], [106.82518599978845, -6.20349300006576], [106.8308560000695, -6.204756999739692], [106.83339699976396, -6.2050710003216425], [106.83480999985863, -6.2052899999037345], [106.83563999986731, -6.205390000281592], [106.83716999962097, -6.205639999984097], [106.83791000031273, -6.205929999552731], [106.83976000027556, -6.206590000042142], [106.84113300003388, -6.207050999556942], [106.845320000201, -6.208469999557056], [106.84573000025038, -6.208650000143841], [106.84595999960892, -6.208730000285763], [106.84648000017405, -6.208850000425974], [106.84675999980672, -6.208890000014902], [106.84703999993968, -6.208870000088996], [106.84734099995308, -6.208818999821457], [106.84745899980055, -6.2087770000064575], [106.84746200038616, -6.208776000376894], [106.84745999956897, -6.2087800001449125], [106.84761999956636, -6.208730000112749], [106.84774000020387, -6.208620000230115], [106.84805999969052, -6.208380000384404], [106.84844000029447, -6.208099999589536], [106.84848000016285, -6.208069999923791], [106.84847999998266, -6.208049999854321], [106.84828999974039, -6.207819999845491], [106.848270000417, -6.207719999702788], [106.84826999991583, -6.2076600003907085], [106.84832999990856, -6.207560000269542], [106.8485100001597, -6.207199999691069], [106.84869999970299, -6.206869999562153], [106.84876999974364, -6.206310000023319], [106.84880999965364, -6.20630000044341], [106.84884000043645, -6.206299999648828], [106.84891000003707, -6.206320000273579], [106.8489399997315, -6.206349999576041], [106.84891000036073, -6.206659999592668], [106.84884999965078, -6.207059999820548], [106.84885000041128, -6.207289999679474], [106.84886000030656, -6.207410000410771], [106.84891000014153, -6.207749999568447], [106.8489199997353, -6.2078800003239225], [106.84932000034524, -6.208390000383567], [106.84941999974848, -6.208530000354195], [106.84958000037838, -6.208849999961657], [106.84967999962491, -6.208999999863853], [106.85000999956186, -6.209339999955286], [106.85017000002533, -6.209489999675695], [106.8504499998157, -6.209670000169301], [106.85062999970692, -6.209740000081198], [106.85095000015161, -6.209810000225747], [106.85238999970694, -6.210079999927254], [106.85293999978894, -6.210189999955484], [106.85324000022055, -6.210289999895645], [106.85332000022855, -6.210339999983503], [106.85400999985998, -6.210980000349493], [106.8544500001074, -6.211369999701467], [106.85506000038272, -6.211699999964657], [106.85545999983715, -6.211850000141113], [106.85588000000182, -6.2119900002995765], [106.85589000029971, -6.211992999565748], [106.8563700000149, -6.212140000294217], [106.85660999975507, -6.212240000435092], [106.85677000009696, -6.212330000121245], [106.85696000004809, -6.212450000156858], [106.85715000028664, -6.212610000038792], [106.85723999995936, -6.2127000003076125], [106.85732999965951, -6.212789999647551], [106.85744000019159, -6.212800000273333], [106.8575099995652, -6.212780000377562], [106.85808000006503, -6.2125200003358225], [106.85815000010474, -6.212510000350552]], [[106.85815000010474, -6.212510000350552], [106.85812000015531, -6.212559999866146], [106.85766000008135, -6.212779999718324], [106.85743999977021, -6.212880000144338], [106.85711000023919, -6.212989999807395], [106.85544000003851, -6.213729999707645], [106.85522000000223, -6.213810000356735], [106.85477000023968, -6.213910000359989], [106.85444999993555, -6.213969999799194], [106.8542600001794, -6.213989999777013], [106.85416000040031, -6.213999999643972], [106.85407999993004, -6.213979999883096], [106.8539700003612, -6.213950000410759], [106.85354999991536, -6.213789999945979], [106.85347000018126, -6.213740000057468], [106.8533500000834, -6.213630000173668], [106.85326000025124, -6.213519999987748], [106.85286999966735, -6.213030000071128], [106.8516199999505, -6.211310000228539], [106.85120000023497, -6.210779999967411], [106.85107000005635, -6.210599999714696], [106.85103999963839, -6.210069999641397], [106.85102000021111, -6.210009999869363], [106.8509799995597, -6.209920000386652], [106.8509399998021, -6.209890000114186], [106.85084999966578, -6.209860000245486], [106.85070000033515, -6.209829999560527], [106.8505999995944, -6.209800000264428], [106.85043999969939, -6.209740000045616], [106.85033999992622, -6.209679999710784], [106.85005999964135, -6.209459999952159], [106.84939999995387, -6.208779999562176], [106.84899999983682, -6.208319999837553], [106.84888999982506, -6.208210000419616], [106.84886999988211, -6.208199999732162], [106.84878600034862, -6.208175000144978], [106.84830300009729, -6.208538000429198], [106.84802800002034, -6.208709000337629], [106.84788499973057, -6.2087679999235315], [106.84772200032354, -6.208802999596415], [106.84748600029658, -6.208897000259661], [106.84733200038025, -6.208960000172421], [106.84713199995178, -6.2089790004023895], [106.84710699977536, -6.209035000201425], [106.84768800002725, -6.209267999876968], [106.84726500038711, -6.210079999989211], [106.84686199976818, -6.21065499980442], [106.84687000037573, -6.210659999924442], [106.84628999972587, -6.211490000219095], [106.84607900035543, -6.211822000422104], [106.84607999986574, -6.211819999636685], [106.84578000037776, -6.212300000118564], [106.84481999986617, -6.213679999803596], [106.84463999974474, -6.213919999773851], [106.84447000030814, -6.2141800002143786], [106.84413999998446, -6.214610000041485], [106.84404000011727, -6.214800000018175], [106.84392000030272, -6.215259999887169], [106.84390000044725, -6.21533000043169], [106.84389000034464, -6.2155799996898144], [106.84387000039452, -6.215630000121494], [106.84380999998926, -6.215659999816464], [106.84373000008631, -6.215640000253062], [106.8436699999111, -6.2156199996385215], [106.84341999971713, -6.215250000376102], [106.84336999989311, -6.215090000152797], [106.84337999977735, -6.214959999754976], [106.84341999999714, -6.214790000296506], [106.84339999962498, -6.214719999987021], [106.84336999971532, -6.214599999876359], [106.84381999967384, -6.213200000234192], [106.84426000014196, -6.211910000165691], [106.8445299996155, -6.211180000345593], [106.8454100001731, -6.2090399997111625], [106.84538999971225, -6.208889999966571], [106.84538999984413, -6.208888999960923], [106.8453799996987, -6.20881000006573], [106.8453499996871, -6.208700000129414], [106.84526999975917, -6.208600000083175], [106.84108999968782, -6.207180000011523], [106.83970999962425, -6.206729999577975], [106.83802999957453, -6.206119999748346], [106.83713999974167, -6.205760000379388], [106.83703999985367, -6.205729999868519], [106.83484000016335, -6.205400000241487], [106.83395000043491, -6.205290000124608], [106.83336800001551, -6.205190999994191], [106.83335999984985, -6.205189999653689], [106.83257400027878, -6.2050710002867895], [106.83256999982166, -6.205069999653081], [106.83110999977262, -6.204900000397186], [106.8305800003618, -6.204799999721773], [106.82734000036741, -6.204060000127245], [106.82544100033806, -6.203655000029976], [106.82509420925204, -6.203587940909445]], [[106.85815000010474, -6.212510000350552], [106.85821999984721, -6.212460000439931], [106.85827000028151, -6.21240000029041], [106.8583199996578, -6.212290000248226], [106.85846999966871, -6.211769999629349]], [[106.86025999973162, -6.210679999950563], [106.86028999958617, -6.210759999992609], [106.85867999997828, -6.21140000036031], [106.85865999967194, -6.211459999977371], [106.85861000040433, -6.211510000144802], [106.85846999966871, -6.211769999629349]], [[106.85846999966871, -6.211769999629349], [106.85845999999992, -6.211589999890931], [106.85844000032016, -6.211489999849695], [106.85841000001882, -6.211449999550903], [106.85838999958479, -6.211400000304246], [106.85839000036428, -6.211350000407026], [106.85843999995913, -6.211280000300014], [106.85851999998013, -6.211239999605995], [106.85860999967595, -6.2112599998014675], [106.85867000042778, -6.211330000393282], [106.86007000015634, -6.210769999588348], [106.85952000010728, -6.209390000172604], [106.85796000019886, -6.205509999575657], [106.85780999957059, -6.205080000393965], [106.85758000035632, -6.204499999848526], [106.85707000027247, -6.203159999900563], [106.85700999981889, -6.203019999750034], [106.85690000013017, -6.202789999550615], [106.8566799998153, -6.202459999789527], [106.85647999964725, -6.202210000227713], [106.85613999964782, -6.201860000173231], [106.85531999979185, -6.201050000121132], [106.85497999978465, -6.200689999764949], [106.85434999968382, -6.200060000276526], [106.85384999961595, -6.199589999777641], [106.85370999974164, -6.199460000229403], [106.85413000002752, -6.199090000004874], [106.85416000003342, -6.199039999902472], [106.85440199991235, -6.198807000308993], [106.85440999998437, -6.1988000003441055], [106.85441500020876, -6.198796000026525], [106.85439999959297, -6.19880000007056], [106.85489999975715, -6.198379999911546], [106.85557000040707, -6.197880000302096], [106.85569999963572, -6.1978200000357475], [106.85631000015621, -6.19742000011625], [106.85644000041387, -6.197379999710459], [106.8569099996714, -6.197040000413897], [106.85848000032927, -6.1960199999709555], [106.8608499999666, -6.194370000351298], [106.860857000439, -6.194365000217364], [106.860870000097, -6.194389999743519], [106.86121000031075, -6.194160000047313], [106.86128000013683, -6.194079999691331], [106.86147999999167, -6.193939999917944], [106.86166999993071, -6.193869999699588], [106.86228000018968, -6.19351999985758], [106.86281999988807, -6.193259999973779], [106.86328000043083, -6.193070000093428], [106.86408999973263, -6.19280000025471], [106.8642899996628, -6.1927400002986115], [106.86456000029871, -6.192670000247669], [106.86483999999732, -6.192610000145001], [106.86518000009596, -6.192539999700528], [106.86546000021083, -6.192500000105251], [106.86644000016629, -6.192379999884453], [106.86858700018468, -6.1921790001288635], [106.8685899996522, -6.192159999647029], [106.86968000029226, -6.192049999651047], [106.86973999990981, -6.191980000338947], [106.8702200003828, -6.191929999832142], [106.87051000009113, -6.191889999599069], [106.87143000029833, -6.191820000261752], [106.87184999990994, -6.1918099998616505], [106.87237000008305, -6.191819999605866], [106.87283000011254, -6.191859999661351], [106.87326600038301, -6.191918999755997], [106.87326999981542, -6.191920000092686], [106.87442999990894, -6.192059999603835], [106.87450000014353, -6.192079999833102], [106.87458999998725, -6.1921500002934176], [106.87502999965272, -6.192200000143114], [106.87635999985872, -6.192390000397762], [106.87740999995496, -6.192520000422011], [106.88033999985687, -6.1928199996054865], [106.88034400027227, -6.1928199998930324], [106.88170999994756, -6.192949999996508], [106.8824999998371, -6.193039999693374], [106.88367700040247, -6.193169999592275], [106.88367999958886, -6.193159999949188], [106.8841300004236, -6.19319999977589], [106.8855400003685, -6.193309999844134], [106.88619000022537, -6.193339999554278], [106.8882989999611, -6.193359999592116], [106.8883000000614, -6.193359999648673], [106.88941899971604, -6.193359999774234], [106.88941999981571, -6.193359999828694], [106.89027000015427, -6.193359999617389], [106.89124999988518, -6.193400000319884], [106.89169500009764, -6.19337000007068], [106.89704999993475, -6.193440000397152], [106.89908999984526, -6.193440000119156], [106.89909699960178, -6.193440000375461], [106.90066000023577, -6.19344999968342], [106.90187000031379, -6.193459999728203], [106.90235999987665, -6.193449999700337], [106.90258000004454, -6.193429999618243], [106.90291999957743, -6.193350000054334], [106.90311999968591, -6.193269999878416], [106.90482199972594, -6.192344999727216], [106.90484999993892, -6.1923299999727925]], [[106.86025999973162, -6.210679999950563], [106.86029999959878, -6.210660000404672]], [[106.88895699984045, -6.193560000355128], [106.88830399967222, -6.193540000200722], [106.88830299957156, -6.193540000144275], [106.888300000173, -6.193539999971693], [106.88623000033701, -6.1935299996395], [106.88595899961881, -6.193519999558561], [106.88594999960776, -6.193519999911423], [106.88415999970887, -6.193429999863666], [106.88371299966877, -6.1933799995686245], [106.88371000026645, -6.193380000273927], [106.88365899988263, -6.193374999719226], [106.88365999989051, -6.193350000176637], [106.88032300027116, -6.193020000141369], [106.88031999995845, -6.193019999925944], [106.87795999971425, -6.1927799999986215], [106.87722999995361, -6.192699999565547], [106.87629000033468, -6.192589999725764], [106.87551999967683, -6.192490000130672], [106.87490999980504, -6.19241999961138], [106.87462999977335, -6.192380000301813], [106.87454100035905, -6.192399999902967], [106.87454000025268, -6.192399999819888], [106.87442000016837, -6.192399999738914], [106.8732000000423, -6.192200000373889], [106.8731000001274, -6.19211999976359], [106.87239999963107, -6.192050000106774], [106.8719699998367, -6.192019999570043], [106.8712400002619, -6.1920500001967955], [106.87015000003538, -6.192149999769346], [106.86859300002853, -6.192279999974823], [106.8685899997, -6.192279999691751], [106.86630999967645, -6.192509999829009], [106.86548999995354, -6.192639999647519], [106.86459000019542, -6.192797999966462], [106.86457999976506, -6.1927999998420615], [106.86442000030546, -6.192829999620945], [106.86398000037467, -6.192949999979553], [106.86319000033077, -6.193220000016119], [106.86236999987855, -6.19361000001105], [106.86168999975871, -6.19399999959295], [106.860946000411, -6.194475999563791], [106.86096000030858, -6.194500000099816], [106.85987999958468, -6.195230000060696], [106.85977999985036, -6.195289999804883], [106.85854999996033, -6.196090000439245], [106.85733000021432, -6.196910000403167], [106.85717000005313, -6.197090000143415], [106.85635000009954, -6.197640000085227], [106.85607999955099, -6.197799999684779], [106.85586000030212, -6.197939999552834], [106.85525000036719, -6.198380000128173], [106.85450000020437, -6.198940000163014], [106.8542549999542, -6.199143000338951], [106.85408399982104, -6.199386000193632], [106.85411699963484, -6.199557999687432], [106.85427000017292, -6.199689999715054], [106.85448899964067, -6.199919000227263], [106.8544899996528, -6.199920000344789], [106.85523999964549, -6.200699999964426], [106.85565999985062, -6.2010500002079185], [106.8565900003905, -6.2019700000761055], [106.85685000037222, -6.202259999929863], [106.85706000020703, -6.202590000318015], [106.85713000013322, -6.202729999774693], [106.85727600004411, -6.203042000151681], [106.85727000035907, -6.203040000396391], [106.85755000039728, -6.203750000346696], [106.85827000022591, -6.20569999989395], [106.85847999983092, -6.206240000409447], [106.85900000012501, -6.207509999945059], [106.85938999998021, -6.208499000006235], [106.85938999987455, -6.208500000004037], [106.8598699997467, -6.209659999839041], [106.86014999972397, -6.210389999748798], [106.86024000021996, -6.210619999939373], [106.86025999973162, -6.210679999950563]], [[106.88895699984045, -6.193560000355128], [106.88830400028678, -6.193559999832527]], [[106.90882541285318, -6.183623108596724], [106.90883899955215, -6.183627999961215], [106.90832699980767, -6.184153000191004], [106.90832000001943, -6.184159999814053], [106.90794999968439, -6.184520000059972], [106.90676000012878, -6.185520000300139], [106.90619999958791, -6.186089999804132], [106.90597999958183, -6.1863400002960525], [106.90584999973548, -6.1865400001335304], [106.90582000008939, -6.186630000395642], [106.90580000028655, -6.18678000015915], [106.90583000016736, -6.186949999837322], [106.90595999962046, -6.187427999896675], [106.9059599995607, -6.187429999840629], [106.90642999992109, -6.188940000115705], [106.90645999963591, -6.189069999883179], [106.90646000039985, -6.189400000427945], [106.90613000029423, -6.190659999832946], [106.906000000146, -6.191179999976219], [106.9058499996264, -6.192239999793633], [106.90571999956832, -6.19221999987955], [106.90559000020767, -6.1922399997089626], [106.9052799997755, -6.192309999891198], [106.90513000042851, -6.192360000083688], [106.90496500016367, -6.192457000360735], [106.90495999963187, -6.1924600001496275], [106.90489199971088, -6.1924980000391825], [106.9031500003, -6.193479999652656], [106.90291000005536, -6.193559999599527], [106.90275999970659, -6.193589999827002], [106.90239999977007, -6.193620000056373], [106.8998800003996, -6.193620000375525], [106.89909099998616, -6.193599999864414], [106.89908999989157, -6.193599999828354], [106.89785999990525, -6.193620000162205], [106.8950899997249, -6.193579999575315], [106.89160799984846, -6.19356999977418], [106.8916100004158, -6.193579999671512], [106.8899000003873, -6.193570000183285], [106.88911999989152, -6.193560000345568], [106.88895699984045, -6.193560000355128]], [[106.90484999993892, -6.1923299999727925], [106.90517999999953, -6.192149999983276], [106.90572999970651, -6.19205000039197], [106.905789999659, -6.191620000430324], [106.9058900002062, -6.191129999558584], [106.90610999989747, -6.190319999925924], [106.9062699996943, -6.189769999633175], [106.90636000029235, -6.189399999738691], [106.9063199999888, -6.188940000043986], [106.90584000003057, -6.1874600002696445]], [[106.90484999993892, -6.1923299999727925], [106.90485499956725, -6.192327000188352]], [[106.90584000003057, -6.1874600002696445], [106.90584000009076, -6.187458000325572]], [[106.90584000003057, -6.1874600002696445], [106.90572999956278, -6.187009999924245], [106.90570999960964, -6.186780000379951], [106.9057099999628, -6.186679999558814], [106.90574999982626, -6.186549999789395], [106.90581999989271, -6.186399999608406], [106.90613000028088, -6.18604000020174], [106.90663999986623, -6.185500000384792], [106.90789000035217, -6.1844700000192985], [106.9082700004445, -6.1840800000349105], [106.90869099990647, -6.183732999656495], [106.90882541285318, -6.183623108596724]], [[106.90882541285318, -6.183623108596724], [106.90883899997891, -6.183612000434098], [106.90889800027541, -6.183484000202919], [106.9094879998284, -6.182987999792497], [106.9098690001449, -6.18264599970225], [106.9099060003517, -6.182485999937336], [106.90979900010477, -6.182390000432758], [106.90880099965364, -6.181861999797409], [106.90880099986958, -6.182182000277739], [106.908726000107, -6.18244899958034], [106.90859699966205, -6.182540000041655], [106.90869299999434, -6.183064999559333], [106.90869800015281, -6.183072000377476]], [[106.90872600002822, -6.1831479997138725], [106.90873099970946, -6.183339999581967], [106.90870499960438, -6.183478000300508], [106.90876400043463, -6.183600999879079], [106.90882541285318, -6.183623108596724]]]}, "properties": {"id": "tj-k4", "corridor_id": "K4", "corridor_no": 4, "corridor_nos": ",4,", "name": "Koridor 4", "route_name": "Koridor 4", "endpoint": "Pulo Gadung - Galunggung", "from_name": "Pulo Gadung", "to_name": "Galunggung", "ruas": "Pulo Gadung > Jl. Bekasi Raya > Jl. Pemuda > Jl. Pramuka > Jl. Matraman Raya > Jl. Slamet Riyadi > Jl. Manggarai Utara > Jl. Sultan Agung > Jl. Galunggung > Galunggung", "mode": "TransJakarta", "status": "existing", "status_label": "Jaringan saat ini", "source": "Jakarta Satu / Jaklingko Rute_TJ FeatureServer", "source_type": "official", "source_url": "https://jakartasatu.jakarta.go.id/server/rest/services/Jaklingko/Rute_TJ/FeatureServer/3", "operator": "TransJakarta", "length_km": 29.05, "geometry_type": "road", "has_toll": false, "color": "#5865C7", "notes": "Lintasan sementara Matraman; arah balik berbeda di sekitar Manggarai.", "stop_count": 21}}, {"type": "Feature", "id": "tj-k5", "geometry": {"type": "MultiLineString", "coordinates": [[[106.83125889528336, -6.132237420021162], [106.83109831779963, -6.131516130332885], [106.83103273692491, -6.131108631072088], [106.83097424967363, -6.130726375557732], [106.83079252243242, -6.129886666726829], [106.83067345916042, -6.129656896205236], [106.83062646029035, -6.1294960559864515], [106.83038802413711, -6.1277423212664255], [106.83037324359202, -6.127360125038768], [106.83037932300623, -6.127298589724051], [106.83049515932412, -6.1272174072108365], [106.8305866039762, -6.127226257877077], [106.83064762355716, -6.127272140677666], [106.83067498857997, -6.127303103790968], [106.83070956780098, -6.127399804621847], [106.83073901805326, -6.127603373675373], [106.83072473255476, -6.1276900558528125], [106.83067122306136, -6.127783744604523], [106.83056680729176, -6.127794031710105], [106.83049068696637, -6.12782917194761], [106.83046979790927, -6.127881392399145], [106.8305115747731, -6.128242760083943], [106.83066936153449, -6.129475148712497], [106.8307215016386, -6.129650629822881], [106.83084265431619, -6.129790580735168], [106.83087816443654, -6.129878311622552], [106.83102855942262, -6.130559269624107], [106.83107033627867, -6.1307389081684605], [106.83113300052268, -6.131106542456651], [106.8312207318971, -6.131649637164712], [106.8313397945451, -6.13215931133142], [106.83140663723185, -6.13251232245662], [106.83159011059159, -6.1332910533916065]], [[106.86808890056761, -6.222124552940928], [106.86807104822577, -6.222595597915342], [106.86806203086329, -6.222918463616393], [106.86805367503992, -6.223175388980371], [106.86802091690326, -6.22332827311681], [106.86794718089274, -6.22349270179065], [106.86783748143809, -6.2236975955476455], [106.86764684583531, -6.2240955671082485], [106.86747506975104, -6.224387952871642], [106.86736436268012, -6.224452706592141], [106.86723903248458, -6.224504927127851], [106.86697166233654, -6.224515371865243], [106.86677014391144, -6.224510833246645], [106.86661259343198, -6.224516070287392], [106.86656474758081, -6.2245152286330026], [106.86653462523438, -6.224509924696929], [106.86648535706965, -6.224489576448314], [106.86644108712204, -6.224449031639869], [106.86640111478778, -6.224416071034764], [106.86633652835305, -6.224341868624982], [106.86628221956558, -6.224218627494268], [106.86619657736829, -6.223924103182408], [106.86599396133997, -6.223207635280523], [106.86577672341356, -6.222482811970878], [106.86564721549044, -6.2220525137847345], [106.86543833320238, -6.221390355408373], [106.86535582448765, -6.221145963034107], [106.86508218749422, -6.220596600985115], [106.86487748288761, -6.220156903281388], [106.8645704256558, -6.219444612561691], [106.86449522711148, -6.2192712406341695], [106.8643678089417, -6.21895791632644], [106.86423203515201, -6.218552683420488], [106.86416936999218, -6.218247714537364], [106.86406492926088, -6.217414272928878], [106.86395422100328, -6.216568298196663], [106.86387949906161, -6.216346574651895], [106.86378554655367, -6.216199011623086], [106.86355374114706, -6.215976177302773], [106.86339232676656, -6.215833030991486], [106.86312913419297, -6.215626236424657], [106.86285549805865, -6.21538184392566], [106.8624293776276, -6.214978699815339], [106.86199490130002, -6.214523336169191], [106.86169972291526, -6.214052863099684], [106.86156626331173, -6.213781208396551], [106.86128794243734, -6.2132146912401796], [106.86081366907025, -6.212324845401529], [106.8604961680045, -6.211622999072952], [106.86019642074424, -6.210927419857344], [106.85998022742267, -6.21045534509899], [106.85925027205985, -6.208647761806015], [106.85870069219894, -6.207268464828926], [106.85739948163477, -6.203918359865829], [106.85713211114016, -6.203224869754129], [106.85694829451715, -6.202815459513295], [106.85678327709333, -6.202531379130888], [106.85665794790445, -6.20235591713415], [106.85651381837745, -6.2021971665271], [106.85636968967945, -6.202034237735019], [106.85608352008497, -6.2017459793092335], [106.85579526223346, -6.20146398834463], [106.85504328430005, -6.200699477126563], [106.85428295094763, -6.199944365936285], [106.85398947055624, -6.199669685530199], [106.85287299243282, -6.198640937866923], [106.85178366909814, -6.197638300596364], [106.8511763430978, -6.197008519680667], [106.85076275539706, -6.196612686810792], [106.85050374080258, -6.196330694972574], [106.85026979144712, -6.196025726606704], [106.85004837564037, -6.19570404700799], [106.84993766855618, -6.195495164042701], [106.84975489549633, -6.1951588629082845], [106.84939561784056, -6.194461194890798], [106.8489569635748, -6.193611042053988], [106.848505776879, -6.192731645346775], [106.84833553803786, -6.19240683297584], [106.84789270595977, -6.191565035465662], [106.84752507289804, -6.190873634288895], [106.84711148467512, -6.190140455581383], [106.84667909774879, -6.189390566646907], [106.84641381621165, -6.18892058011851], [106.84608795971042, -6.18833988652662], [106.84562841717775, -6.187533598964242], [106.84516887545952, -6.186735666858228], [106.84435841059035, -6.185308998287095], [106.84414743869539, -6.184972696910084], [106.84373594038092, -6.18427711782555], [106.84352705753105, -6.184003480936735], [106.84335786223994, -6.183767443363171], [106.84316777931078, -6.183443675523548], [106.84303409370342, -6.183092752416035], [106.84288578752863, -6.1825454797267], [106.8428210337586, -6.182167402175522], [106.84275419150013, -6.181841544697973], [106.8425348643974, -6.1811229885811665], [106.84239282422827, -6.1804754514937725], [106.84216931960071, -6.179445660050851], [106.84206905624961, -6.178981940435496], [106.84190671572627, -6.178231375575623], [106.84177662004795, -6.177626291365143], [106.84161995828727, -6.176964133073266], [106.8412021924392, -6.1748920163822], [106.84109566240423, -6.174221503054587], [106.8404959178645, -6.171946056243025], [106.84028102007763, -6.171113327687791], [106.84014106848123, -6.170555610927662], [106.8400115608896, -6.169993716855114], [106.83988518734391, -6.169549840988002], [106.83955875798185, -6.1681900486202235], [106.8394977099165, -6.167941444185607], [106.83929300451436, -6.167151867485656], [106.83898385784227, -6.165954969664992], [106.83886061742108, -6.165445295759368], [106.83871439922939, -6.164695406499908], [106.8386162242795, -6.164329861666957], [106.83853058241777, -6.164025936933282], [106.83840596423393, -6.1636197350227775], [106.83818279262697, -6.162724598213647], [106.83805537459972, -6.162311010492595], [106.83796137758777, -6.161789847887158], [106.83775040526862, -6.160904184728485], [106.8375122793356, -6.159943324639591], [106.83738694969931, -6.1594545384566395], [106.83724908699355, -6.158907265740022], [106.83714673415245, -6.158506211336412], [106.83701513841466, -6.157948494453652], [106.8369545626654, -6.157715590035916], [106.8367958117621, -6.157065964481038], [106.83663914931955, -6.1564497605281145], [106.83644279952341, -6.15568524998533], [106.83614618657697, -6.15449879599722], [106.83591850384332, -6.153602689317465], [106.83568037825303, -6.1527044933915445], [106.83546314017941, -6.151839719396488], [106.83523963486208, -6.150935257250656], [106.83512683816257, -6.1504736262605775], [106.83504328568117, -6.15011748106871], [106.83484693570499, -6.149413546062121], [106.8346067208156, -6.148655302315415], [106.8344960127935, -6.148296023988606], [106.83438321640048, -6.14785319197373], [106.83426624181632, -6.147366495689116], [106.83420613669924, -6.147049189592693], [106.83420148831131, -6.146829667334361], [106.83425997551274, -6.145778986854983], [106.83423699841268, -6.1455325054207375], [106.83419104415191, -6.145279757341546], [106.83403229268734, -6.144557022743969], [106.8339779834794, -6.144302185675602], [106.83344742111517, -6.14190421231314], [106.83334924640354, -6.141542844829937], [106.83328240446477, -6.141204455219779], [106.83303174481036, -6.140061866599883], [106.8329440145428, -6.139664989671016], [106.83264948953405, -6.138374094578651], [106.83253669317966, -6.13783517727534], [106.83194140903876, -6.135212462352746], [106.83179975483978, -6.134581620965302], [106.8316552077855, -6.133985990583881], [106.8315089893708, -6.133349942908711], [106.83138669102564, -6.132785737553872], [106.8313344028278, -6.132553863003881], [106.83130919501616, -6.132448890592884], [106.83125901461469, -6.132237445834254]], [[106.8315909238331, -6.133290852596675], [106.83166878544021, -6.133627756940315], [106.83179063596664, -6.134107156708605]], [[106.83179033884656, -6.134106917214933], [106.83194359764752, -6.1347190703905525], [106.83212596835384, -6.135476298658374], [106.83249387208747, -6.137165987656445], [106.83259888142572, -6.137632597909202], [106.83264113417798, -6.137876953188883], [106.83273095333276, -6.138332317710982], [106.83287090488764, -6.1389276336397485], [106.83304845557788, -6.139648279017237], [106.83313409723584, -6.140047244467403], [106.83340146753467, -6.141239965378666], [106.83346413252049, -6.141574177527165], [106.833537240639, -6.141908390008653], [106.83405944780694, -6.144262497917037], [106.83412211232549, -6.144544490216482], [106.83428504111392, -6.14526722398188], [106.83433726169582, -6.145559659930366], [106.83434770633822, -6.145804053222785], [106.83434143972923, -6.146171686342152], [106.83433099557395, -6.147061527036393], [106.83435815023, -6.1473351635223015], [106.83452734559845, -6.148022387478257], [106.83461089832798, -6.148337800067291], [106.83469862875369, -6.148615614589608], [106.83493997666878, -6.149392329293919], [106.83513937196335, -6.150107036910577], [106.8352177023339, -6.150452737853183], [106.83533363210655, -6.150912280252083], [106.83555922624248, -6.151814652830778], [106.83576810842794, -6.152666894739562], [106.83602085632855, -6.153636110789325], [106.8362673378897, -6.154605326275403], [106.83653053018737, -6.155641384280473], [106.83671852516134, -6.156418428184871], [106.83689189759829, -6.157082675484471], [106.83703602715748, -6.157690524437731], [106.83710078010677, -6.15792969481376], [106.83723028771134, -6.158466523487112], [106.83733264028444, -6.1588822000868415], [106.83747468007986, -6.15944409506078], [106.83762507638168, -6.16002687725017], [106.83784022550405, -6.160889563070604], [106.8380637295358, -6.161799247404747], [106.83828723380641, -6.162712065241404], [106.83841151962147, -6.163313647527804], [106.83848776171067, -6.163588327783475], [106.83862828139053, -6.163995219837707], [106.83870218111468, -6.164255960372358], [106.83881150945051, -6.164693590401803], [106.83896088142455, -6.165388896725204], [106.83909038793429, -6.165900659284431], [106.8393870021643, -6.167133068059478], [106.83958752916334, -6.167941444109696], [106.83964288334614, -6.1681545045511585], [106.84000424994684, -6.169597883937646], [106.84012540252265, -6.170065781628817], [106.84022566589736, -6.170510701480043], [106.84037710604588, -6.171100794693189], [106.84060687718872, -6.171990635908772], [106.84088260180926, -6.173051759674909], [106.84117503818065, -6.174215236490218], [106.84133587774153, -6.174846277575216], [106.84159663350097, -6.175812261148653], [106.8417599094557, -6.176320774249044], [106.84186017320846, -6.176771961536567], [106.84204190140346, -6.1775594488952486], [106.84218185236267, -6.178244584448096], [106.84232180392723, -6.178938075240776], [106.84248264347359, -6.179736006954372], [106.84263721666527, -6.180456652171423], [106.84279596809675, -6.181219074171551], [106.8429270235635, -6.1817714087116435], [106.8429902291887, -6.182083849176213], [106.84299649512722, -6.1823407741959135], [106.84303200543644, -6.18261858889694], [106.84312809147146, -6.182944445178024], [106.84318657876665, -6.183111551836285], [106.84328684227147, -6.183353855864657], [106.84343723776801, -6.1836086930511955], [106.84365447566455, -6.183947082690703], [106.84384873641594, -6.184231163647529], [106.8440576198338, -6.184561197636854], [106.8442811242722, -6.1849455418196975], [106.84446703004535, -6.185252599956307], [106.84530047164495, -6.186706423708081], [106.84574330314025, -6.187481378343576], [106.84617986783167, -6.188237533826539], [106.84652243595107, -6.1888641821237815], [106.84674593986237, -6.1892318152120005], [106.84697779977155, -6.1896391371341215], [106.84722010351238, -6.190077790640459], [106.84759400385227, -6.1907336820986405], [106.84802847974198, -6.191546236145039], [106.84846086694557, -6.192375500202081], [106.84860186356117, -6.1926386926426655], [106.84880656797891, -6.193032436548328], [106.84908020432374, -6.193556732531242], [106.84952303566959, -6.194421507234438], [106.84987604768196, -6.195106642691203], [106.85012357365021, -6.195576628754156], [106.8502593471881, -6.195784466684035], [106.85037214411867, -6.195953661286927], [106.85055387191116, -6.1961865657285955], [106.85081706438478, -6.19648317953903], [106.85138835909571, -6.197033585018521], [106.8519549530369, -6.197571457999435], [106.85256280190492, -6.198141708502011], [106.85316333945241, -6.198711958156998], [106.85409704552723, -6.1995840432955935], [106.85477800273019, -6.200265001533901], [106.85511848192039, -6.200590858512698], [106.85558220167607, -6.201033689499447], [106.85599370034639, -6.201455632274117], [106.85635297886243, -6.2018378877428795], [106.85650546361941, -6.202000816207365], [106.85675194478908, -6.202276541628721], [106.85692531753747, -6.202520934573172], [106.85706318012025, -6.202773682461584], [106.85724490828798, -6.203168470687155], [106.85735143856066, -6.203452551559051], [106.8575122775854, -6.203874495053078], [106.85806999498838, -6.205345028866963], [106.85843971700997, -6.206297534115707], [106.8589431249126, -6.207544563999868], [106.85941728825908, -6.2087456394735145], [106.8600815356306, -6.210393724181215], [106.8603489052844, -6.2110725929354444], [106.86053898861702, -6.211523780067155], [106.86085440113904, -6.212215181678599], [106.86102986271715, -6.212513884202581], [106.86125336795764, -6.212929560841852], [106.86138705289483, -6.213157243147359], [106.86148940484122, -6.213261684447404], [106.86161264618474, -6.213349414809301], [106.86174424216561, -6.213439234151832], [106.86191521652212, -6.213523951884468], [106.8619761015387, -6.213554119829598], [106.86227271545536, -6.213656472673464], [106.86267168161359, -6.2137985125086805], [106.86299336097329, -6.213932197754864], [106.86339976850044, -6.21412867787862], [106.86463113170139, -6.214682216976258], [106.86566927910843, -6.215150114829976], [106.86594500372178, -6.215293199528852], [106.86604422298399, -6.215346464684667], [106.86618835254541, -6.21546970552975], [106.86631994827624, -6.2156639665852405], [106.86642230151162, -6.215864493539967], [106.86655218833684, -6.216135187660522], [106.86687114412592, -6.21670394510483], [106.86703515339764, -6.217111674779943], [106.86745997578149, -6.21825734614874], [106.86756615863735, -6.21853017135112], [106.86791033057384, -6.219511285332065], [106.8680651659864, -6.219933270713312], [106.86811842885575, -6.2201173458299905], [106.86814767280067, -6.220317872837705], [106.86811334032356, -6.221650428631778], [106.86808889129007, -6.222124484258195]]]}, "properties": {"id": "tj-k5", "corridor_id": "K5", "corridor_no": 5, "corridor_nos": ",5,", "name": "Koridor 5", "route_name": "Koridor 5", "endpoint": "Kampung Melayu - Ancol", "from_name": "Kampung Melayu", "to_name": "Ancol", "ruas": "Kampung Melayu > Jl. Jatinegara Barat > Jl. Jatinegara Timur > Jl. Matraman Raya > Jl. Salemba Raya > Jl. Kramat Raya > Jl. Pasar Senen > Jl. Gunung Sahari Raya > Pademangan > Ancol", "mode": "TransJakarta", "status": "existing", "status_label": "Jaringan saat ini", "source": "Jakarta Satu / Jaklingko Rute_TJ FeatureServer", "source_type": "official", "source_url": "https://jakartasatu.jakarta.go.id/server/rest/services/Jaklingko/Rute_TJ/FeatureServer/3", "operator": "TransJakarta", "length_km": 23.88, "geometry_type": "road", "has_toll": false, "color": "#5865C7", "stop_count": 18}}, {"type": "Feature", "id": "tj-k6", "geometry": {"type": "MultiLineString", "coordinates": [[[106.82290977425613, -6.2927573182300565], [106.82258893254388, -6.293532067974049], [106.82255661513756, -6.2936150988207675], [106.82249034491853, -6.293785365201836], [106.82241996915567, -6.293966177717821], [106.8224144933556, -6.29398024676806], [106.8223627777501, -6.294113119122151], [106.82223744144929, -6.294435139141443], [106.82210372513075, -6.2947873570458945], [106.82185567074636, -6.2953992555064975], [106.8216231203292, -6.295990322001091], [106.82136925232186, -6.296604643206407], [106.82117546005772, -6.297137571812227], [106.82113863941986, -6.297277103003245], [106.82114057766047, -6.297753831468331], [106.82113863971314, -6.297999947825582], [106.82113670183816, -6.298323580749917], [106.82111829120865, -6.298833254149278], [106.82110763278894, -6.299158825313921], [106.82110278215308, -6.299576915607786], [106.82112991895454, -6.300043970933003], [106.8211919322758, -6.30028039730961], [106.8213079372331, -6.300655507064039], [106.82132467991268, -6.30116118326572], [106.82122101565905, -6.302003137702115], [106.82111601233552, -6.302758344180798], [106.8210049228683, -6.303521572989671], [106.8209351573893, -6.304009929049054], [106.82084795091193, -6.304492471637421], [106.82059888757955, -6.305753881909815], [106.8205456350728, -6.305808321031748], [106.82049175923596, -6.305832516831219], [106.82037850706146, -6.3058255081392804], [106.82024426716663, -6.305810669344258], [106.82021226174301, -6.305807421216017], [106.81997976210398, -6.305759872547331], [106.81967550782183, -6.3057559972296975], [106.81944646650432, -6.305764945276267], [106.81922959371784, -6.305735238910388], [106.81907096289325, -6.305716196437427], [106.81864921175155, -6.305674974088859], [106.81851108259819, -6.305658359032159], [106.8184638222667, -6.305620827097746], [106.81842882459509, -6.305567730414639], [106.81843653742574, -6.305502151778702], [106.81849493383257, -6.305407004320359], [106.81858145659153, -6.305397147124568], [106.8186063689516, -6.305396959837898], [106.81861020139884, -6.305396188767835], [106.81875017879578, -6.30540719600948], [106.81892020347175, -6.305450774296972], [106.81897962505288, -6.305521166633042], [106.81910925996986, -6.305586577836708], [106.81955799808202, -6.305676316696159], [106.81977714912594, -6.305689749794134], [106.81998993628422, -6.30570076646362], [106.82023023812276, -6.305743400829158], [106.82038037054873, -6.305778407766856], [106.8204836216525, -6.30577731474058], [106.8205281940015, -6.305750183040734], [106.82054757309162, -6.305682355706466], [106.82060377315466, -6.305447867334829], [106.82078787534427, -6.304486657876798], [106.8208615170892, -6.304004115644401], [106.8209409715052, -6.303426614961164], [106.82114832918423, -6.3020313105978], [106.82126654254088, -6.301165059034494], [106.82124910133061, -6.300668951404164], [106.82109697470524, -6.300188346757639], [106.82106015369122, -6.300032343598482], [106.82103108461776, -6.299559490204983], [106.82101655015295, -6.2991452596596345], [106.82103786795095, -6.298342959438863], [106.8210400003224, -6.298029999583083], [106.82105143324436, -6.297771273029603], [106.8210514327236, -6.297275164965133], [106.82108243985763, -6.297129820334271], [106.82129754916582, -6.29656007175601], [106.82157661001847, -6.295897302055805], [106.82176652599821, -6.295405069408092], [106.82201554965535, -6.294743268993351], [106.82215895549743, -6.294384753172202], [106.8224997881524, -6.29349718509904], [106.82282729621532, -6.292704574595323], [106.82290287562206, -6.292522410287994], [106.82315674303871, -6.291929406097513], [106.8234300000201, -6.291269999658442], [106.82423761958948, -6.2896949814705305], [106.824557376573, -6.289057404944646], [106.8248635682576, -6.2884547108190665], [106.82502247772348, -6.28814076824089], [106.82513197089244, -6.287932925538526], [106.82548564153664, -6.287214925724286], [106.82556122076058, -6.287061829691475], [106.82568718584984, -6.286778893198529], [106.82584415695644, -6.286383556688038], [106.82603000028705, -6.28588999960678], [106.8263204014483, -6.285130689597135], [106.82650837971362, -6.28467140224164], [106.82689208844629, -6.2834950838240236], [106.82710138409927, -6.282927272238854], [106.8274288927851, -6.282301323669045], [106.82775640214926, -6.281741263804342], [106.82783585685213, -6.2815804164004385], [106.8280335252716, -6.2811405078669855], [106.82820599985722, -6.280756799273795], [106.828485060942, -6.280214181065659], [106.82866141141646, -6.279913803527964], [106.82886683113102, -6.27957466661333], [106.8291361919138, -6.2791470140390855]], [[106.82297730602707, -6.292599827034633], [106.82291001469399, -6.292756820095975]], [[106.82748377839533, -6.254665747940485], [106.82749220505458, -6.254700076234387], [106.82771909744189, -6.255469335184115], [106.82784699950778, -6.2558840511664195], [106.82801366128362, -6.256455738198242], [106.82817450839205, -6.257172769076074], [106.82826752923489, -6.257651436083898], [106.82838380429438, -6.258246377973775], [106.82854271380386, -6.25898957189279], [106.828651237445, -6.259472114140802], [106.82870937503374, -6.259714354111683], [106.82875976133548, -6.259933339575797], [106.82883921577647, -6.260282165703316], [106.82889541606886, -6.26048952312127], [106.82901750540981, -6.260880983229466], [106.82914153166566, -6.261213337217712], [106.8293227203125, -6.261657805186539], [106.82943318976307, -6.2618925793813505], [106.82952233338655, -6.262037923173566], [106.8296889946456, -6.262222026055246], [106.83000293818354, -6.2624778312649205], [106.83023936521285, -6.262628989450266], [106.83035757784319, -6.262706506578688], [106.8304661020578, -6.262803402177854], [106.8305494325558, -6.262944870781774], [106.83058625311477, -6.263082463613168], [106.83060078742037, -6.263578571401586], [106.8305591226026, -6.263890576602743], [106.8305174566394, -6.264166730589606], [106.83052133249831, -6.26436052308958], [106.83058140872447, -6.264775238629692], [106.83062404253572, -6.265052361539222], [106.83065892492175, -6.265339174343716], [106.83067055271522, -6.265666682689634], [106.83065311182654, -6.2659883783269805], [106.83063373186822, -6.266502896668443], [106.83063954558354, -6.266628861527799], [106.83067055230022, -6.266836218560142], [106.8307131873416, -6.266999004642836], [106.8308100831286, -6.267276126954766], [106.83088760026584, -6.267502864244204], [106.83093992430663, -6.267704408006432], [106.83098062063304, -6.267948585961046], [106.83102519239695, -6.268413687712083], [106.83103875820524, -6.268704375914639], [106.8310090599183, -6.269026604370727], [106.83093217260138, -6.269372959056983], [106.83086822101689, -6.26967915058376], [106.83081589670634, -6.270057045522031], [106.83076163462262, -6.270493078088218], [106.83070931139, -6.270963993072586], [106.83068218003741, -6.271252743883943], [106.8306879941484, -6.2713787087024615], [106.83070698485727, -6.271492603840579], [106.83073837982487, -6.271640328525577], [106.83074613161264, -6.27178373431897], [106.83070931104588, -6.272080236974507], [106.8306647386438, -6.272297283921232], [106.83057947057007, -6.272560841582897], [106.83051358143193, -6.272766261268441], [106.83045350538703, -6.273120901021036], [106.83039924333269, -6.273632512288837], [106.83036242302308, -6.274018158853769], [106.83031203714876, -6.2748553416396335], [106.8302868440934, -6.275163471128161], [106.83022676896404, -6.275521987119331], [106.83021320261471, -6.275682834720613], [106.83021320262787, -6.2758262404956255], [106.8302287065006, -6.276000653910584], [106.8302597129783, -6.276192507902596], [106.83029847196536, -6.2764657552259076], [106.8303139752686, -6.276680864376364], [106.83031591301516, -6.276853339638495], [106.83025196193266, -6.277187631147712], [106.83018413425401, -6.277541301719526], [106.83008239340987, -6.277826175989968], [106.83000003158944, -6.278007371943924], [106.82988956962707, -6.278217636629431], [106.82972000143019, -6.278512201126564], [106.82956981278419, -6.278746205316872], [106.82926071464694, -6.279137665508399], [106.82907370469663, -6.2793857189629385], [106.8289302984727, -6.279610518470839], [106.82880045805413, -6.279835317580589], [106.82856984469855, -6.280230653529512], [106.82835279808663, -6.280662810504005], [106.82791676543101, -6.281633709415008], [106.82766095931683, -6.282106562017761], [106.827379960784, -6.282594918738824], [106.82716291291148, -6.283048392476719], [106.82692648679276, -6.283707286455227], [106.82674238449376, -6.284298352165114], [106.8265757232218, -6.28477508155114], [106.82633542041509, -6.285389402723958], [106.82610286963218, -6.2859765934259935], [106.8259187671404, -6.286410687956144], [106.82574823047753, -6.286852533596708], [106.82557866209356, -6.287228006088333], [106.82540521793031, -6.287584584094979], [106.82520480614897, -6.288002156753504], [106.82509805690755, -6.288212470930517], [106.82472403787794, -6.288958571178553], [106.82447598438449, -6.289435300187209], [106.82425796758521, -6.289850984047435], [106.82350556923838, -6.291340277563795], [106.8229773620329, -6.292599821414115]], [[106.8251806987971, -6.203586399619308], [106.82518069969744, -6.203586398712016], [106.82518688520913, -6.2035583832635774], [106.82520232188675, -6.2035247119716805], [106.82523251496472, -6.203504383355874], [106.8252848877706, -6.2034969658562575], [106.82532646462391, -6.2035007665743045], [106.82566631698074, -6.203585700572266], [106.82779820916349, -6.204042688981686]], [[106.8251806987971, -6.203586399619308], [106.82518062103945, -6.203586382707963], [106.82462560664261, -6.203478192882782], [106.82378301364217, -6.203287933440126], [106.82375443871216, -6.20328148108733], [106.82334082914754, -6.203173213319628], [106.82315375539994, -6.203175426026082], [106.8230718471052, -6.203235249695403], [106.82303067681487, -6.204181750779663], [106.8230771161105, -6.20436422884821], [106.82322709419925, -6.204384377428044], [106.82349057069491, -6.204428704293836], [106.82449583422297, -6.2046664592152485], [106.82474715072817, -6.204686608069599], [106.82484443416239, -6.204650340040973], [106.82489712978685, -6.204626161661352], [106.82494779763441, -6.2045858643208325], [106.82496969115597, -6.2045421046015115], [106.8251806987971, -6.203586399619308]], [[106.82780739746491, -6.204145167850997], [106.8251806987971, -6.203586399619308]], [[106.82991868930455, -6.204625722463982], [106.82993101619617, -6.204656297830333], [106.82994904133534, -6.204726407396437], [106.8299480907944, -6.204741833136909], [106.82994169714209, -6.204845603502384], [106.82993499897964, -6.204954337014439], [106.82992213471378, -6.205163133907243], [106.82990933464039, -6.205370892590326], [106.82990576629965, -6.205418925478373], [106.82988414221992, -6.205710025035072], [106.82983956996756, -6.205913505590133], [106.82968066260804, -6.206227445231268], [106.82940354194385, -6.206665411782235], [106.82937000010801, -6.206749999952463], [106.82936357890824, -6.206815683103572], [106.82950528243009, -6.207096595147704], [106.82964287286686, -6.207387280954549], [106.8297998434887, -6.207693469514441], [106.82999750924021, -6.208162441734577], [106.83017385850002, -6.208674048648761], [106.83027656734008, -6.209127517824961], [106.83036958689021, -6.209668192497978], [106.83045097840257, -6.2103057630448415], [106.83052849500359, -6.211549897473273], [106.8305178366754, -6.212261107450215], [106.83050717771314, -6.212737831493135], [106.83052849521798, -6.213145760393751], [106.83056725334589, -6.213856971057587], [106.83063314164019, -6.214752282735749], [106.83073585087313, -6.216060367287349], [106.83076491892707, -6.2164343826807285], [106.83080755345775, -6.216717316428218], [106.83087537978672, -6.217029318776886], [106.83100521884666, -6.217639758347045], [106.83110792826706, -6.218118420321057], [106.83124551903991, -6.218612585387903], [106.83139279961128, -6.21906217911764], [106.83158077609261, -6.219620295734975], [106.83181796422569, -6.220142864036134], [106.83196835734297, -6.220484600723748], [106.8321253271285, -6.220926442287882], [106.83226291833513, -6.221410918371583], [106.83243151581156, -6.222089184171224], [106.83268150539851, -6.22310464591663], [106.83282684866364, -6.223705396125917], [106.83291017792331, -6.224110417116906], [106.83294118487258, -6.22447086786311], [106.83298575618181, -6.225180139867097], [106.83303614195292, -6.225875847161992], [106.8331117201219, -6.2268583643541096], [106.83322218025427, -6.228348612219997], [106.83327644232614, -6.229123773201998], [106.83329969639594, -6.229412521102297], [106.83329775892102, -6.229650883116179], [106.83326675203664, -6.229957072062642], [106.8331795468212, -6.230406665917949], [106.83292374325686, -6.231193454519375], [106.8327997174248, -6.2315345251074445], [106.83266900857585, -6.231821586675535], [106.83244701951632, -6.2322282941881175], [106.83212920352406, -6.2326953291029294], [106.83176875344844, -6.233115854252526], [106.83138311067604, -6.233484055722999], [106.8309935922256, -6.233799934440046], [106.83068740336435, -6.234001476047297], [106.83033745752557, -6.234189070768121], [106.82992774452545, -6.234390995085691], [106.82956729482065, -6.234551840756261], [106.82904793643269, -6.234827023183679], [106.82876500322811, -6.235020813253407], [106.82848788271122, -6.235284367915889], [106.82819913555561, -6.235621563316197], [106.82791232578803, -6.236024647068143], [106.82755721720794, -6.236535184390609], [106.82752587907629, -6.236580094807801], [106.8274913456348, -6.2366295859925795], [106.82738180328596, -6.236786573945006], [106.82732774551214, -6.236864047347421], [106.82729558739058, -6.2369101333168055], [106.82723623763125, -6.236995189374613], [106.82718006069248, -6.237075698195781], [106.8271538733162, -6.23711322897548], [106.8270030038452, -6.237329444268794], [106.82691425826849, -6.237468769408111], [106.82662361973999, -6.237959643327817], [106.82620890808137, -6.238804569277943], [106.82597170882882, -6.239430470580058], [106.82589364385045, -6.239790659797658], [106.82588328311648, -6.239868742089529], [106.82586570094753, -6.239980657337967], [106.8258537608465, -6.24005666008537], [106.82582477783932, -6.240241142167049], [106.82579817320696, -6.240567905645826], [106.82578191357902, -6.240963895588507], [106.82575113729892, -6.241539549759354], [106.82574726111822, -6.241969768515262], [106.82575501279706, -6.2424135529244165], [106.82578020599546, -6.242989116027035], [106.82580733697291, -6.243498789849889], [106.82585384687802, -6.244126676635578], [106.82591198404035, -6.2448398316909035], [106.82599531550271, -6.245477408079756], [106.82608252202259, -6.246182811882812], [106.82618135535479, -6.2469250365144715], [106.82630732019668, -6.247843611485397], [106.8264071238439, -6.248508318716542], [106.82648851626398, -6.249120702069442], [106.82655053001655, -6.249616810148506], [106.82666680560912, -6.250328027439473], [106.82679083200055, -6.250940411577964], [106.82687416320745, -6.251382257441648], [106.82700594157109, -6.2523182735088945], [106.82705826516303, -6.252769809416168], [106.82712415521964, -6.2531612701659816], [106.82728597100073, -6.2539209357762084], [106.82737027093341, -6.254262979070077], [106.82748359836965, -6.254665425777548]], [[106.82782268488758, -6.203416709929425], [106.82782349808646, -6.203261243663757]], [[106.82780739746491, -6.204145167850997], [106.82780739049237, -6.204144717597042], [106.82782268488758, -6.203416709929425]], [[106.82779820916349, -6.204042688981686], [106.8281134415763, -6.204111783683601], [106.82981755926971, -6.204506124510383], [106.82991868930455, -6.204625722463982]], [[106.82864126911285, -6.2597513079190135], [106.82861330681331, -6.259651245824906], [106.8285756583739, -6.259491493378089], [106.82845647618632, -6.258998291877183], [106.82830628753884, -6.258271571361556], [106.8281944151673, -6.257710791762666], [106.82809117835008, -6.257211528012267], [106.82791676493619, -6.25648093109621], [106.82776560711036, -6.255911181946278], [106.82764158039338, -6.255521659834096], [106.82760282160332, -6.255387942982135], [106.82738771211376, -6.25466606672536], [106.82727402799873, -6.25421579868495], [106.8272074858807, -6.253936439486265], [106.82713772027917, -6.253593426939565], [106.82704663772225, -6.253184525536396], [106.82698074830995, -6.25278725093558], [106.82691292131581, -6.25233959082775], [106.82678889426907, -6.2513706295715155], [106.82670362591057, -6.250911342600798], [106.8265951017365, -6.2503764761687215], [106.82646913670476, -6.249622623717714], [106.8264323169101, -6.24933774937192], [106.82632185476274, -6.2485025053635646], [106.82622205167024, -6.247853301018628], [106.82609996291477, -6.24695991904297], [106.8260011287769, -6.24617312228996], [106.82591004666513, -6.245479345985639], [106.82582671576897, -6.244812700407585], [106.82576664025835, -6.244124738662096], [106.82572013004763, -6.243467782692563], [106.82569881261392, -6.242998805373601], [106.82567168190646, -6.242475566196439], [106.82565424063814, -6.242031781917089], [106.82566393045364, -6.241556991682047], [106.8256869379128, -6.240890467048822], [106.82569160067537, -6.24074525974286], [106.82570147125949, -6.240470297359789], [106.82570268921302, -6.240264396750556], [106.82572512174946, -6.240056219117846], [106.82573338920142, -6.239979502146737], [106.82575071280313, -6.23981873263105], [106.82583392437296, -6.239415977911923], [106.82601608738264, -6.23888693071758], [106.82626026248629, -6.238369510495762], [106.8265451343736, -6.237815269617441], [106.82691965930748, -6.237204378882489], [106.82703462527621, -6.237038104390885], [106.8270627219285, -6.236997469300726], [106.82717652536516, -6.236832876073639], [106.82719181434602, -6.236810763060277], [106.82726054553117, -6.236711357814716], [106.82730685478515, -6.23664438160591], [106.82737100984879, -6.236551594492357], [106.82739894373087, -6.236511195047774], [106.82748211062467, -6.236390911223257], [106.82767590125135, -6.236129294145562], [106.82804216487894, -6.23561962503411], [106.82830571982254, -6.235295995579291], [106.82854482820392, -6.235045051348292], [106.82886577357002, -6.234801830426099], [106.82913126696381, -6.234640984672427], [106.82971651358045, -6.234375491342411], [106.83021455470323, -6.234139067442117], [106.83078236022862, -6.233817375418772], [106.83129202901182, -6.233433670821556], [106.83154395606492, -6.2331894942557575], [106.83181138686871, -6.23291624985628], [106.83210013490212, -6.2325538624631935], [106.83235593775706, -6.232172095625116], [106.83256716941754, -6.231803893416846], [106.83272995297787, -6.231431816153271], [106.83306714874696, -6.230412478906246], [106.83315241630945, -6.229951257830308], [106.83318729837131, -6.229648945139], [106.83318923660983, -6.2293834526052345], [106.83317567063806, -6.229145090205035], [106.83311753426955, -6.228307915712379], [106.83305358278554, -6.2274939966839495], [106.83298575619027, -6.226585119781378], [106.83289855109595, -6.225602603077921], [106.83284428982154, -6.224637527203502], [106.83279971735921, -6.224147237761068], [106.83273964297955, -6.2238100427597], [106.83255360398198, -6.223027129623361], [106.83231330385463, -6.222042674266469], [106.83206912806068, -6.221102791261339], [106.83186371051201, -6.220507855437957], [106.83171836762752, -6.220180349106137], [106.83153620431105, -6.2198024579571705], [106.83125327060301, -6.218967222135706], [106.83105172923536, -6.218296707756538], [106.83095870970116, -6.217932381655455], [106.83085644995047, -6.217491449089097], [106.83071840906766, -6.216775453274588], [106.83066802392769, -6.21644407194185], [106.83062926624206, -6.215978974966677], [106.83054787405158, -6.21491119037054], [106.83048779908995, -6.214124401551029], [106.83041222053423, -6.213050803553447], [106.83039865564031, -6.212746552604293], [106.83040253132688, -6.211851240643668], [106.83039865523405, -6.211450094995729], [106.83033858029903, -6.210519901613844], [106.83026881573618, -6.209905585874142], [106.83022230585445, -6.209620713978152], [106.83016029306086, -6.209273829740527], [106.83005758458407, -6.208812608155993], [106.82986809691272, -6.208235863981459], [106.8296254323859, -6.207613046007931], [106.82916324182744, -6.206804940336768], [106.82890224130088, -6.20635817569415], [106.82857621636491, -6.2058164965616776], [106.82798273727852, -6.204787459215388], [106.82785903306446, -6.204467829008649], [106.82780767829735, -6.204161640908546], [106.82780739746491, -6.204145167850997]], [[106.82991868930455, -6.204625722463982], [106.82813986404592, -6.204215891125384], [106.82780739746491, -6.204145167850997]], [[106.82782349808646, -6.203261243663757], [106.82785181734499, -6.202936798381628], [106.8278735329389, -6.202430057598412], [106.8278522504251, -6.202266370884854], [106.82780574108897, -6.202171414195725], [106.82773877001289, -6.202101696648778], [106.82764186396325, -6.202051110681553], [106.82755775164236, -6.202028725108636], [106.8274787350552, -6.202028668576058], [106.82741082577809, -6.2020689947695615], [106.82734813355688, -6.202126220942348], [106.82731545089511, -6.202223737525795], [106.82730769959149, -6.2023167566501485], [106.82733095483803, -6.202400086390394], [106.82742459437064, -6.20248777284749], [106.82751646711235, -6.202594979233898], [106.82755785089343, -6.202665244398904], [106.82758557830627, -6.202799941016813], [106.8275999997718, -6.202869999917568], [106.82763908153477, -6.2030706013851376], [106.82773597666606, -6.203192689318184], [106.82782349808646, -6.203261243663757]], [[106.82782349808646, -6.203261243663757], [106.82801186862325, -6.20329176220513], [106.82816992583899, -6.203317368956304], [106.82993873188023, -6.203788477049725], [106.83014084718538, -6.203842308330721], [106.830896697055, -6.204020173807474], [106.8313800002651, -6.204110000285164], [106.83176590855703, -6.2041765896265355], [106.83252273607232, -6.204295533356262], [106.83257128462475, -6.204303139411637], [106.83275868181781, -6.204330908051874], [106.83315894410414, -6.204374862240682], [106.83334759606744, -6.2043984029342285], [106.83358111498123, -6.204426959152841], [106.8339876520742, -6.204491083766884], [106.83403416236641, -6.2045240288557375], [106.83404999976348, -6.204620000432688], [106.83403030925281, -6.204738848487982], [106.83399152836186, -6.205128654595698], [106.83397518987331, -6.20516707148699], [106.83395383450095, -6.205217286181247], [106.83381771754335, -6.205246692863214], [106.8335522780636, -6.20521153484019], [106.8324542884557, -6.205008856850206], [106.83175371245815, -6.204939369456486], [106.83110080563839, -6.2048685109798525], [106.83016063421154, -6.204682748778392], [106.82991868930455, -6.204625722463982]], [[106.82867952833203, -6.259941678861365], [106.8286412058444, -6.259751302714393]], [[106.82913639810569, -6.2791468035510585], [106.82923092513388, -6.279032252121212], [106.8294268907059, -6.2787956222865065], [106.82963999983949, -6.27846000007873], [106.82979315819654, -6.278214244876692], [106.82992106117615, -6.2779642533173305], [106.83000439198602, -6.277770460711266], [106.83008966034008, -6.277530159002086], [106.83016669249545, -6.277186661605325], [106.83023694232108, -6.276853823675566], [106.83024469428814, -6.27670266558572], [106.83023000030445, -6.276539999935873], [106.83021368789683, -6.276404225413551], [106.83018219644417, -6.276184756166375], [106.8301473141429, -6.275967709275337], [106.83012999958005, -6.275739999586071], [106.8301356857834, -6.275521986287385], [106.83019963766328, -6.275128588353354], [106.83024614788356, -6.2742545859237095], [106.83029459571704, -6.273876690841491], [106.83032947814854, -6.273516237580268], [106.830375988395, -6.27311702535854], [106.83042831226567, -6.272797267508627], [106.83051939446358, -6.272494952202042], [106.83056202915378, -6.272399993854119], [106.83059884955595, -6.2722546492916935], [106.83063276281719, -6.272084112980683], [106.83066764562416, -6.271793424567339], [106.83066183166089, -6.271644204517317], [106.83062113528817, -6.271438784727844], [106.83060756990085, -6.271343826535389], [106.83061532232404, -6.271169413230688], [106.83067152153804, -6.270648112515664], [106.8307412869674, -6.2700085976472675], [106.83079554864312, -6.269630703167913], [106.83087112732538, -6.269314821732447], [106.83093314109055, -6.269018319731069], [106.83096027234274, -6.2687004999192215], [106.83094864428904, -6.268363301704794], [106.83090794800259, -6.267958275669423], [106.83087694114475, -6.267735414915697], [106.83081492768929, -6.2675125539223595], [106.83066764556048, -6.267092024551221], [106.83058625314668, -6.266820715212298], [106.83055815357368, -6.266545530788212], [106.83057947026875, -6.2659631848226], [106.83059691138277, -6.265666682951228], [106.83058140855023, -6.265304291694929], [106.83054652556089, -6.265034920303571], [106.83050582916773, -6.264750045498204], [106.83045350504705, -6.264356647611275], [106.83044866076204, -6.264165761771185], [106.83048354361587, -6.263867321967843], [106.83052230142299, -6.263537875526658], [106.83050389125059, -6.263080525806084], [106.83047385330904, -6.262971032590911], [106.83041184012917, -6.262862508975111], [106.83032075799916, -6.262779178359125], [106.83020835856848, -6.262699724109087], [106.8299351113648, -6.262541782852691], [106.82964636060568, -6.262311170357215], [106.82956302970862, -6.262220088193992], [106.82947194737837, -6.262105750652919], [106.82940412058863, -6.261987537210285], [106.82930916253143, -6.2618092485130585], [106.82922001783452, -6.261596077423676], [106.82908145615949, -6.261264691889641], [106.82896711871307, -6.260962376824781], [106.8288624713228, -6.2606387437576485], [106.82877863286053, -6.260348945428432], [106.82867947782985, -6.259941707066586]]]}, "properties": {"id": "tj-k6", "corridor_id": "K6", "corridor_no": 6, "corridor_nos": ",6,", "name": "Koridor 6", "route_name": "Koridor 6", "endpoint": "Ragunan - Galunggung", "from_name": "Ragunan", "to_name": "Galunggung", "ruas": "Ragunan > Jl. Harsono RM > Jl. Warung Jati Barat > Jl. Warung Buncit > Jl. Mampang Prapatan > Jl. H.R. Rasuna Said > Jl. Kendal > Jl. Latuharhari > Jl. Sultan Agung > Jl. Galunggung > Galunggung", "mode": "TransJakarta", "status": "existing", "status_label": "Jaringan saat ini", "source": "Jakarta Satu / Jaklingko Rute_TJ FeatureServer", "source_type": "official", "source_url": "https://jakartasatu.jakarta.go.id/server/rest/services/Jaklingko/Rute_TJ/FeatureServer/3", "operator": "TransJakarta", "length_km": 28.01, "geometry_type": "road", "has_toll": false, "color": "#5865C7", "stop_count": 20}}, {"type": "Feature", "id": "tj-k7", "geometry": {"type": "MultiLineString", "coordinates": [[[106.8655990001019, -6.306637399815284], [106.86559899957643, -6.306637000182561], [106.86559999978944, -6.306640000190194]], [[106.8655990001019, -6.306637399815284], [106.86555000013126, -6.306509999575631], [106.86543000001282, -6.30636000016909], [106.8652699997349, -6.306249999758834], [106.86498999972912, -6.306099999619846], [106.86626000006491, -6.303940000287556], [106.86669000029485, -6.303449999947224], [106.8667599998013, -6.303390000358702], [106.86797999960204, -6.301940000393354]], [[106.86559999978944, -6.306640000190194], [106.86559900044153, -6.306638000170099], [106.8655990001019, -6.306637399815284]], [[106.86559999978944, -6.306640000190194], [106.8655990001019, -6.306637399815284]], [[106.88207577042897, -6.309789194873423], [106.88199299988345, -6.309689000357027], [106.88169999979988, -6.309479999568872], [106.88144199981262, -6.30882699961249], [106.88097200037274, -6.307802000264162], [106.88070199983521, -6.307430999702847], [106.8800899996399, -6.306937000083269], [106.88000399983908, -6.306788000138777], [106.87865899964353, -6.30701400007961], [106.87392999993497, -6.308216000138501], [106.87393000010258, -6.3082499996590675], [106.87205000044618, -6.3086600002233455], [106.87098000016633, -6.308850000218538], [106.87027000035856, -6.308900000429722], [106.87002000001678, -6.3089000001374265], [106.86968999967522, -6.30885999981937], [106.86945000015892, -6.308819999982016], [106.86904999988391, -6.308729999649291], [106.86849999965227, -6.308530000256596], [106.86732999959904, -6.307889999583867], [106.86626000004543, -6.30735999965895], [106.86581000031276, -6.307109999731745], [106.86571999964049, -6.306990000348117], [106.86559999978944, -6.306640000190194]], [[106.8665779997311, -6.268816648593056], [106.86657800013636, -6.268816000315096], [106.86658000041571, -6.268820000391117], [106.8665779997311, -6.268816648593056]], [[106.8665779997311, -6.268816648593056], [106.86621000016203, -6.268200000218095], [106.86612000022919, -6.267979999645943], [106.86608000017068, -6.267809999678272], [106.86598999964926, -6.267030000046925], [106.86585000014526, -6.26548999992245], [106.86569999997933, -6.26425999998518], [106.86564999994982, -6.263730000288476], [106.86565000006506, -6.263439999874345], [106.86566999986708, -6.263320000228642], [106.8656999996839, -6.263210000206513], [106.86583000009699, -6.263019999638438], [106.86624999996094, -6.2624800003601395], [106.86625400034052, -6.262474999735433], [106.86629500012954, -6.262420999924055], [106.86954999978694, -6.258170000229924], [106.86984500037345, -6.257742000194054], [106.86983999964868, -6.257749999837486], [106.86987600036662, -6.2576949996819895], [106.86987999978022, -6.25768999995723], [106.87017000000107, -6.257239999836891], [106.87059999993149, -6.25653000016167], [106.87086000000805, -6.25607000026967], [106.87108000040563, -6.255660000371743], [106.87118999989187, -6.25541000000606], [106.87148000004792, -6.254670000273325], [106.87203000025895, -6.2531399999284245], [106.87224000009664, -6.252639999699671], [106.8725700002689, -6.251940000091324], [106.87301999993322, -6.251139999955257], [106.87354000027672, -6.2501399995639835]], [[106.86797999960204, -6.301940000393354], [106.8686099996225, -6.301219999769683], [106.86963000006227, -6.299959999642426], [106.87021000027143, -6.2992299995788015], [106.87052000017286, -6.298770000326272], [106.87075999960413, -6.298309999765545], [106.87115000032522, -6.297449999663747], [106.87140000036742, -6.296790000084453], [106.8716599999996, -6.295919999850231], [106.87190999962506, -6.294780000067022], [106.872021999562, -6.294219999703494], [106.87202999968345, -6.294179999549269], [106.87203100021733, -6.294172999666236], [106.87212000022589, -6.293700000241247], [106.87214999991755, -6.2934100003065225], [106.87213000014478, -6.293090000082449], [106.87185999983087, -6.291860000403793], [106.87103000008315, -6.289070000207018], [106.87081999955473, -6.288200000069961], [106.87080000030964, -6.287869999555623], [106.87080000002639, -6.287440000035346], [106.87086999966401, -6.286180000123372], [106.87118000031037, -6.285029999972762], [106.87146999977602, -6.2838199999501905], [106.87166999970094, -6.283060000333986], [106.87195000032622, -6.282290000333949], [106.87199999975924, -6.282020000075501], [106.87198999980279, -6.281859999822868], [106.87192999987651, -6.2816699998245875], [106.87071999964154, -6.279830000060435], [106.86980000031348, -6.278469999983576], [106.86911999983178, -6.277369999871313], [106.86896999978157, -6.27714999970936], [106.86844000023586, -6.276480000429806], [106.86808999974899, -6.2759700002588605], [106.86789999970323, -6.275629999629822], [106.86763000012546, -6.275120000069761], [106.86739000044747, -6.274570000300032], [106.86733000020712, -6.274360000082108], [106.86710000044519, -6.272879999878719], [106.8670999996976, -6.272350000153951], [106.8671600002144, -6.271559999619077], [106.8673700004229, -6.270550000070326], [106.86739999981131, -6.270310000246097], [106.86738999994591, -6.270179999994228], [106.86736999994469, -6.270120000375926], [106.86726999962384, -6.269940000262413], [106.86657800007833, -6.268817000306681], [106.8665779997311, -6.268816648593056]], [[106.86870000021612, -6.243600000079301], [106.8687000004373, -6.2436099999889585], [106.86870299993214, -6.243600000277724], [106.86910000033014, -6.242229999914206], [106.86919000015887, -6.2416400003922865], [106.86920999974542, -6.241230000046259], [106.86920000000251, -6.24075000015708], [106.86914999993702, -6.239680000231442], [106.86910999993395, -6.239319999896173], [106.8688699996962, -6.238050000367023], [106.8686999999001, -6.237379999969138], [106.86864999970327, -6.237260000261074], [106.86791999993802, -6.2356500003522415], [106.86787000028032, -6.235479999966948], [106.86786900023756, -6.235477999911599], [106.86750999999134, -6.234330000321816], [106.8674599997797, -6.233970000420106], [106.86733999993488, -6.232939999664972], [106.86722999983414, -6.2316599995855615], [106.86715999978928, -6.230410000279298], [106.8671500000516, -6.229730000184479], [106.86715000028865, -6.229727000206487], [106.86713999997677, -6.228910000225483], [106.86714999995618, -6.228320000042969], [106.86710999979805, -6.22777000019201], [106.86708999968607, -6.226930000421005], [106.8670450001844, -6.226625000077831], [106.86702000014685, -6.226460000247445], [106.86686999966963, -6.2257899996856665], [106.86648999963566, -6.224959999739866], [106.8664400000222, -6.224830000248411], [106.86654000042715, -6.224759999754129], [106.86678999958228, -6.224710000282344]], [[106.86691100028987, -6.224690000147463], [106.8669100002789, -6.224709999921432], [106.86712000012714, -6.22471000035911], [106.86717999999166, -6.224760000224971], [106.86720999958955, -6.2248500001207345], [106.86704999981312, -6.225129999828359], [106.86699999988286, -6.225300000031807], [106.86697000029332, -6.2255299995722515], [106.86698999955398, -6.225670000124155], [106.86707000038442, -6.225929999987084], [106.86721000015014, -6.226579999774051], [106.86727999993829, -6.227669999667003], [106.86729000044652, -6.22880999986014], [106.86731999962831, -6.229723999650313], [106.86731000005999, -6.229729999744634], [106.86739000029871, -6.231789999738813], [106.86745000005511, -6.232300000220026], [106.86758999993472, -6.233909999596315], [106.86763999959771, -6.234349999724244], [106.86777000035787, -6.234800000112806], [106.86803700006709, -6.235413999843959], [106.86804000019643, -6.235420000008607], [106.86882999957638, -6.237220000426542], [106.8689000001669, -6.237439999694537], [106.86914000044574, -6.238430000016925], [106.86928999996643, -6.2392599998918605], [106.86931999962376, -6.2396500001411175], [106.8693799997903, -6.240989999924563], [106.86936000024293, -6.241520000032509], [106.8693399997264, -6.241799999747053], [106.86926000034356, -6.242270000105546], [106.86909000014431, -6.2428400000123005], [106.86884300042938, -6.243632000139108], [106.86884299959382, -6.243631000151109], [106.86884000016983, -6.243639999871196], [106.86870999966759, -6.244009999775227], [106.86878000037832, -6.244119999749016], [106.86889999996251, -6.2441999996206], [106.86916999996394, -6.244280000112252], [106.86942000019377, -6.244389999782678], [106.86965999989704, -6.244559999907015], [106.8697899997869, -6.244669999849911], [106.86987999979699, -6.2447899998451435], [106.86990000029394, -6.244860000424177], [106.87005000032522, -6.245020000127206], [106.87050999982446, -6.245479999628619], [106.8706199996474, -6.245560000129357], [106.87078000028234, -6.245649999913328], [106.8709400001349, -6.245709999943334], [106.87121999973662, -6.24579999955742], [106.87122099994588, -6.245799999616447], [106.87174999980031, -6.245939999632045], [106.87228999997916, -6.2460699997739235], [106.87271000043171, -6.246140000398388], [106.87306400014236, -6.2462189995711555], [106.8730700001155, -6.24621000001083], [106.87384999987043, -6.246390000298243], [106.87405000026219, -6.246449999573998], [106.87427999984482, -6.246540000004873], [106.87448000044257, -6.2466299996197385], [106.8747000000054, -6.246749999822011], [106.87490000034347, -6.246879999634907], [106.87496000039297, -6.2470100002220015], [106.87498999997489, -6.247150000018147], [106.87501000037757, -6.247270000443613], [106.87501999978437, -6.247419999973481], [106.87496000039884, -6.24760999990142], [106.87476000038177, -6.248050000312173], [106.87422999974794, -6.249330000355661], [106.87394000016205, -6.2499199997383625], [106.8737499999706, -6.250330000218343], [106.87372000032387, -6.2503699999721], [106.8736699996036, -6.25039999970296], [106.87363999975433, -6.250460000120805], [106.87361099967352, -6.2505279995925385], [106.87361000025341, -6.250530000418174], [106.87343999956278, -6.250889999847144], [106.87267999998869, -6.252329999711965], [106.8721700004134, -6.253579999832975], [106.87195000033131, -6.254170000418031], [106.87146000038172, -6.255400000279007], [106.87134000034493, -6.2556699999078855], [106.87116000017812, -6.256049999632428], [106.87042000037788, -6.257359999714666], [106.87005900018607, -6.257808999635793], [106.87005300019644, -6.257816000136935], [106.87005000017113, -6.257819999930428], [106.8680099996914, -6.260470000147152], [106.86756999973453, -6.261089999801532], [106.86678999965469, -6.262049999936621], [106.86644299996938, -6.262523999768442], [106.8664140003729, -6.262564000419649], [106.86641999965474, -6.262569999825454], [106.86610000029009, -6.262989999851538], [106.86591999991825, -6.263260000421696], [106.86582000003382, -6.263689999994184], [106.865799999939, -6.263830000383002], [106.86582000006372, -6.264299999613149], [106.86595000014663, -6.2658400002428785], [106.86608000040356, -6.26711000006155], [106.86618000025571, -6.267809999970086], [106.86624000011034, -6.26807000030237], [106.86629000001624, -6.268180000404522], [106.86665900005508, -6.268768999807495], [106.8673399996438, -6.269889999957276], [106.86743000031497, -6.270049999700937], [106.86744999976432, -6.270120000130433], [106.86746999985264, -6.270259999913269], [106.86745999980005, -6.270409999814109], [106.86722999981924, -6.2715699996257674], [106.86718000041854, -6.272339999937573], [106.86717999996795, -6.272910000183319], [106.86728000011193, -6.273609999892007], [106.86740999993467, -6.274339999838917], [106.86751000027814, -6.274630000419422], [106.86770000012191, -6.275080000342163], [106.86814000035032, -6.275919999567678], [106.86850000030843, -6.276440000082141], [106.86901000043636, -6.277079999572271], [106.86988999998644, -6.278439999757362], [106.87103999989722, -6.280139999784133], [106.87202000031749, -6.281649999889448], [106.87206999980666, -6.281850000273473], [106.87207000044559, -6.282150000244068], [106.8720299995929, -6.282299999627145], [106.87175000000063, -6.283069999633151], [106.87168999968956, -6.28329000014897], [106.8712599996359, -6.285050000050467], [106.8709400001173, -6.28615000040177], [106.87092000008715, -6.286369999797658], [106.87087000016754, -6.2879299996333415], [106.87087999993112, -6.288150000144348], [106.87096999990972, -6.288570000314607], [106.87109999957565, -6.289050000241289], [106.87150999994805, -6.290400000225951], [106.87193999985328, -6.291839999648457], [106.87221000005819, -6.292969999590596], [106.87223999994455, -6.293350000258255], [106.87222999976197, -6.29350999973536], [106.87211999988433, -6.294227999928531], [106.87212100025158, -6.294225999983317], [106.87211999981822, -6.294229999903592], [106.8717700000591, -6.295919999615307], [106.87165000025657, -6.2963700002931935], [106.87146999980388, -6.2969099998600475], [106.87109000010845, -6.297799999886611], [106.87058999979743, -6.298810000239986], [106.87045999968576, -6.299010000122133], [106.86968999997816, -6.300010000112904], [106.86944999993148, -6.300289999982453], [106.86858000031037, -6.301389999622203], [106.86808399995896, -6.3019949997751405], [106.868080000311, -6.301999999583636], [106.86743999964186, -6.302779999974318], [106.8667499996707, -6.303570000024427], [106.86653999961537, -6.303999999965307], [106.86597999969982, -6.304919999602558], [106.86560000022592, -6.305650000403083], [106.86559000014164, -6.305800000441714], [106.8655999998924, -6.3059600002220035], [106.86563000027486, -6.306109999921585], [106.86568000040064, -6.306250000439955], [106.86574999988858, -6.306389999866262], [106.86575599993449, -6.306393000055798], [106.8674900003433, -6.307300000070246], [106.86837000044494, -6.307680000250663], [106.86930000011532, -6.308169999637097], [106.8696400003461, -6.30827999980114], [106.87005999958026, -6.308370000295572], [106.87054000013607, -6.3084099998626195], [106.87109000024728, -6.308379999782647], [106.87149000018394, -6.308330000305051], [106.87175999976405, -6.308280000186968], [106.87328000039365, -6.3079499996832515], [106.87386999981243, -6.307819999999868], [106.87387799975502, -6.307818000187566], [106.87474999988015, -6.307609999954909], [106.87535000010367, -6.307450000341949], [106.87691000006909, -6.306989999664745], [106.87880000024204, -6.306500000307839], [106.88035999977666, -6.306030000213461], [106.88100999987503, -6.305860000226811], [106.88216000016578, -6.3056600002336145], [106.88261999993533, -6.305619999566112], [106.88518000000585, -6.305550000395402], [106.88600000000474, -6.305550000215872], [106.88669000033109, -6.305569999686253], [106.88708999972084, -6.30561999979813], [106.88714000017237, -6.305659999628745], [106.88718999980138, -6.30572999971548], [106.88723000017346, -6.30590000040028], [106.8872099996626, -6.306040000200052], [106.88709000010654, -6.306169999773838], [106.88670000036366, -6.3064199997183605], [106.88661999960564, -6.306500000145671], [106.88591000039914, -6.307369999673867], [106.88579000021188, -6.307480000448501], [106.88560000023037, -6.307600000277941], [106.88543999978079, -6.307660000326399], [106.88502999977698, -6.3077800004476545], [106.88451000038286, -6.307919999972496], [106.88398000021694, -6.308000000241987], [106.88383999960733, -6.307990000367054], [106.88365000023788, -6.307940000276417], [106.88350000026696, -6.307859999843805], [106.88292999967355, -6.307510000008614], [106.88150000020774, -6.306540000193738], [106.88134999970003, -6.306490000186364], [106.88121000025185, -6.306480000368975], [106.88106000022405, -6.3064800002655295], [106.88088000025873, -6.306510000269477], [106.88078099997136, -6.3065379999527895], [106.88052000042387, -6.306639999771256], [106.88050400031953, -6.306773000001334], [106.88057899957302, -6.306906000025598], [106.88069700016257, -6.307022999717115], [106.88081999964704, -6.307247000199583], [106.8810560003519, -6.307578000312538], [106.88118100041292, -6.307851999724572], [106.88158200019166, -6.308654999813705], [106.88162500002014, -6.308735000346073], [106.88170600044481, -6.3088100002218495], [106.88184999982735, -6.308847000137851], [106.88185900002297, -6.30884800015459], [106.88208600010117, -6.308879000431546], [106.88237599997854, -6.308867999776242], [106.88253199970801, -6.308889999802977], [106.88266000009466, -6.308963999625067], [106.88285900002217, -6.30925799986143], [106.88298200023253, -6.309470999596491], [106.88304699988053, -6.309662999609405], [106.88304100033181, -6.309758999559811], [106.88293900005159, -6.309934999664432], [106.88270300031523, -6.310127000160332], [106.88253200042405, -6.310184999652972], [106.88239800020436, -6.310168999678541], [106.88230600037306, -6.310094999957698], [106.88223699992845, -6.310020000294156], [106.882102000018, -6.309880999816623], [106.88207577042897, -6.309789194873423]], [[106.86797999960204, -6.301940000393354], [106.86798700031221, -6.3019319998127425]], [[106.86870000021612, -6.243600000079301], [106.86870000028436, -6.24359900008801]], [[106.87354000027672, -6.2501399995639835], [106.87368000026493, -6.249819999932821], [106.87374999965884, -6.249580000177868], [106.87382000022185, -6.249399999705159], [106.87459000021613, -6.247609999651756], [106.87454999985984, -6.247429999783643], [106.87448999962275, -6.247319999794063], [106.87399999971207, -6.246980000441798], [106.87387000011158, -6.246889999929048], [106.8735599996877, -6.24674000020011], [106.87327399986435, -6.246622000287839], [106.87327000004491, -6.246620000088794], [106.87268000019876, -6.246420000059539], [106.87107300023702, -6.245951000032932], [106.87107099988015, -6.245949999924621], [106.87106999967052, -6.245949999865376], [106.87055999961048, -6.2457899995723904], [106.87011999992033, -6.2455600001035565], [106.86993000044139, -6.245509999621075], [106.8687500000247, -6.245089999892305], [106.86835999980386, -6.244930000267221], [106.8682300004173, -6.244919999931142], [106.86830000019, -6.244819999997286], [106.86870000021612, -6.243600000079301]], [[106.87354000027672, -6.2501399995639835], [106.87354200013759, -6.250133999741654]], [[106.88207577042897, -6.309789194873423], [106.88207400043541, -6.309782999757904]], [[106.88210700010667, -6.309826999938593], [106.88207577042897, -6.309789194873423]]]}, "properties": {"id": "tj-k7", "corridor_id": "K7", "corridor_no": 7, "corridor_nos": ",7,", "name": "Koridor 7", "route_name": "Koridor 7", "endpoint": "Kampung Melayu - Kampung Rambutan", "from_name": "Kampung Melayu", "to_name": "Kampung Rambutan", "ruas": "Kampung Melayu > Jl. Otto Iskandardinata > Jl. MT Haryono > Jl. Mayjen Sutoyo > Jl. Raya Bogor > Jl. Gedong > Kampung Rambutan", "mode": "TransJakarta", "status": "existing", "status_label": "Jaringan saat ini", "source": "Jakarta Satu / Jaklingko Rute_TJ FeatureServer", "source_type": "official", "source_url": "https://jakartasatu.jakarta.go.id/server/rest/services/Jaklingko/Rute_TJ/FeatureServer/3", "operator": "TransJakarta", "length_km": 26.95, "geometry_type": "road", "has_toll": false, "color": "#5865C7", "stop_count": 16}}, {"type": "Feature", "id": "tj-k8", "geometry": {"type": "MultiLineString", "coordinates": [[[106.7690290147313, -6.20016556171844], [106.7690051377746, -6.199788467337363], [106.7689760690464, -6.199352434522182], [106.76896637955184, -6.1988621400717046], [106.76895475218217, -6.198292391745633], [106.76895862801041, -6.198038523317248], [106.76891405548619, -6.197158706668007], [106.76887917345678, -6.196559888921286], [106.76885398016238, -6.195505659337757], [106.76883847678053, -6.194726614679696], [106.7688346012316, -6.19391268689472], [106.76883653925047, -6.193321620917822], [106.76883847713681, -6.192587147621936], [106.76882878702614, -6.192209253411033], [106.76880359392126, -6.191955385078835], [106.76878033893348, -6.191604621430787], [106.76880698522349, -6.191429966498741], [106.76884138347751, -6.191282199298179], [106.76888208043108, -6.191117476309297], [106.76887226821637, -6.190808687017981], [106.76883511871173, -6.190353654608563], [106.76877373777339, -6.189661787551052], [106.76867084651352, -6.18852550510175], [106.76861270893174, -6.1882328792802594], [106.76856619903904, -6.187994514747571], [106.76852356420419, -6.187711578211], [106.76851512115066, -6.187370865002153], [106.76849837175288, -6.186364721937484], [106.76849061982395, -6.185800786011523], [106.76840341282048, -6.185345374728978], [106.76831233110988, -6.184920969622896], [106.76822221780333, -6.184679698372248], [106.768104972924, -6.184403544640697], [106.7679199018572, -6.183964605119596], [106.76776486740009, -6.183567330625856], [106.76757301317731, -6.1830944777454855], [106.76739456560766, -6.182635367387309], [106.76713504294298, -6.181883276277524], [106.76673389334815, -6.180534482739125], [106.76648777702918, -6.179716679294329], [106.76640444672879, -6.179216695707123], [106.76633274315698, -6.1787283385607275], [106.76628235744072, -6.178331065112262], [106.76623003364782, -6.177945417988372], [106.76616220577971, -6.177302028465085], [106.766049807031, -6.176505542429189], [106.76596259994405, -6.175774945138795], [106.76586570370915, -6.175007528178561], [106.76579206291753, -6.17434475881673], [106.7657067939631, -6.173587031396754], [106.76563121570966, -6.173156812368803], [106.76552850526078, -6.172544429221951], [106.76545486410484, -6.1721994782255765], [106.76534440331791, -6.171581281267139], [106.76521068659005, -6.1709514563854775], [106.76502076956274, -6.170290625334039], [106.76490255634491, -6.169879785942365], [106.76476690170239, -6.1695173945781105], [106.76462349549234, -6.169251898952216], [106.76431149024607, -6.1686666464036035], [106.76408475325748, -6.168242241271009], [106.76380956873233, -6.167722878520107], [106.76358464281532, -6.167317760866585], [106.76346268019526, -6.167070766863901], [106.76335221892434, -6.166805271764514], [106.76328439168769, -6.166609541422918], [106.76322625361647, -6.16640412207885], [106.76316230262923, -6.166014599524671], [106.76306540594278, -6.165470043285515], [106.76298595145734, -6.164900294157159], [106.76297044782753, -6.164588288771316], [106.76295106856243, -6.164278221250079], [106.76296075856526, -6.1634526658603646], [106.76298013807276, -6.163022447698161], [106.76299564081098, -6.162326733258996], [106.76298595106563, -6.161840314480011], [106.76300533026082, -6.16124924900045], [106.76302083394613, -6.160685313457859], [106.76303052384235, -6.160235714938438], [106.76303633771722, -6.159923709533001], [106.76306540582986, -6.1590593963594324], [106.76306358090693, -6.158607348420985], [106.76308956226474, -6.158481501115932], [106.7631729650202, -6.158365225833914], [106.76331119283698, -6.158319905895428], [106.76396081803333, -6.158294840266814], [106.76438592934116, -6.158263143570085], [106.76472532820571, -6.158200843357039], [106.765359570619, -6.157976341365817], [106.76649138842522, -6.157507121588088], [106.76669718173416, -6.157444687582006], [106.76692814103293, -6.157436379899303], [106.76711703578486, -6.157471842884522], [106.76728100577826, -6.157518511869403], [106.76775203930168, -6.157831120499824], [106.76798180987461, -6.157987260992651], [106.76821575905343, -6.158148622833888], [106.76841210832518, -6.158286485060666], [106.76870493616856, -6.158522334968672], [106.76889671620833, -6.158784670181563], [106.76904815621461, -6.159097994133222], [106.76917766360019, -6.159448917860611], [106.76939072407805, -6.1600525882178765], [106.76954738636965, -6.160484976156744], [106.76968524904294, -6.160827543221851], [106.76974164726062, -6.160936162336708], [106.76978064113803, -6.160980806307847], [106.76999439542672, -6.161170111310786], [106.77018853724257, -6.161279847311273], [106.7706440205713, -6.161475080275808], [106.77148581791567, -6.1618072031152495], [106.77214201032547, -6.162076737638119], [106.77239058724665, -6.162199992123435], [106.7725841799744, -6.162304412124679], [106.77683761457865, -6.163935856062359]], [[106.77126518644727, -6.210972551998631], [106.77101476355975, -6.210323982075282], [106.77082678536799, -6.209827873472479], [106.77067756495592, -6.209459668876007], [106.77046051779686, -6.20897518848784], [106.77029967050245, -6.208486831666503], [106.7699973543089, -6.207610891081228], [106.76984813475018, -6.207124472469941], [106.7695651976027, -6.206006291508525], [106.76947217782582, -6.205434603894647], [106.7694372950663, -6.20510128093397], [106.76940241203198, -6.204426884237531], [106.76939756713726, -6.2037050079079075], [106.76937625065449, -6.203152700797832], [106.76935350582764, -6.202771576388276], [106.76934684181035, -6.202677106001314], [106.76932005027447, -6.202478303764146], [106.76925028548676, -6.202115912270663], [106.76919796116637, -6.201829099842187], [106.76916501683574, -6.20162755577491], [106.76913166497172, -6.201368530263322], [106.7690855617443, -6.2008058766916765], [106.7690477726765, -6.200450267402231], [106.7690290359239, -6.200165414262851]], [[106.7766905810541, -6.164028468708489], [106.77563926686148, -6.163656628202175], [106.77378771570206, -6.162883828154528], [106.77253743992637, -6.162396195634822], [106.77240640564854, -6.162364986059277], [106.77222078689435, -6.162313725496239], [106.77161147215465, -6.162080547050841], [106.77060198073396, -6.161677225818238], [106.77036749719007, -6.161576655153857], [106.769997053384, -6.161416304088292], [106.76976814131585, -6.161259781549042], [106.76967102461447, -6.161168181757973], [106.7695667551183, -6.161048670342916], [106.7695040902353, -6.160936918140241], [106.76943202500227, -6.160728035131965], [106.76936330082701, -6.160542086054586], [106.76914167812774, -6.159945769090878], [106.76906439137701, -6.159712865039178], [106.76898083865488, -6.159478916586368], [106.76886386392064, -6.159163503566437], [106.76872600212683, -6.158877334746367], [106.76855889572147, -6.158649651709927], [106.76823674723843, -6.1583822273895885], [106.76789068768144, -6.158149142282149], [106.76752074798857, -6.157907596681356], [106.76733926988202, -6.157777494363594], [106.76707347802996, -6.15766320362918], [106.76696590330754, -6.157636048610111], [106.76683870576723, -6.157632038352265], [106.76664444223071, -6.1576554513065975], [106.7665152394747, -6.1576898355918965], [106.76637737703723, -6.157745189886728], [106.7660410756095, -6.157887229766093], [106.76565881977365, -6.158053291667791], [106.76536429583378, -6.158180710310781], [106.76510945842371, -6.158280974459791], [106.76485281824068, -6.158360359156252], [106.76470397640735, -6.158401089564634], [106.76451205390698, -6.158443902860416], [106.76430913460247, -6.158468886278992], [106.76416989876583, -6.15847428100485], [106.76357368755932, -6.158496706406111], [106.76336789883328, -6.158499256590791], [106.76328956743909, -6.158504478698656], [106.76321815998757, -6.158529693403442], [106.76317258385491, -6.158599901890474], [106.76315488240994, -6.158830034597169], [106.76313710915197, -6.1590671480100445], [106.76311966783415, -6.159915958091008], [106.76311385414601, -6.160109750364667], [106.7631119163024, -6.160718258153769], [106.76310028845293, -6.161305448776127], [106.76308284745242, -6.161853879955936], [106.76309059962928, -6.162346112827416], [106.76309197042795, -6.16292711998286], [106.76307122008961, -6.163503052653988], [106.7630615302284, -6.16414256682437], [106.76307897131859, -6.164582474689253], [106.76309253690346, -6.164911921354461], [106.76311579199287, -6.165194858891324], [106.76315842676117, -6.165471981547221], [106.76326113608725, -6.166010723454926], [106.76330764609057, -6.166334356394994], [106.76339097697186, -6.166630858829314], [106.7634781833507, -6.166873098796364], [106.76359833507541, -6.167181228491899], [106.76364678327364, -6.167262621968877], [106.76390646455802, -6.167697684794164], [106.76416808386625, -6.168176351648571], [106.76438319378354, -6.168608509024217], [106.76470876476986, -6.169182133706632], [106.76485992232621, -6.169461194710891], [106.76491999746172, -6.169600725024223], [106.76500720470032, -6.169848779318583], [106.76511274679302, -6.1702579092286305], [106.76530952001495, -6.170930139392356], [106.76544517446105, -6.171534771187716], [106.76557307762606, -6.172249864417713], [106.76564478104284, -6.172596752277048], [106.7658095045906, -6.173548272787209], [106.76589671045791, -6.1743195658228185], [106.76596829941757, -6.174932658663995], [106.76606918542969, -6.175780758882686], [106.76615833069134, -6.176513293716257], [106.76633661885094, -6.17793766669577], [106.76639281860955, -6.178340754751157], [106.76650715583837, -6.179183750710766], [106.7665982386155, -6.179695361868199], [106.76678552717473, -6.180341302636899], [106.76718683433211, -6.181689165200565], [106.76734627696932, -6.1821894684596845], [106.76749064663596, -6.182596504372124], [106.7676156478072, -6.182931692464129], [106.76772417151962, -6.183214628983849], [106.7679877284815, -6.183871584733103], [106.7680658928641, -6.184062246061108], [106.76817768353258, -6.184334932284441], [106.76831911380874, -6.184662256579065], [106.76839953752749, -6.184876397823136], [106.7685088862716, -6.185367803137952], [106.76858751553034, -6.185775593295271], [106.76858945351562, -6.186293018312052], [106.76858363958927, -6.186645720800366], [106.76859526717618, -6.187155394357176], [106.76862046094857, -6.187785219194295], [106.76865728084364, -6.188021645744786], [106.76875830488568, -6.188452511374912], [106.76878874434439, -6.188780401984384], [106.76884703086495, -6.1893868549219615], [106.76891080425283, -6.190138746658829], [106.76896778575887, -6.190810567666806], [106.76898091436972, -6.191138793457621], [106.76888304907355, -6.191488345922081], [106.76887045271876, -6.191643379855842], [106.76888692483158, -6.191806165361295], [106.76891599395664, -6.192199563506957], [106.76892955903796, -6.192602651211858], [106.76893149708661, -6.193389447648315], [106.76892762163436, -6.193904935121757], [106.76893731118562, -6.1946626627120285], [106.76893731043596, -6.1954107006214025], [106.76895669008947, -6.195891305956719], [106.76898521613813, -6.196648611661073], [106.76899469029003, -6.196782077279801], [106.76900445371066, -6.197021084860941], [106.76901288969867, -6.197166458656273], [106.76906133755156, -6.198073406447604], [106.76904195848361, -6.198391225619482], [106.76906908946069, -6.199240035604102], [106.76908846868521, -6.199631495578728], [106.76912141313473, -6.200080124503595], [106.76917083041315, -6.200708980791625], [106.76925028551939, -6.201517094099195], [106.76931811211718, -6.201943437209721], [106.7694053192764, -6.202396911201331], [106.76945496960215, -6.202761510970799], [106.76948144977456, -6.203154063734406], [106.76949446377857, -6.203577105018558], [106.76950899751034, -6.204366809233417], [106.76953515954276, -6.205016981645642], [106.76957294973656, -6.205391969494754], [106.76963496328287, -6.205773740148075], [106.7696756590674, -6.20599078777716], [106.76997022382426, -6.2071942374666795], [106.77009425035588, -6.207603139038716], [106.77028222919168, -6.208145757719813], [106.77041013157205, -6.208543031653063], [106.77056904109827, -6.209021698244212], [106.77074345403886, -6.209389903623914], [106.77093724689077, -6.2098162464764455], [106.77113297707375, -6.210320106087016], [106.77137909303059, -6.210977061419468], [106.77157676064034, -6.2114198770088525], [106.77178218086766, -6.211834592860847], [106.77203992468202, -6.212373335004634], [106.7722492197403, -6.212805491235997], [106.77246626745772, -6.213237648423458], [106.77259804564109, -6.213520584611893], [106.77276664549758, -6.213826776255293], [106.77300694728804, -6.214247305666515], [106.77318717424136, -6.214468229148909], [106.77346429733586, -6.2148054275746345], [106.77381699948731, -6.2151794461248375], [106.77416001182179, -6.215584471944014], [106.77449527174488, -6.215910043471672], [106.77474332576011, -6.216098021766479], [106.77529175853289, -6.2165243648600415], [106.77600297556491, -6.217148375625166], [106.77659210402109, -6.21761929074071], [106.7776928434607, -6.218408025320372], [106.77799128362994, -6.21861925872874], [106.77827615885622, -6.2188072373164704], [106.77832266878175, -6.218842119293827], [106.77873932167559, -6.219027190970223], [106.77971409692331, -6.219507795929362], [106.78025283889122, -6.219790732716879], [106.78041756276845, -6.219872124812133], [106.78207254804752, -6.220755818012422], [106.78317425726968, -6.2213275044829945], [106.7838370263386, -6.2216743927357], [106.78437189325648, -6.222025157069188], [106.78449398213513, -6.2221094565931265], [106.7850220659981, -6.2225038241393404], [106.78524087597783, -6.222655123571331], [106.785483291903, -6.2228875323391515], [106.78576235260667, -6.223234420709783], [106.78604335132, -6.223585183967524], [106.78670030679861, -6.224385546562826], [106.78699099544012, -6.224674296500543], [106.78777197795955, -6.225368073148593], [106.78868280109053, -6.226213007405097], [106.78914208859591, -6.2266432261275355], [106.78946765964282, -6.226943603825494], [106.7898726854488, -6.227315684365114], [106.79045212454524, -6.227807917255484], [106.79055871022949, -6.227912564579039], [106.79066723387872, -6.228073412465331], [106.79074668846495, -6.228238135782721], [106.7908028879625, -6.228447431400354], [106.79081839122502, -6.228621844060219], [106.7907857270347, -6.228937889815097], [106.79057033763685, -6.229327248246476], [106.78985912053552, -6.2305384499391465], [106.78952192190563, -6.231030681887971], [106.78915856153004, -6.231538417204951], [106.78898317928737, -6.231792285172609], [106.7888372847285, -6.232004705336011], [106.78865954596635, -6.232218628690055], [106.78855683670669, -6.232337810433839], [106.78845025062344, -6.232474433605161], [106.78795995588031, -6.232953100916209], [106.78747935177104, -6.233321306238646], [106.78684371269983, -6.233726332040355], [106.78644643860494, -6.234009268413845], [106.78604335133423, -6.234313522551756], [106.78563895502853, -6.2346313420218555], [106.78530887826084, -6.234925905991959], [106.78484398731995, -6.235396892331878], [106.78438448915782, -6.235927811837119], [106.78426821441028, -6.236100287071386], [106.7841441869021, -6.236332836918966], [106.78403735614779, -6.23656788559555], [106.78362676416852, -6.237480443078811], [106.7833371562683, -6.238177326972796], [106.78315390855984, -6.2387688052404116], [106.78301050220178, -6.239123445260776], [106.78288259947466, -6.240214495767376], [106.78284537391063, -6.2410208469127335], [106.78283143120156, -6.241431606872542], [106.78282709294909, -6.241721440915878], [106.78277976575389, -6.242308664232091], [106.78274076884652, -6.242887931378376], [106.78268686924531, -6.24326866097906], [106.78258803571754, -6.243695003834396], [106.78253521624603, -6.243911564410323], [106.78249501508276, -6.244039954114113], [106.78246594626191, -6.24414654036361], [106.78239295862062, -6.244372337786594], [106.78214425169531, -6.2450612390462314], [106.78203185179738, -6.245406189916126], [106.78191557625402, -6.245689126226425], [106.78174891481477, -6.246134847948155], [106.78153125194781, -6.246739876947125], [106.78140230775038, -6.247198579080845], [106.7813584882862, -6.24740389725996], [106.78129737962885, -6.247818903263519], [106.78124505504285, -6.2484584171491395], [106.78127024839269, -6.249117311178056], [106.7812951586482, -6.2493794249872385], [106.78137489610556, -6.249785893872564], [106.78141753022524, -6.249977748686529], [106.78147760589553, -6.250324636252986], [106.78152217792554, -6.250588193371606], [106.78156481245432, -6.251111432476674], [106.78162876386762, -6.2518672221398415], [106.7816946536231, -6.25279451805012], [106.78169465371279, -6.253269309283199], [106.78168883934926, -6.253825493138608], [106.78171209425307, -6.254371986722693], [106.78171015692587, -6.254798329660773], [106.78173147407698, -6.256201385983662], [106.78173341163885, -6.256728500784811], [106.7817295361065, -6.257288560603302], [106.78178573587687, -6.259145089779877], [106.78182836996238, -6.26024776726543], [106.7818981353502, -6.260707055101272], [106.7819998757689, -6.261052005767604], [106.78206188934938, -6.26121091515268], [106.78213359264069, -6.261411490297365], [106.78224889903343, -6.261655668537088], [106.78238358507, -6.261835895131467], [106.7825076121628, -6.261965735542865], [106.78266070766892, -6.262105265953933], [106.78294364414235, -6.262324251442995], [106.78307929860182, -6.262436650947895], [106.78321882919448, -6.262587809012141], [106.78332735295501, -6.262740904293628], [106.78343781418873, -6.262915317426973], [106.78353083459844, -6.26316918514098], [106.78358509702876, -6.263376542705155], [106.78364129678319, -6.264002492282974], [106.78364904839368, -6.264671075559526], [106.78366842697817, -6.265353223754155], [106.78367617897501, -6.265816387129782], [106.78368199254585, -6.266521791128609], [106.7836703654149, -6.267258201322394], [106.78367811663077, -6.268481030884955], [106.78365486217874, -6.269637969809218], [106.78362773072041, -6.269889899583569], [106.78353858687467, -6.270283297842115], [106.78332929116952, -6.270948005565894], [106.78314518826986, -6.271587519990354], [106.7829106994665, -6.272537101650129], [106.78273090373926, -6.273236218570047], [106.78256962503329, -6.273833571648474], [106.7824068394222, -6.274473086074131], [106.78223824035894, -6.2751242283577895], [106.78203863467249, -6.275920714000658], [106.78187391115313, -6.276540849276421], [106.78165492641575, -6.277376094131426], [106.78146113341545, -6.278075684043911], [106.7812809067054, -6.27874426736423], [106.78090495011288, -6.279889579127371], [106.78090107394837, -6.279986474822049], [106.780934018793, -6.280054302880036], [106.78097568436199, -6.280120191596605], [106.78099797061498, -6.280259722277883], [106.78096947620176, -6.280379584177357], [106.78084933498695, -6.280491716104554], [106.78064861166756, -6.280534097899718], [106.78054837274837, -6.28075970614736], [106.78038752474782, -6.2815058062428095], [106.78030419392276, -6.282021293864303], [106.78025380858833, -6.28246120177566], [106.78023055340324, -6.283089088710527], [106.78024799400764, -6.2836181416871995], [106.78028481455604, -6.284321607264266], [106.78031582195631, -6.28502894897175], [106.78035458003819, -6.285503740064998], [106.78036039400276, -6.285786676735199], [106.78033520101701, -6.286081241129452], [106.78030419434111, -6.286240150204376], [106.78023268004605, -6.286418226882441], [106.78013947087301, -6.286598665955279], [106.77986996098143, -6.286945160110562], [106.7790968688101, -6.287621889286264], [106.77844811151793, -6.288142314391948], [106.77824438309261, -6.288309678663584], [106.77784497072, -6.288645112104372], [106.77737599358002, -6.288962931381332], [106.77712406332907, -6.289090833911497], [106.77681383466954, -6.2891769591485325], [106.7761008409699, -6.28938539855121], [106.77433054816996, -6.289393149866558], [106.7738111850598, -6.289346639964346], [106.77325306373865, -6.289304005328096], [106.77292361713683, -6.289207109192432], [106.7725829401494, -6.289103860045746], [106.7718232945527, -6.289104916396829], [106.77156180610889, -6.2890751380144465], [106.77119886609889, -6.289065640931863], [106.77104774581692, -6.289025798788902], [106.77104299667725, -6.289022200806261], [106.77100157410688, -6.288973904223206], [106.77097212908811, -6.2888825073356065], [106.77097116001315, -6.288797239342719], [106.7710099187458, -6.288352485910543], [106.77118856300369, -6.28714493657795], [106.77124271335768, -6.286805017069843], [106.77142198666738, -6.285633042319275], [106.77172695027932, -6.283842941082314], [106.77183159816629, -6.283263502274464], [106.77193237019338, -6.282819718010865], [106.7719924454245, -6.28236624390721], [106.77202926596648, -6.281947652960076], [106.77206694772039, -6.28166181699632], [106.77208740389058, -6.281525185855622], [106.77214084289291, -6.281443021259606], [106.77223856131948, -6.281395344666174], [106.77233351956399, -6.281395344886771], [106.7724182470282, -6.28143360921299], [106.77253935803104, -6.281562464749103], [106.77293427538322, -6.281955404426182], [106.77318232993346, -6.2822112100505505], [106.77381409254787, -6.28288948248899], [106.77435671048087, -6.283501866251492], [106.77484894283408, -6.284001850389418], [106.7752636578293, -6.284501833839467], [106.7761318470707, -6.285776986763897], [106.77715119428295, -6.287017257384598], [106.7777131916921, -6.287645144152107], [106.77795349449431, -6.287873819465802], [106.77812015600658, -6.28800559761152], [106.77832788315324, -6.288020406813929], [106.77864994814811, -6.287834752172062], [106.77976758994986, -6.2869333373224725], [106.77992725991473, -6.2867550527128175], [106.78007745702017, -6.286544403992074], [106.78015885021749, -6.286399059839001], [106.78022667763344, -6.286232398502835], [106.78024993264788, -6.286085116624003], [106.78028481457075, -6.285757607492118], [106.78027318714771, -6.285445602701489], [106.78024993191381, -6.285042514685853], [106.78021698793954, -6.284327421562632], [106.78018404286293, -6.2837014719338855], [106.78016466376488, -6.283063896089233], [106.78018791865516, -6.282439884509629], [106.78023442922728, -6.281986411500859], [106.78031776004684, -6.281503868163511], [106.78046697401422, -6.280746919352833], [106.7805319388455, -6.280526688125376], [106.7805164893224, -6.280426962948507], [106.78044953830037, -6.280335301193407], [106.78040136404442, -6.280175328817345], [106.78040135241997, -6.280172705791475], [106.7804441258485, -6.280049013064549], [106.78045385317229, -6.2800356268383455], [106.78058533286723, -6.2799685910498875], [106.78074410226728, -6.279903144173591], [106.78082549498271, -6.27983337903328], [106.78120532800783, -6.2787190742514705], [106.78139524467454, -6.278025297877986], [106.78158516110139, -6.277345087168583], [106.78179833230072, -6.276525346403216], [106.78197662069748, -6.275854824928673], [106.78216653791851, -6.27512616592499], [106.78233319852171, -6.274459520617416], [106.78249210857011, -6.27380644111695], [106.78267814924975, -6.273116541033867], [106.78282930669583, -6.272523536348778], [106.78304829257867, -6.2716165885784525], [106.78324596016131, -6.270946067539842], [106.78345913131486, -6.270265856912623], [106.78354246240225, -6.269880210180461], [106.78357346874752, -6.269636032417234], [106.78358509680271, -6.269275579074659], [106.78360059974169, -6.268275610756238], [106.78358897287231, -6.267273704793287], [106.78359478590042, -6.266527605126562], [106.78359478665352, -6.265818324939752], [106.78355990390492, -6.265341595975149], [106.78349013835877, -6.263378481302309], [106.78345525572267, -6.2632137574337845], [106.78340680800291, -6.263081978711952], [106.78332527766685, -6.262903645228942], [106.78314042379347, -6.2626241030193075], [106.78302891333013, -6.262496726739395], [106.78289132052844, -6.262376574929727], [106.78258706654235, -6.262145962476155], [106.78246885302711, -6.2620432525611776], [106.78235451608371, -6.261926977392815], [106.78220142000174, -6.261704116407537], [106.7820793306823, -6.261477379566623], [106.78194937568277, -6.261171510859099], [106.78181964970673, -6.260719652030476], [106.7817516737836, -6.260224993275466], [106.78172948923968, -6.259582206877058], [106.78171597036803, -6.25914121427512], [106.78165008151855, -6.257393207566165], [106.78164620551534, -6.25672656235652], [106.78163845408237, -6.256197509671706], [106.7816121138951, -6.254297835567132], [106.78160357084668, -6.252810991109688], [106.78154155778975, -6.251896290987367], [106.78147566851533, -6.25108236365785], [106.78143884791272, -6.250605635543276], [106.78140008665451, -6.250364714201472], [106.7813464181282, -6.24998331804163], [106.78133182063843, -6.2498879460959245], [106.78130513129426, -6.249747135962737], [106.78124893085594, -6.249464198784585], [106.78121017249231, -6.249144441581979], [106.78119771892437, -6.24874951731037], [106.78118903199321, -6.248446078387776], [106.78120866178159, -6.24808181064336], [106.78124080674523, -6.24775003613381], [106.78133445108857, -6.247229375169981], [106.78145628931722, -6.246834438259838], [106.78170103456883, -6.246116486790153], [106.78196790062592, -6.245408127193602], [106.78219851310325, -6.244710475831222], [106.78232252332408, -6.244368331163886], [106.78239036781544, -6.244123284602928], [106.78247757373718, -6.243737638173021], [106.78250082888034, -6.243576791065544], [106.78260741435938, -6.242976034654622], [106.78269849680404, -6.241735764806446], [106.78272562801723, -6.241135008978875], [106.78276438694182, -6.240869513191911], [106.78278182809908, -6.240381157037482], [106.78280895838665, -6.240109847788133], [106.78290557772556, -6.2390389880141965], [106.78300856461205, -6.2387184192232334], [106.78321786044054, -6.238232001442302], [106.78357609987782, -6.237390152784418], [106.78375985858298, -6.237007971012888], [106.78395795320426, -6.236600479358262], [106.78408798781813, -6.236297954467165], [106.78425910274885, -6.235986132812242], [106.78444262716026, -6.235739833068242], [106.78459216465689, -6.235572237234896], [106.78497943162228, -6.2351352014444785], [106.78533407175196, -6.234794126808983], [106.78585537297262, -6.234348404893398], [106.78616156404429, -6.234102288753855], [106.78639217699266, -6.2339298137931936], [106.78670612072017, -6.233689511374483], [106.78701037471983, -6.233503470598187], [106.78742121394137, -6.233249602961362], [106.78787856304996, -6.232900776530229], [106.7881634382585, -6.232639157310462], [106.78848125748262, -6.232282579325857], [106.78886399926367, -6.231771410294706], [106.78898802069948, -6.231618464270631], [106.78942890106913, -6.23099579921155], [106.78979904417328, -6.230476436477842], [106.79033003557774, -6.229569488152855], [106.79051995198746, -6.229251668938834], [106.79062950425575, -6.2289990994326985], [106.79066723329838, -6.228895091665214], [106.79069481463364, -6.228634074080017], [106.79066141993769, -6.22843580359156], [106.79055699730235, -6.228136305936723], [106.79035522843247, -6.227891248028404], [106.79005484982217, -6.227606373067771], [106.78900117788356, -6.226635431413787], [106.78854714629254, -6.226211069251985], [106.78806460383447, -6.225761471250647], [106.78765764073674, -6.225383576691382], [106.78722548330964, -6.225015371281785], [106.78688247141994, -6.224718868924589], [106.78661116250602, -6.224443684026494], [106.78615768811895, -6.223906879572061], [106.78593095165597, -6.223625880335329], [106.78538833288343, -6.222957297256349], [106.78520229272294, -6.222775132827335], [106.78495617652928, -6.222583278598881], [106.78488125458436, -6.222542323251469], [106.78443681337835, -6.222191818348004], [106.78386028135093, -6.2218139234973275], [106.78207836184566, -6.220854652180132], [106.78033907691355, -6.2199331693423705], [106.78020148403218, -6.2198672804573985], [106.7796443317915, -6.219581437176038], [106.77911721666929, -6.2192965625521515], [106.77873350801681, -6.2191066459896565], [106.77823061716164, -6.2188711879830505], [106.7779292701954, -6.2186890236311925], [106.77737890035527, -6.218287873844299], [106.77656884933066, -6.217720062139724], [106.7750456418684, -6.216433282435212], [106.77457038034387, -6.2160745046177395], [106.77431698304456, -6.215857719214055], [106.77414644582402, -6.21569299598054], [106.77385382006018, -6.215367424842147], [106.7734953040061, -6.214977902578486], [106.77323756077045, -6.2146755864957495], [106.7731038439427, -6.214501173704343], [106.77297400324967, -6.2143364499124765], [106.77287129288361, -6.2141833544245735], [106.77263292852248, -6.213786079849226], [106.77242557076255, -6.213377178922905], [106.77205155240222, -6.212586506322427], [106.77175892533795, -6.211993502495467], [106.77146823702519, -6.211421814660964], [106.77126539734681, -6.210973205933339]], [[106.7774107601342, -6.164310600704117], [106.77736640062703, -6.164292487447111], [106.77669054990423, -6.164028338607687]], [[106.7768327585492, -6.16393258367985], [106.77752167899331, -6.164203726141526]], [[106.78275044500752, -6.165327408593469], [106.782717302958, -6.1653194612771935], [106.78205771679106, -6.165200187844372], [106.78150514928275, -6.165077140595458], [106.7809844248545, -6.164976149046936], [106.78067339264928, -6.164983942798183], [106.77937721494429, -6.165018289031561], [106.77925348734523, -6.1649828263030155], [106.77851994372308, -6.164729829089881], [106.77741074842274, -6.164310610689359]], [[106.777522672385, -6.164203608899409], [106.7782379063484, -6.1644726985497025], [106.77931478942597, -6.164872289622221], [106.78104306534273, -6.164840264774109], [106.7818664318063, -6.165000697201847], [106.78281558789867, -6.165202870945409]], [[106.78779506513588, -6.166955337685001], [106.78778153441655, -6.166884977165186], [106.78773282845754, -6.166861570097374], [106.78759210078535, -6.166817321816861], [106.7869588527726, -6.166695543691415], [106.78650421204163, -6.166598120689822], [106.78628501127454, -6.166541290167732], [106.78602792275998, -6.166449279576267], [106.78581142730049, -6.166322088910396], [106.78564905595785, -6.1661921922222325], [106.78545150382952, -6.16604876363279], [106.785302663588, -6.16594322204436], [106.78509699259001, -6.165824149641512], [106.78487237867827, -6.165753788985209], [106.78461258492119, -6.1656780150836], [106.7842553672598, -6.165607654273281], [106.78377637161158, -6.165518350188736], [106.78330278848635, -6.165423633985884], [106.78275057411913, -6.165327384652412]], [[106.78281685383497, -6.16520347794648], [106.78327843241985, -6.1653099731051935], [106.78349763444191, -6.165353272909152], [106.78389815010938, -6.1654263393794215], [106.78430137254101, -6.165507525167578], [106.78471271415889, -6.165580592683891], [106.78500498285966, -6.165664484121521], [106.7851835911435, -6.165756495191086], [106.78539738038917, -6.165872861231081], [106.7855381022326, -6.165964871602006], [106.78574106674832, -6.166097475089451], [106.7859413245874, -6.166221959739809], [106.78614428895469, -6.166316676372259], [106.78634578205155, -6.166394501163019], [106.78656374836606, -6.166476342206162], [106.78693720322484, -6.166560234071941], [106.78759480715318, -6.1667090744383435], [106.787795065378, -6.166746960878183], [106.78811029924098, -6.166765331322945], [106.78835254087716, -6.166776729335249], [106.78864480960178, -6.166809203289979], [106.78868919053713, -6.166824440934641], [106.78870838476392, -6.1668445951490485], [106.78871606252136, -6.166874346254401], [106.78871706944294, -6.166924893591762], [106.78865167415047, -6.167234584075671], [106.78856274061933, -6.1676240437551355], [106.78847161345635, -6.16795662803019], [106.78843372653371, -6.168395031201789], [106.78843372659163, -6.168914620333707], [106.78849326239255, -6.169288074557991], [106.78860692258394, -6.1698374312990625], [106.78865834090115, -6.17018111773171], [106.78865143963436, -6.170387236322304], [106.78865834050812, -6.170508566680291], [106.7886989337776, -6.170781891695268], [106.78881800587365, -6.171120166106057], [106.78919687267171, -6.171821069056912], [106.78971104903847, -6.172527385587537], [106.78998978665695, -6.172811535541018], [106.79027123081926, -6.173071329880727], [106.7904579574017, -6.1732661753726426], [106.79074752036482, -6.173609861857562], [106.79112097417573, -6.173988728106], [106.79156208387222, -6.174432543876458], [106.79190577019368, -6.174697750455141], [106.79250925063074, -6.175238989072245], [106.79302613319757, -6.175688216033361], [106.79367291229025, -6.176307934199021], [106.79474185769126, -6.177282162883175], [106.79498812141216, -6.1775392509944576], [106.79523438507283, -6.1778721127144145], [106.79553232818216, -6.178198208194577], [106.79557807075321, -6.178248273322206], [106.7958622214952, -6.178635258859978], [106.79612472197621, -6.179065542919481], [106.79625362813618, -6.179187263378223], [106.79633211349181, -6.179236679783274], [106.79642916128856, -6.1792263850183495], [106.79659879315399, -6.179139926572109], [106.79670861916254, -6.179083241677923], [106.79702022771335, -6.178927944877793], [106.7973341712399, -6.178770973634069], [106.79774113451988, -6.178610125274789], [106.79821398807569, -6.178329126877162], [106.7990666733147, -6.177743874474286], [106.79970037433839, -6.177296214640215], [106.80030888195813, -6.176867933166772], [106.80100653346119, -6.176377638705897], [106.80200262550753, -6.175652856562202], [106.80233788594299, -6.175408678314415], [106.80266151942435, -6.175178065054729], [106.80324870996056, -6.174866059730439], [106.80392310656278, -6.174511419822693], [106.80430487716743, -6.174274993821294], [106.80551026522394, -6.17341068015725], [106.80714247711816, -6.172246161741674], [106.8075295804046, -6.1719746799670325], [106.80778344826751, -6.171813832511349], [106.8084694723304, -6.171445627234538], [106.80882604987264, -6.171331289795454], [106.80979888693402, -6.171160752124954], [106.81037638819845, -6.171050290318601], [106.81066320054079, -6.171006687251657], [106.81119324022134, -6.170954208506056], [106.81125039116597, -6.170948550102135], [106.81146743788241, -6.170898163916551], [106.81219028336268, -6.170762508960984], [106.8129615763384, -6.17062200992503], [106.81383170353084, -6.170455348890483], [106.814632065503, -6.170317755958019], [106.81494891587717, -6.170270277082777], [106.81540238954545, -6.170196636340545], [106.815857801026, -6.170130746500393], [106.8160419041912, -6.170095863768326], [106.81667075979941, -6.169989278631829], [106.81724438502148, -6.169884630000845], [106.81781607221616, -6.169787734435097], [106.81829861460115, -6.169681148840744], [106.81855248257969, -6.169615258816322], [106.81896719736606, -6.169498983692561], [106.81913579657932, -6.169405963686432], [106.81923656873926, -6.169328446929536], [106.81938578922437, -6.169173413121337], [106.81964353270682, -6.168825556057146], [106.81982182140534, -6.1686085084066935], [106.82009313062932, -6.168327509551587], [106.82066675552372, -6.167765512378122], [106.82075533635454, -6.16765464136557], [106.82084280560215, -6.16756220218528], [106.82091792890417, -6.167482809984067], [106.82097443098762, -6.167409814292431], [106.82103433063241, -6.167366408841172], [106.82108867697644, -6.167336252290961], [106.82127555919928, -6.167316751332955], [106.82180618672768, -6.167351110252447], [106.82231376436694, -6.167351110104179], [106.82341704104627, -6.167206591548631], [106.82519708857869, -6.1670655971228], [106.8255671967906, -6.167072647326674], [106.82593025574666, -6.1671219952196275], [106.82657530245987, -6.167248889101687], [106.82680089320034, -6.167294712145121], [106.82777727547389, -6.167470954403743], [106.82895104838802, -6.167710644539645], [106.82967716650647, -6.167911560785387], [106.83000145231867, -6.16800320671278], [106.83041738446553, -6.168038454356344], [106.83074519496004, -6.168006731422244], [106.83110120407497, -6.167915084995354], [106.83130212079924, -6.16786221266843], [106.83165108044248, -6.167763516828944], [106.83182027285379, -6.167633097726125], [106.83209946885493, -6.167419271070421], [106.83329365811909, -6.166741311736949], [106.83449383062339, -6.166140850866015], [106.83453483134997, -6.166121198595223], [106.83462341506284, -6.16611684650441], [106.83471116882082, -6.166141221848207], [106.83483304834851, -6.16620297469424], [106.83492691539192, -6.16627487021824], [106.83521256702765, -6.166811146067915], [106.8354803968293, -6.1674464453086015], [106.83569820961827, -6.167887652985103], [106.83575075526207, -6.168042900498276], [106.83574987904302, -6.168166328130552], [106.83575292886813, -6.168274466280566], [106.83574433305807, -6.1683377977444644], [106.83547730066763, -6.1685125465605175], [106.83471945837962, -6.168893229408662], [106.83375012573737, -6.16937260851842], [106.83329542062562, -6.169608773064951], [106.83314737708524, -6.16965107171577], [106.8330592564393, -6.169675745196854], [106.83295351054771, -6.169679270192392], [106.83287223149159, -6.169653995376019], [106.8327887415823, -6.16962051556661], [106.83270856623545, -6.169505237514794], [106.83251336485232, -6.169088095293481], [106.83218446396427, -6.168392857493323], [106.83203264449125, -6.168318679789863], [106.8317753314746, -6.168181211160681], [106.83152681503786, -6.168055289137017], [106.83134529977227, -6.168047266679234], [106.83118491985523, -6.168050791914984], [106.83086944615847, -6.1681195265982804], [106.83050991125093, -6.168179448584838], [106.8302208741083, -6.168253470089975], [106.83001290834666, -6.168267570059585], [106.82941720967413, -6.1681371506437825], [106.82676196392613, -6.1675712463205885], [106.82632768249903, -6.167488578538405], [106.82582451048812, -6.167393408480957], [106.82548816225444, -6.167337577419179], [106.82525348607531, -6.167337010856674], [106.82387879619712, -6.167442755659774], [106.82351221167181, -6.167499153684681], [106.82275789518744, -6.167594323966505], [106.82226459329796, -6.1676366418660535], [106.82170495180453, -6.167630488156247], [106.8211419312754, -6.16764628074336], [106.82079950306678, -6.167758729375511], [106.8207171413955, -6.167839153571773], [106.82022490896763, -6.1683236341801075], [106.81990709011136, -6.168631763634314], [106.81974236614165, -6.168841059552405], [106.819583457358, -6.169056168437754], [106.81947493339645, -6.169200544025756], [106.81936834734306, -6.169330384655862], [106.81924625862277, -6.169436970341516], [106.81909316254806, -6.169529021487232], [106.8189552680453, -6.169586269494421], [106.8188096367983, -6.169633521989048], [106.81861221253935, -6.169686227222267], [106.81839468025112, -6.169752865732698], [106.81788583742134, -6.169867188761297], [106.81733159080837, -6.169969899348327], [106.81696761679981, -6.170029113829411], [106.81665913212902, -6.170080361016796], [106.81605803203038, -6.170179915542947], [106.81600730496562, -6.170187228864506], [106.8158644645964, -6.170210047455483], [106.81496473172221, -6.170353219668903], [106.81496127868428, -6.170353713367601], [106.81466780943202, -6.1703957281822674], [106.81430068082592, -6.1704611625735595], [106.8134937971133, -6.170610080471905], [106.81300511006395, -6.17070095130245], [106.81269922384045, -6.170754261756722], [106.81243964695258, -6.170806361032449], [106.81214183528128, -6.170865218893983], [106.81178887721069, -6.17093236846133], [106.8114123081284, -6.170995372010493], [106.81127205972994, -6.171014962683981], [106.81126484923594, -6.1710159700613145], [106.81069130084894, -6.1711016456377585], [106.81043493423205, -6.171138342129922], [106.80980610077717, -6.1712461755685295], [106.80919554655527, -6.171355220208295], [106.80883670874869, -6.171416557825296], [106.80874707576575, -6.171436398158123], [106.80869223596439, -6.171450937487544], [106.8086325208995, -6.171469111012732], [106.80856061933397, -6.171498189695706], [106.8084460647282, -6.171551500714853], [106.80803781006205, -6.171763531480212], [106.80779895124142, -6.171899100430054], [106.80757221414368, -6.17205025876691], [106.80691297683424, -6.172513516009294], [106.80646816271472, -6.172813994394214], [106.80571380574337, -6.173356792776943], [106.80510325171542, -6.173806297206081], [106.80489607788074, -6.173957747444117], [106.80457556755415, -6.174197645109288], [106.80437270477627, -6.174333130781473], [106.8042855239408, -6.174399982576567], [106.80406250708114, -6.17452962314287], [106.80367618836516, -6.174727113967341], [106.80333496103063, -6.174906431340728], [106.80274878014703, -6.175212965724757], [106.80265616141742, -6.175268698918337], [106.80236114150163, -6.175492008888444], [106.8020762663835, -6.175707117788957], [106.80156057643411, -6.176079258084841], [106.8013984932703, -6.176201024044595], [106.80024686822682, -6.1770152154248565], [106.79951564785173, -6.177526509632993], [106.79871863697606, -6.178098381202782], [106.79839447078473, -6.178333429880764], [106.7982019213762, -6.178452166189778], [106.79810442730009, -6.178505475869363], [106.79797524865619, -6.178580594996119], [106.79784119483797, -6.178650866956742], [106.79777051226047, -6.1786944843670115], [106.79752408755691, -6.178856242198292], [106.79732447866057, -6.178958005228059], [106.79722211062439, -6.179007681062949], [106.79708561947069, -6.179076741379285], [106.79685650898583, -6.179201535122073], [106.79650473983877, -6.179391107948679], [106.79630815806847, -6.179401843012707], [106.79610079551625, -6.179413165981483], [106.79601206456356, -6.179418011989637], [106.79584511389605, -6.179401316769755], [106.79572684877189, -6.17938948977821], [106.79549402165912, -6.179238248420274], [106.79537364091934, -6.17910134563327], [106.7952946244976, -6.178998623455677], [106.79515239347822, -6.17875762087988], [106.79508917956099, -6.178623292695181], [106.79499435946563, -6.178409946457408], [106.79491929333417, -6.178244010693246], [106.79481829672355, -6.178055666182776], [106.79459572368727, -6.177796339796844], [106.79384069602426, -6.177076492499207], [106.79312355575672, -6.176391826260321], [106.79247406989477, -6.17579375820333], [106.79196260001395, -6.175341824211062], [106.79154584650486, -6.174992725222739], [106.7910776755051, -6.1746030342565], [106.7905418491885, -6.174156512213733], [106.79027664287926, -6.173945429388569], [106.79005202881748, -6.17378576415069], [106.78985988952573, -6.173682929252849], [106.78962445045329, -6.173517851510137], [106.78931865073567, -6.173190402018517], [106.78906968176561, -6.172806122579988], [106.78867998972123, -6.172208054681179], [106.78848514409131, -6.171853543313695], [106.78827947372433, -6.171442202553021], [106.78815228274796, -6.1711174593427085], [106.7879953235874, -6.170673644262632], [106.78782212699831, -6.170083694501366], [106.78772741082297, -6.169534337980819], [106.78770034918568, -6.168841552642096], [106.7876949361163, -6.168294902687704], [106.7876841116023, -6.1676724786715855], [106.78769764235194, -6.1674424525543134], [106.78775988496633, -6.1671583025068335], [106.78779506513588, -6.166955337685001]]]}, "properties": {"id": "tj-k8", "corridor_id": "K8", "corridor_no": 8, "corridor_nos": ",8,", "name": "Koridor 8", "route_name": "Koridor 8", "endpoint": "Lebak Bulus - Pasar Baru", "from_name": "Lebak Bulus", "to_name": "Pasar Baru", "ruas": "Lebak Bulus > Jl. Pasar Jumat > Jl. Ciputat Raya > Jl. Metro Pondok Indah > Jl. Sultan Iskandar Muda > Jl. Teuku Nyak Arief > Jl. Permata Hijau > Jl. Panjang > Jl. Daan Mogot > Jl. Prof. Dr. Latumenten > Jl. Kyai Tapa > Jl. Tanjung Duren Raya > Jl. Tomang Raya > Jl. K.H. Hasyim Ashari > Jl. Pecenongan > Jl. Ir. H. Juanda > Pasar Baru", "mode": "TransJakarta", "status": "existing", "status_label": "Jaringan saat ini", "source": "Jakarta Satu / Jaklingko Rute_TJ FeatureServer", "source_type": "official", "source_url": "https://jakartasatu.jakarta.go.id/server/rest/services/Jaklingko/Rute_TJ/FeatureServer/3", "operator": "TransJakarta", "length_km": 54.68, "geometry_type": "road", "has_toll": false, "color": "#5865C7", "stop_count": 27}}, {"type": "Feature", "id": "tj-k9", "geometry": {"type": "MultiLineString", "coordinates": [[[106.79035999997603, -6.115709999892913], [106.79034999988924, -6.1157099997703455]], [[106.79035999997603, -6.115709999892913], [106.79124000014087, -6.1157100000279945]], [[106.79461999988418, -6.151040349920062], [106.79335100028139, -6.143303000238577], [106.79334499993544, -6.143269000157251], [106.79254200014672, -6.133428999996793], [106.79255999970071, -6.133430000372541], [106.79255599977476, -6.133395999859039], [106.79246000019408, -6.132549999939817], [106.79236999982265, -6.131429999606355], [106.79198000036784, -6.1273099999060285], [106.79185999964862, -6.12633000022241], [106.79185899975732, -6.126322999687017], [106.79179999993359, -6.125800000177589], [106.79173000022091, -6.125389999984967], [106.79170999961175, -6.124820000357378], [106.79168399956755, -6.122540000306852], [106.79158199993861, -6.117685999757561], [106.78768799965421, -6.117778000397858], [106.78629000032998, -6.117800000029507], [106.78458999984566, -6.1177999998242365], [106.78456999972943, -6.117719999695785], [106.78457999963429, -6.117550000122612], [106.78480999973424, -6.116030000332736], [106.78485000029534, -6.115850000132453], [106.78496000015183, -6.115799999630312], [106.7851799995996, -6.1157800000544595], [106.78680000040613, -6.115739999826305], [106.79035999997603, -6.115709999892913]], [[106.79124900021374, -6.115709999852142], [106.79124000014087, -6.1157100000279945]], [[106.79124000014087, -6.1157100000279945], [106.79411000017899, -6.115649999899451], [106.79419999961092, -6.115679999651077], [106.79422000031892, -6.115720000295911], [106.79423999979848, -6.115799999679211], [106.7940800003568, -6.117530000118529], [106.79406000038554, -6.1176199996766965], [106.79402999970428, -6.11766999955251], [106.79388999990768, -6.117689999647271], [106.7921200000481, -6.1177299999683745], [106.79215000010863, -6.1186000000685], [106.79221000036426, -6.122220000269182], [106.79223000025556, -6.124630000124998], [106.7921699996336, -6.125420000193697], [106.7921200003727, -6.1257900001410635], [106.79215999989451, -6.126297000049678], [106.79215999961735, -6.126298000087585], [106.79273000023215, -6.133376999991893], [106.7928200003296, -6.133379999945802], [106.79295000027983, -6.135719999593716], [106.79319000010572, -6.138629999703908], [106.79343000026722, -6.141830000004357], [106.79357000021456, -6.143280000033768]], [[106.79357000021456, -6.143280000033768], [106.79356999984182, -6.14327799996371]], [[106.79357000021456, -6.143280000033768], [106.79372999955834, -6.1448500001927275], [106.79388000042752, -6.1456999998888255], [106.79433999994943, -6.14853999967095], [106.7944799999475, -6.150039999666291], [106.79452000033433, -6.150389999571882], [106.79461999957846, -6.1509599999256634], [106.79461999988418, -6.151040349920062]], [[106.79461999988418, -6.151040349920062], [106.79461999973255, -6.151050000347056], [106.79462281280905, -6.151057501101883]], [[106.79462281280905, -6.151057501101883], [106.79461999988418, -6.151040349920062]], [[106.79665999969988, -6.184560000001297], [106.79665500000486, -6.184514000039628], [106.79661000026138, -6.184049999648795], [106.79654000034338, -6.1823000000920105], [106.79640999976527, -6.18128000009379], [106.79636000004065, -6.1810900000811415], [106.79621000012749, -6.180720000213915], [106.79597000023108, -6.180299999751768], [106.79580000017923, -6.1800499997373155], [106.79527000017653, -6.178940000290118], [106.7949699999239, -6.1784800003024], [106.79465000030844, -6.1779099995559745], [106.79398999987961, -6.177270000091198], [106.79333000038137, -6.176680000163503], [106.79264999993137, -6.1760499998842855], [106.79221900004215, -6.175669000135968], [106.79221999970508, -6.175660000067382], [106.79123999982463, -6.174800000322141], [106.7908200001865, -6.17446999982118], [106.78970999971817, -6.173639999589567], [106.78939999987263, -6.173349999682715], [106.7892800000265, -6.173199999765556], [106.78882999956558, -6.172539999648585], [106.78860999956977, -6.172180000388019], [106.78835000030189, -6.171699999721566], [106.78814000004877, -6.171219999933642], [106.7878999998678, -6.17048999992484], [106.78776999974772, -6.170009999638134], [106.7877199996848, -6.169720000096173], [106.7876600000665, -6.168750000153301], [106.7876700001138, -6.168180000099959], [106.78765999967182, -6.167569999637558], [106.78766000033639, -6.167420000263539], [106.78771000030592, -6.16719000004633], [106.78771199965334, -6.167183000304372], [106.78773999979931, -6.167060000224285], [106.78804000020324, -6.1662899995485105], [106.78826000036494, -6.165809999874981], [106.78877000023654, -6.164589999994359], [106.78940000020498, -6.163149999729373], [106.78973999979641, -6.162320000262785], [106.7903129998571, -6.161023999815375], [106.79030999981356, -6.161030000162619], [106.79061000019462, -6.160309999937476], [106.79243000011246, -6.156159999950664], [106.79323999983269, -6.154379999635071], [106.79345000044783, -6.154000000423647], [106.79353000028459, -6.153909999731081], [106.79422999988802, -6.153479999642797], [106.79495999990303, -6.152940000082001], [106.79507000013326, -6.152810000114665], [106.79508999965007, -6.152729999737866], [106.79507999962422, -6.15264999985321], [106.79479000010207, -6.152060000337262], [106.7947859998064, -6.152052999976654], [106.79478100022098, -6.152022000333268], [106.79462281280905, -6.151057501101883]], [[106.79462281280905, -6.151057501101883], [106.79473999961985, -6.151369999748365], [106.79501500023147, -6.151948999735594], [106.79502000034377, -6.15195000014236], [106.79530000000491, -6.152660000158908], [106.7952800001735, -6.152780000103183], [106.79516999965854, -6.152949999668763], [106.79503999972984, -6.1530799999879555], [106.79461000022323, -6.153410000319095], [106.79412000020744, -6.153829999997956], [106.79386000040307, -6.154179999917049], [106.79191000018588, -6.1585700004178205], [106.79153000020685, -6.159450000263764], [106.79106400022401, -6.160421000270041], [106.79106000011714, -6.160420000105288], [106.7909399998353, -6.160680000291871], [106.79093000012438, -6.160800000277165], [106.79093999999218, -6.161050000223318], [106.79088999963811, -6.161380000261618], [106.79084000021987, -6.16154000043035], [106.7903999996339, -6.162479999898873], [106.7899699999293, -6.163529999731659], [106.78974000028998, -6.163950000055252], [106.78893999963357, -6.16576000027013], [106.78854000006817, -6.167019999782801], [106.78844099976557, -6.1674569995640605], [106.78843999977927, -6.167460000321601], [106.78835999994246, -6.167919999585675], [106.78833999972169, -6.168419999647838], [106.78835999991205, -6.169059999951524], [106.78840000024614, -6.169379999707634], [106.78854999987831, -6.170179999694847], [106.78894000001341, -6.1712600000976146], [106.78917000024038, -6.171720000115164], [106.78941999972825, -6.1721200000884275], [106.78976999956636, -6.172530000305215], [106.79019000040073, -6.172969999959085], [106.79197000010349, -6.174779999990946], [106.79211999956003, -6.174860000337303], [106.79265999992433, -6.175320000276241], [106.79311899990434, -6.175767999843982], [106.79352999995793, -6.176169999901704], [106.79378000026584, -6.176439999890039], [106.79497000041201, -6.177529999905583], [106.79560000039257, -6.178240000085179], [106.79588000031798, -6.178609999966434], [106.79628000018324, -6.179310000214035], [106.79649999957968, -6.179810000293704], [106.7967000003617, -6.1803599997610315], [106.79682999977045, -6.180930000320942], [106.79703000028476, -6.182260000353842], [106.79705000004016, -6.182500000191249], [106.79704999962915, -6.183159999906192], [106.79710999992868, -6.185193000220431], [106.79710999969276, -6.185194000253564], [106.79711000008412, -6.185200000446235], [106.79719999965116, -6.187200000060158], [106.79728000010392, -6.189783000357099], [106.79734000038357, -6.189779999633225], [106.79734999996161, -6.190040000326197], [106.79732999970446, -6.190770000117587], [106.79743999960152, -6.193750000271213], [106.79772000013232, -6.195410000076283], [106.7977799998804, -6.195829999840167], [106.79793999992178, -6.1966500004152465], [106.79808000027191, -6.197259999628], [106.79824000029933, -6.197819999818563], [106.79846000040433, -6.198460000410237], [106.79874000003797, -6.199139999995033], [106.79898000025614, -6.19965999985965], [106.79917000006881, -6.200120000117422], [106.8000889995534, -6.201957999854301], [106.80008900023567, -6.2019589998821285], [106.80009000018032, -6.201960000131346], [106.80087999992975, -6.203629999616203], [106.80114999965285, -6.204169999791351], [106.80151999980218, -6.204860000212823], [106.80194000040946, -6.205530000228608], [106.80209999999626, -6.205730000360698], [106.80276000039198, -6.206420000219449], [106.80312999979338, -6.206869999748791], [106.80351999962178, -6.207410000126828], [106.80455000043948, -6.20865000033444], [106.80509000029883, -6.209240000305599], [106.80607000015495, -6.210430000105414], [106.80678999997937, -6.211600000126677], [106.80715000039655, -6.212100000362854], [106.80734000011203, -6.212279999593157], [106.8077100004523, -6.212570000276284], [106.8080799996788, -6.21289000044479], [106.80846000019429, -6.213310000191528], [106.80906500026978, -6.214143999582256], [106.80909000039034, -6.214129999594103], [106.8096200000759, -6.2149200001613405], [106.8105700000856, -6.216250000189262], [106.81088999956435, -6.216809999600362], [106.81108000015246, -6.21710000011421], [106.81119999964473, -6.217299999582463], [106.8122499997803, -6.218849999960547], [106.81301999984488, -6.219949999801174], [106.81332800023513, -6.220405999871865], [106.81332999987761, -6.220410000330177], [106.8136699998082, -6.220909999656331], [106.81377999958757, -6.2210800000113755], [106.81411999957417, -6.221579999693954], [106.81486999997993, -6.222650000151097], [106.81500000001834, -6.222809999786252], [106.81525000020405, -6.223079999658007], [106.81574000041532, -6.223759999976274], [106.81634000032584, -6.22477000029898], [106.81672000032648, -6.225329999676206], [106.81687999994334, -6.225580000119823], [106.81706999962196, -6.2258700001591905], [106.81733000035388, -6.226209999621111], [106.81747799988221, -6.226538000097803], [106.81752999993164, -6.226510000375991], [106.81765000004168, -6.2267000004139215], [106.81783999980817, -6.227000000123753], [106.81825999986529, -6.2275699999551515], [106.81850000015977, -6.2279199996667], [106.81902000006994, -6.228709999695643], [106.81914999969084, -6.228889999671765], [106.81918000025809, -6.228959999706535], [106.81923999978741, -6.229030000257488], [106.81948999979322, -6.229279999833686], [106.81974000030696, -6.229630000171699], [106.82005000002229, -6.230120000162864], [106.82066000037752, -6.231110000325113], [106.820999999932, -6.231640000341365], [106.8213299997334, -6.232099999788632], [106.82170000031928, -6.2325499997078095], [106.8217020004158, -6.232552000064858], [106.82207000012988, -6.232969999569719], [106.82243000034518, -6.233300000393472], [106.82278999981285, -6.233569999834184], [106.8235599998455, -6.234079999580266], [106.82429999975875, -6.234609999752978], [106.82468000019415, -6.234860000139413], [106.82479999962717, -6.23496999957543], [106.82617999980475, -6.235889999834692], [106.8270300003576, -6.236460000023295], [106.82730999958324, -6.236619999647742], [106.82802900008689, -6.237099000352609], [106.82803000015166, -6.237099999608776]], [[106.79665999969988, -6.184560000001297], [106.79665899984711, -6.184554999603097]], [[106.8784632861247, -6.289137393696683], [106.87813999998586, -6.2884100003931875], [106.87787000013542, -6.2879200000524165], [106.87758999962384, -6.287370000100701], [106.87725000019657, -6.286450000312142], [106.87689000031912, -6.285249999964572], [106.87675999980235, -6.284700000127949], [106.87486000008657, -6.280200000110604], [106.87411000015443, -6.27826999988993], [106.87363000004181, -6.277080000396626], [106.87331000029732, -6.276060000258712], [106.87299999967851, -6.274930000389394], [106.87294000032747, -6.274840000000023], [106.87290999991606, -6.2747699996602115], [106.87286000042866, -6.27464000014881], [106.87259999989209, -6.273310000322184], [106.87254000000699, -6.272789999588649], [106.87249000027415, -6.2722700001329175], [106.87244000037542, -6.2713200003685206], [106.87239999960747, -6.271229999720858], [106.87236999975359, -6.270879999888419], [106.87234000008368, -6.270000000014523], [106.87232999990316, -6.269909999739517], [106.87228000002379, -6.269770000092537], [106.87231000000712, -6.269739999968955], [106.87234999984125, -6.269689999620992], [106.87239000021215, -6.2695700001034504], [106.872440000059, -6.269360000296592], [106.87247000007274, -6.268960000067261], [106.8724400002839, -6.2686200000681875], [106.87238999970279, -6.268250000416231], [106.87226000030167, -6.267589999610881], [106.87223000005146, -6.267420000239713], [106.8722200002435, -6.267269999733017], [106.87222000024138, -6.2669699996335755], [106.8722499998399, -6.266459999761792], [106.8723100002713, -6.26618000039508], [106.87235999981219, -6.265959999871872], [106.87266000022001, -6.265069999868676], [106.8727100004081, -6.264889999803006], [106.87275999987038, -6.2645200002047385], [106.87289999963365, -6.262180000344215], [106.87296999956106, -6.261229999649223], [106.87304000011466, -6.2598800001479065], [106.87302000008678, -6.259379999713545], [106.87298000011734, -6.258950000158518], [106.87293000031198, -6.258650000350606], [106.87248999982198, -6.2568799998305025], [106.87239999985147, -6.256680000226677], [106.87224999997252, -6.256460000419266], [106.87209000028025, -6.25627999955574], [106.87193999988588, -6.256139999595339], [106.8716199999128, -6.255930000345044], [106.87134000034493, -6.2556699999078855], [106.87130000004322, -6.255530000165244], [106.87129999981947, -6.255469999910719], [106.87145000000216, -6.25503000015288], [106.87148999991369, -6.254839999868825], [106.87149999958807, -6.254710000020738], [106.87148000004792, -6.254670000273325], [106.87203000025895, -6.2531399999284245], [106.87224000009664, -6.252639999699671], [106.8725700002689, -6.251940000091324], [106.87301999993322, -6.251139999955257], [106.87345900035518, -6.250311999562037], [106.873459999779, -6.250309999640776], [106.87352000041928, -6.250189999718977], [106.87368000026493, -6.249819999932821], [106.87374999965884, -6.249580000177868], [106.87382000022185, -6.249399999705159], [106.87459000021613, -6.247609999651756], [106.87454999985984, -6.247429999783643], [106.87448999962275, -6.247319999794063], [106.87399999971207, -6.246980000441798], [106.87387000011158, -6.246889999929048], [106.8735599996877, -6.24674000020011], [106.87332500029895, -6.246643000152477], [106.87332000032733, -6.246639999910794], [106.87268000019876, -6.246420000059539], [106.87117300005671, -6.2459710003881925], [106.87117099969969, -6.245970000280326], [106.87117000039359, -6.245970000218087], [106.87055999961048, -6.2457899995723904], [106.87038000018016, -6.245700000298989], [106.87011999992033, -6.2455600001035565], [106.8697000002545, -6.24526000027168], [106.8692799997511, -6.2450200003073215], [106.86870999991586, -6.244780000087612], [106.86743000020775, -6.244299999603188], [106.86632000017472, -6.243910000254079], [106.8654900000678, -6.243650000185639], [106.86496999971558, -6.24349999974241], [106.86415999979681, -6.243359999683606], [106.86355599977077, -6.2433209997316785], [106.86355800018855, -6.2433209998816945], [106.86355000040581, -6.2433200001850775], [106.86319000014068, -6.243309999969362], [106.86120999973133, -6.2433500001747655], [106.86093999986358, -6.243340000195238], [106.86058999986669, -6.243399999588619], [106.86017999961493, -6.243440000263065], [106.85933000013357, -6.243450000261968], [106.85818600014007, -6.243431000034357], [106.8581449996751, -6.243430000131513], [106.85814000042139, -6.2434299996988765], [106.85684999955643, -6.24339000028524], [106.85531999996356, -6.243390000109896], [106.85380999967727, -6.243400000073122], [106.85284999963012, -6.243420000021247], [106.85213800007611, -6.243429999847575], [106.85213000016209, -6.2434299999719345], [106.85212100003248, -6.243429999999478], [106.85138000023416, -6.24343999959701], [106.84956000014803, -6.243550000240356], [106.84691000022222, -6.243679999627385], [106.84657000027947, -6.243710000226214], [106.84603999967756, -6.243719999787241], [106.84460000013202, -6.243629999763489], [106.84427000011297, -6.24361999983432], [106.84386600004467, -6.243602000334903], [106.84387000025069, -6.2435999998726235], [106.84385999985606, -6.243599999647338], [106.84355999988422, -6.243559999791386], [106.84321999986928, -6.243529999751245], [106.84297999955237, -6.243490000069151], [106.84274000005875, -6.243420000099485], [106.8422899998817, -6.243240000325967], [106.84156000023918, -6.242919999767976], [106.8411899998399, -6.242809999641592], [106.84049999966881, -6.242640000290053], [106.83873999974985, -6.242109999924531], [106.83738200033116, -6.241780000136366], [106.83737999988986, -6.2417799998850665], [106.83425999998227, -6.241019999798453], [106.83314999986683, -6.2407099997762545], [106.83259000002238, -6.240430000282222], [106.83193000036523, -6.240040000357582], [106.83103000034816, -6.239440000389125], [106.83018800035933, -6.238909000130405], [106.83018999975022, -6.238910000428435], [106.82982999963664, -6.238660000365347], [106.8278619998318, -6.237390999755522], [106.82786000045247, -6.237390000349795], [106.8278520003645, -6.237385000009293], [106.8278599998229, -6.237370000074673], [106.82542000029592, -6.235809999971156], [106.82468999964429, -6.235309999698246], [106.82457000018398, -6.235239999979558], [106.82445000008468, -6.235180000384444], [106.82422000026105, -6.235020000192516], [106.82402999988336, -6.234890000239012], [106.82364000038304, -6.234649999703945], [106.82352999966012, -6.234620000077169], [106.82333999971233, -6.234539999698271], [106.82288000006002, -6.234250000149749], [106.82275000027168, -6.234159999767063], [106.82245000034598, -6.23392999979572], [106.82188999998665, -6.233430000317939], [106.82188899977326, -6.233430000158205], [106.82182000028234, -6.2333699997961896], [106.8213900004023, -6.232910000239015], [106.82123000039735, -6.232719999924919], [106.82083000007596, -6.232159999969909], [106.82040999967863, -6.231570000148029], [106.8189300000476, -6.22939000017468], [106.81756099967258, -6.227390999697127], [106.8175500003159, -6.227389999591611], [106.81721999993496, -6.2269100000295], [106.81677999973246, -6.226239999702934], [106.8159300002433, -6.224989999580648], [106.81556999984076, -6.224440000362933], [106.81482000006599, -6.223429999772318], [106.8143700001916, -6.222689999561419], [106.81388000028065, -6.221950000352464], [106.8129000001291, -6.220540000009238], [106.81256000007785, -6.220060000359248], [106.81185999972705, -6.2190299999021965], [106.81105999971766, -6.217840000292355], [106.81043999975935, -6.216910000231573], [106.81001999962166, -6.216310000134066], [106.80976000024785, -6.215969999625068], [106.80910000043765, -6.215050000003887], [106.80880000012371, -6.21457000002129], [106.80857999977621, -6.214240000194469], [106.8083900001482, -6.213989999976247], [106.80804000005345, -6.213520000444007], [106.8073800001439, -6.212879999580748], [106.8071100000278, -6.212659999695285], [106.80683999988356, -6.212409999725369], [106.80668999978137, -6.212209999653612], [106.80644999966734, -6.211860000034739], [106.8058899999612, -6.210930000415297], [106.80557000010374, -6.210520000267741], [106.8050499999687, -6.20995999993149], [106.80448000026445, -6.209240000301049], [106.80383000022567, -6.208509999842589], [106.80310999996885, -6.207659999850766], [106.80205000005105, -6.206419999744793], [106.80135999990512, -6.205450000359452], [106.8011099995692, -6.205009999684918], [106.79964000029516, -6.202060000337672], [106.7996380001691, -6.202054999746791], [106.79963299975701, -6.2020450001542], [106.7994600003622, -6.20167000041191], [106.79904999975156, -6.200949999956161], [106.79899999988966, -6.200569999790315], [106.7985899997156, -6.199820000309447], [106.79832000034288, -6.1991400002324655], [106.79808999968722, -6.198450000339766], [106.79808000043118, -6.1983800004173855], [106.79811999966634, -6.198299999660894], [106.79778999985074, -6.197239999619536], [106.79747000022365, -6.195950000248126], [106.79735999959995, -6.1954500000306325], [106.79724999993341, -6.194719999608639], [106.79714999963582, -6.193099999968456], [106.79713999972434, -6.1922399999394155], [106.79707999972678, -6.192120000386091], [106.7970700004399, -6.192059999774595], [106.79694000032048, -6.190950000123747], [106.79689999959027, -6.190749999815298], [106.79690000000866, -6.189939999895064], [106.79687000019413, -6.189913000218326], [106.79687000036436, -6.189920000443865], [106.79681999997865, -6.188999999802516], [106.79665999969988, -6.184560000001297]], [[106.82803000015166, -6.237099999608776], [106.82963999976242, -6.238100000413512], [106.82994999988502, -6.238240000369687], [106.83110000001294, -6.238939999636043], [106.83110200016601, -6.238941999939441], [106.83111000039018, -6.238940000129826], [106.8319500000457, -6.239499999592849], [106.83237000012872, -6.239749999639504], [106.83249000041317, -6.2398199996818455], [106.83291000024047, -6.239990000075161], [106.8337900002401, -6.240290000038108], [106.83529000025456, -6.2407399999334805], [106.83581000038501, -6.24087000028714], [106.83689000004682, -6.2411700001690695], [106.8378500003091, -6.241420000070475], [106.8378529999335, -6.241420999553051], [106.83927000002912, -6.241790000425506], [106.84099999962335, -6.242170000054932], [106.84123000020848, -6.242259999989908], [106.84264000038691, -6.2427099999883], [106.84318000010265, -6.242849999745447], [106.84393600036108, -6.242996999900915], [106.8439500003676, -6.242999999692789]], [[106.82803000015166, -6.237099999608776], [106.82803399981785, -6.237102000224604]], [[106.8439500003676, -6.242999999692789], [106.84395900029993, -6.243001999817697]], [[106.8439500003676, -6.242999999692789], [106.84534999956529, -6.24326000011126], [106.84628999959769, -6.243310000188814], [106.84655999975958, -6.243309999610733], [106.84675000040818, -6.243270000093177], [106.84679999994805, -6.243249999991259], [106.84819000032955, -6.243200000337], [106.84878999990981, -6.243109999554243], [106.84895000032047, -6.243159999993031], [106.84905999957483, -6.243169999651144], [106.85075000032933, -6.243099999865571], [106.85084999993397, -6.243119999957189], [106.85095000020753, -6.2431600000441545], [106.85124000039986, -6.243149999976067], [106.85207000008276, -6.243130000354394]], [[106.85207000008276, -6.243130000354394], [106.85208000042249, -6.243130000426182]], [[106.85207000008276, -6.243130000354394], [106.85403000044172, -6.243140000165423], [106.85676999990116, -6.243140000100237], [106.85815000010454, -6.24309999975974], [106.85814600016516, -6.2431000003189965]], [[106.85814600016516, -6.2431000003189965], [106.85813999979953, -6.243099999803181]], [[106.85814600016516, -6.2431000003189965], [106.85924999982616, -6.243080000340525], [106.85942000020889, -6.243040000290101], [106.86041000017566, -6.2430000001991015], [106.86057000010966, -6.24296999985218], [106.86065999974059, -6.242930000137412], [106.86269000011713, -6.242929999788426], [106.86349999963184, -6.242919999713888], [106.86350800039361, -6.242920000319826], [106.86351500004045, -6.242919999949368], [106.86382000029947, -6.24293000039179], [106.86428999992393, -6.242970000134097], [106.86492999991933, -6.243099999556109], [106.86538999957419, -6.243219999657448], [106.86707000040411, -6.24375000028539], [106.8676500004254, -6.243970000068167], [106.8689000002316, -6.244330000246391], [106.86901999965144, -6.244400000162715], [106.86928999999851, -6.244489999558023], [106.86969999965652, -6.244690000298575], [106.86985000013442, -6.244799999668119], [106.87005000032522, -6.245020000127206], [106.87050999982446, -6.245479999628619], [106.8706199996474, -6.245560000129357], [106.87078000028234, -6.245649999913328], [106.8709400001349, -6.245709999943334], [106.87121999973662, -6.24579999955742]], [[106.87121999973662, -6.24579999955742], [106.87122099994588, -6.245799999616447], [106.87122200015514, -6.24579999967549]], [[106.87121999973662, -6.24579999955742], [106.87174999980031, -6.245939999632045], [106.87228999997916, -6.2460699997739235], [106.87292999974434, -6.246179999725412], [106.87306499968172, -6.246214999674785], [106.87315999999116, -6.246240000178896], [106.87316500007437, -6.246241000446208], [106.87315999967039, -6.246230000295461], [106.87383999992313, -6.2463999996342645], [106.87426999956573, -6.246540000374565], [106.87447000016292, -6.246629999993746], [106.8747000003584, -6.246759999696492], [106.87473199981507, -6.246759999572789], [106.87488199963123, -6.246939999754522], [106.87497900005278, -6.247205999646284], [106.8749780002138, -6.2475329999938705], [106.87494999956238, -6.247620000166102], [106.87475000043482, -6.248059999669174], [106.87422999974794, -6.249330000355661], [106.87378200018203, -6.250238000288246], [106.87372000032387, -6.2503699999721], [106.87370000026083, -6.250490000196769], [106.8735899999064, -6.2507700001200845], [106.87351000038946, -6.251069999577942], [106.87348000019713, -6.251350000099383], [106.87344000001394, -6.252320000033399], [106.87341000026782, -6.252460000426622], [106.87340999973956, -6.252720000047374], [106.87336999993845, -6.25277000009451], [106.87321999998107, -6.253090000283697], [106.8729300002997, -6.2535599995709585], [106.872810000398, -6.25373000036644], [106.87271000035136, -6.253949999819389], [106.87265999973232, -6.254119999761925], [106.87258999972423, -6.25456000007386], [106.87258000010257, -6.254810000290514], [106.87257999987014, -6.2550799998953925], [106.87270000019775, -6.255609999974138], [106.87277999964158, -6.256570000122879], [106.87282000044301, -6.256830000009608], [106.87300000004517, -6.257469999703348], [106.87310000025174, -6.2579800004174455], [106.87307000001844, -6.258059999793393], [106.87325000035624, -6.258850000067727], [106.87330999970608, -6.259460000143365], [106.87332999995533, -6.260159999869238], [106.87328000036649, -6.261239999782324], [106.87314999971186, -6.262790000237838], [106.87306999990167, -6.263949999679222], [106.87312000023113, -6.264760000287681], [106.87325999957922, -6.265629999611082], [106.87327999955487, -6.265870000273386], [106.87328999996326, -6.266319999708472], [106.8732599997506, -6.26706000013201], [106.87322999962275, -6.267409999934546], [106.87309999990312, -6.268229999552612], [106.87289999973062, -6.26893000036641], [106.87280999971023, -6.2694400001961945], [106.87275999997155, -6.269749999688856], [106.87273999964569, -6.270399999987623], [106.8727199996103, -6.27141000043378], [106.87283999990831, -6.272899999942781], [106.87310000032633, -6.274489999925933], [106.87348999961642, -6.276030000367247], [106.87368999988738, -6.276669999795418], [106.87380999992338, -6.27701999978079], [106.87504999958718, -6.280120000316303], [106.87578000039619, -6.281790000349282], [106.87601000012954, -6.28216000028176], [106.87677999997885, -6.283969999774468], [106.87750999978525, -6.285360000068783], [106.87798000015059, -6.286440000449124], [106.87824999976341, -6.287109999919664], [106.87849999998886, -6.287670000338506], [106.87864999986597, -6.287909999822733], [106.87878999995252, -6.2881800003297545], [106.87885999976152, -6.288270000376782], [106.87892000014521, -6.288329999775491], [106.87899000025344, -6.288369999699367], [106.87912999960653, -6.288410000165598], [106.87975999981798, -6.288410000191637], [106.87994000023546, -6.288469999955045], [106.88007999995136, -6.288579999859021], [106.88018000031825, -6.288720000264531], [106.88058999989914, -6.289740000134506], [106.88074999965488, -6.289940000307664], [106.8809199995704, -6.290050000314316], [106.88119800015552, -6.290098000333766], [106.88119699981335, -6.29010100026652], [106.88118999962212, -6.2901000001739495], [106.88254999963264, -6.290330000356537], [106.88297999957189, -6.290449999968203], [106.88303999985462, -6.290499999766143], [106.88323999991046, -6.290539999583622]], [[106.88323999991046, -6.290539999583622], [106.88213999968329, -6.2903499998872086], [106.88204000021719, -6.290379999755473], [106.88198799977681, -6.290375000018027], [106.88193000031772, -6.290370000186022], [106.88173000028159, -6.290329999817147], [106.88164999993303, -6.29026999970716], [106.88116900006821, -6.290191000051872], [106.88117000019422, -6.2901999999094], [106.88075000025012, -6.290100000250693], [106.88063000018211, -6.290090000215977], [106.88051999970405, -6.290109999810137], [106.88035999985648, -6.289639999644798], [106.88017999960203, -6.289150000217125], [106.8800800002901, -6.288909999713992], [106.88002999960182, -6.288820000298843], [106.8799500000772, -6.288740000132637], [106.87984000039094, -6.288689999773088], [106.87972000013959, -6.288659999762203], [106.87959999992475, -6.288669999959575], [106.8790099998873, -6.288910000377057], [106.8784632861247, -6.289137393696683]], [[106.8784632861247, -6.289137393696683], [106.87787999971556, -6.289380000066374], [106.87776999975837, -6.289409999814308], [106.87764000018713, -6.289410000451309], [106.87749999977672, -6.289400000076331], [106.87736999966246, -6.2893499996075475], [106.8771600003676, -6.289249999751799], [106.87705000036382, -6.289520000226751], [106.87704999995672, -6.289570000372464], [106.8770500001923, -6.289630000363785], [106.8770699998942, -6.289689999932514], [106.87712000042221, -6.289740000364473], [106.87773999970733, -6.2900099997209935], [106.87789000014469, -6.290070000323893], [106.87806999983702, -6.290110000038564], [106.8782100002125, -6.290089999773251], [106.87831999958041, -6.2900500000599955], [106.87843000029345, -6.289989999739206], [106.87852999991705, -6.289889999837905], [106.87859000015855, -6.289770000313308], [106.87861000011421, -6.289669999628916], [106.87861000018786, -6.2895499997495925], [106.87857999955331, -6.289399999718236], [106.8784632861247, -6.289137393696683]], [[106.88395000018029, -6.290730000127541], [106.88323999991046, -6.290539999583622]], [[106.88323999991046, -6.290539999583622], [106.88334000039669, -6.290560000362682], [106.88334200005487, -6.290561000368037], [106.88395000018029, -6.290730000127541]], [[106.88395000018029, -6.290730000127541], [106.88428999998412, -6.290839999548842], [106.8848200003744, -6.291029999668141], [106.88494000025685, -6.29106000006623]], [[106.88628299991137, -6.2911159999404624], [106.88619200023994, -6.290968999717266], [106.88596500003551, -6.290984999846111], [106.88494000025685, -6.29106000006623]], [[106.88494000025685, -6.29106000006623], [106.8860299997575, -6.290980000346408], [106.88635800027076, -6.290927999677911], [106.88645500006665, -6.290928000199253], [106.88667600010928, -6.291327000301554], [106.88669100016544, -6.291422000213036], [106.88651999983466, -6.291545999567533], [106.88644299981596, -6.291481999603773], [106.88628100020988, -6.2911199998465825]]]}, "properties": {"id": "tj-k9", "corridor_id": "K9", "corridor_no": 9, "corridor_nos": ",9,", "name": "Koridor 9", "route_name": "Koridor 9", "endpoint": "Pinang Ranti - Pluit", "from_name": "Pinang Ranti", "to_name": "Pluit", "ruas": "Pinang Ranti > Jl. Pondok Gede Raya > Tol Jagorawi > Jl. Mayjen Sutoyo > Jl. MT Haryono > Jl. Gatot Subroto > Jl. Letjen S. Parman > Jl. Satria / Prof. Dr. Makaliwe > Jl. Prof. Dr. Latumenten > Jl. Jembatan Dua > Jl. Jembatan Tiga > Jl. Pluit Selatan > Jl. Pluit Putra / Pluit Putri > Pluit", "mode": "TransJakarta", "status": "existing", "status_label": "Jaringan saat ini", "source": "Jakarta Satu / Jaklingko Rute_TJ FeatureServer", "source_type": "official", "source_url": "https://jakartasatu.jakarta.go.id/server/rest/services/Jaklingko/Rute_TJ/FeatureServer/3", "operator": "TransJakarta", "length_km": 55.69, "geometry_type": "road", "has_toll": true, "color": "#5865C7", "stop_count": 39}}, {"type": "Feature", "id": "tj-k10", "geometry": {"type": "MultiLineString", "coordinates": [[[106.89169297497754, -6.13985103319295], [106.89164671599563, -6.140038434713889], [106.89149755509095, -6.140670776000029], [106.8912260972831, -6.141768044906919], [106.89120775365298, -6.1418485685195385], [106.89104887391517, -6.1425573615598825], [106.89079841338621, -6.143474394279114], [106.89067125067541, -6.144047293848348], [106.89057505705783, -6.1444918954665395], [106.89054351206806, -6.144900550320864], [106.89050102575028, -6.145224509411529], [106.88980501855673, -6.148409495803161], [106.88968002311768, -6.148764136015544], [106.8894910751925, -6.149174006901822], [106.88918585281189, -6.149830961964254], [106.88882651842002, -6.150588167289728], [106.8884678527305, -6.151246614289204], [106.88787194132745, -6.1522494893188115], [106.88738649197845, -6.152970396174107], [106.88695627338254, -6.153659327970906], [106.88651733347717, -6.154173845791658], [106.88594177085639, -6.155118582733844], [106.88550864554124, -6.155830769337863], [106.88484878264792, -6.1569179438150305], [106.88429356745563, -6.157856867458184], [106.88389532478028, -6.158508009445555], [106.88339534107949, -6.159336471065824], [106.88311627996991, -6.15979866594256], [106.88260757547013, -6.16065038221922], [106.88193608514158, -6.16175499785059], [106.88122099241288, -6.162850893105934], [106.88055676953346, -6.163885743356343], [106.8802508195184, -6.16434357826338], [106.88002698978042, -6.164692404196784], [106.87912294877655, -6.166087707849303], [106.87871307813572, -6.1667853601478635], [106.87846890018872, -6.167282436843921], [106.87827413876971, -6.167782420636957], [106.87805030916378, -6.168448097252536], [106.87779740977925, -6.169424810451967], [106.87755323186198, -6.1702910611945105], [106.87727707783662, -6.171247426490944], [106.87701255157974, -6.17220960436627], [106.87679162812678, -6.173061321506561], [106.87659105300405, -6.173881062270557], [106.87645733673232, -6.17441592940371], [106.87631780657179, -6.174982771521066], [106.8762073446915, -6.175526358610866], [106.87611487421552, -6.176131539840262], [106.87606781439533, -6.1766396948932005], [106.87600386313034, -6.177651290170158], [106.87594572506218, -6.17857858649616], [106.87588468097711, -6.1794884403065655], [106.8758352635649, -6.180436084532716], [106.87579747386032, -6.180969497831852], [106.87572916251877, -6.182098821639653], [106.8756593973825, -6.183217972605539], [106.87558091125902, -6.1848574543710875], [106.87556056334378, -6.1852295357502465], [106.87553149420738, -6.185901025335489], [106.87550823894577, -6.186607398173463], [106.87545591509038, -6.187790499613053], [106.8754239399978, -6.188709075457508], [106.87539487096812, -6.189505560991984], [106.87534545386238, -6.190514249935466], [106.87526406097386, -6.191284573481669], [106.8751623204346, -6.192017108628588], [106.8750547657533, -6.192572323609963], [106.87488907302838, -6.193383343530033], [106.87468849819754, -6.19440656683681], [106.87453734034504, -6.195173983573493], [106.87436002052605, -6.196040235035365], [106.87419723486259, -6.196862883220966], [106.87413328338685, -6.197179733470473], [106.87405770425724, -6.197583790295052], [106.87397340482882, -6.198043078116633], [106.87383968787977, -6.198618640735222], [106.87363620667503, -6.199432567852606], [106.87346179310282, -6.200159289193559], [106.87336877341198, -6.20067671408962], [106.87331354182763, -6.201115653575426], [106.87327575294647, -6.201665054696407], [106.87326703189443, -6.202173759415397], [106.87328156645457, -6.202534212502697], [106.8733309834151, -6.203077799837808], [106.87350539700041, -6.204045792306647], [106.873767016136, -6.20534226178234], [106.87383096735569, -6.205874221525427], [106.87389637217615, -6.207177232070146], [106.87393416166425, -6.208212082713844], [106.87396904436213, -6.208991128053988], [106.87399520624726, -6.209700407513065], [106.87406206498851, -6.210453290036968], [106.87413764387446, -6.210842812812727], [106.87419578171144, -6.211386399265776], [106.87424229165718, -6.212069517200123], [106.87426263973944, -6.212357299066129], [106.87433800466192, -6.214164905237889], [106.87434450087595, -6.214408972620669], [106.8743818218559, -6.215406619399957], [106.87442542540518, -6.216287405170612], [106.87446321426056, -6.217127494954254], [106.87449228306764, -6.217944328350882], [106.87449228333445, -6.2184588469254996], [106.87446612182279, -6.218851276154999], [106.87441234447061, -6.219466082044138], [106.87443850644149, -6.220198616512699], [106.87446466813115, -6.22071604218567], [106.87451699226902, -6.221564852187387], [106.87459547752458, -6.222521217178905], [106.87467977749023, -6.223306075143808], [106.87475244980895, -6.223861289817027], [106.87491814168413, -6.225053112273755], [106.87507802077461, -6.225983315329338], [106.87519429562782, -6.226608295219132], [106.87536870853098, -6.22742222247494], [106.87561579379881, -6.228465793354428], [106.87572189508857, -6.228885838565539], [106.87576549889333, -6.229098040730946], [106.87609688291026, -6.23038869668921], [106.87637594365444, -6.231516567326623], [106.87648640592049, -6.231964228109047], [106.87663175017703, -6.232545604670038], [106.87693115900657, -6.2337345194436695], [106.87712882646684, -6.234522285104487], [106.87738172545691, -6.235557136091481], [106.87769566935093, -6.23678093373333], [106.87776299138254, -6.237029314224381], [106.8779781006879, -6.237901379764924], [106.87804205206658, -6.238276367117467], [106.87807984219513, -6.238561241933037], [106.8781525139588, -6.238950764823909], [106.87816414118501, -6.239165874030218], [106.87817576871338, -6.239465283124605], [106.87814960722429, -6.239793760579341], [106.87807984200121, -6.240299558331825], [106.87805949330654, -6.240523388153839], [106.87803914532824, -6.241093138051788], [106.8780087096683, -6.241327079670175], [106.87792913538863, -6.2416823268858375], [106.87783857005047, -6.241950667890491], [106.8776838162933, -6.242282315656924], [106.87744904799092, -6.242700644570886], [106.87723351934808, -6.242966357226381], [106.87669471149063, -6.243655555183054], [106.87635784119352, -6.2441300502696615], [106.8762528658332, -6.244324139003965], [106.87606682465587, -6.244722382088665], [106.87603117039336, -6.244810893223877], [106.87576647689819, -6.245425365109515], [106.87552923057606, -6.246004363504075], [106.87537135340375, -6.2463896637298095], [106.87532849995303, -6.246494248261556], [106.87527209113337, -6.246631913248084], [106.87524914819646, -6.246698269963873], [106.8752198405478, -6.246767351867549], [106.8752126509452, -6.246784297717114], [106.87519926633428, -6.246803922941553], [106.87514555489592, -6.246915301977119], [106.87511457961145, -6.246970002124988], [106.87506527876076, -6.24710816437638], [106.8747963557614, -6.247697439317304], [106.87419813781918, -6.24903311484584], [106.87403872748641, -6.249509961132294], [106.87390653693782, -6.2498322168178095], [106.873682273414, -6.250312969658149], [106.87357178607648, -6.250552358771124], [106.87331811038833, -6.251032688433234], [106.87297199585034, -6.251657234619004], [106.87271945346953, -6.252138644328123], [106.87246427992856, -6.252688451429902], [106.87225908854094, -6.253175122773412], [106.8720091764262, -6.253782804744742], [106.87195656307654, -6.253959058949791], [106.8718447596629, -6.2543063051477725], [106.87172375007025, -6.2546693353432845], [106.87143306278442, -6.25535856776663], [106.87119104226454, -6.255896536266732], [106.87109633850068, -6.256079367156515], [106.87080696639207, -6.2566054981581125], [106.87019907123344, -6.257581285208543], [106.86935681734487, -6.258694239851803], [106.86888329885146, -6.259295343906617], [106.86861234151192, -6.25964916766068], [106.86760611513584, -6.260985540391913], [106.86748510513316, -6.2611381188217115], [106.86724440051123, -6.261443274593496], [106.86696109160235, -6.261784222648272], [106.86684368434352, -6.261877456897304], [106.86673624858996, -6.261907064879176]], [[106.88377571738283, -6.109763070055304], [106.88326389407369, -6.10962178816024], [106.88285041188492, -6.1095211653203565], [106.88269990181053, -6.109507310113672], [106.88241173365905, -6.109497161045417], [106.8812032281544, -6.109483490613992], [106.88115803931694, -6.109516936771971], [106.88110663202573, -6.109630001423808], [106.88105607848567, -6.1097175028028285], [106.88106897877435, -6.109877963066057], [106.88112504365563, -6.109959191820543], [106.8812529396495, -6.109977356185279], [106.88144440694202, -6.10998002968167], [106.88161179203442, -6.109991657999022], [106.88175646584722, -6.110072139810147], [106.88192211090234, -6.1101679611724355], [106.88207725944652, -6.110336084169043], [106.88220594057577, -6.11041269598958], [106.88225015726118, -6.110428825781684], [106.88240591637731, -6.110356016337598], [106.8825068013393, -6.110266459811396], [106.88259054800692, -6.110148463644346], [106.88269218917081, -6.109969554745297], [106.88281482066064, -6.109894679542451], [106.88361218235562, -6.109855536980587], [106.8840785336865, -6.109887215237611], [106.88471715962986, -6.109951776940074], [106.88993149657855, -6.110100463149989], [106.89150846224541, -6.110126137874613], [106.89276896142728, -6.110192310331905], [106.89290376690775, -6.110211163536443], [106.89296481070386, -6.110243139684167], [106.8929909734408, -6.110307090695681], [106.89294736946236, -6.111385544708276], [106.89299969394708, -6.1123070271529185], [106.89295318354213, -6.113873836883925], [106.893075272883, -6.117205125664702], [106.8930839929445, -6.117926032774472], [106.8930723657275, -6.118266138006672], [106.89310143462686, -6.1191876196972235], [106.89311887559738, -6.119603304541136], [106.89314213057976, -6.120100381454425], [106.89319736164131, -6.1205596690344635], [106.89320898950339, -6.121484058319473], [106.89326421968175, -6.12218171024585], [106.89332817114989, -6.123934561024466], [106.89335724039148, -6.124661281961127], [106.89338049562389, -6.125492649794281], [106.89338921624004, -6.126385063230388], [106.89341964080515, -6.127671389779291], [106.89346188792877, -6.128806497415253], [106.89347060855259, -6.12919020612155], [106.89346806706439, -6.1295402219816415], [106.8934066574973, -6.130036109425888], [106.8933194504674, -6.130408189861596], [106.89311077978573, -6.131070993266902], [106.89285725615069, -6.131637801508007], [106.89254621943228, -6.132248247067105], [106.89225275105557, -6.132754452584199], [106.89213925625866, -6.13313775332594], [106.8920375148602, -6.133594134185039], [106.89199100523766, -6.133945867070441], [106.89198228405951, -6.1343586452579855], [106.89204623583176, -6.135134782909167], [106.89206658445787, -6.135797552268764], [106.89204914285368, -6.136094054174872], [106.89201716726714, -6.136346952744131], [106.89197065714784, -6.136666710677326], [106.89173810640814, -6.137640516501055], [106.89149683499343, -6.1386433907174975], [106.89127300505903, -6.13962301034545], [106.89103173365656, -6.140640419820783], [106.89077591181042, -6.141852657656036], [106.89056358604223, -6.14274399627809], [106.89041446269681, -6.143571345062781], [106.89031982666964, -6.144477555923607], [106.89001533497009, -6.145715124185228], [106.88978278490926, -6.146864935273676], [106.88974821333447, -6.146888152957147], [106.88944166796466, -6.147721588535201], [106.8892105613213, -6.148481077900505], [106.88880284447986, -6.149426690437949], [106.8885872911918, -6.1499925188785225], [106.88814250218178, -6.150845395300826], [106.88768466028546, -6.151588963469643], [106.88720640053985, -6.152424234290259], [106.88647373998947, -6.153814416077089], [106.8862353758959, -6.154427768572866], [106.88541854161424, -6.155782375957201], [106.88470635520392, -6.156945129168374], [106.88414242005011, -6.157889866459764], [106.88364243621433, -6.158727048527915], [106.883197682736, -6.159471211390711], [106.88284013582744, -6.16005258762584], [106.8824680544285, -6.160657219171233], [106.88180237822912, -6.161764741822012], [106.88104658923226, -6.162918774404431], [106.88044777109518, -6.163848977422987], [106.88013092069941, -6.164328613578681], [106.87954373036897, -6.165235560562005], [106.87901467737541, -6.166058209421598], [106.87860190005166, -6.166761674747289], [106.87834900086187, -6.167296541221343], [106.87815133316239, -6.167761642352774], [106.87794203749749, -6.168438946600697], [106.8776746036452, -6.169465076674744], [106.87732577808525, -6.17068306043226], [106.87704381017107, -6.171674307554887], [106.87673277347494, -6.172857409256924], [106.87659615042486, -6.173403903083264], [106.87643336477828, -6.17404051082581], [106.87617755861451, -6.175136406409932], [106.87607291155413, -6.175668365543852], [106.8760118664641, -6.176075329605682], [106.8759595427495, -6.176621823807578], [106.87591303233388, -6.177473540165915], [106.87583164011355, -6.178701698327674], [106.87577059562211, -6.179722014829405], [106.87572989858994, -6.180408038926526], [106.87567466830895, -6.181265569982172], [106.87562815765384, -6.182041707689634], [106.87556129946314, -6.18315213696504], [106.87552932406871, -6.183608517981618], [106.87544211738434, -6.185835190670104], [106.87539270055053, -6.1870386406194795], [106.87537525891675, -6.1876345511164175], [106.8753287492238, -6.188686843262115], [106.87529677336899, -6.1896548354376275], [106.87523572840415, -6.19056759729488], [106.87516305694925, -6.191253621525687], [106.87505259479055, -6.191989062710122], [106.87494794692891, -6.192541370534814], [106.8747799835806, -6.193392814878876], [106.87462301214804, -6.194218369917472], [106.87443697206125, -6.195139852262262], [106.87404454211796, -6.1971136256171135], [106.87387012942864, -6.197991504325721], [106.87375966811571, -6.198494395970999], [106.8735242101613, -6.19948855002683], [106.8733759591002, -6.200122250351784], [106.87327131188796, -6.2006803723744905], [106.87320736024635, -6.20121814550884], [106.87317247744551, -6.20188672867178], [106.87318991828393, -6.202497174414516], [106.87324224252289, -6.203081458145748], [106.87333816959426, -6.2037122516760785], [106.87349804831312, -6.2044767614172125], [106.87369571609166, -6.205526146903204], [106.87374222645528, -6.206046478644773], [106.87377710908953, -6.206633669063368], [106.87382361921294, -6.207770260916772], [106.8738643159212, -6.208662674228661], [106.87390501195357, -6.209659734631988], [106.87386975481628, -6.2107592012343975], [106.87384214544507, -6.211311386231697], [106.87388010846445, -6.212281159913699], [106.87391461957772, -6.213154302135692], [106.87394568011787, -6.214155136869784], [106.87399744766809, -6.215152520227972], [106.87399917302768, -6.215306096514193], [106.87402678242643, -6.215782355969491], [106.8740750987871, -6.21708689177231], [106.87412686581283, -6.2180842748634895], [106.87430525345866, -6.219444123196307], [106.87434594964822, -6.220380139098112], [106.87438373910277, -6.221092326016863], [106.87443024993765, -6.221787070736095], [106.87448257355287, -6.22239751634618], [106.87450873509458, -6.222685298103041], [106.87454943217749, -6.223031217443506], [106.87460175560008, -6.223499225168438], [106.87466861403713, -6.224083508997809], [106.87481686526529, -6.225080570253423], [106.87501453273029, -6.226170651693225], [106.87517731904673, -6.2269584164392455], [106.87537643991475, -6.2279191419353985], [106.87554602893842, -6.228603143689027], [106.87570881452793, -6.229242658233435], [106.87607990575668, -6.230718470814761], [106.87620199490236, -6.231215547300546], [106.87640547647173, -6.232026567777566], [106.87661767942399, -6.232895726145684], [106.87687639202399, -6.233933483986634], [106.87708859460169, -6.234782293823279], [106.87726300794456, -6.235474131596349], [106.87746358239684, -6.236270617733063], [106.87754788237848, -6.236636885560279], [106.87764962257363, -6.237064197026606], [106.8778792668135, -6.237950796538273], [106.8779781004567, -6.238564148981861], [106.87797618292005, -6.238980717800669], [106.87793266461563, -6.239291415651661], [106.87790542882145, -6.239462375664003], [106.87783991131467, -6.239708273136736], [106.87778056531693, -6.239883271658191], [106.87768674808639, -6.240186603803373], [106.87760742986168, -6.240438260198495], [106.87753959715482, -6.240629029288576], [106.87747375656967, -6.240902736790734], [106.8773400395451, -6.241248655520077], [106.87722957816963, -6.241524809649286], [106.87712493063711, -6.241818404843502], [106.876970866085, -6.242190486226449], [106.87667436380384, -6.242946275597031], [106.87653483280462, -6.243292195246764], [106.87638076865382, -6.243690438185217], [106.87614821802586, -6.2441991430659005], [106.87595927061598, -6.244658430047702], [106.8757674155887, -6.24513806621372], [106.8755755619734, -6.245565377576765], [106.87531018028305, -6.246176072602858], [106.87514484538089, -6.246559907564172], [106.87503219122776, -6.2468032789433865], [106.87470765878895, -6.247613710421934], [106.87460918998427, -6.2478766802050885], [106.8741413227439, -6.248920694851384], [106.87400824014674, -6.249312403115582], [106.8737122836733, -6.249958623726399], [106.87323243130702, -6.250907497951042], [106.87288781517559, -6.25153622405372], [106.87258265911123, -6.252138644403425], [106.87237483702225, -6.2525832251943445], [106.87218016831363, -6.253012022425428], [106.87204600554142, -6.253377683476318], [106.8719434098827, -6.2536854705175955], [106.87187238172432, -6.253938013711665], [106.87175247812633, -6.254292670238457], [106.87162247007338, -6.25463513687321], [106.87152432086891, -6.2548691322562355], [106.87136413305154, -6.255183101853422], [106.87115289787651, -6.255586119429108], [106.8710703333816, -6.255799707815546], [106.87081672089855, -6.256270664962915], [106.87059651393548, -6.256684417834505], [106.87029888002174, -6.257171200686462], [106.86988945329425, -6.257782637148171], [106.8692265992812, -6.25866004106588], [106.86880569484713, -6.259240100803884], [106.86853605208967, -6.259586032036236], [106.86749431241087, -6.260932927843249], [106.86737198691304, -6.261078928713539], [106.86707077696501, -6.261459058552158], [106.86675157601033, -6.261890366734727], [106.86673624858996, -6.261907064879176]], [[106.86673624858996, -6.261907064879176], [106.86664789542272, -6.261931414229598], [106.86647896765787, -6.261915460086249], [106.86592390014346, -6.261886775175407], [106.86499912184973, -6.261889587041969], [106.8646145666575, -6.262010263760011], [106.8645251238598, -6.262081290822539], [106.86450407925038, -6.2621312739160615], [106.86452209129438, -6.26218308295778], [106.86500129307235, -6.262894801418843], [106.86519068033269, -6.2630414805997265], [106.86542679919404, -6.2631332163773905], [106.86572290713137, -6.263073966843501], [106.8659321865529, -6.262944625085077], [106.86612489218345, -6.26269735764969], [106.8663493188957, -6.262390536630489], [106.86658033440312, -6.262076921865234], [106.86673624858996, -6.261907064879176]], [[106.88377551118144, -6.109762998446013], [106.88409104443366, -6.109799451930007], [106.88440085983513, -6.1098294533723365], [106.88796223945043, -6.109938600392154], [106.89003284186104, -6.109981948767127], [106.89288335053672, -6.110075651987404], [106.89304307673046, -6.110127885161614], [106.8931012145988, -6.110252880679963], [106.89307505232144, -6.111404006955532], [106.89315353826326, -6.112261537570042], [106.89316896612067, -6.1130937066329745], [106.89316807246274, -6.113749861366946], [106.89317243336009, -6.114331238549643], [106.89320295560937, -6.115264347941338], [106.89329016170552, -6.116613142132879], [106.89339044924436, -6.11743869631178], [106.89341225105801, -6.117880543371581], [106.89343841301844, -6.1182845999739985], [106.89347329569625, -6.118618891120575], [106.89353143289202, -6.118906672523236], [106.8935721294702, -6.1192235230118825], [106.89360701261513, -6.119918268420593], [106.89358085067701, -6.120246746031199], [106.89352852688835, -6.120624640520355], [106.89354306059293, -6.121299037647129], [106.89363205011843, -6.123520838836738], [106.89368992271828, -6.124868115206468], [106.89370966903259, -6.12526096384332], [106.89378125963498, -6.126092554062499], [106.89383374939523, -6.1268250236859645], [106.89387867323615, -6.127503394432307], [106.89395002461237, -6.128287185984496], [106.89397618667579, -6.128653453543595], [106.89397463657518, -6.129209932875677], [106.8939442105251, -6.129758068666051], [106.89383956283321, -6.1302318904757405], [106.89351108470787, -6.13152836102373]], [[106.8923243384399, -6.137174704142975], [106.8923162789182, -6.137214645995121], [106.8920242430456, -6.138458688771935], [106.89195738433821, -6.138752284087895], [106.89183093455955, -6.139265349161177], [106.89169272279507, -6.139851502430393]], [[106.89351108470787, -6.13152836102373], [106.89320879784361, -6.132603862780848], [106.89309252282929, -6.1330602433767964], [106.89304345458056, -6.13331745713628], [106.89300752336345, -6.133545207305554], [106.89290800980069, -6.1344000329213895], [106.89287223379482, -6.134705558669087], [106.89283235633792, -6.135072170100268], [106.8927451500814, -6.135493667536391], [106.89261724656063, -6.13592097964871], [106.89248823336995, -6.136512553928573], [106.8923242905701, -6.137174706120494]]]}, "properties": {"id": "tj-k10", "corridor_id": "K10", "corridor_no": 10, "corridor_nos": ",10,", "name": "Koridor 10", "route_name": "Koridor 10", "endpoint": "Tanjung Priok - PGC", "from_name": "Tanjung Priok", "to_name": "PGC", "ruas": "Tanjung Priok > Jl. Enggano > Jl. Laksamana Yos Sudarso > Jl. Jenderal Ahmad Yani > Jl. Pramuka / Rawamangun > Jl. Bekasi Timur Raya > Jl. DI Panjaitan > Jl. Mayjen Sutoyo > Jl. Dewi Sartika > PGC Cililitan", "mode": "TransJakarta", "status": "existing", "status_label": "Jaringan saat ini", "source": "Jakarta Satu / Jaklingko Rute_TJ FeatureServer", "source_type": "official", "source_url": "https://jakartasatu.jakarta.go.id/server/rest/services/Jaklingko/Rute_TJ/FeatureServer/3", "operator": "TransJakarta", "length_km": 38.77, "geometry_type": "road", "has_toll": false, "color": "#5865C7", "stop_count": 23}}, {"type": "Feature", "id": "tj-k11", "geometry": {"type": "MultiLineString", "coordinates": [[[106.86688299986812, -6.224581999606319], [106.86663999964759, -6.224584000011794], [106.86648099966881, -6.224506000419599], [106.86641200025922, -6.2243680003346], [106.86631000007921, -6.224139999988657], [106.86616999988998, -6.2237400003889105], [106.86604999982015, -6.2233500004512905], [106.86589000011895, -6.2227099996957], [106.86569999979824, -6.222109999614382], [106.86569899980611, -6.222108000448078], [106.8654899999272, -6.221380000280181], [106.86511999964658, -6.220560000241383], [106.8650400001204, -6.2206000003820305], [106.86481000029426, -6.220119999789285], [106.86435000039167, -6.219080000174257], [106.86417000034622, -6.218540000016338], [106.86410000022856, -6.218149999595338], [106.86389000018048, -6.21651999962237], [106.8638499995615, -6.216410000222156], [106.8637900003086, -6.216309999852508], [106.86356999992873, -6.216050000250847], [106.86278999997087, -6.215359999791365], [106.8622400004218, -6.214839999556808], [106.86193999961806, -6.2144899998241785], [106.86187000034707, -6.2143899999174534], [106.8614399999939, -6.213599999904069], [106.86167000011025, -6.213479999892953], [106.8617799999391, -6.2134599996722475], [106.86195000018385, -6.213520000307805], [106.86233999991872, -6.213689999568087], [106.86288000028505, -6.213849999895627], [106.8661300002196, -6.215330000149434], [106.86645000007866, -6.21546999966552], [106.86687000007302, -6.215590000346725], [106.86703000040185, -6.215610000210513], [106.86804366481047, -6.215489634185265]], [[106.94535000032033, -6.212620000294636], [106.94344000016241, -6.212559999958719], [106.94276000036709, -6.212580000255679], [106.94207999977701, -6.212539999970613], [106.94191999990639, -6.212519999924571], [106.94150000045121, -6.21254999988204], [106.94027999999707, -6.212530000205894], [106.9401599996202, -6.21258000043091], [106.93997999993304, -6.212720000281862], [106.93978000043673, -6.212909999613358], [106.93973000043101, -6.21301999957841], [106.93970999969831, -6.213160000161707], [106.93968999971204, -6.2136100001955725], [106.93971500027673, -6.214133999720549], [106.93971799960474, -6.214204999741068], [106.93969000038662, -6.214210000055591], [106.93965999973211, -6.21519000024623], [106.93947999965407, -6.216439999856631], [106.93938000021424, -6.2168400002823425], [106.9392000004509, -6.2171500002879], [106.93896200013342, -6.217406999581934], [106.93895000028829, -6.217419999588258], [106.9387200002882, -6.217560000421852], [106.93852000021225, -6.217630000271352], [106.93825999975473, -6.217690000021199], [106.93791999996029, -6.217679999836396], [106.93556000030487, -6.217420000144202], [106.93476999957853, -6.217269999583012], [106.93277999965157, -6.216980000066679], [106.93053500026554, -6.2167309999256455], [106.92441499997499, -6.215998999945331], [106.92440999999646, -6.216069999962333], [106.92397999957231, -6.21601999958252], [106.92372000030588, -6.2159799999713234], [106.92298000034754, -6.215820000094097], [106.91767599965196, -6.215170999582288], [106.91766999996831, -6.215189999872182], [106.91699000036027, -6.215109999859582], [106.9144700002983, -6.214779999788126], [106.91185500040038, -6.2144609999046025], [106.9118499997707, -6.2144599999375245], [106.91116999979229, -6.214370000329966], [106.91000000021813, -6.214219999939294], [106.90837000011443, -6.214019999696189], [106.9071500003082, -6.213859999675059], [106.90706000039741, -6.213870000314371], [106.90595000043754, -6.213749999920204], [106.9056800000268, -6.213750000244794], [106.90546999979517, -6.213709999642025], [106.90508000043899, -6.21368999956546], [106.90412999979381, -6.213679999610976], [106.90308500027085, -6.213650000449632], [106.90308400014075, -6.2136500004326605], [106.90307999962032, -6.213650000364809], [106.90167000043374, -6.213669999581051], [106.89864399969774, -6.213559999734024], [106.89864299956524, -6.213559999708612], [106.89864000007118, -6.213559999629104], [106.89589000037043, -6.2134600004164104], [106.89272999999153, -6.213400000446009], [106.89214000037595, -6.2133999998730625], [106.89165999975937, -6.2134100000483], [106.89075999961821, -6.213500000134112], [106.8900400004341, -6.2136599995741655], [106.88990400030752, -6.21370900008528], [106.88990599972473, -6.21370800019198], [106.88989999971125, -6.213709999898056], [106.88846000045078, -6.214130000328336], [106.8879199996921, -6.2142700003230935], [106.88768999967121, -6.214369999625717], [106.88740000031532, -6.214430000410147], [106.88669000013337, -6.214459999683912], [106.88477999996081, -6.21458000009216], [106.8844300002029, -6.214589999835585], [106.88229999990746, -6.214700000084721], [106.88229700037886, -6.214699999914388], [106.88229000027737, -6.214700000425308], [106.87821999991169, -6.214949000275627], [106.87821000018397, -6.214949999623171], [106.87818800044099, -6.214951999999318], [106.87677000023035, -6.2150500003382065], [106.8735559998603, -6.215220000140084], [106.87355300031382, -6.215219999920992], [106.87354999986388, -6.215219999705084], [106.87192500036366, -6.215270000047944], [106.87191999960864, -6.215269999672812], [106.87122999980367, -6.215310000049388], [106.8709800002471, -6.215340000389072], [106.8704099999166, -6.21546000014971], [106.87028999983957, -6.215469999690494], [106.86991000041398, -6.215429999889936], [106.8696400000452, -6.215440000029707], [106.86937999964218, -6.2154899995977715], [106.86803499984845, -6.215639000012598], [106.86802999989706, -6.215639999591164], [106.86802999995061, -6.215650000418779], [106.86702999988059, -6.215730000267324], [106.86685999980585, -6.215720000398812], [106.86669099979689, -6.215679999861097], [106.86668999964215, -6.215679999776387], [106.86652000039537, -6.215639999992463], [106.8664499995621, -6.215660000193398], [106.86642000042745, -6.215700000061132], [106.86640000014539, -6.2157499998188195], [106.86673000041424, -6.216329999588171], [106.86701999971704, -6.2168900002362975], [106.86767999967303, -6.218770000415877], [106.86810000004158, -6.220030000295595], [106.86815999965495, -6.22023999983491], [106.86813999985931, -6.221452000448651], [106.86814000010823, -6.2214600003846305], [106.86814000019358, -6.221470000305405], [106.86812000024013, -6.222760000277887], [106.86809999968884, -6.223059999948771], [106.86806000037122, -6.223269999667653], [106.86758999981053, -6.224280000078488], [106.86755500038424, -6.224332999626164], [106.86737800032724, -6.224540000363357], [106.86705999977342, -6.22460000002429]], [[106.86804366481047, -6.215489634185265], [106.86804900033628, -6.215488999602783], [106.86804999958643, -6.215488999688204], [106.86804366481047, -6.215489634185265]], [[106.86804366481047, -6.215489634185265], [106.86803999977504, -6.21548999975619], [106.86879999992048, -6.215399999567059], [106.86960999994585, -6.215319999560933], [106.86995999985355, -6.215320000290759], [106.870289999639, -6.2153499998541655], [106.87070999960542, -6.215299999705661], [106.87115999999416, -6.215220000029101], [106.87159000017816, -6.215170000004704], [106.87358000025709, -6.215069999870677]], [[106.87358000025709, -6.215069999870677], [106.87358799964761, -6.21507000045303]], [[106.87358000025709, -6.215069999870677], [106.87448999963485, -6.215019999650822], [106.87570000035375, -6.214969999577258], [106.8781710001676, -6.214809999898755], [106.87817000002103, -6.214809999835285], [106.88222999962655, -6.214579999823668]], [[106.88222999962655, -6.214579999823668], [106.88223799987372, -6.214580000274055]], [[106.88222999962655, -6.214579999823668], [106.88511000012585, -6.214390000387567], [106.88680000021589, -6.214299999722359], [106.8876700001747, -6.214209999873621], [106.88800000041097, -6.214149999908886], [106.8898699996413, -6.213620000413812]], [[106.8898699996413, -6.213620000413812], [106.88987400023385, -6.213618999697321]], [[106.8898699996413, -6.213620000413812], [106.89056000015786, -6.21341999987015], [106.89166000026734, -6.213289999837929], [106.89567999995535, -6.2133899999720565], [106.8976000000527, -6.213420000377735], [106.89864000022196, -6.213460000303669], [106.8986489996026, -6.213459999635292]], [[106.8986489996026, -6.213459999635292], [106.8986499997349, -6.21345999966075]], [[106.8986489996026, -6.213459999635292], [106.89975000011601, -6.213499999806864], [106.90167000001276, -6.2135299996846545], [106.90308000022918, -6.213530000029875], [106.90308100035907, -6.213530000046908], [106.90366999993184, -6.213530000083857], [106.90559000008108, -6.213580000395451], [106.90837999977266, -6.213910000401328], [106.91189899991674, -6.214370000158703], [106.91190000004312, -6.214370000158555], [106.91771000032774, -6.215070000103929], [106.91771199967295, -6.215070000084109], [106.91771299979726, -6.215070000072549], [106.92345000007424, -6.215769999865123], [106.9237399998075, -6.215789999743545], [106.92438999956136, -6.21587000024628], [106.92439199980525, -6.215870000196953], [106.92668000005006, -6.216180000341003], [106.92751000009204, -6.2162399995660955], [106.93054999980556, -6.216610000093357]], [[106.93054999980556, -6.216610000093357], [106.93055699977376, -6.216610999795913], [106.93055799989348, -6.216610999759132], [106.93054999980556, -6.216610000093357]], [[106.93054999980556, -6.216610000093357], [106.93283000037982, -6.2168900002265195], [106.93480000032666, -6.217159999651109], [106.93559999978164, -6.217320000199661], [106.9378999999106, -6.217540000276147], [106.9382000003477, -6.217549999843285], [106.9384800003855, -6.217490000010471], [106.93866999966669, -6.217410000290946], [106.93888000001893, -6.217269999639336], [106.9391099997686, -6.217019999570619], [106.93926999978387, -6.216760000042792], [106.93937999995812, -6.216349999567684], [106.93945999960776, -6.21541999963912], [106.93943999987026, -6.215070000431825], [106.93953000011152, -6.214140000025155], [106.93953099972839, -6.214129999554178], [106.9396400003063, -6.212509999961535], [106.93967000041123, -6.212389999711158], [106.93975000012199, -6.212319999907723], [106.9398200002741, -6.212299999995375], [106.9402100000618, -6.21227999976985], [106.94365999956179, -6.212379999811239], [106.94491999973461, -6.212400000149992], [106.94536899974574, -6.212393999953753], [106.94536999964431, -6.212359999841831], [106.94563000026447, -6.2123599999450985], [106.94575000028702, -6.2123500001915835], [106.9463699997674, -6.212199999565934], [106.94737999978716, -6.2119400004041925], [106.94745999967677, -6.21191000036195], [106.94797999991931, -6.211599999645149], [106.94813999984815, -6.211560000163376], [106.94838999956889, -6.21148999982307], [106.9490500000357, -6.211099999581645], [106.95057999972921, -6.210239999758294], [106.95169000018045, -6.209639999551974], [106.951909999952, -6.209650000219792], [106.95204999968927, -6.209689999550808], [106.95208999964602, -6.209699999689184], [106.95213999994864, -6.209740000136023], [106.95218000001695, -6.209789999849998], [106.9522199997014, -6.209860000255792], [106.95224000001667, -6.2099399997592934], [106.95224000006023, -6.210030000176701], [106.95220999977285, -6.2101300004391495], [106.9521500004295, -6.210219999846044], [106.95204999956921, -6.210330000180341]], [[106.94535000032033, -6.212620000294636], [106.94534700000649, -6.212619999577834]], [[106.95115000028892, -6.211259999839872], [106.95118999996905, -6.211419999892628], [106.95127000000586, -6.211579999740073], [106.95140000001317, -6.2117199997283565], [106.951459999604, -6.211810000320927], [106.95189999956959, -6.212669999771748], [106.95212000022266, -6.213199999943772], [106.952340000155, -6.21406999988743], [106.95249999971684, -6.214650000446526], [106.95266000008691, -6.215270000400348], [106.9527899998326, -6.215939999714117], [106.9529999996653, -6.216929999871688], [106.95325000013443, -6.218670000197047], [106.95323999985678, -6.218819999759788], [106.95321999984998, -6.218860000016042], [106.95311000043228, -6.218920000059037], [106.9525800002347, -6.218850000247066], [106.95245999955134, -6.21715999957769], [106.95238000022084, -6.216550000169148], [106.95225999966085, -6.2158900002319495], [106.95221000032184, -6.215689999872163], [106.95220999965808, -6.215620000164567], [106.95218999993016, -6.215530000391724], [106.95201999992362, -6.214899999662169], [106.95197000044072, -6.214830000120918], [106.95188000034311, -6.21461000018515], [106.95157999988395, -6.214020000309099], [106.95121000025485, -6.213249999755554], [106.95094000008827, -6.212619999924626], [106.95073200003131, -6.212203999831942], [106.95072999955632, -6.212200000196992], [106.95047999995816, -6.211739999888117], [106.95043999958654, -6.211700000403345], [106.95029000005343, -6.211580000422065], [106.95020000018236, -6.211539999925032], [106.95003999995751, -6.211490000357725], [106.94940999969248, -6.211800000384234], [106.94935999964103, -6.211820000052824], [106.9493200001628, -6.211820000104399], [106.94924999973396, -6.211810000053715], [106.94917000035697, -6.211790000312136], [106.94903999992533, -6.211720000352604], [106.9487899997837, -6.211629999651645], [106.94871000043165, -6.211609999826364], [106.94861999957193, -6.21160999959777], [106.948506999702, -6.211605000265348], [106.94831199965533, -6.211724999740455], [106.94794999958901, -6.211939999829063], [106.94746000031796, -6.212150000318721], [106.947170000148, -6.212200000403739], [106.94636999995535, -6.212439999674642], [106.9456699997638, -6.212600000366522], [106.9453529997274, -6.212620000110646], [106.94535000032033, -6.212620000294636]], [[106.95204999956921, -6.210330000180341], [106.95105100038742, -6.210917999565221], [106.95104000009839, -6.210890000087369], [106.95099000023193, -6.210909999864629]], [[106.95204999956921, -6.210330000180341], [106.95099000023193, -6.210909999864629]], [[106.95099000023193, -6.210909999864629], [106.95110000015558, -6.2111200003021345], [106.95115000028892, -6.211259999839872]], [[106.95115000028892, -6.211259999839872], [106.95139000039306, -6.211430000187915], [106.9516000002916, -6.211560000270712], [106.95169000031244, -6.211640000088228], [106.95177000040633, -6.211760000209998], [106.95201999958725, -6.2123900000554855], [106.95205999992561, -6.212439999714658], [106.9521599995568, -6.212510000096953], [106.95220999965163, -6.212529999756197], [106.95226000011098, -6.212529999618693], [106.95251000038441, -6.212490000198501]], [[106.9532100000925, -6.212220000023925], [106.95323999967955, -6.212039999718611], [106.9532199996173, -6.211980000107657], [106.95321000020685, -6.211940000409658], [106.95310999960857, -6.211770000433935], [106.95305999975274, -6.211739999600358], [106.95298999971946, -6.211660000375352], [106.9532199997386, -6.211539999549476], [106.95331000044159, -6.211479999664435], [106.9533599999623, -6.2114200001248925], [106.95340000031224, -6.211360000442584], [106.95345000006692, -6.211230000326458], [106.95344999958871, -6.2111500003182725], [106.95345000015013, -6.210899999944629], [106.95341999992576, -6.210849999629464], [106.95332999990731, -6.210770000144105], [106.95289999962378, -6.210910000430793], [106.9528500000587, -6.2109200000180165], [106.95280000012976, -6.2109000003781025], [106.95278000037469, -6.210880000287331], [106.9524699998704, -6.210329999920578], [106.95241000034055, -6.21029000026865], [106.95234000038384, -6.210270000233768], [106.95221000013647, -6.210250000091745], [106.95204999956921, -6.210330000180341]], [[106.95251000038441, -6.212490000198501], [106.95275000010803, -6.212420000401504], [106.95299000040742, -6.212310000046482], [106.9532100000925, -6.212220000023925]], [[106.9532350001636, -6.213294999957042], [106.95323999997633, -6.213309999629939], [106.95293000045089, -6.213420000178214], [106.95280000039644, -6.213450000337845], [106.95273999957902, -6.213189999616098], [106.95270999988789, -6.213099999714159], [106.95270000040902, -6.21301000009077], [106.95270000030085, -6.212910000266738], [106.95272999969424, -6.212749999713307], [106.95270999997508, -6.212670000289459], [106.95268000038735, -6.212630000286559], [106.9525400001252, -6.212519999871949], [106.95251000038441, -6.212490000198501]], [[106.9532100000925, -6.212220000023925], [106.95325999969013, -6.212379999835741], [106.95343999968586, -6.212759999782977], [106.95351000022643, -6.212939999558733], [106.95336999987937, -6.21310999992801], [106.95331999983064, -6.213140000303212], [106.95320599981386, -6.213195999639275]]]}, "properties": {"id": "tj-k11", "corridor_id": "K11", "corridor_no": 11, "corridor_nos": ",11,", "name": "Koridor 11", "route_name": "Koridor 11", "endpoint": "Pulo Gebang - Kampung Melayu", "from_name": "Pulo Gebang", "to_name": "Kampung Melayu", "ruas": "Terminal Pulo Gebang > Jl. Sentra Primer Timur > Jl. Dr. Sumarno > Jl. Penggilingan Raya > Jl. I Gusti Ngurah Rai > Jl. Bekasi Timur Raya > Jl. Bekasi Barat Raya > Jl. Jatinegara Barat / Jatinegara Timur > Kampung Melayu", "mode": "TransJakarta", "status": "existing", "status_label": "Jaringan saat ini", "source": "Jakarta Satu / Jaklingko Rute_TJ FeatureServer", "source_type": "official", "source_url": "https://jakartasatu.jakarta.go.id/server/rest/services/Jaklingko/Rute_TJ/FeatureServer/3", "operator": "TransJakarta", "length_km": 26.23, "geometry_type": "road", "has_toll": false, "color": "#5865C7", "stop_count": 16}}, {"type": "Feature", "id": "tj-k12", "geometry": {"type": "MultiLineString", "coordinates": [[[106.79124900021374, -6.115709999852142], [106.79124000014087, -6.1157100000279945]], [[106.79124000014087, -6.1157100000279945], [106.79379500003476, -6.115655999707818], [106.79435699988356, -6.115659999800275], [106.79432299984771, -6.115966999707109], [106.79419999968792, -6.117302999651029], [106.79414699986006, -6.11768999996182], [106.79351600005945, -6.117697999704763], [106.7921200000481, -6.1177299999683745], [106.79214000043326, -6.118376999823786], [106.7921399995888, -6.118379999938382], [106.79221000036426, -6.122220000269182], [106.79223000025556, -6.124630000124998], [106.79220999996262, -6.124989999804004], [106.7922499996733, -6.125179999748387], [106.79226999991384, -6.1252200003946395], [106.79230999989144, -6.125240000371948], [106.79237000044188, -6.125250000042787], [106.79339000009439, -6.1247999997430105], [106.79358000034024, -6.124750000033959], [106.79454999968465, -6.1247299998118345], [106.79544000023213, -6.124729999628199], [106.795579999785, -6.124739999676153], [106.79568199982124, -6.1247649999466445], [106.79590999999485, -6.124819999801548], [106.79737000017725, -6.125239999697939], [106.7980399999352, -6.125259999599968], [106.79971000006567, -6.125230000270486], [106.8008499995538, -6.125219999657109], [106.80165700002146, -6.125187999849149], [106.80238000005866, -6.125160000086303], [106.80268999983554, -6.125159999792513], [106.80385999967103, -6.125089999552064], [106.8039799998247, -6.125130000415959], [106.80401999968191, -6.125189999715436], [106.80409000009396, -6.125540000088193], [106.80431999972299, -6.126190000166546], [106.80452000014188, -6.126879999976424], [106.80479900038867, -6.127937999658487], [106.80479999990771, -6.127939999970316], [106.80498000013279, -6.128689999623407], [106.80515000019237, -6.129219999940097], [106.8051900002178, -6.129489999860448], [106.80526600038425, -6.129831999992253], [106.80535000003955, -6.130210000422968], [106.80562999978363, -6.131280000083411], [106.80577999980353, -6.131819999617525], [106.80598000025019, -6.132329999552554], [106.80604000040624, -6.132569999601707], [106.80604000015836, -6.13257099963183]], [[106.87079200028691, -6.137699000041485], [106.86281800028327, -6.139201999876058], [106.85922500002215, -6.139878999818824], [106.85922600003867, -6.139878999960387], [106.85921999979801, -6.1398800000154266], [106.85770600028778, -6.1401549997078115], [106.85740000035621, -6.140209999808158], [106.85693000002645, -6.140320000354151], [106.85709000028349, -6.141198000087723], [106.85708999998783, -6.141200000090672], [106.85752500009663, -6.143566000366692], [106.85812900002182, -6.146855000289597], [106.85812900016454, -6.146854000288898], [106.85813000024187, -6.1468600004296245], [106.85836000021605, -6.148290000049548], [106.85846000022596, -6.148780000314073], [106.85849000027864, -6.148869999929254], [106.85842000004233, -6.148900000210729], [106.85837000035049, -6.148949999630793], [106.85826999986945, -6.149160000282243], [106.8577039999223, -6.150111999819746], [106.85764000037307, -6.1502200000133005], [106.85673000004479, -6.151669999796027], [106.85658000001987, -6.151849999771949], [106.85642999982196, -6.151979999686547], [106.85625999995277, -6.152070000345862], [106.85522000027622, -6.152179999973445], [106.85473000040926, -6.152169999629079], [106.85425200001418, -6.152239999830292], [106.85425000026673, -6.1522499995630575], [106.8518300003883, -6.152630000291408], [106.8504199997868, -6.152819999771035], [106.84895999961434, -6.1530600001474465], [106.84831900018098, -6.153164999560408], [106.84658999973485, -6.153449999662288], [106.84638000035359, -6.153539999621425], [106.84603000014648, -6.153619999855508], [106.84510999994738, -6.153879999567658], [106.84472000000814, -6.1540799998667035], [106.84452000007586, -6.154259999735084], [106.8444499996261, -6.154339999900674], [106.84439000033125, -6.154460000167261], [106.84382999985544, -6.155239999745238], [106.84377000004241, -6.155339999853499], [106.84375999960298, -6.15546000008521], [106.84384999957956, -6.155830000372449], [106.84407999993147, -6.156870000265511], [106.84410999991228, -6.1569799995939185], [106.84419000043654, -6.157009999993677], [106.84428999993207, -6.157019999817314], [106.84634000001981, -6.156529999987702], [106.84679999970724, -6.1564499998750986], [106.84700000032659, -6.156440000176928], [106.84746999997455, -6.15635000012945], [106.84752999979948, -6.15636000041369], [106.84756000033623, -6.156430000020477], [106.84753999977421, -6.1564899999940526], [106.84748000020369, -6.156530000004044], [106.8470099997338, -6.156630000169453], [106.8468800003538, -6.156690000230954], [106.84585999972994, -6.1569100004102495], [106.84396999997946, -6.157390000161491], [106.84384999959556, -6.1573999999530535], [106.84302999992147, -6.1576100003507275], [106.84295000036977, -6.157589999863881], [106.84270999963292, -6.157630000071206], [106.84023000030386, -6.15830999967018], [106.83880999971113, -6.158740000205241], [106.83754999970353, -6.159159999667664], [106.83732000010136, -6.159280000387138], [106.83722000037639, -6.159350000251491], [106.83712099964244, -6.159394999994983], [106.83710999986071, -6.159399999964622], [106.83601999996992, -6.159819999649117], [106.83478000044805, -6.160320000232989], [106.83471000021252, -6.160319999652491], [106.83467000016302, -6.160290000355228], [106.83466000032607, -6.160249999889567], [106.83467000001099, -6.160189999986483], [106.83728000025917, -6.15912999994437], [106.83504999958556, -6.150290000005845], [106.83473999994179, -6.149169999664488], [106.83459999998152, -6.14874000010615], [106.83425999978479, -6.147499999914357], [106.83419999993512, -6.147210000337339], [106.83420999979748, -6.146731000269092], [106.83420999991688, -6.14674000038963], [106.83421999956862, -6.146460000283053], [106.83419000034927, -6.145559999786174], [106.83417000016253, -6.145359999707122], [106.83412999969039, -6.145099999617307], [106.83335000024674, -6.141759999915508], [106.83310999979685, -6.140665000395667], [106.8322699999799, -6.136839999646482], [106.8322679998938, -6.136831000029876], [106.83187000004317, -6.13503999971765], [106.83147000014138, -6.135139999754678], [106.83135999999766, -6.135160000170263], [106.83129999988209, -6.135189999696656], [106.83081000027049, -6.135289999699522], [106.83077999977175, -6.13527999995206], [106.82999999990062, -6.135479999625695], [106.82901999981557, -6.13566999969766], [106.82892400017428, -6.135691999796145], [106.82763000025854, -6.135980000380519], [106.82599600017936, -6.136239000170807], [106.82598999980401, -6.136239999859518], [106.82370000041334, -6.136570000184261], [106.82176800006935, -6.136833999766476], [106.82158000034057, -6.136859999930815], [106.82018000038877, -6.137189999768513], [106.81896000031118, -6.13744999985841], [106.81793800016058, -6.13761900018482], [106.8179299996612, -6.137620000256188], [106.81679999966461, -6.137790000154275], [106.81492999969032, -6.138290000388714], [106.8143849996549, -6.138448999606116], [106.81397699983907, -6.138572999681038], [106.81392599961703, -6.138589000250666], [106.81380799996901, -6.138603000002901], [106.8137779996395, -6.138517000084166], [106.81375900022958, -6.138374000337148], [106.81364800002305, -6.138050999551796], [106.81348999967786, -6.137549999779706], [106.81324000003276, -6.136659999705517], [106.81318000011316, -6.136599999787898], [106.81309000030335, -6.136570000054392], [106.81194999993508, -6.136879999881712], [106.81177999987287, -6.136899999854248], [106.81172000020958, -6.1368699996101865], [106.81163000026928, -6.136609999944055], [106.81132999992091, -6.135379999928514], [106.81106999973854, -6.134350000427508], [106.81101999964734, -6.13425999986133], [106.81095999992175, -6.134190000177031], [106.81088999973416, -6.13417000036469], [106.80895999990892, -6.134769999815377], [106.80713999962727, -6.135229999850969], [106.80708000006712, -6.135259999767885], [106.80703000022065, -6.13529999967343], [106.80689999996619, -6.135470000228724], [106.80682000022404, -6.135730000095095], [106.80690000017597, -6.136059999988113], [106.80493000018252, -6.136189999747834], [106.80484299973031, -6.136200000401395], [106.80347400031594, -6.136349999963652], [106.80347000015544, -6.136349999876694], [106.79675999982749, -6.136989999627589], [106.79641900030244, -6.137025999752726], [106.79373000042189, -6.137310000008335], [106.79321999988395, -6.137349999554718], [106.79285999994177, -6.137359999675337], [106.79273999994184, -6.135809999903084], [106.79264999987166, -6.134979999779066], [106.79258999972448, -6.1343000004353945], [106.79258000024167, -6.133600000221164], [106.79246000019408, -6.132549999939817], [106.79236999982265, -6.131429999606355], [106.79198000036784, -6.1273099999060285], [106.79185999964862, -6.12633000022241], [106.7918589996871, -6.126319999575837], [106.79185899961988, -6.126317000368822], [106.79164500029519, -6.121217999711512], [106.7915019996234, -6.117820999595454], [106.78456999998858, -6.117770999994697], [106.78476500032733, -6.1158129998517605], [106.79035999997603, -6.115709999892913], [106.79124000014087, -6.1157100000279945]], [[106.80604000015836, -6.13257099963183], [106.80603999991048, -6.132571999661952]], [[106.80604000015836, -6.13257099963183], [106.80669199984752, -6.135199999937319], [106.8070010003253, -6.135202999823809], [106.80857899959196, -6.134807000256534], [106.80984100024173, -6.134489999979461], [106.80998699968444, -6.134422000173308], [106.8091520001282, -6.131538999869945], [106.80918999973984, -6.1313439999845745], [106.81015700015226, -6.131066000262436], [106.8102480003988, -6.1311050003878895], [106.81050299970062, -6.132113999571374], [106.8109909996505, -6.134051000157743], [106.81110800012455, -6.134151999582957], [106.81124700022467, -6.134174000235939], [106.81213999967359, -6.133881999746615], [106.81338599961657, -6.133506999802131], [106.81449700025046, -6.133172000088791], [106.81553000009522, -6.136533000059889], [106.81539099970622, -6.136703999973822], [106.81488899996886, -6.136867999970397], [106.81488799993328, -6.136867999744244], [106.81365300019718, -6.137347000283224], [106.81365000029584, -6.137349999672868], [106.81357999991553, -6.137449999752082], [106.81357000012993, -6.137509999873404], [106.81375400044882, -6.1380900002619905], [106.81381999972757, -6.138299999718441], [106.81389999997862, -6.138320000324454], [106.814010000058, -6.13833000025069], [106.81417999977783, -6.1383199997096805], [106.814520000187, -6.138260000200569], [106.81679000013528, -6.1376900001241435], [106.81792000036303, -6.137510000079821]], [[106.81792000036303, -6.137510000079821], [106.8179259998873, -6.137508999571912], [106.8179269999224, -6.13750899979203], [106.81792000036303, -6.137510000079821]], [[106.81792000036303, -6.137510000079821], [106.81911999989293, -6.1372800002856795], [106.82014399968139, -6.137023000155925], [106.82106999960476, -6.136790000418141], [106.82149000024482, -6.1367100001782], [106.8229400000802, -6.136499999628217], [106.82394000031738, -6.1363399999405965], [106.82599100031071, -6.13602999983657]], [[106.82599100031071, -6.13602999983657], [106.82599000028279, -6.136029999630709]], [[106.82599100031071, -6.13602999983657], [106.82673000036318, -6.135929999646248], [106.8281199999616, -6.13569999984829], [106.82844299999073, -6.1356249995776775], [106.82881000029505, -6.13553999967548], [106.82962000007815, -6.135299999683054], [106.83081000000871, -6.13488999975071], [106.8311600000003, -6.134780000169746], [106.8315299996627, -6.134700000268449], [106.83177999964659, -6.134649999707181], [106.83199000021385, -6.13477000011129], [106.83244999972963, -6.136800000450955], [106.83313000026641, -6.139810000148367], [106.8335210000095, -6.141683000396144], [106.83407000020921, -6.14431000033966], [106.83433000033364, -6.145350000299006], [106.83436999990425, -6.145629999704287], [106.83437999966516, -6.146239999766909], [106.8343700001112, -6.146731999971281], [106.83437000042048, -6.1467400000770365], [106.83436000043874, -6.14709000019348], [106.83437999958167, -6.147220000188632], [106.83448999983032, -6.147680000308137], [106.83492999961666, -6.149219999666059], [106.83556999960061, -6.1517099996609215], [106.83586000008808, -6.1529299997617475], [106.83643999996627, -6.155279999815241], [106.83722000017649, -6.158330000400506]], [[106.83722000017649, -6.158330000400506], [106.83725000019855, -6.158320000040827]], [[106.83722000017649, -6.158330000400506], [106.83741999973007, -6.159049999614694], [106.8387800000262, -6.158569999659519], [106.84019999978216, -6.158179999721225], [106.84075000013945, -6.15805999981951], [106.84274999984652, -6.157489999981757], [106.84330999960765, -6.157309999862042], [106.84341000044279, -6.157230000017126], [106.84368999993677, -6.157160000353111], [106.84383999989802, -6.157080000375783], [106.84389000007678, -6.157029999893753], [106.84390999962582, -6.156990000089705], [106.84391000007379, -6.156910000372217], [106.843840000031, -6.156549999860979], [106.84379000010546, -6.156230000139758], [106.84358000000496, -6.155469999911472], [106.84359000002274, -6.155320000337348], [106.84361000016466, -6.155260000393016], [106.8438799998285, -6.154899999753682], [106.84401000012775, -6.154659999952264], [106.84460000020282, -6.153859999692968], [106.84466999984626, -6.153789999608762], [106.84495000016396, -6.153569999663917], [106.84523000003075, -6.153389999925685], [106.84532999971539, -6.1533500002989685], [106.84583000005767, -6.153270000048176], [106.84659999993285, -6.153209999706921], [106.84667000028182, -6.153240000093739], [106.84685000028915, -6.153259999648093], [106.8483799996801, -6.153020000073064], [106.84893199976992, -6.152940999760417], [106.84894000029712, -6.1529400000785515], [106.85215999985044, -6.1524299996710425], [106.85422500041207, -6.152119000193684], [106.85421999972087, -6.1521100003595075], [106.85534999978326, -6.151939999995745], [106.85568000000784, -6.151849999668736], [106.8562299998348, -6.151760000317053], [106.85643000013951, -6.151700000315402], [106.85661999989782, -6.151589999714447], [106.85674999955044, -6.151469999717554], [106.85763999956079, -6.1499899999324406], [106.85785599979522, -6.149608999970338], [106.85826999966423, -6.148880000269177], [106.85833999974582, -6.148800000005353], [106.85832000033047, -6.148739999947344], [106.85799935625985, -6.146878068571802]], [[106.8569599998513, -6.141208000235412], [106.85695999955517, -6.141210000238522]], [[106.8569599998513, -6.141208000235412], [106.85675000004001, -6.1401100000724895], [106.85792499995794, -6.139888000383531], [106.85918500014421, -6.139648999611668]], [[106.85799935625985, -6.146878068571802], [106.85799900023797, -6.146877000189007], [106.85748999994826, -6.144070000221599], [106.85745300043439, -6.143868000233628], [106.8569599998513, -6.141208000235412]], [[106.85799935625985, -6.146878068571802], [106.8579990003809, -6.146876000188234], [106.85799999983946, -6.14688000033123], [106.85799935625985, -6.146878068571802]], [[106.85918500014421, -6.139648999611668], [106.85917999992189, -6.13964999980728]], [[106.85918500014421, -6.139648999611668], [106.85917999956317, -6.139639999809987], [106.86576999997934, -6.138429999777028], [106.86639999971199, -6.1383199995979245], [106.86646000018926, -6.138300000186832], [106.87049000002978, -6.137549999572905], [106.87077800020923, -6.137509999584883], [106.87078000022039, -6.137509999827491], [106.87208000012744, -6.1373100000958285], [106.87222000041308, -6.137289999704561], [106.87294000039276, -6.137259999960343], [106.8736900001322, -6.137259999794731], [106.87406000004192, -6.13727000001274], [106.87454999957811, -6.1373700002738865], [106.87524999986651, -6.137570000283031], [106.88633999965424, -6.140980000029743], [106.8871399996033, -6.14125000041886], [106.88708883666605, -6.141418729781067]], [[106.87079200028691, -6.137699000041485], [106.87079600030746, -6.137698999622002]], [[106.88708883666605, -6.141418729781067], [106.88528999962138, -6.140860000065203], [106.87635999989399, -6.13810999988211], [106.87447000025358, -6.137570000242262], [106.87399999967664, -6.137469999556838], [106.87380999995003, -6.137470000216056], [106.87295000014883, -6.137480000329643], [106.87213999980415, -6.137500000418121], [106.87149999962355, -6.137610000103459], [106.87083300040301, -6.1377290002897045], [106.870830000261, -6.13772999992031], [106.87079200028691, -6.137699000041485]], [[106.88203900028853, -6.109575000290338], [106.88203999978292, -6.109450000095309]], [[106.88203999978292, -6.109450000095309], [106.88204399956746, -6.109449999656197]], [[106.88203999978292, -6.109450000095309], [106.88214699983337, -6.109446999882547], [106.88213999985115, -6.109449999939384], [106.88278999988424, -6.109459999705531], [106.88311000033146, -6.1095400000365965], [106.8839599998712, -6.109809999639859], [106.88416999979033, -6.109830000313699], [106.88462000001797, -6.1098600003445735], [106.88532999957417, -6.109850000189901], [106.8886610003411, -6.1099630000257275], [106.88976000022726, -6.109999999871111], [106.89071000006254, -6.110010000236593], [106.89239099995191, -6.110059999590094], [106.8928979996022, -6.1100750000562565], [106.8931519999692, -6.11015900011041], [106.89324099985359, -6.110356000424243], [106.8932299996156, -6.110910000076086], [106.89316999960336, -6.111899999774615], [106.89315899989523, -6.112350000431335], [106.89312000043233, -6.113909999786032], [106.89313999990385, -6.114385000139097], [106.89326399972694, -6.116614000175496], [106.89338999992601, -6.118870000282304], [106.89339000044659, -6.11903000000094], [106.89339000030645, -6.119089999783372], [106.89337000012583, -6.1191399997723055], [106.89339999986835, -6.119990000101508], [106.89366000007702, -6.125530000290859], [106.8937499998655, -6.1284770002881865], [106.89374999960556, -6.128480000231437], [106.8937699998322, -6.12953999957872], [106.89373000012418, -6.130009999873666], [106.89369000010358, -6.130209999952689], [106.89353999960292, -6.1307899999369155], [106.89276999976069, -6.1327199999622275], [106.89270000002848, -6.132939999971954], [106.89255099984092, -6.133578000085116], [106.89248999988642, -6.133840000082663], [106.89246000012325, -6.1341999999178345], [106.89256000044064, -6.134889999755514], [106.89255000018684, -6.135329999723678], [106.89244000019643, -6.1359400000936], [106.89229999991963, -6.136620000369006], [106.8921300004295, -6.137259999902006], [106.89179999992068, -6.138689999899617], [106.89079999983683, -6.142839999567034], [106.89068000044686, -6.143430000048588], [106.89051000036237, -6.144510000425874], [106.89035000007371, -6.145299999664812], [106.89001999996766, -6.146715999565359], [106.88986999975279, -6.147359999682031], [106.8896299997745, -6.148180000414289], [106.88904300035964, -6.149667999827275], [106.88903000017709, -6.14970000004088], [106.88870499995248, -6.150356999710681], [106.88862600015182, -6.150369000373704], [106.88867999958998, -6.15001000000433], [106.8888339998297, -6.1496409997529975], [106.88882999991093, -6.14965000018002], [106.88932000022372, -6.148509999630405], [106.889399999761, -6.148270000290789], [106.88954000037769, -6.147940000113384], [106.88963000027374, -6.147620000282587], [106.88963999970716, -6.147389999692451]], [[106.8929700003264, -6.1141600002430465], [106.89298999996517, -6.112759999683838], [106.89298899981839, -6.112669000348607], [106.89298000033709, -6.111999999956328], [106.89294999963462, -6.111949999849931], [106.89293999971707, -6.111889999998981], [106.89297000019519, -6.111000000050594], [106.89301999986576, -6.110560000149516], [106.89304000008912, -6.110500000429002], [106.89305000024872, -6.110179999976092], [106.89240500001667, -6.110160000059165], [106.89240000030507, -6.110159999576329], [106.89238800010033, -6.110160000228787], [106.89238999989153, -6.110170000243874], [106.88966000009228, -6.110090000012178], [106.88773000023679, -6.110019999690187], [106.88485000011855, -6.109940000336275], [106.88369000035242, -6.109899999734247], [106.88287000037778, -6.109880000031272], [106.8827799995505, -6.109920000094858], [106.88273000001035, -6.1099999997089345], [106.88262999999203, -6.110159999843461], [106.88253000039622, -6.110269999684247], [106.88244000044736, -6.110340000252357], [106.88227999986347, -6.110400000117511], [106.8821799999054, -6.110389999569317], [106.88210000038183, -6.110359999741215], [106.8818100000353, -6.110109999889026], [106.88175000042095, -6.110079999600024], [106.88168999961874, -6.110060000092737], [106.88161999965465, -6.11006000007852], [106.88153999961632, -6.1100799995590425], [106.88131999994042, -6.110210000372787], [106.88119000002813, -6.110279999713131], [106.88113000010347, -6.110289999796469], [106.88106999987743, -6.1102800001036615], [106.8809199998275, -6.110119999657926], [106.8806499995877, -6.1098499997444895], [106.88047000003826, -6.109760000186856], [106.88059000028187, -6.109640000399476], [106.88066999982382, -6.1095500000464025], [106.88074000042086, -6.109499999859849], [106.88093000008685, -6.109450000299755], [106.88118000011188, -6.109430000170049], [106.88140999964162, -6.109430000066508], [106.88203999978292, -6.109450000095309]], [[106.88708883666605, -6.141418729781067], [106.88667000000923, -6.142800000310817], [106.88646100044149, -6.143470000250682], [106.88623000029398, -6.144209999933154], [106.88615999956511, -6.144279999880434], [106.88576999993676, -6.145629999712879], [106.88563099978502, -6.146075999579022], [106.88563000031145, -6.146080000331808], [106.88538999968118, -6.146799999783989], [106.8853900003976, -6.146940000380619], [106.88520999963045, -6.147510000256204], [106.88486999982906, -6.148489999764365], [106.8847300003759, -6.148859999933661], [106.8845800003652, -6.1493899995910315], [106.8846200001929, -6.149429999839047], [106.88540000001491, -6.149530000014389], [106.88683000015955, -6.149859999916937], [106.8875900003787, -6.15010999965278], [106.88814999974556, -6.150340000240278], [106.88829999956933, -6.150279999900742], [106.88834000009244, -6.150240000207786], [106.88851999986652, -6.149949999833244], [106.8886899996274, -6.149570000179941]], [[106.8905731337044, -6.142505223576205], [106.89056999963157, -6.14249999966779], [106.88708883666605, -6.141418729781067]], [[106.8886899996274, -6.149570000179941], [106.88869300026609, -6.1495629996358065]], [[106.8886899996274, -6.149570000179941], [106.88870799985483, -6.149527999640385], [106.88921000024591, -6.148359999701573], [106.88930999965655, -6.148049999580602], [106.8893599996394, -6.147940000098375], [106.8895100001047, -6.147700000086055], [106.88963999970716, -6.147389999692451]], [[106.88963999970716, -6.147389999692451], [106.88987900026113, -6.146444000280031], [106.8899018179471, -6.14635363637653]], [[106.88963999970716, -6.147389999692451], [106.8899018179471, -6.14635363637653]], [[106.8899018179471, -6.14635363637653], [106.8900000000134, -6.145965000395222], [106.89013000005298, -6.145450000095316]], [[106.8899018179471, -6.14635363637653], [106.89013000005298, -6.145450000095316]], [[106.89013000005298, -6.145450000095316], [106.8901700004123, -6.145179999971259], [106.89019999967175, -6.145029999632274], [106.89036000019779, -6.143950000129192]], [[106.89036000019779, -6.143950000129192], [106.89048000025475, -6.142970000218393]], [[106.89036000019779, -6.143950000129192], [106.89047671372778, -6.142967652927897]], [[106.89047671372778, -6.142967652927897], [106.89047671727413, -6.142967633928356]], [[106.89047671727413, -6.142967633928356], [106.89041199958889, -6.142921000077745], [106.89040999966451, -6.142919999932257], [106.89047671372778, -6.142967652927897]], [[106.89047671372778, -6.142967652927897], [106.89048000025475, -6.142970000218393]], [[106.89047671727413, -6.142967633928356], [106.89048000007544, -6.142939999850221], [106.89048099959895, -6.1429350000225], [106.89048999998955, -6.142887999784011], [106.89049464156903, -6.142888308866593]], [[106.89048000025475, -6.142970000218393], [106.89047671727413, -6.142967633928356]], [[106.89048000025475, -6.142970000218393], [106.89049399966919, -6.142892000039243], [106.89049464156903, -6.142888308866593]], [[106.89049464156903, -6.142888308866593], [106.8905499999752, -6.142570000402838], [106.8905731337044, -6.142505223576205]], [[106.89049464156903, -6.142888308866593], [106.89051999994561, -6.142890000380671], [106.890600000029, -6.142550000309927], [106.8905731337044, -6.142505223576205]], [[106.8905731337044, -6.142505223576205], [106.89060000022332, -6.142429999744539], [106.89068999971731, -6.1419899995905745], [106.89074999970768, -6.1418099995741064], [106.89075000015207, -6.141730000105087], [106.89092999968376, -6.140980000261931], [106.89112000030913, -6.140140000223713], [106.89199000040462, -6.1363700004157815], [106.89200999959596, -6.135480000427129], [106.89194999974372, -6.1349399999819285], [106.89191999965361, -6.134360000013328], [106.89195999993692, -6.133830000441002], [106.89200000029328, -6.133570000435366], [106.89213000040975, -6.133100000103324], [106.8923560001897, -6.1325420004391615], [106.89243000032037, -6.132360000071253], [106.89267999963609, -6.131859999569958], [106.89319000011754, -6.130960000256629], [106.89329000044599, -6.13064999998987], [106.89346000032634, -6.129950000343166], [106.89351000037476, -6.129560000203726], [106.89351999997197, -6.129280000062571], [106.89347000026105, -6.128509999725454]], [[106.8929700003264, -6.1141600002430465], [106.89297000042271, -6.114159000261025]], [[106.89311000026989, -6.118847999945551], [106.89309999960237, -6.118849999913767], [106.89306000000619, -6.116949999768189], [106.89302899958047, -6.116340000037028], [106.89300000009527, -6.115759999900005], [106.89296999965227, -6.114167000117317], [106.8929700003264, -6.1141600002430465]], [[106.89311000026989, -6.118847999945551], [106.89311000008317, -6.118849999909138]], [[106.89347000026105, -6.128509999725454], [106.89346899984152, -6.128484000138552], [106.89339000041005, -6.126310000400476], [106.89338000036841, -6.125539999652885], [106.89331000037923, -6.12413000032757], [106.89329599971131, -6.123670999611952], [106.89326000044477, -6.12242999986716], [106.89320000004346, -6.121400000285714], [106.89315000000079, -6.120409999834286], [106.89311999979083, -6.119120000324053], [106.89311000026989, -6.118847999945551]], [[106.89347000026105, -6.128509999725454], [106.8934699997935, -6.128504999822402]]]}, "properties": {"id": "tj-k12", "corridor_id": "K12", "corridor_no": 12, "corridor_nos": ",12,", "name": "Koridor 12", "route_name": "Koridor 12", "endpoint": "Pluit - Tanjung Priok", "from_name": "Pluit", "to_name": "Tanjung Priok", "ruas": "Pluit > Jl. Jembatan Tiga Raya > Jl. Pluit Selatan Raya > Jl. Pluit Timur Raya > Jl. Gedong Panjang > Jl. Kopi > Kota Tua > Jl. Mangga Dua Raya > Jl. Gunung Sahari Raya > Jl. Angkasa > Jl. HBR Motik > Jl. Danau Sunter Barat > Jl. Danau Sunter Utara > Sunter Kelapa Gading > Jl. Laksamana Yos Sudarso > Plumpang > Walikota Jakarta Utara > Jl. Enggano > Tanjung Priok", "mode": "TransJakarta", "status": "existing", "status_label": "Jaringan saat ini", "source": "Jakarta Satu / Jaklingko Rute_TJ FeatureServer", "source_type": "official", "source_url": "https://jakartasatu.jakarta.go.id/server/rest/services/Jaklingko/Rute_TJ/FeatureServer/3", "operator": "TransJakarta", "length_km": 53.37, "geometry_type": "road", "has_toll": false, "color": "#5865C7", "notes": "Poros operasional Penjaringan–Sunter; jaringan penuh sampai Tanjung Priok.", "stop_count": 26}}, {"type": "Feature", "id": "tj-k13", "geometry": {"type": "MultiLineString", "coordinates": [[[106.809200000011, -6.239109690126472], [106.8091999998969, -6.2391999997055825], [106.8077729996485, -6.239249999580511], [106.80776999985855, -6.239249999931558], [106.8070999997193, -6.2392900001035585], [106.80675000032552, -6.239339999654514], [106.80655999998058, -6.239400000157655], [106.80574000040244, -6.239719999634961], [106.8051800003914, -6.239910000429779], [106.80503000027736, -6.239929999751731], [106.80382999955327, -6.239939999725489], [106.8028699995822, -6.239939999690713], [106.80254000028701, -6.239950000338128], [106.80201000012858, -6.2399400002035925], [106.80093000009781, -6.239970000319665], [106.79842999979121, -6.239960000378948], [106.79842799998802, -6.239970000272844], [106.79841999988884, -6.239969999565132], [106.79494000030226, -6.239950000371698], [106.79457999976935, -6.239950000357584], [106.79425999999769, -6.240000000128439], [106.79394000030095, -6.240129999582575], [106.7937999998399, -6.24025000026003], [106.7935499998439, -6.240540000445561], [106.79304999992587, -6.241509999839206], [106.79293000011086, -6.241660000209769], [106.79281000005875, -6.241759999840441], [106.79228999999344, -6.241930000230494], [106.79178999977358, -6.242050000085496], [106.79164999973298, -6.242050000080705], [106.79075999963499, -6.242000000393261], [106.79075599977195, -6.241999000403065], [106.79074999988487, -6.242000000050496], [106.7903600001236, -6.241939999896386], [106.79008999979595, -6.2418399996260145], [106.78985999979743, -6.241659999693184], [106.78946999989708, -6.241239999912385], [106.7893699998301, -6.24117000010708], [106.78915000039099, -6.241050000353327], [106.7889499998843, -6.240989999719127], [106.78777999979695, -6.240829999630012], [106.78766000012996, -6.240810000376875], [106.78751999956377, -6.24076000011376], [106.78733999992811, -6.2406299998145665], [106.78652000004796, -6.239759999766615], [106.7863100000517, -6.2395699999834315], [106.78622000029071, -6.239540000354845], [106.78606999990006, -6.239520000219761], [106.78552600008761, -6.239499999626948], [106.78552000043214, -6.2395000000762355], [106.78491999954848, -6.2394599998969715], [106.78408000015708, -6.2393000001542696], [106.78312000023395, -6.238989999869344], [106.78289999972293, -6.238940000410163], [106.78090000021929, -6.238740000249162], [106.78070999988887, -6.238689999616073], [106.78040000030262, -6.238509999760492], [106.78029999982927, -6.238469999829597], [106.78015000040901, -6.238449999661173], [106.77809000037502, -6.238370000345782], [106.77752400002389, -6.238359999725519], [106.77752299977999, -6.2383600003884], [106.77751999994274, -6.2383599996614105], [106.77737999981707, -6.238360000101659], [106.77711000043799, -6.238299999918632], [106.77697000005166, -6.238219999653921], [106.77683000010158, -6.2381200003189425], [106.77628999998, -6.237519999917413], [106.77619000023832, -6.237460000034254], [106.77598999993695, -6.237380000060245], [106.77587999962095, -6.23736000022761], [106.7756899998004, -6.237350000088605], [106.77550999970299, -6.237380000413036], [106.77542000019353, -6.237419999798179], [106.77532999998571, -6.237469999596138], [106.7747300002582, -6.23808999960811], [106.77463000030696, -6.238149999997043], [106.77448999995043, -6.238189999549985], [106.77121400041887, -6.238109999776118], [106.77121000032605, -6.238109999663505], [106.76979999959461, -6.238059999565793], [106.7677900000993, -6.237959999894588], [106.76541000014767, -6.237860000037658], [106.76477999959057, -6.237830000084943], [106.7643399998366, -6.23781999963699], [106.7640999998697, -6.237830000062211], [106.76400999977936, -6.237859999990292], [106.76371999982692, -6.2380500000648835], [106.76354000039083, -6.238149999937433], [106.76329000033022, -6.238169999644879], [106.76311999976576, -6.238120000230572], [106.76295000017598, -6.238020000119866], [106.76263999980577, -6.23776999993417], [106.76244999979146, -6.237700000180528], [106.76065699983556, -6.237580000447681], [106.76064999986725, -6.237580000333543], [106.75959999958013, -6.237499999831659], [106.758819999934, -6.237419999991253], [106.75878699983288, -6.237413000399247], [106.75852700006679, -6.2372540003315935], [106.75837800013653, -6.237132000439146], [106.75786600024088, -6.236491999713127], [106.75763700005497, -6.236287999948428], [106.75742900025567, -6.236171999646697], [106.75692700013632, -6.235987000378698], [106.75636700036317, -6.235782000212978], [106.75602600020729, -6.2356869996361555], [106.75574700000466, -6.235713000241227], [106.75548400032169, -6.235883000210089], [106.7549590003495, -6.236224000232704], [106.75495000012009, -6.236220000158311], [106.75470000008595, -6.236360000190984], [106.75413000034312, -6.236560000022461], [106.75361999956226, -6.236690000249431], [106.75324000037403, -6.236760000054426], [106.75293999996076, -6.236780000202741], [106.75259999980398, -6.236769999604235], [106.75054999978869, -6.2366399998764175], [106.74940999957535, -6.2365900002822], [106.74813999997686, -6.2365600002223545], [106.74758300041229, -6.236479999749228], [106.74757999963722, -6.236479999755812], [106.74723000022297, -6.2364300002651945], [106.74708000004074, -6.236410000102136], [106.74695999980628, -6.236380000223002], [106.74679999975191, -6.236359999672341], [106.74641999972359, -6.236340000415036], [106.74613000023683, -6.236350000033485], [106.74517000002274, -6.236500000121062], [106.74511999968948, -6.236500000259412], [106.74470999979408, -6.236499999939254], [106.74398000043689, -6.236480000378695], [106.74354000037609, -6.236440000233773], [106.74326000000524, -6.236409999919216], [106.74310000006129, -6.236360000046692], [106.74239999965265, -6.235909999940024], [106.74200000004316, -6.235639999701448], [106.74186999997188, -6.235570000258428], [106.7417600002221, -6.235529999762487], [106.74092000003758, -6.235360000129249], [106.74033000033988, -6.235300000280483], [106.7399299998456, -6.235249999695905], [106.73957999973962, -6.235179999799228], [106.73938999967037, -6.235129999968491], [106.73917000010913, -6.2350200004384355], [106.73906999958014, -6.234960000330569], [106.7389599997917, -6.234850000279636], [106.73888000005518, -6.234769999808592], [106.73869999967127, -6.234340000238666], [106.73865000018645, -6.2342499995822855], [106.73855999990926, -6.234150000034058], [106.73849000004975, -6.234109999684231], [106.73840000045185, -6.23407000017987], [106.73824000002804, -6.2340099996951714], [106.73639000006635, -6.233599999722657], [106.73562999958149, -6.233399999779501], [106.73449999966503, -6.23306999976218], [106.73324999993135, -6.232819999662217], [106.73221999997845, -6.232610000367057], [106.73093999968586, -6.232330000355873], [106.73031999971786, -6.232180000111229], [106.72949999956165, -6.231989999599996], [106.72907999959168, -6.231889999615773], [106.72843000005301, -6.231719999851325], [106.7271400002436, -6.231359999633001], [106.72694000043546, -6.231339999548574], [106.72684999968394, -6.23134000041432], [106.72672999961104, -6.231359999584391], [106.72613999970285, -6.231510000096499], [106.72585999976016, -6.231549999740036], [106.7257400001456, -6.231550000050471], [106.72547999990411, -6.231529999563158], [106.72528999967327, -6.231499999805347], [106.72522000027108, -6.231490000279015], [106.72511999985916, -6.231450000079038], [106.72501000005472, -6.231379999759449], [106.72490999989914, -6.231289999682822], [106.72487000042858, -6.231229999797658], [106.7248300000646, -6.231169999909791], [106.72455999989252, -6.230420000196145], [106.724539999767, -6.230390000226949], [106.72449000025826, -6.2303800002657255], [106.72440999967263, -6.230400000097785], [106.72425000040133, -6.2304500004163765], [106.72396999956835, -6.2305600001836545], [106.72387999993573, -6.230580000081588], [106.72374999984692, -6.23059999959611], [106.72360999964145, -6.230599999629449], [106.72353000034343, -6.230580000174911], [106.7234799998014, -6.2305600003289845], [106.72340000009662, -6.23049999987506], [106.72336999983098, -6.2304399996883495], [106.72334999996019, -6.230340000201902], [106.72335999965378, -6.230049999761172], [106.7233699998396, -6.229989999977435], [106.72339999977298, -6.229929999949736], [106.72350999978607, -6.22980000038749], [106.72352000035723, -6.22977999977314], [106.72351000008446, -6.229739999825662], [106.72348000027375, -6.229719999707015], [106.72306000035043, -6.2296300002329446], [106.72231999976214, -6.2294999999765714], [106.72150000039932, -6.229389999762212], [106.72111000002332, -6.22925000020021], [106.72058000024708, -6.229010000431657], [106.72044999987382, -6.228949999693202], [106.72000999994034, -6.228590000003743], [106.71982000034768, -6.228459999779171], [106.71953000020606, -6.228220000128798], [106.71929999959356, -6.22808999980756], [106.71921999976242, -6.228049999920868], [106.71894999985348, -6.227949999886246], [106.71847000028365, -6.227779999573082], [106.71835000018201, -6.227760000137707], [106.71804000004423, -6.22773000016575], [106.71671000025694, -6.227689999552342], [106.71654999972291, -6.227680000352328], [106.71603000002395, -6.227550000400115], [106.71564000040703, -6.227440000034825], [106.71479000013547, -6.2271599998070855], [106.71442800013686, -6.227024999584522], [106.7131100003637, -6.226499999823652], [106.71247999969513, -6.226229999621796], [106.71230000015561, -6.22611000041724], [106.71131000032715, -6.225099999732814], [106.71122999979684, -6.225040000438856], [106.71102999999042, -6.224940000057161], [106.71081000006254, -6.224869999776169], [106.71065000036003, -6.224839999703621], [106.71026999992549, -6.224790000157282], [106.70912000008418, -6.224709999555913], [106.70885000012716, -6.224729999921648], [106.70882000006517, -6.224489999803293], [106.70885999998096, -6.224199999800669], [106.70900599974853, -6.223611999863725], [106.7090000003835, -6.223629999877361]], [[106.70910000027308, -6.223639999757464], [106.70904999994883, -6.223829999969207], [106.70897000003104, -6.224199999990048], [106.70894999988849, -6.22439999971759], [106.70895999991644, -6.224479999751165], [106.70898000020273, -6.224540000224213], [106.70899999999226, -6.224580000055649], [106.70905000003275, -6.224630000284435], [106.71066999975967, -6.224750000353495], [106.71081999959112, -6.224780000284278], [106.71105999990174, -6.224859999799037], [106.71124999999056, -6.224950000185228], [106.7114400001145, -6.225099999619658], [106.71170999991948, -6.22537999986301], [106.71208999980821, -6.225819999691758], [106.71234000037197, -6.226049999932171], [106.71251000016336, -6.226160000076645], [106.71266999974468, -6.226229999747202], [106.71373000014502, -6.2266499999952885], [106.71481000041568, -6.227090000147085], [106.7153999999817, -6.227299999590007], [106.71585000042995, -6.2274200002096185], [106.71637999981532, -6.2275600002403255], [106.71657999965763, -6.227599999971915], [106.71670999962988, -6.22761999985535], [106.71729999970785, -6.227619999574822], [106.71805999987211, -6.227649999771228], [106.71823000016353, -6.227660000303818], [106.71843000000338, -6.227690000369896], [106.71855000008165, -6.227719999609023], [106.71897000043971, -6.227870000394746], [106.71941999968203, -6.228059999927504], [106.7195499997745, -6.228129999923172], [106.71969999967803, -6.228230000132045], [106.72003000026761, -6.2284800001761], [106.72047000021338, -6.228870000199816], [106.72056000017996, -6.228930000291461], [106.72064000020839, -6.228969999908911], [106.7211500000496, -6.229180000360375], [106.72145000043842, -6.229290000342191], [106.72154000031107, -6.229310000102279], [106.72168000045149, -6.22933000031594], [106.72246999998843, -6.229429999871592], [106.72309000022385, -6.229560000424035], [106.72421999966745, -6.229809999925292], [106.72431999994465, -6.229869999977889], [106.72436999987401, -6.229920000022661], [106.72455999976658, -6.230189999682619], [106.72458999975849, -6.230220000410955], [106.72464000040158, -6.2302499999347996], [106.72468999989628, -6.2302599998844554], [106.72485000032592, -6.230239999714314], [106.72516999980525, -6.230169999892564], [106.72523999966045, -6.230159999906537], [106.72529999991397, -6.230169999636041], [106.72540999965341, -6.230190000141757], [106.72550999980712, -6.2302300003483415], [106.7256399998636, -6.230289999593648], [106.72583000005274, -6.230410000071509], [106.72593000041111, -6.230520000440986], [106.72599999997918, -6.230609999944041], [106.7260999996879, -6.23078999961527], [106.72617000042989, -6.230950000231543], [106.72627000008113, -6.231230000321062], [106.72631999989119, -6.231310000328488], [106.7263500000338, -6.231340000006034], [106.72638999973994, -6.2313499999421795], [106.72644999995678, -6.23134999972118], [106.72686000016822, -6.231269999989062], [106.72701000019688, -6.23126999974983], [106.7271800003335, -6.231290000418639], [106.72739999987274, -6.2313599997655755], [106.72789000008375, -6.231489999997265], [106.729019999947, -6.231789999810061], [106.72963000026739, -6.231929999592076], [106.7310499997987, -6.232280000329727], [106.73451000022051, -6.232979999996176], [106.73503000014774, -6.23312000040693], [106.73549000006557, -6.23325999973609], [106.73636000041073, -6.2335000000273775], [106.73824999980054, -6.233940000366418], [106.73833999986992, -6.233970000190542], [106.73845000009818, -6.234009999754259], [106.73853000022334, -6.234060000298683], [106.73861000035862, -6.234109999922465], [106.73868000013994, -6.234169999677891], [106.73873999990528, -6.234269999606511], [106.73887000029721, -6.2345999997418335], [106.73898999999582, -6.234819999816494], [106.73906999975411, -6.234900000263921], [106.73926000043714, -6.235029999716874], [106.73941000044132, -6.235090000227578], [106.73949999983245, -6.2351199997823405], [106.7395699999223, -6.235139999619722], [106.73993999982375, -6.2351699997832934], [106.74083999998761, -6.235280000061619], [106.74094000020315, -6.2352900003586], [106.74178999972527, -6.235470000090165], [106.74204000030768, -6.23558000041709], [106.74231000012608, -6.23576999982747], [106.74290999974158, -6.23616999972129], [106.7430700003426, -6.236269999920502], [106.74315999959708, -6.236310000232012], [106.74326999994257, -6.236339999766778], [106.7435400003811, -6.236369999720616], [106.74404000024849, -6.236419999894794], [106.7451199996709, -6.236450000063495], [106.7461099998076, -6.236289999559185], [106.7465300000184, -6.2362900000455666], [106.74692000019205, -6.236299999865196], [106.74709000009241, -6.236319999777766], [106.74723999966353, -6.236330000280547], [106.74760000009573, -6.23637000040309], [106.74816000030799, -6.236449999976268], [106.7484199996201, -6.236479999772457], [106.74852000040421, -6.236470000108887], [106.74991999982466, -6.236490000122125], [106.75126999989831, -6.23655000020233], [106.75260000010037, -6.236630000146707], [106.75283999987468, -6.2366399998129385], [106.75312000033198, -6.236629999918524], [106.75344000031656, -6.236610000046746], [106.7537199998207, -6.236549999873239], [106.75435999958036, -6.236349999761031], [106.75463999978416, -6.2362299995876995], [106.75486999996177, -6.236099999823167], [106.75540999980612, -6.235759999722034], [106.75559999961773, -6.235670000374716], [106.7556900004084, -6.235630000421019], [106.75578999976942, -6.2356099998409515], [106.75591000023563, -6.235609999656114], [106.75603000038406, -6.2356299995903814], [106.75628999956339, -6.235720000435428], [106.75720000003885, -6.236019999587829], [106.7574299998991, -6.236119999952277], [106.75763999982757, -6.236249999735315], [106.75779000027448, -6.23635999961775], [106.75801999955604, -6.236610000129415], [106.75821999980134, -6.236840000102545], [106.75844000027732, -6.237119999951479], [106.75848999991746, -6.2371599996742635], [106.7585900003215, -6.237219999882201], [106.758690000033, -6.237259999950743], [106.75883999989867, -6.237289999836887], [106.75977000019867, -6.2373899996950595], [106.76051000032069, -6.237460000162801], [106.76067000020092, -6.2374599998283]], [[106.76067000020092, -6.2374599998283], [106.76066999991377, -6.237509999615282]], [[106.76067000020092, -6.2374599998283], [106.76230000005948, -6.237599999784274], [106.7624800003234, -6.237619999870626], [106.76258000024988, -6.237639999924398], [106.76268000010698, -6.237700000105084], [106.76278999978372, -6.2377699998373926], [106.76301999989806, -6.237950000237155], [106.76316999983239, -6.238039999874127], [106.76322999964692, -6.238059999839962], [106.76337999965388, -6.2380900001033295], [106.76345000020474, -6.238080000370651], [106.76352999966426, -6.2380600001251585], [106.76367999963496, -6.237989999982854], [106.7637900002858, -6.237890000277737], [106.76385999986296, -6.237840000380598], [106.76394000013278, -6.23777999996332], [106.76405999963202, -6.237729999897628], [106.7641399998965, -6.2377099995776515], [106.76461999974966, -6.23772999962574], [106.76471999962588, -6.237730000096207], [106.76479000001083, -6.237700000154404], [106.7654200004077, -6.23773000013895], [106.76692000042591, -6.23779000028615], [106.76840999998906, -6.237869999806748], [106.76897000007762, -6.2378900002942705], [106.76981000042846, -6.237920000336625], [106.7707400001817, -6.237939999846686], [106.77121999972445, -6.237960000073244], [106.7719699997126, -6.238000000364335], [106.77328000029085, -6.238050000346666], [106.7744599996924, -6.238100000026077], [106.77451999986093, -6.2380900000151716], [106.7746300000044, -6.238050000263028], [106.77469999997359, -6.23800000010756], [106.77521999963594, -6.237449999623892], [106.7753300002717, -6.237360000377086], [106.77543999994549, -6.237310000094462], [106.77555000004119, -6.2372799997309825], [106.77578999966748, -6.2372600001223635], [106.77596000020255, -6.237280000257686], [106.77606999982822, -6.237309999593829], [106.77619999964995, -6.237369999634533], [106.77628000032148, -6.237410000112874], [106.77640000002047, -6.237490000282023], [106.77685999978151, -6.238030000286333], [106.77692999979675, -6.238100000333606], [106.77700999971209, -6.238139999751666], [106.77714999955805, -6.238200000091891], [106.77734000009691, -6.238230000429341], [106.77752000008653, -6.238229999754007], [106.77752299992, -6.238229999577022], [106.77818000044782, -6.238260000380535], [106.77838999983098, -6.2383000001185565], [106.77878000006699, -6.238310000145919], [106.77921000009698, -6.238349999793512], [106.78022000027832, -6.238390000316671], [106.78032000041085, -6.23841999987481], [106.78041999997053, -6.238459999807282], [106.78064999997333, -6.238589999608163], [106.78080000016588, -6.2386599997691805], [106.78088999971452, -6.23868999955206], [106.78243999964302, -6.238849999622931], [106.78296000023786, -6.238900000119077], [106.78318000035348, -6.238940000082089], [106.78343000029933, -6.239020000238309], [106.78379000019312, -6.239150000303547], [106.78411000018889, -6.239229999884775], [106.7847400003467, -6.2393399996698315], [106.78495999983049, -6.239340000032041], [106.7849810000077, -6.239334000065086], [106.785099999792, -6.239299999640351], [106.7854800002027, -6.2393199997822135], [106.78597200026752, -6.239345999817709], [106.78628299994786, -6.239442000118071], [106.7871249997224, -6.24026799960126], [106.78737800008514, -6.240545999836736], [106.78753900044045, -6.240668000147625], [106.78766700032506, -6.240732000061181], [106.78791400002403, -6.240785999681831], [106.78865399987838, -6.240886999926142], [106.78894399986967, -6.240914000279486], [106.78921199964485, -6.240982999827009], [106.7894479998829, -6.241154000285435], [106.78983399975986, -6.241495000143758], [106.7899950003772, -6.241714000063471], [106.79010800041851, -6.241782999762347], [106.7903279995747, -6.2417780001337535], [106.79032999984817, -6.241749999611257], [106.79076000008244, -6.2417899996193595], [106.79096999995315, -6.241819999653072], [106.79127000044876, -6.241920000425044], [106.79149000008643, -6.241949999656876], [106.79165999989905, -6.2419600001174365], [106.7918199997463, -6.241950000438606], [106.79194000004523, -6.241930000006406], [106.7923400003443, -6.241800000218665], [106.79260000007551, -6.2417099999083705], [106.7927399998771, -6.241629999778025], [106.79281999969592, -6.241570000258209], [106.79292000025599, -6.241470000028917], [106.79299000012433, -6.241360000367905], [106.7930400001958, -6.241260000426363], [106.79321000007498, -6.240949999976921], [106.79345000025525, -6.2404499999761605], [106.79351999959458, -6.24034999973191], [106.79370999999053, -6.240160000130342], [106.79385000014497, -6.240049999800724], [106.79394999989053, -6.239989999892697], [106.79410999987905, -6.2399199995804775], [106.79425000040898, -6.239879999616458], [106.7944300002595, -6.239850000174299], [106.79457000011374, -6.2398299998720645], [106.79494999993595, -6.239829999562391], [106.79750999981427, -6.239830000117915], [106.79839999973576, -6.23980999981169], [106.798438999972, -6.239810000440742], [106.79844000020728, -6.239809999737335], [106.79982999955617, -6.239800000230092], [106.8014000003729, -6.239800000093439], [106.80252999962767, -6.239780000048451], [106.80427000043757, -6.239820000027797], [106.80463999959318, -6.2398149997234125], [106.8052410000385, -6.239820999670911], [106.80540700009048, -6.239778000003109], [106.80624999975663, -6.239469000117804], [106.80676999989151, -6.239270999823563], [106.80723099990517, -6.239186000069372], [106.80780000033067, -6.239149000243408], [106.80804699987092, -6.239138000189563], [106.808277000371, -6.239154000277691], [106.809200000011, -6.239109690126472]], [[106.809200000011, -6.239109690126472], [106.81183899957544, -6.238982999572436], [106.81233300002717, -6.238934999586364], [106.81328800041223, -6.238775000212932], [106.81350775707246, -6.238748528743951]], [[106.81350775707246, -6.238748528743951], [106.81344000041308, -6.238720000114715], [106.81340000034966, -6.238720000401074], [106.81258000012268, -6.238840000117473], [106.81195999964429, -6.238910000291595], [106.80920000032366, -6.239059999965006], [106.809200000011, -6.239109690126472]], [[106.81350775707246, -6.238748528743951], [106.8137279995977, -6.238722000361367], [106.81399600008227, -6.2387110003326365], [106.81424800019589, -6.238738000033793], [106.81480099968549, -6.238829000073385], [106.8152620001535, -6.238892999551245], [106.81543400039516, -6.238903000049122], [106.81566400010735, -6.2388610002076215], [106.81620300012634, -6.238840000362782], [106.81620000034951, -6.238839999857035], [106.81632000028196, -6.238829999950077], [106.81647999988895, -6.2387899998019085], [106.8167199995605, -6.238759999645317], [106.81716999967293, -6.238740000239611], [106.81730000019104, -6.2387500003674194], [106.81749999981388, -6.238800000202964], [106.81767000004768, -6.238859999699031], [106.81799999965178, -6.239010000135732], [106.81820000035343, -6.239130000085061], [106.81856000018138, -6.239370000373849], [106.81874000005006, -6.239480000202188], [106.8192099999682, -6.239779999946979], [106.81952000015156, -6.239970000241176], [106.820139999652, -6.2403700004475215], [106.82031999991008, -6.240470000262347], [106.82047000039121, -6.240509999575007], [106.82059000001331, -6.240530000045276], [106.8207100001472, -6.240530000130453], [106.82075000038738, -6.240540000328505], [106.82110999992405, -6.2404999996953965], [106.82201999985097, -6.24032999973641], [106.82313000014523, -6.240150000195245], [106.8233899998746, -6.240149999596804], [106.82403999975968, -6.240089999749094], [106.82437000030464, -6.240080000159921], [106.82651999990513, -6.240100000307935], [106.82791999981332, -6.240100000413758], [106.82807000037242, -6.240119999861597], [106.82977000031318, -6.240139999830331], [106.8303099997009, -6.240119999932184], [106.8306299996553, -6.240090000216091], [106.83085999980352, -6.240089999860863], [106.8310699998881, -6.240039999634271], [106.83116000008293, -6.2399999999380045], [106.83134000002595, -6.239910000393754], [106.83138999978473, -6.239899999987751], [106.83143000044997, -6.239900000113184], [106.8314999998676, -6.239930000232906], [106.8315300000327, -6.239950000104922], [106.83154999970034, -6.23998999973049], [106.83155999988301, -6.240029999776393], [106.83156000007494, -6.240080000363081], [106.83154999997453, -6.240110000235678], [106.8315199995853, -6.240129999935062], [106.83145000032084, -6.240150000415939], [106.83123000026977, -6.240210000429785], [106.830970000079, -6.240239999852919]], [[106.83093700035653, -6.240243999817597], [106.83092999964106, -6.240270000061721], [106.829900000067, -6.240259999876587], [106.82924000001226, -6.240229999719549], [106.827849999956, -6.240220000024938], [106.82749000043786, -6.240170000197654], [106.82437000007639, -6.240140000197444], [106.82404000039772, -6.240149999794414], [106.8236300001898, -6.2402100003802], [106.82331999995819, -6.240279999970585], [106.82190000018677, -6.240469999605931], [106.82098000037334, -6.240639999662504], [106.82080000035918, -6.24065000025529], [106.8204400002003, -6.240620000371846], [106.82025999990236, -6.2405699997071675], [106.82004999984078, -6.240460000320079], [106.8197200002987, -6.24023000014843], [106.81874000038586, -6.239620000116653], [106.81823000035187, -6.239289999927548], [106.81787999958564, -6.23906999958367], [106.81763999986433, -6.238950000095261], [106.81745000038025, -6.238879999793869], [106.81731000016892, -6.238859999662815], [106.81702000043454, -6.238839999812632], [106.81667999998088, -6.2388799998581455], [106.81624200023374, -6.238960000302365], [106.81624100000674, -6.238960000134967], [106.81623999977975, -6.238959999967554], [106.81591000031504, -6.238990000124845], [106.81563000007714, -6.238989999804452], [106.81536000017482, -6.238979999921876], [106.81416000017224, -6.2388099999775255], [106.81362999976646, -6.238800000442542], [106.81350775707246, -6.238748528743951]]]}, "properties": {"id": "tj-k13", "corridor_id": "K13", "corridor_no": 13, "corridor_nos": ",13,", "name": "Koridor 13", "route_name": "Koridor 13", "endpoint": "Ciledug / Puri Beta - Tegal Mampang", "from_name": "Ciledug / Puri Beta", "to_name": "Tegal Mampang", "ruas": "Ciledug / Puri Beta > Jl. Ciledug Raya > Jl. Kebayoran Lama > Cipulir > Jl. Kyai Maja > Jl. Sisingamangaraja > Jl. Trunojoyo > Jl. Wolter Monginsidi > Jl. Kapten Tendean > Tegal Mampang", "mode": "TransJakarta", "status": "existing", "status_label": "Jaringan saat ini", "source": "Jakarta Satu / Jaklingko Rute_TJ FeatureServer", "source_type": "official", "source_url": "https://jakartasatu.jakarta.go.id/server/rest/services/Jaklingko/Rute_TJ/FeatureServer/3", "operator": "TransJakarta", "length_km": 29.2, "geometry_type": "elevated", "has_toll": false, "color": "#5865C7", "stop_count": 15}}, {"type": "Feature", "id": "tj-k14", "geometry": {"type": "MultiLineString", "coordinates": [[[106.85030394902265, -6.152723801175466], [106.85215000032038, -6.152429999998758], [106.85285000007426, -6.152319999675264], [106.854226999677, -6.152100000442889], [106.85422999980044, -6.152099999970885], [106.85535000033036, -6.151929999978089], [106.85568000000784, -6.151849999668736], [106.85623000036647, -6.151750000304266], [106.85651000037666, -6.151669999748897], [106.8566500001783, -6.151590000295597], [106.85677000033273, -6.151469999798183], [106.85777999960438, -6.1497700003170985], [106.85827000017392, -6.148870000266858], [106.85832000037867, -6.14880999994925], [106.85836000001544, -6.148790000057786], [106.85814000026106, -6.147680000166657], [106.85799900023797, -6.146877000189007], [106.85799999983946, -6.14688000033123], [106.85748999994826, -6.144070000221599], [106.85695999955517, -6.141210000238522], [106.8569599998513, -6.141208000235412], [106.85659999963052, -6.139369999783345], [106.85625999979551, -6.137189999771511], [106.8556599996112, -6.13405999997135], [106.85529000007347, -6.131860000319558], [106.85511999969629, -6.130990000156954], [106.85490999984984, -6.12986000011427], [106.85487000014244, -6.129220000379886], [106.85485999990094, -6.12846000044911], [106.85487000033135, -6.127889999602084], [106.85480999960534, -6.127500000016862], [106.85482999999422, -6.127350000035642], [106.85489000010809, -6.127240000107625], [106.85495000013718, -6.127170000285145], [106.85506000008752, -6.127110000177856], [106.85508199996626, -6.127110000004762], [106.85526800027536, -6.126919999678242], [106.85585899957613, -6.126735999981724]], [[106.85030394902265, -6.152723801175466], [106.84979999990007, -6.149889999718592], [106.84959999991787, -6.1489999998797], [106.8495200003702, -6.148800000084152], [106.84950999997584, -6.148760000148227], [106.84950999967488, -6.148430000330333], [106.84926999966127, -6.147149999941245], [106.84913999996247, -6.146309999659307], [106.84905999958585, -6.145939999618238], [106.848999999996, -6.145879999803017], [106.84898999975758, -6.145839999825169], [106.84895999977014, -6.145800000311502], [106.84891000033357, -6.145639999708849], [106.84887000034723, -6.1455700002537], [106.84878999962615, -6.145159999858242], [106.84868000014102, -6.1450399998611855], [106.84862999993113, -6.144969999683756], [106.84860999958252, -6.1448899996841595], [106.84859000033656, -6.144819999733711], [106.84849999973021, -6.144260000368539], [106.84853000042668, -6.144200000285699], [106.84860999990337, -6.14414000002919], [106.84853000007891, -6.14363999984632], [106.84824000043915, -6.142160000024195], [106.84819000039353, -6.142020000193878], [106.84811999961894, -6.141920000076636], [106.84788000010211, -6.14189000000893], [106.84782000034231, -6.141890000245212], [106.84605000011761, -6.142170000309261], [106.84584000033914, -6.142220000328489], [106.84542999988717, -6.142389999623399], [106.84539000012002, -6.142429999604329], [106.84535000000133, -6.142440000266157], [106.8444099999604, -6.144100000150655], [106.84401999957053, -6.1448499997183745], [106.84398000023572, -6.144870000416286], [106.84366999991484, -6.145440000164767], [106.84357000040995, -6.145569999838516], [106.84328000031668, -6.145879999839411], [106.84308999973729, -6.146070000226194], [106.84295999960041, -6.146180000062586], [106.8427700001567, -6.146319999957897], [106.84241000021153, -6.1465299996862806], [106.84212999966442, -6.146660000369258], [106.84157000027366, -6.146849999846572], [106.83934999955467, -6.14752000011108], [106.83897000033882, -6.147629999901674], [106.83868000017165, -6.147739999925893], [106.83836000034584, -6.147829999740458], [106.83823999982769, -6.147879999926298], [106.83825999988719, -6.147959999828782], [106.83827000041533, -6.148029999660097], [106.83827000005698, -6.14803199968364], [106.83828999963563, -6.148139999895401], [106.83828000041234, -6.148330000248351], [106.83833999963656, -6.148459999604988], [106.83891000041119, -6.148880000171134], [106.83978999970114, -6.149509999628122], [106.84038000014215, -6.149980000081319], [106.8410699999002, -6.150460000379154], [106.84121999956764, -6.150569999741067], [106.8412999998063, -6.150589999914964], [106.84134999957148, -6.150610000427373], [106.84163000001818, -6.1508300000197655], [106.84244000000734, -6.151379999678315], [106.84274000001554, -6.1515699996977835], [106.84322999962008, -6.151929999732375], [106.8434399997027, -6.15207000020568], [106.84423000023713, -6.152619999965183], [106.84495000033931, -6.153099999850258], [106.84507000014548, -6.153169999777689], [106.84519999977428, -6.153200000083669], [106.84533999971914, -6.1532200000758035], [106.84563999985471, -6.153220000143905], [106.84647999962449, -6.15312000005856], [106.84666000030508, -6.1531299996253095], [106.84667999965644, -6.15322999980144], [106.84685999966278, -6.153250000257477], [106.84837999991207, -6.153030000126358], [106.85030394902265, -6.152723801175466]], [[106.85187999991564, -6.174330000332084], [106.85196999973324, -6.1724800002939455], [106.85204999994826, -6.17137000007646], [106.85205000030787, -6.171361000050385], [106.85238000010798, -6.164650000179816], [106.8526200004186, -6.164089999840933], [106.85291000002293, -6.163580000351211], [106.85291000032642, -6.163540000248395], [106.85286999988483, -6.163499999958269], [106.85242000007514, -6.163179999875728], [106.85217000032519, -6.162949999941344], [106.85214000036743, -6.162650000205389], [106.85170000014855, -6.160330000336997], [106.85166000022024, -6.160239999684299], [106.85157000041089, -6.160049999587844], [106.85159999996665, -6.159820000438747], [106.85157000027806, -6.1595799997924265], [106.85144000001883, -6.158898000233764], [106.8514399997219, -6.158900000241831], [106.85095999987108, -6.156390000081226], [106.85093999976972, -6.156300000389913], [106.85088000035222, -6.156180000074489], [106.8507699996619, -6.156010000264789], [106.85075999983773, -6.155910000188157], [106.85076000018188, -6.155859999987246], [106.85079999997163, -6.1556599997107435], [106.85078999991006, -6.155520000378643], [106.85069999978973, -6.154950000047275], [106.85048999995574, -6.153769999883756], [106.85030394902265, -6.152723801175466]], [[106.85187999991564, -6.174330000332084], [106.85187999970718, -6.174325000319024]], [[106.85588000038497, -6.1267299996092], [106.85586999954894, -6.126729999868276], [106.85592999960306, -6.126710000094651], [106.8562510002369, -6.1267380001155605], [106.85629299984605, -6.126819000428668], [106.85586000026763, -6.126959999707531], [106.8555600000105, -6.1270700003582785], [106.85526999966511, -6.127269999946154], [106.85519000000072, -6.127350000312671], [106.85510999957413, -6.127479999898952], [106.85501000034526, -6.127790000433696], [106.85497999980667, -6.127969999829441], [106.85498000030881, -6.12836999995372], [106.85500999964157, -6.129450000137996], [106.85504999980444, -6.129820000035831], [106.85526000012494, -6.130959999963385], [106.85586000008534, -6.134330000007646], [106.85602000003414, -6.1351800003406805], [106.85616999987704, -6.136190000123977], [106.85709000028349, -6.141198000087723], [106.85708999998783, -6.141200000090672], [106.85812900016454, -6.146854000288898], [106.85813000024187, -6.1468600004296245], [106.85836000021605, -6.148290000049548], [106.85846000022596, -6.148780000314073], [106.85849000027864, -6.148869999929254], [106.85842000004233, -6.148900000210729], [106.85837000035049, -6.148949999630793], [106.85826999986945, -6.149160000282243], [106.85764000037307, -6.1502200000133005], [106.85673000004479, -6.151669999796027], [106.85658000001987, -6.151849999771949], [106.85642999982196, -6.151979999686547], [106.85625999995277, -6.152070000345862], [106.85522000027622, -6.152179999973445], [106.85473000040926, -6.152169999629079], [106.85425200001418, -6.152239999830292], [106.85424999993243, -6.152240000446592], [106.85261999966242, -6.1525099999354085], [106.85233000004423, -6.152640000146931], [106.85097000036079, -6.152860000380298], [106.85075000024678, -6.152920000157193], [106.85071000036429, -6.152989999858198], [106.85066999961258, -6.1531599999758635], [106.85072999956078, -6.153579999859257], [106.8507700001983, -6.1537300001331845], [106.85095999966539, -6.154850000417334], [106.8508799999767, -6.1551200004250575], [106.85093000031081, -6.155480000230736], [106.85100999962769, -6.155749999588323], [106.85109000028858, -6.155940000406528], [106.85111000036794, -6.156149999640884], [106.85120999993944, -6.156799999654342], [106.85141999969294, -6.157799999757721], [106.8515990001014, -6.1588659997500415], [106.85159999956502, -6.158869999910985], [106.85177999991896, -6.159860000390291], [106.85185000007421, -6.159959999974036], [106.85186000018783, -6.1599999997379875], [106.85186000006267, -6.160049999900676], [106.85181000042039, -6.160120000148311], [106.85201999982799, -6.161039999839726], [106.85234999994076, -6.162849999873209], [106.8524300003039, -6.163019999932863], [106.85254000009205, -6.163169999627206], [106.85324000027843, -6.163649999691865], [106.85320999961328, -6.163730000215098], [106.85271999999357, -6.164529999671986], [106.85266999994663, -6.164640000187892], [106.85264000015567, -6.164769999943663], [106.85256999963151, -6.166349999768183], [106.85248999990328, -6.167109999681571], [106.85245000036518, -6.168579999825995], [106.85236999956226, -6.169979999698766], [106.85234999986729, -6.171371999680093], [106.85234999965256, -6.171379999701584], [106.85233000019464, -6.171960000272013], [106.85219000005866, -6.17414000039841], [106.85218000020599, -6.174739999686515], [106.85124999986587, -6.1747999996583225], [106.85028999959037, -6.174830000115949], [106.84867999958243, -6.1749300004186445], [106.84824000013454, -6.174990000448643], [106.84743000028907, -6.175050000251261], [106.84721999965718, -6.1750199996000426], [106.84699999970414, -6.175010000226933], [106.84571999959837, -6.175099999806738], [106.84555999972005, -6.175129999888627], [106.8453399998223, -6.175219999562741], [106.84522000043012, -6.17530000037394], [106.84514999979893, -6.175370000390515], [106.84415000038459, -6.1767199997549165], [106.84393999998005, -6.177049999586737], [106.84384999995676, -6.177189999759228], [106.84358999961208, -6.1775100001385095], [106.8434299999704, -6.1776499997252685], [106.84259999993803, -6.1782700002756945], [106.84258999986683, -6.178269999664464], [106.84245400035803, -6.178379999785278], [106.84231500038386, -6.178443999973374], [106.84215399999971, -6.178443999891599], [106.84199799976898, -6.178352999787474], [106.84182000017496, -6.178139999774588], [106.84181499971946, -6.178133999865649], [106.84167999975891, -6.177979999604497], [106.84075000023832, -6.176890000189354], [106.84019699965636, -6.176279000384989], [106.8401999997795, -6.176279999961077], [106.84006999993063, -6.176139999920738], [106.8395099998973, -6.175469999969566], [106.83909999969835, -6.175040000065887], [106.8386800002037, -6.1745600002435], [106.83839999986294, -6.174190000144187], [106.83828999983514, -6.17402999968767], [106.8382000000616, -6.173879999823779], [106.83809000035329, -6.1737900000145585], [106.83761999956, -6.172629999650748], [106.83758000016157, -6.17254000025834], [106.83728999969755, -6.171860000320772], [106.83710999979384, -6.171399999868397], [106.83698999957156, -6.171049999601351], [106.83796999989941, -6.170619999604554], [106.83836999971348, -6.170429999991834], [106.83894000039005, -6.17014999984394], [106.83913999997593, -6.170029999553477], [106.83949000031865, -6.169860000443442], [106.83964999983561, -6.169790000355205], [106.83984999989745, -6.169720000359395], [106.83992000009609, -6.169709999806089], [106.84002000005741, -6.169699999559357], [106.84009999977421, -6.169719999975698], [106.84015999980934, -6.169960000130104], [106.84035000035756, -6.170680000235783], [106.8406400000242, -6.171860000299131], [106.84088999974323, -6.172849999924734], [106.84111000025587, -6.173680000256641], [106.84123000002191, -6.174179999893497], [106.84144999970914, -6.174980000382252], [106.84158000002189, -6.175539999985493], [106.84167999971338, -6.175750000050856], [106.8417099996563, -6.175860000182243], [106.8418299995886, -6.176450000078665], [106.84206800022662, -6.177707999841807], [106.84218599968834, -6.17813399957668], [106.8424200002867, -6.17817200022306], [106.84248000033764, -6.178109999809205], [106.84267000007743, -6.177950000269528], [106.84278600025124, -6.1778750000874245], [106.84330000029355, -6.177555000258207], [106.84377199996119, -6.177046999705162], [106.8444569995737, -6.176194000397124], [106.84518800015904, -6.175187000327841], [106.84539000029416, -6.175031000342603], [106.84550000006128, -6.174990000089951], [106.84567999988917, -6.174960000277096], [106.84713000027146, -6.1748700002334305], [106.84757999988312, -6.17486000009909], [106.84899999986189, -6.174739999713657], [106.85187999971302, -6.174519999951391], [106.85187999991564, -6.174330000332084]]]}, "properties": {"id": "tj-k14", "corridor_id": "K14", "corridor_no": 14, "corridor_nos": ",14,", "name": "Koridor 14", "route_name": "Koridor 14", "endpoint": "JIS - Senen", "from_name": "JIS", "to_name": "Senen", "ruas": "JIS > Jembatan Item > Jl. Danau Sunter Utara > Danau Agung > Jl. Landasan Pacu > JIExpo Kemayoran > Kemayoran > Tanah Tinggi > Pasar Senen > Jl. Senen Raya > Senen", "mode": "TransJakarta", "status": "existing", "status_label": "Jaringan saat ini", "source": "Jakarta Satu / Jaklingko Rute_TJ FeatureServer", "source_type": "official", "source_url": "https://jakartasatu.jakarta.go.id/server/rest/services/Jaklingko/Rute_TJ/FeatureServer/3", "operator": "TransJakarta", "length_km": 21.39, "geometry_type": "road", "has_toll": false, "color": "#5865C7", "stop_count": 9}}]}