{"type": "FeatureCollection", "crs": {"type": "name", "properties": {"name": "EPSG:4326"}}, "features": [{"type": "Feature", "id": "CAS-TJ06-V01", "geometry": {"type": "Point", "coordinates": [106.72602, -6.2306]}, "properties": {"id": "CAS-TJ06-V01", "route_id": "CAS-TJ06", "route_name": "Puri Beta – Monas", "from_name": "Puri Beta", "to_name": "Monas", "route_order": 6, "network_type": "BRT_TRUNK", "plan_type": "NEW_TRUNK", "mode": "transjakarta", "status": "PROPOSED", "status_label": "Usulan CASCADE", "existing": "NO", "parent_route": "", "cascade_status": "NEW_TRUNK", "existing_transjakarta": "PARTIAL", "geometry_confidence": "HIGH", "road_alignment_confidence": "HIGH", "alignment_confidence": "HIGH", "alignment_type": "MIXED_TRAFFIC", "bus_lane": "NOT_ASSUMED", "planning_note": "Audit ulang. Puri Beta–Ciledug–Joglo–Pos Pengumben–Tubun–Thamrin–Monas. Bukan Puri Indah. Bukan jalur TJ07 (Kebon Sirih/Slipi/Kemanggisan).", "osm_alias": {"Dr Soetomo (akses Puri Beta)": "Jalan Ciledug Raya"}, "source": "CASCADE.txt + user road-intent 2026-09-11", "source_type": "ROAD_TRACE", "geometry_source": "OSM named arterials (roads.geojson + nominatim extras) + existing TJ centreline where overlapping", "color": "#D62F7F", "crs": "EPSG:4326", "disclaimer": "Usulan jaringan BRT CASCADE. Bukan rute resmi TransJakarta. Bukan gambar DED.", "updated_at": "2026-09-11", "vertex_id": "CAS-TJ06-V01", "vertex_order": 1, "name": "Puri Beta", "vertex_type": "ENDPOINT", "road_name": "TJ-K13"}}, {"type": "Feature", "id": "CAS-TJ06-V02", "geometry": {"type": "Point", "coordinates": [106.72965493305722, -6.231936145013001]}, "properties": {"id": "CAS-TJ06-V02", "route_id": "CAS-TJ06", "route_name": "Puri Beta – Monas", "from_name": "Puri Beta", "to_name": "Monas", "route_order": 6, "network_type": "BRT_TRUNK", "plan_type": "NEW_TRUNK", "mode": "transjakarta", "status": "PROPOSED", "status_label": "Usulan CASCADE", "existing": "NO", "parent_route": "", "cascade_status": "NEW_TRUNK", "existing_transjakarta": "PARTIAL", "geometry_confidence": "HIGH", "road_alignment_confidence": "HIGH", "alignment_confidence": "HIGH", "alignment_type": "MIXED_TRAFFIC", "bus_lane": "NOT_ASSUMED", "planning_note": "Audit ulang. Puri Beta–Ciledug–Joglo–Pos Pengumben–Tubun–Thamrin–Monas. Bukan Puri Indah. Bukan jalur TJ07 (Kebon Sirih/Slipi/Kemanggisan).", "osm_alias": {"Dr Soetomo (akses Puri Beta)": "Jalan Ciledug Raya"}, "source": "CASCADE.txt + user road-intent 2026-09-11", "source_type": "ROAD_TRACE", "geometry_source": "OSM named arterials (roads.geojson + nominatim extras) + existing TJ centreline where overlapping", "color": "#D62F7F", "crs": "EPSG:4326", "disclaimer": "Usulan jaringan BRT CASCADE. Bukan rute resmi TransJakarta. Bukan gambar DED.", "updated_at": "2026-09-11", "vertex_id": "CAS-TJ06-V02", "vertex_order": 2, "name": "Dr Soetomo", "vertex_type": "ROAD_CHANGE", "road_name": "Jalan Ciledug Raya"}}, {"type": "Feature", "id": "CAS-TJ06-V03", "geometry": {"type": "Point", "coordinates": [106.73692396871854, -6.23363672009122]}, "properties": {"id": "CAS-TJ06-V03", "route_id": "CAS-TJ06", "route_name": "Puri Beta – Monas", "from_name": "Puri Beta", "to_name": "Monas", "route_order": 6, "network_type": "BRT_TRUNK", "plan_type": "NEW_TRUNK", "mode": "transjakarta", "status": "PROPOSED", "status_label": "Usulan CASCADE", "existing": "NO", "parent_route": "", "cascade_status": "NEW_TRUNK", "existing_transjakarta": "PARTIAL", "geometry_confidence": "HIGH", "road_alignment_confidence": "HIGH", "alignment_confidence": "HIGH", "alignment_type": "MIXED_TRAFFIC", "bus_lane": "NOT_ASSUMED", "planning_note": "Audit ulang. Puri Beta–Ciledug–Joglo–Pos Pengumben–Tubun–Thamrin–Monas. Bukan Puri Indah. Bukan jalur TJ07 (Kebon Sirih/Slipi/Kemanggisan).", "osm_alias": {"Dr Soetomo (akses Puri Beta)": "Jalan Ciledug Raya"}, "source": "CASCADE.txt + user road-intent 2026-09-11", "source_type": "ROAD_TRACE", "geometry_source": "OSM named arterials (roads.geojson + nominatim extras) + existing TJ centreline where overlapping", "color": "#D62F7F", "crs": "EPSG:4326", "disclaimer": "Usulan jaringan BRT CASCADE. Bukan rute resmi TransJakarta. Bukan gambar DED.", "updated_at": "2026-09-11", "vertex_id": "CAS-TJ06-V03", "vertex_order": 3, "name": "Simpang Joglo", "vertex_type": "ROAD_CHANGE", "road_name": "Jalan Joglo Raya"}}, {"type": "Feature", "id": "CAS-TJ06-V04", "geometry": {"type": "Point", "coordinates": [106.738809, -6.217706]}, "properties": {"id": "CAS-TJ06-V04", "route_id": "CAS-TJ06", "route_name": "Puri Beta – Monas", "from_name": "Puri Beta", "to_name": "Monas", "route_order": 6, "network_type": "BRT_TRUNK", "plan_type": "NEW_TRUNK", "mode": "transjakarta", "status": "PROPOSED", "status_label": "Usulan CASCADE", "existing": "NO", "parent_route": "", "cascade_status": "NEW_TRUNK", "existing_transjakarta": "PARTIAL", "geometry_confidence": "HIGH", "road_alignment_confidence": "HIGH", "alignment_confidence": "HIGH", "alignment_type": "MIXED_TRAFFIC", "bus_lane": "NOT_ASSUMED", "planning_note": "Audit ulang. Puri Beta–Ciledug–Joglo–Pos Pengumben–Tubun–Thamrin–Monas. Bukan Puri Indah. Bukan jalur TJ07 (Kebon Sirih/Slipi/Kemanggisan).", "osm_alias": {"Dr Soetomo (akses Puri Beta)": "Jalan Ciledug Raya"}, "source": "CASCADE.txt + user road-intent 2026-09-11", "source_type": "ROAD_TRACE", "geometry_source": "OSM named arterials (roads.geojson + nominatim extras) + existing TJ centreline where overlapping", "color": "#D62F7F", "crs": "EPSG:4326", "disclaimer": "Usulan jaringan BRT CASCADE. Bukan rute resmi TransJakarta. Bukan gambar DED.", "updated_at": "2026-09-11", "vertex_id": "CAS-TJ06-V04", "vertex_order": 4, "name": "Joglo Raya", "vertex_type": "ROAD_CHANGE", "road_name": "Jalan Raya Pos Pengumben"}}, {"type": "Feature", "id": "CAS-TJ06-V05", "geometry": {"type": "Point", "coordinates": [106.7602919725393, -6.2174206704715775]}, "properties": {"id": "CAS-TJ06-V05", "route_id": "CAS-TJ06", "route_name": "Puri Beta – Monas", "from_name": "Puri Beta", "to_name": "Monas", "route_order": 6, "network_type": "BRT_TRUNK", "plan_type": "NEW_TRUNK", "mode": "transjakarta", "status": "PROPOSED", "status_label": "Usulan CASCADE", "existing": "NO", "parent_route": "", "cascade_status": "NEW_TRUNK", "existing_transjakarta": "PARTIAL", "geometry_confidence": "HIGH", "road_alignment_confidence": "HIGH", "alignment_confidence": "HIGH", "alignment_type": "MIXED_TRAFFIC", "bus_lane": "NOT_ASSUMED", "planning_note": "Audit ulang. Puri Beta–Ciledug–Joglo–Pos Pengumben–Tubun–Thamrin–Monas. Bukan Puri Indah. Bukan jalur TJ07 (Kebon Sirih/Slipi/Kemanggisan).", "osm_alias": {"Dr Soetomo (akses Puri Beta)": "Jalan Ciledug Raya"}, "source": "CASCADE.txt + user road-intent 2026-09-11", "source_type": "ROAD_TRACE", "geometry_source": "OSM named arterials (roads.geojson + nominatim extras) + existing TJ centreline where overlapping", "color": "#D62F7F", "crs": "EPSG:4326", "disclaimer": "Usulan jaringan BRT CASCADE. Bukan rute resmi TransJakarta. Bukan gambar DED.", "updated_at": "2026-09-11", "vertex_id": "CAS-TJ06-V05", "vertex_order": 5, "name": "Joglo Timur", "vertex_type": "ROAD_CHANGE", "road_name": "Jalan Raya Pos Pengumben"}}, {"type": "Feature", "id": "CAS-TJ06-V06", "geometry": {"type": "Point", "coordinates": [106.76941295844725, -6.216498611359614]}, "properties": {"id": "CAS-TJ06-V06", "route_id": "CAS-TJ06", "route_name": "Puri Beta – Monas", "from_name": "Puri Beta", "to_name": "Monas", "route_order": 6, "network_type": "BRT_TRUNK", "plan_type": "NEW_TRUNK", "mode": "transjakarta", "status": "PROPOSED", "status_label": "Usulan CASCADE", "existing": "NO", "parent_route": "", "cascade_status": "NEW_TRUNK", "existing_transjakarta": "PARTIAL", "geometry_confidence": "HIGH", "road_alignment_confidence": "HIGH", "alignment_confidence": "HIGH", "alignment_type": "MIXED_TRAFFIC", "bus_lane": "NOT_ASSUMED", "planning_note": "Audit ulang. Puri Beta–Ciledug–Joglo–Pos Pengumben–Tubun–Thamrin–Monas. Bukan Puri Indah. Bukan jalur TJ07 (Kebon Sirih/Slipi/Kemanggisan).", "osm_alias": {"Dr Soetomo (akses Puri Beta)": "Jalan Ciledug Raya"}, "source": "CASCADE.txt + user road-intent 2026-09-11", "source_type": "ROAD_TRACE", "geometry_source": "OSM named arterials (roads.geojson + nominatim extras) + existing TJ centreline where overlapping", "color": "#D62F7F", "crs": "EPSG:4326", "disclaimer": "Usulan jaringan BRT CASCADE. Bukan rute resmi TransJakarta. Bukan gambar DED.", "updated_at": "2026-09-11", "vertex_id": "CAS-TJ06-V06", "vertex_order": 6, "name": "Kelapa Dua Joglo", "vertex_type": "ROAD_CHANGE", "road_name": "Jalan Kelapa Dua Raya"}}, {"type": "Feature", "id": "CAS-TJ06-V07", "geometry": {"type": "Point", "coordinates": [106.77226, -6.21294]}, "properties": {"id": "CAS-TJ06-V07", "route_id": "CAS-TJ06", "route_name": "Puri Beta – Monas", "from_name": "Puri Beta", "to_name": "Monas", "route_order": 6, "network_type": "BRT_TRUNK", "plan_type": "NEW_TRUNK", "mode": "transjakarta", "status": "PROPOSED", "status_label": "Usulan CASCADE", "existing": "NO", "parent_route": "", "cascade_status": "NEW_TRUNK", "existing_transjakarta": "PARTIAL", "geometry_confidence": "HIGH", "road_alignment_confidence": "HIGH", "alignment_confidence": "HIGH", "alignment_type": "MIXED_TRAFFIC", "bus_lane": "NOT_ASSUMED", "planning_note": "Audit ulang. Puri Beta–Ciledug–Joglo–Pos Pengumben–Tubun–Thamrin–Monas. Bukan Puri Indah. Bukan jalur TJ07 (Kebon Sirih/Slipi/Kemanggisan).", "osm_alias": {"Dr Soetomo (akses Puri Beta)": "Jalan Ciledug Raya"}, "source": "CASCADE.txt + user road-intent 2026-09-11", "source_type": "ROAD_TRACE", "geometry_source": "OSM named arterials (roads.geojson + nominatim extras) + existing TJ centreline where overlapping", "color": "#D62F7F", "crs": "EPSG:4326", "disclaimer": "Usulan jaringan BRT CASCADE. Bukan rute resmi TransJakarta. Bukan gambar DED.", "updated_at": "2026-09-11", "vertex_id": "CAS-TJ06-V07", "vertex_order": 7, "name": "Pos Pengumben", "vertex_type": "ROAD_CHANGE", "road_name": "Jalan Arteri Pos Pengumben"}}, {"type": "Feature", "id": "CAS-TJ06-V08", "geometry": {"type": "Point", "coordinates": [106.7845, -6.205]}, "properties": {"id": "CAS-TJ06-V08", "route_id": "CAS-TJ06", "route_name": "Puri Beta – Monas", "from_name": "Puri Beta", "to_name": "Monas", "route_order": 6, "network_type": "BRT_TRUNK", "plan_type": "NEW_TRUNK", "mode": "transjakarta", "status": "PROPOSED", "status_label": "Usulan CASCADE", "existing": "NO", "parent_route": "", "cascade_status": "NEW_TRUNK", "existing_transjakarta": "PARTIAL", "geometry_confidence": "HIGH", "road_alignment_confidence": "HIGH", "alignment_confidence": "HIGH", "alignment_type": "MIXED_TRAFFIC", "bus_lane": "NOT_ASSUMED", "planning_note": "Audit ulang. Puri Beta–Ciledug–Joglo–Pos Pengumben–Tubun–Thamrin–Monas. Bukan Puri Indah. Bukan jalur TJ07 (Kebon Sirih/Slipi/Kemanggisan).", "osm_alias": {"Dr Soetomo (akses Puri Beta)": "Jalan Ciledug Raya"}, "source": "CASCADE.txt + user road-intent 2026-09-11", "source_type": "ROAD_TRACE", "geometry_source": "OSM named arterials (roads.geojson + nominatim extras) + existing TJ centreline where overlapping", "color": "#D62F7F", "crs": "EPSG:4326", "disclaimer": "Usulan jaringan BRT CASCADE. Bukan rute resmi TransJakarta. Bukan gambar DED.", "updated_at": "2026-09-11", "vertex_id": "CAS-TJ06-V08", "vertex_order": 8, "name": "Permata Hijau", "vertex_type": "ROAD_CHANGE", "road_name": "Jalan Letnan Jenderal Siswondo Parman"}}, {"type": "Feature", "id": "CAS-TJ06-V09", "geometry": {"type": "Point", "coordinates": [106.79990020589642, -6.200600362105772]}, "properties": {"id": "CAS-TJ06-V09", "route_id": "CAS-TJ06", "route_name": "Puri Beta – Monas", "from_name": "Puri Beta", "to_name": "Monas", "route_order": 6, "network_type": "BRT_TRUNK", "plan_type": "NEW_TRUNK", "mode": "transjakarta", "status": "PROPOSED", "status_label": "Usulan CASCADE", "existing": "NO", "parent_route": "", "cascade_status": "NEW_TRUNK", "existing_transjakarta": "PARTIAL", "geometry_confidence": "HIGH", "road_alignment_confidence": "HIGH", "alignment_confidence": "HIGH", "alignment_type": "MIXED_TRAFFIC", "bus_lane": "NOT_ASSUMED", "planning_note": "Audit ulang. Puri Beta–Ciledug–Joglo–Pos Pengumben–Tubun–Thamrin–Monas. Bukan Puri Indah. Bukan jalur TJ07 (Kebon Sirih/Slipi/Kemanggisan).", "osm_alias": {"Dr Soetomo (akses Puri Beta)": "Jalan Ciledug Raya"}, "source": "CASCADE.txt + user road-intent 2026-09-11", "source_type": "ROAD_TRACE", "geometry_source": "OSM named arterials (roads.geojson + nominatim extras) + existing TJ centreline where overlapping", "color": "#D62F7F", "crs": "EPSG:4326", "disclaimer": "Usulan jaringan BRT CASCADE. Bukan rute resmi TransJakarta. Bukan gambar DED.", "updated_at": "2026-09-11", "vertex_id": "CAS-TJ06-V09", "vertex_order": 9, "name": "Palmerah", "vertex_type": "ROAD_CHANGE", "road_name": "Jalan Aipda Karel Satsuit Tubun"}}, {"type": "Feature", "id": "CAS-TJ06-V10", "geometry": {"type": "Point", "coordinates": [106.80583168373421, -6.192170715074877]}, "properties": {"id": "CAS-TJ06-V10", "route_id": "CAS-TJ06", "route_name": "Puri Beta – Monas", "from_name": "Puri Beta", "to_name": "Monas", "route_order": 6, "network_type": "BRT_TRUNK", "plan_type": "NEW_TRUNK", "mode": "transjakarta", "status": "PROPOSED", "status_label": "Usulan CASCADE", "existing": "NO", "parent_route": "", "cascade_status": "NEW_TRUNK", "existing_transjakarta": "PARTIAL", "geometry_confidence": "HIGH", "road_alignment_confidence": "HIGH", "alignment_confidence": "HIGH", "alignment_type": "MIXED_TRAFFIC", "bus_lane": "NOT_ASSUMED", "planning_note": "Audit ulang. Puri Beta–Ciledug–Joglo–Pos Pengumben–Tubun–Thamrin–Monas. Bukan Puri Indah. Bukan jalur TJ07 (Kebon Sirih/Slipi/Kemanggisan).", "osm_alias": {"Dr Soetomo (akses Puri Beta)": "Jalan Ciledug Raya"}, "source": "CASCADE.txt + user road-intent 2026-09-11", "source_type": "ROAD_TRACE", "geometry_source": "OSM named arterials (roads.geojson + nominatim extras) + existing TJ centreline where overlapping", "color": "#D62F7F", "crs": "EPSG:4326", "disclaimer": "Usulan jaringan BRT CASCADE. Bukan rute resmi TransJakarta. Bukan gambar DED.", "updated_at": "2026-09-11", "vertex_id": "CAS-TJ06-V10", "vertex_order": 10, "name": "Petamburan", "vertex_type": "ROAD_CHANGE", "road_name": "Jalan Aipda Karel Satsuit Tubun"}}, {"type": "Feature", "id": "CAS-TJ06-V11", "geometry": {"type": "Point", "coordinates": [106.8103424, -6.1888204]}, "properties": {"id": "CAS-TJ06-V11", "route_id": "CAS-TJ06", "route_name": "Puri Beta – Monas", "from_name": "Puri Beta", "to_name": "Monas", "route_order": 6, "network_type": "BRT_TRUNK", "plan_type": "NEW_TRUNK", "mode": "transjakarta", "status": "PROPOSED", "status_label": "Usulan CASCADE", "existing": "NO", "parent_route": "", "cascade_status": "NEW_TRUNK", "existing_transjakarta": "PARTIAL", "geometry_confidence": "HIGH", "road_alignment_confidence": "HIGH", "alignment_confidence": "HIGH", "alignment_type": "MIXED_TRAFFIC", "bus_lane": "NOT_ASSUMED", "planning_note": "Audit ulang. Puri Beta–Ciledug–Joglo–Pos Pengumben–Tubun–Thamrin–Monas. Bukan Puri Indah. Bukan jalur TJ07 (Kebon Sirih/Slipi/Kemanggisan).", "osm_alias": {"Dr Soetomo (akses Puri Beta)": "Jalan Ciledug Raya"}, "source": "CASCADE.txt + user road-intent 2026-09-11", "source_type": "ROAD_TRACE", "geometry_source": "OSM named arterials (roads.geojson + nominatim extras) + existing TJ centreline where overlapping", "color": "#D62F7F", "crs": "EPSG:4326", "disclaimer": "Usulan jaringan BRT CASCADE. Bukan rute resmi TransJakarta. Bukan gambar DED.", "updated_at": "2026-09-11", "vertex_id": "CAS-TJ06-V11", "vertex_order": 11, "name": "Tanah Abang", "vertex_type": "ROAD_CHANGE", "road_name": "Jalan Mohammad Husni Thamrin"}}, {"type": "Feature", "id": "CAS-TJ06-V12", "geometry": {"type": "Point", "coordinates": [106.82271, -6.17641]}, "properties": {"id": "CAS-TJ06-V12", "route_id": "CAS-TJ06", "route_name": "Puri Beta – Monas", "from_name": "Puri Beta", "to_name": "Monas", "route_order": 6, "network_type": "BRT_TRUNK", "plan_type": "NEW_TRUNK", "mode": "transjakarta", "status": "PROPOSED", "status_label": "Usulan CASCADE", "existing": "NO", "parent_route": "", "cascade_status": "NEW_TRUNK", "existing_transjakarta": "PARTIAL", "geometry_confidence": "HIGH", "road_alignment_confidence": "HIGH", "alignment_confidence": "HIGH", "alignment_type": "MIXED_TRAFFIC", "bus_lane": "NOT_ASSUMED", "planning_note": "Audit ulang. Puri Beta–Ciledug–Joglo–Pos Pengumben–Tubun–Thamrin–Monas. Bukan Puri Indah. Bukan jalur TJ07 (Kebon Sirih/Slipi/Kemanggisan).", "osm_alias": {"Dr Soetomo (akses Puri Beta)": "Jalan Ciledug Raya"}, "source": "CASCADE.txt + user road-intent 2026-09-11", "source_type": "ROAD_TRACE", "geometry_source": "OSM named arterials (roads.geojson + nominatim extras) + existing TJ centreline where overlapping", "color": "#D62F7F", "crs": "EPSG:4326", "disclaimer": "Usulan jaringan BRT CASCADE. Bukan rute resmi TransJakarta. Bukan gambar DED.", "updated_at": "2026-09-11", "vertex_id": "CAS-TJ06-V12", "vertex_order": 12, "name": "Monas", "vertex_type": "ENDPOINT", "road_name": "Jalan Mohammad Husni Thamrin"}}, {"type": "Feature", "id": "CAS-TJ07-V01", "geometry": {"type": "Point", "coordinates": [106.82271, -6.17641]}, "properties": {"id": "CAS-TJ07-V01", "route_id": "CAS-TJ07", "route_name": "Monas – Puri Beta via Joglo", "from_name": "Monas", "to_name": "Puri Beta", "route_order": 7, "network_type": "BRT_TRUNK", "plan_type": "NEW_TRUNK", "mode": "transjakarta", "status": "PROPOSED", "status_label": "Usulan CASCADE", "existing": "NO", "parent_route": "", "cascade_status": "NEW_TRUNK", "existing_transjakarta": "PARTIAL", "geometry_confidence": "HIGH", "road_alignment_confidence": "HIGH", "alignment_confidence": "HIGH", "alignment_type": "MIXED_TRAFFIC", "bus_lane": "NOT_ASSUMED", "planning_note": "Monas–Kebon Sirih–Fachrudin–Jatibaru–Slipi–Kemanggisan–Budi–Rawa Belong–Bang Pitung–Pengumben–Joglo–Dr Soetomo–Puri Beta. BUKAN Puri Indah/Meruya/Kembangan/Panjang.", "osm_alias": {"Slipi I": "Jalan Letnan Jenderal Siswondo Parman (ruas Slipi)", "Sakti Raya": "Jalan Kemanggisan Utama (Sakti OSM = gang residensial, bukan arteri)", "Bang Pitung": "Jalan Raya Kebayoran Lama", "Dr Soetomo": "Jalan Ciledug Raya (akses Puri Beta)"}, "source": "CASCADE.txt + user road-intent 2026-09-11", "source_type": "ROAD_TRACE", "geometry_source": "OSM named arterials (roads.geojson + nominatim extras) + existing TJ centreline where overlapping", "color": "#D62F7F", "crs": "EPSG:4326", "disclaimer": "Usulan jaringan BRT CASCADE. Bukan rute resmi TransJakarta. Bukan gambar DED.", "updated_at": "2026-09-11", "vertex_id": "CAS-TJ07-V01", "vertex_order": 1, "name": "Monas", "vertex_type": "ENDPOINT", "road_name": "Jalan Mohammad Husni Thamrin"}}, {"type": "Feature", "id": "CAS-TJ07-V02", "geometry": {"type": "Point", "coordinates": [106.822594, -6.180462]}, "properties": {"id": "CAS-TJ07-V02", "route_id": "CAS-TJ07", "route_name": "Monas – Puri Beta via Joglo", "from_name": "Monas", "to_name": "Puri Beta", "route_order": 7, "network_type": "BRT_TRUNK", "plan_type": "NEW_TRUNK", "mode": "transjakarta", "status": "PROPOSED", "status_label": "Usulan CASCADE", "existing": "NO", "parent_route": "", "cascade_status": "NEW_TRUNK", "existing_transjakarta": "PARTIAL", "geometry_confidence": "HIGH", "road_alignment_confidence": "HIGH", "alignment_confidence": "HIGH", "alignment_type": "MIXED_TRAFFIC", "bus_lane": "NOT_ASSUMED", "planning_note": "Monas–Kebon Sirih–Fachrudin–Jatibaru–Slipi–Kemanggisan–Budi–Rawa Belong–Bang Pitung–Pengumben–Joglo–Dr Soetomo–Puri Beta. BUKAN Puri Indah/Meruya/Kembangan/Panjang.", "osm_alias": {"Slipi I": "Jalan Letnan Jenderal Siswondo Parman (ruas Slipi)", "Sakti Raya": "Jalan Kemanggisan Utama (Sakti OSM = gang residensial, bukan arteri)", "Bang Pitung": "Jalan Raya Kebayoran Lama", "Dr Soetomo": "Jalan Ciledug Raya (akses Puri Beta)"}, "source": "CASCADE.txt + user road-intent 2026-09-11", "source_type": "ROAD_TRACE", "geometry_source": "OSM named arterials (roads.geojson + nominatim extras) + existing TJ centreline where overlapping", "color": "#D62F7F", "crs": "EPSG:4326", "disclaimer": "Usulan jaringan BRT CASCADE. Bukan rute resmi TransJakarta. Bukan gambar DED.", "updated_at": "2026-09-11", "vertex_id": "CAS-TJ07-V02", "vertex_order": 2, "name": "Patung Kuda", "vertex_type": "ROAD_CHANGE", "road_name": "Jalan Mohammad Husni Thamrin"}}, {"type": "Feature", "id": "CAS-TJ07-V03", "geometry": {"type": "Point", "coordinates": [106.82285740368883, -6.1827764273666945]}, "properties": {"id": "CAS-TJ07-V03", "route_id": "CAS-TJ07", "route_name": "Monas – Puri Beta via Joglo", "from_name": "Monas", "to_name": "Puri Beta", "route_order": 7, "network_type": "BRT_TRUNK", "plan_type": "NEW_TRUNK", "mode": "transjakarta", "status": "PROPOSED", "status_label": "Usulan CASCADE", "existing": "NO", "parent_route": "", "cascade_status": "NEW_TRUNK", "existing_transjakarta": "PARTIAL", "geometry_confidence": "HIGH", "road_alignment_confidence": "HIGH", "alignment_confidence": "HIGH", "alignment_type": "MIXED_TRAFFIC", "bus_lane": "NOT_ASSUMED", "planning_note": "Monas–Kebon Sirih–Fachrudin–Jatibaru–Slipi–Kemanggisan–Budi–Rawa Belong–Bang Pitung–Pengumben–Joglo–Dr Soetomo–Puri Beta. BUKAN Puri Indah/Meruya/Kembangan/Panjang.", "osm_alias": {"Slipi I": "Jalan Letnan Jenderal Siswondo Parman (ruas Slipi)", "Sakti Raya": "Jalan Kemanggisan Utama (Sakti OSM = gang residensial, bukan arteri)", "Bang Pitung": "Jalan Raya Kebayoran Lama", "Dr Soetomo": "Jalan Ciledug Raya (akses Puri Beta)"}, "source": "CASCADE.txt + user road-intent 2026-09-11", "source_type": "ROAD_TRACE", "geometry_source": "OSM named arterials (roads.geojson + nominatim extras) + existing TJ centreline where overlapping", "color": "#D62F7F", "crs": "EPSG:4326", "disclaimer": "Usulan jaringan BRT CASCADE. Bukan rute resmi TransJakarta. Bukan gambar DED.", "updated_at": "2026-09-11", "vertex_id": "CAS-TJ07-V03", "vertex_order": 3, "name": "Kebon Sirih", "vertex_type": "ROAD_CHANGE", "road_name": "Jalan Kebon Sirih"}}, {"type": "Feature", "id": "CAS-TJ07-V04", "geometry": {"type": "Point", "coordinates": [106.81450003017218, -6.188400999930676]}, "properties": {"id": "CAS-TJ07-V04", "route_id": "CAS-TJ07", "route_name": "Monas – Puri Beta via Joglo", "from_name": "Monas", "to_name": "Puri Beta", "route_order": 7, "network_type": "BRT_TRUNK", "plan_type": "NEW_TRUNK", "mode": "transjakarta", "status": "PROPOSED", "status_label": "Usulan CASCADE", "existing": "NO", "parent_route": "", "cascade_status": "NEW_TRUNK", "existing_transjakarta": "PARTIAL", "geometry_confidence": "HIGH", "road_alignment_confidence": "HIGH", "alignment_confidence": "HIGH", "alignment_type": "MIXED_TRAFFIC", "bus_lane": "NOT_ASSUMED", "planning_note": "Monas–Kebon Sirih–Fachrudin–Jatibaru–Slipi–Kemanggisan–Budi–Rawa Belong–Bang Pitung–Pengumben–Joglo–Dr Soetomo–Puri Beta. BUKAN Puri Indah/Meruya/Kembangan/Panjang.", "osm_alias": {"Slipi I": "Jalan Letnan Jenderal Siswondo Parman (ruas Slipi)", "Sakti Raya": "Jalan Kemanggisan Utama (Sakti OSM = gang residensial, bukan arteri)", "Bang Pitung": "Jalan Raya Kebayoran Lama", "Dr Soetomo": "Jalan Ciledug Raya (akses Puri Beta)"}, "source": "CASCADE.txt + user road-intent 2026-09-11", "source_type": "ROAD_TRACE", "geometry_source": "OSM named arterials (roads.geojson + nominatim extras) + existing TJ centreline where overlapping", "color": "#D62F7F", "crs": "EPSG:4326", "disclaimer": "Usulan jaringan BRT CASCADE. Bukan rute resmi TransJakarta. Bukan gambar DED.", "updated_at": "2026-09-11", "vertex_id": "CAS-TJ07-V04", "vertex_order": 4, "name": "Fachrudin", "vertex_type": "ROAD_CHANGE", "road_name": "Jalan Haji Fachrudin"}}, {"type": "Feature", "id": "CAS-TJ07-V05", "geometry": {"type": "Point", "coordinates": [106.81134084782208, -6.18475689148574]}, "properties": {"id": "CAS-TJ07-V05", "route_id": "CAS-TJ07", "route_name": "Monas – Puri Beta via Joglo", "from_name": "Monas", "to_name": "Puri Beta", "route_order": 7, "network_type": "BRT_TRUNK", "plan_type": "NEW_TRUNK", "mode": "transjakarta", "status": "PROPOSED", "status_label": "Usulan CASCADE", "existing": "NO", "parent_route": "", "cascade_status": "NEW_TRUNK", "existing_transjakarta": "PARTIAL", "geometry_confidence": "HIGH", "road_alignment_confidence": "HIGH", "alignment_confidence": "HIGH", "alignment_type": "MIXED_TRAFFIC", "bus_lane": "NOT_ASSUMED", "planning_note": "Monas–Kebon Sirih–Fachrudin–Jatibaru–Slipi–Kemanggisan–Budi–Rawa Belong–Bang Pitung–Pengumben–Joglo–Dr Soetomo–Puri Beta. BUKAN Puri Indah/Meruya/Kembangan/Panjang.", "osm_alias": {"Slipi I": "Jalan Letnan Jenderal Siswondo Parman (ruas Slipi)", "Sakti Raya": "Jalan Kemanggisan Utama (Sakti OSM = gang residensial, bukan arteri)", "Bang Pitung": "Jalan Raya Kebayoran Lama", "Dr Soetomo": "Jalan Ciledug Raya (akses Puri Beta)"}, "source": "CASCADE.txt + user road-intent 2026-09-11", "source_type": "ROAD_TRACE", "geometry_source": "OSM named arterials (roads.geojson + nominatim extras) + existing TJ centreline where overlapping", "color": "#D62F7F", "crs": "EPSG:4326", "disclaimer": "Usulan jaringan BRT CASCADE. Bukan rute resmi TransJakarta. Bukan gambar DED.", "updated_at": "2026-09-11", "vertex_id": "CAS-TJ07-V05", "vertex_order": 5, "name": "Jatibaru", "vertex_type": "ROAD_CHANGE", "road_name": "Jalan Jatibaru"}}, {"type": "Feature", "id": "CAS-TJ07-V06", "geometry": {"type": "Point", "coordinates": [106.7973672448569, -6.190569278141293]}, "properties": {"id": "CAS-TJ07-V06", "route_id": "CAS-TJ07", "route_name": "Monas – Puri Beta via Joglo", "from_name": "Monas", "to_name": "Puri Beta", "route_order": 7, "network_type": "BRT_TRUNK", "plan_type": "NEW_TRUNK", "mode": "transjakarta", "status": "PROPOSED", "status_label": "Usulan CASCADE", "existing": "NO", "parent_route": "", "cascade_status": "NEW_TRUNK", "existing_transjakarta": "PARTIAL", "geometry_confidence": "LOW", "road_alignment_confidence": "HIGH", "alignment_confidence": "HIGH", "alignment_type": "MIXED_TRAFFIC", "bus_lane": "NOT_ASSUMED", "planning_note": "Monas–Kebon Sirih–Fachrudin–Jatibaru–Slipi–Kemanggisan–Budi–Rawa Belong–Bang Pitung–Pengumben–Joglo–Dr Soetomo–Puri Beta. BUKAN Puri Indah/Meruya/Kembangan/Panjang.", "osm_alias": {"Slipi I": "Jalan Letnan Jenderal Siswondo Parman (ruas Slipi)", "Sakti Raya": "Jalan Kemanggisan Utama (Sakti OSM = gang residensial, bukan arteri)", "Bang Pitung": "Jalan Raya Kebayoran Lama", "Dr Soetomo": "Jalan Ciledug Raya (akses Puri Beta)"}, "source": "CASCADE.txt + user road-intent 2026-09-11", "source_type": "ROAD_TRACE", "geometry_source": "OSM named arterials (roads.geojson + nominatim extras) + existing TJ centreline where overlapping", "color": "#D62F7F", "crs": "EPSG:4326", "disclaimer": "Usulan jaringan BRT CASCADE. Bukan rute resmi TransJakarta. Bukan gambar DED.", "updated_at": "2026-09-11", "vertex_id": "CAS-TJ07-V06", "vertex_order": 6, "name": "Slipi", "vertex_type": "ROAD_CHANGE", "road_name": "Jalan Letnan Jenderal Siswondo Parman"}}, {"type": "Feature", "id": "CAS-TJ07-V07", "geometry": {"type": "Point", "coordinates": [106.79692131755301, -6.189911060705157]}, "properties": {"id": "CAS-TJ07-V07", "route_id": "CAS-TJ07", "route_name": "Monas – Puri Beta via Joglo", "from_name": "Monas", "to_name": "Puri Beta", "route_order": 7, "network_type": "BRT_TRUNK", "plan_type": "NEW_TRUNK", "mode": "transjakarta", "status": "PROPOSED", "status_label": "Usulan CASCADE", "existing": "NO", "parent_route": "", "cascade_status": "NEW_TRUNK", "existing_transjakarta": "PARTIAL", "geometry_confidence": "HIGH", "road_alignment_confidence": "HIGH", "alignment_confidence": "HIGH", "alignment_type": "MIXED_TRAFFIC", "bus_lane": "NOT_ASSUMED", "planning_note": "Monas–Kebon Sirih–Fachrudin–Jatibaru–Slipi–Kemanggisan–Budi–Rawa Belong–Bang Pitung–Pengumben–Joglo–Dr Soetomo–Puri Beta. BUKAN Puri Indah/Meruya/Kembangan/Panjang.", "osm_alias": {"Slipi I": "Jalan Letnan Jenderal Siswondo Parman (ruas Slipi)", "Sakti Raya": "Jalan Kemanggisan Utama (Sakti OSM = gang residensial, bukan arteri)", "Bang Pitung": "Jalan Raya Kebayoran Lama", "Dr Soetomo": "Jalan Ciledug Raya (akses Puri Beta)"}, "source": "CASCADE.txt + user road-intent 2026-09-11", "source_type": "ROAD_TRACE", "geometry_source": "OSM named arterials (roads.geojson + nominatim extras) + existing TJ centreline where overlapping", "color": "#D62F7F", "crs": "EPSG:4326", "disclaimer": "Usulan jaringan BRT CASCADE. Bukan rute resmi TransJakarta. Bukan gambar DED.", "updated_at": "2026-09-11", "vertex_id": "CAS-TJ07-V07", "vertex_order": 7, "name": "Kemanggisan", "vertex_type": "ROAD_CHANGE", "road_name": "Jalan Kemanggisan Utama"}}, {"type": "Feature", "id": "CAS-TJ07-V08", "geometry": {"type": "Point", "coordinates": [106.78289232116903, -6.189463882681494]}, "properties": {"id": "CAS-TJ07-V08", "route_id": "CAS-TJ07", "route_name": "Monas – Puri Beta via Joglo", "from_name": "Monas", "to_name": "Puri Beta", "route_order": 7, "network_type": "BRT_TRUNK", "plan_type": "NEW_TRUNK", "mode": "transjakarta", "status": "PROPOSED", "status_label": "Usulan CASCADE", "existing": "NO", "parent_route": "", "cascade_status": "NEW_TRUNK", "existing_transjakarta": "PARTIAL", "geometry_confidence": "HIGH", "road_alignment_confidence": "HIGH", "alignment_confidence": "HIGH", "alignment_type": "MIXED_TRAFFIC", "bus_lane": "NOT_ASSUMED", "planning_note": "Monas–Kebon Sirih–Fachrudin–Jatibaru–Slipi–Kemanggisan–Budi–Rawa Belong–Bang Pitung–Pengumben–Joglo–Dr Soetomo–Puri Beta. BUKAN Puri Indah/Meruya/Kembangan/Panjang.", "osm_alias": {"Slipi I": "Jalan Letnan Jenderal Siswondo Parman (ruas Slipi)", "Sakti Raya": "Jalan Kemanggisan Utama (Sakti OSM = gang residensial, bukan arteri)", "Bang Pitung": "Jalan Raya Kebayoran Lama", "Dr Soetomo": "Jalan Ciledug Raya (akses Puri Beta)"}, "source": "CASCADE.txt + user road-intent 2026-09-11", "source_type": "ROAD_TRACE", "geometry_source": "OSM named arterials (roads.geojson + nominatim extras) + existing TJ centreline where overlapping", "color": "#D62F7F", "crs": "EPSG:4326", "disclaimer": "Usulan jaringan BRT CASCADE. Bukan rute resmi TransJakarta. Bukan gambar DED.", "updated_at": "2026-09-11", "vertex_id": "CAS-TJ07-V08", "vertex_order": 8, "name": "Budi Raya", "vertex_type": "ROAD_CHANGE", "road_name": "Jalan Kemanggisan Raya"}}, {"type": "Feature", "id": "CAS-TJ07-V09", "geometry": {"type": "Point", "coordinates": [106.78268531245155, -6.202013314968899]}, "properties": {"id": "CAS-TJ07-V09", "route_id": "CAS-TJ07", "route_name": "Monas – Puri Beta via Joglo", "from_name": "Monas", "to_name": "Puri Beta", "route_order": 7, "network_type": "BRT_TRUNK", "plan_type": "NEW_TRUNK", "mode": "transjakarta", "status": "PROPOSED", "status_label": "Usulan CASCADE", "existing": "NO", "parent_route": "", "cascade_status": "NEW_TRUNK", "existing_transjakarta": "PARTIAL", "geometry_confidence": "HIGH", "road_alignment_confidence": "HIGH", "alignment_confidence": "HIGH", "alignment_type": "MIXED_TRAFFIC", "bus_lane": "NOT_ASSUMED", "planning_note": "Monas–Kebon Sirih–Fachrudin–Jatibaru–Slipi–Kemanggisan–Budi–Rawa Belong–Bang Pitung–Pengumben–Joglo–Dr Soetomo–Puri Beta. BUKAN Puri Indah/Meruya/Kembangan/Panjang.", "osm_alias": {"Slipi I": "Jalan Letnan Jenderal Siswondo Parman (ruas Slipi)", "Sakti Raya": "Jalan Kemanggisan Utama (Sakti OSM = gang residensial, bukan arteri)", "Bang Pitung": "Jalan Raya Kebayoran Lama", "Dr Soetomo": "Jalan Ciledug Raya (akses Puri Beta)"}, "source": "CASCADE.txt + user road-intent 2026-09-11", "source_type": "ROAD_TRACE", "geometry_source": "OSM named arterials (roads.geojson + nominatim extras) + existing TJ centreline where overlapping", "color": "#D62F7F", "crs": "EPSG:4326", "disclaimer": "Usulan jaringan BRT CASCADE. Bukan rute resmi TransJakarta. Bukan gambar DED.", "updated_at": "2026-09-11", "vertex_id": "CAS-TJ07-V09", "vertex_order": 9, "name": "Rawa Belong", "vertex_type": "ROAD_CHANGE", "road_name": "Jalan Raya Kebayoran Lama"}}, {"type": "Feature", "id": "CAS-TJ07-V10", "geometry": {"type": "Point", "coordinates": [106.77807442012232, -6.213650445672971]}, "properties": {"id": "CAS-TJ07-V10", "route_id": "CAS-TJ07", "route_name": "Monas – Puri Beta via Joglo", "from_name": "Monas", "to_name": "Puri Beta", "route_order": 7, "network_type": "BRT_TRUNK", "plan_type": "NEW_TRUNK", "mode": "transjakarta", "status": "PROPOSED", "status_label": "Usulan CASCADE", "existing": "NO", "parent_route": "", "cascade_status": "NEW_TRUNK", "existing_transjakarta": "PARTIAL", "geometry_confidence": "HIGH", "road_alignment_confidence": "HIGH", "alignment_confidence": "HIGH", "alignment_type": "MIXED_TRAFFIC", "bus_lane": "NOT_ASSUMED", "planning_note": "Monas–Kebon Sirih–Fachrudin–Jatibaru–Slipi–Kemanggisan–Budi–Rawa Belong–Bang Pitung–Pengumben–Joglo–Dr Soetomo–Puri Beta. BUKAN Puri Indah/Meruya/Kembangan/Panjang.", "osm_alias": {"Slipi I": "Jalan Letnan Jenderal Siswondo Parman (ruas Slipi)", "Sakti Raya": "Jalan Kemanggisan Utama (Sakti OSM = gang residensial, bukan arteri)", "Bang Pitung": "Jalan Raya Kebayoran Lama", "Dr Soetomo": "Jalan Ciledug Raya (akses Puri Beta)"}, "source": "CASCADE.txt + user road-intent 2026-09-11", "source_type": "ROAD_TRACE", "geometry_source": "OSM named arterials (roads.geojson + nominatim extras) + existing TJ centreline where overlapping", "color": "#D62F7F", "crs": "EPSG:4326", "disclaimer": "Usulan jaringan BRT CASCADE. Bukan rute resmi TransJakarta. Bukan gambar DED.", "updated_at": "2026-09-11", "vertex_id": "CAS-TJ07-V10", "vertex_order": 10, "name": "Bang Pitung", "vertex_type": "ROAD_CHANGE", "road_name": "Jalan Arteri Pos Pengumben"}}, {"type": "Feature", "id": "CAS-TJ07-V11", "geometry": {"type": "Point", "coordinates": [106.77226, -6.21294]}, "properties": {"id": "CAS-TJ07-V11", "route_id": "CAS-TJ07", "route_name": "Monas – Puri Beta via Joglo", "from_name": "Monas", "to_name": "Puri Beta", "route_order": 7, "network_type": "BRT_TRUNK", "plan_type": "NEW_TRUNK", "mode": "transjakarta", "status": "PROPOSED", "status_label": "Usulan CASCADE", "existing": "NO", "parent_route": "", "cascade_status": "NEW_TRUNK", "existing_transjakarta": "PARTIAL", "geometry_confidence": "HIGH", "road_alignment_confidence": "HIGH", "alignment_confidence": "HIGH", "alignment_type": "MIXED_TRAFFIC", "bus_lane": "NOT_ASSUMED", "planning_note": "Monas–Kebon Sirih–Fachrudin–Jatibaru–Slipi–Kemanggisan–Budi–Rawa Belong–Bang Pitung–Pengumben–Joglo–Dr Soetomo–Puri Beta. BUKAN Puri Indah/Meruya/Kembangan/Panjang.", "osm_alias": {"Slipi I": "Jalan Letnan Jenderal Siswondo Parman (ruas Slipi)", "Sakti Raya": "Jalan Kemanggisan Utama (Sakti OSM = gang residensial, bukan arteri)", "Bang Pitung": "Jalan Raya Kebayoran Lama", "Dr Soetomo": "Jalan Ciledug Raya (akses Puri Beta)"}, "source": "CASCADE.txt + user road-intent 2026-09-11", "source_type": "ROAD_TRACE", "geometry_source": "OSM named arterials (roads.geojson + nominatim extras) + existing TJ centreline where overlapping", "color": "#D62F7F", "crs": "EPSG:4326", "disclaimer": "Usulan jaringan BRT CASCADE. Bukan rute resmi TransJakarta. Bukan gambar DED.", "updated_at": "2026-09-11", "vertex_id": "CAS-TJ07-V11", "vertex_order": 11, "name": "Pos Pengumben", "vertex_type": "ROAD_CHANGE", "road_name": "Jalan Kelapa Dua Raya"}}, {"type": "Feature", "id": "CAS-TJ07-V12", "geometry": {"type": "Point", "coordinates": [106.76941295844725, -6.216498611359614]}, "properties": {"id": "CAS-TJ07-V12", "route_id": "CAS-TJ07", "route_name": "Monas – Puri Beta via Joglo", "from_name": "Monas", "to_name": "Puri Beta", "route_order": 7, "network_type": "BRT_TRUNK", "plan_type": "NEW_TRUNK", "mode": "transjakarta", "status": "PROPOSED", "status_label": "Usulan CASCADE", "existing": "NO", "parent_route": "", "cascade_status": "NEW_TRUNK", "existing_transjakarta": "PARTIAL", "geometry_confidence": "HIGH", "road_alignment_confidence": "HIGH", "alignment_confidence": "HIGH", "alignment_type": "MIXED_TRAFFIC", "bus_lane": "NOT_ASSUMED", "planning_note": "Monas–Kebon Sirih–Fachrudin–Jatibaru–Slipi–Kemanggisan–Budi–Rawa Belong–Bang Pitung–Pengumben–Joglo–Dr Soetomo–Puri Beta. BUKAN Puri Indah/Meruya/Kembangan/Panjang.", "osm_alias": {"Slipi I": "Jalan Letnan Jenderal Siswondo Parman (ruas Slipi)", "Sakti Raya": "Jalan Kemanggisan Utama (Sakti OSM = gang residensial, bukan arteri)", "Bang Pitung": "Jalan Raya Kebayoran Lama", "Dr Soetomo": "Jalan Ciledug Raya (akses Puri Beta)"}, "source": "CASCADE.txt + user road-intent 2026-09-11", "source_type": "ROAD_TRACE", "geometry_source": "OSM named arterials (roads.geojson + nominatim extras) + existing TJ centreline where overlapping", "color": "#D62F7F", "crs": "EPSG:4326", "disclaimer": "Usulan jaringan BRT CASCADE. Bukan rute resmi TransJakarta. Bukan gambar DED.", "updated_at": "2026-09-11", "vertex_id": "CAS-TJ07-V12", "vertex_order": 12, "name": "Kelapa Dua Joglo", "vertex_type": "ROAD_CHANGE", "road_name": "Jalan Raya Pos Pengumben"}}, {"type": "Feature", "id": "CAS-TJ07-V13", "geometry": {"type": "Point", "coordinates": [106.7602919725393, -6.2174206704715775]}, "properties": {"id": "CAS-TJ07-V13", "route_id": "CAS-TJ07", "route_name": "Monas – Puri Beta via Joglo", "from_name": "Monas", "to_name": "Puri Beta", "route_order": 7, "network_type": "BRT_TRUNK", "plan_type": "NEW_TRUNK", "mode": "transjakarta", "status": "PROPOSED", "status_label": "Usulan CASCADE", "existing": "NO", "parent_route": "", "cascade_status": "NEW_TRUNK", "existing_transjakarta": "PARTIAL", "geometry_confidence": "HIGH", "road_alignment_confidence": "HIGH", "alignment_confidence": "HIGH", "alignment_type": "MIXED_TRAFFIC", "bus_lane": "NOT_ASSUMED", "planning_note": "Monas–Kebon Sirih–Fachrudin–Jatibaru–Slipi–Kemanggisan–Budi–Rawa Belong–Bang Pitung–Pengumben–Joglo–Dr Soetomo–Puri Beta. BUKAN Puri Indah/Meruya/Kembangan/Panjang.", "osm_alias": {"Slipi I": "Jalan Letnan Jenderal Siswondo Parman (ruas Slipi)", "Sakti Raya": "Jalan Kemanggisan Utama (Sakti OSM = gang residensial, bukan arteri)", "Bang Pitung": "Jalan Raya Kebayoran Lama", "Dr Soetomo": "Jalan Ciledug Raya (akses Puri Beta)"}, "source": "CASCADE.txt + user road-intent 2026-09-11", "source_type": "ROAD_TRACE", "geometry_source": "OSM named arterials (roads.geojson + nominatim extras) + existing TJ centreline where overlapping", "color": "#D62F7F", "crs": "EPSG:4326", "disclaimer": "Usulan jaringan BRT CASCADE. Bukan rute resmi TransJakarta. Bukan gambar DED.", "updated_at": "2026-09-11", "vertex_id": "CAS-TJ07-V13", "vertex_order": 13, "name": "Joglo Timur", "vertex_type": "ROAD_CHANGE", "road_name": "Jalan Joglo Raya"}}, {"type": "Feature", "id": "CAS-TJ07-V14", "geometry": {"type": "Point", "coordinates": [106.7394372, -6.2201756]}, "properties": {"id": "CAS-TJ07-V14", "route_id": "CAS-TJ07", "route_name": "Monas – Puri Beta via Joglo", "from_name": "Monas", "to_name": "Puri Beta", "route_order": 7, "network_type": "BRT_TRUNK", "plan_type": "NEW_TRUNK", "mode": "transjakarta", "status": "PROPOSED", "status_label": "Usulan CASCADE", "existing": "NO", "parent_route": "", "cascade_status": "NEW_TRUNK", "existing_transjakarta": "PARTIAL", "geometry_confidence": "HIGH", "road_alignment_confidence": "HIGH", "alignment_confidence": "HIGH", "alignment_type": "MIXED_TRAFFIC", "bus_lane": "NOT_ASSUMED", "planning_note": "Monas–Kebon Sirih–Fachrudin–Jatibaru–Slipi–Kemanggisan–Budi–Rawa Belong–Bang Pitung–Pengumben–Joglo–Dr Soetomo–Puri Beta. BUKAN Puri Indah/Meruya/Kembangan/Panjang.", "osm_alias": {"Slipi I": "Jalan Letnan Jenderal Siswondo Parman (ruas Slipi)", "Sakti Raya": "Jalan Kemanggisan Utama (Sakti OSM = gang residensial, bukan arteri)", "Bang Pitung": "Jalan Raya Kebayoran Lama", "Dr Soetomo": "Jalan Ciledug Raya (akses Puri Beta)"}, "source": "CASCADE.txt + user road-intent 2026-09-11", "source_type": "ROAD_TRACE", "geometry_source": "OSM named arterials (roads.geojson + nominatim extras) + existing TJ centreline where overlapping", "color": "#D62F7F", "crs": "EPSG:4326", "disclaimer": "Usulan jaringan BRT CASCADE. Bukan rute resmi TransJakarta. Bukan gambar DED.", "updated_at": "2026-09-11", "vertex_id": "CAS-TJ07-V14", "vertex_order": 14, "name": "Joglo Raya", "vertex_type": "ROAD_CHANGE", "road_name": "Jalan Ciledug Raya"}}, {"type": "Feature", "id": "CAS-TJ07-V15", "geometry": {"type": "Point", "coordinates": [106.72965493305722, -6.231936145013001]}, "properties": {"id": "CAS-TJ07-V15", "route_id": "CAS-TJ07", "route_name": "Monas – Puri Beta via Joglo", "from_name": "Monas", "to_name": "Puri Beta", "route_order": 7, "network_type": "BRT_TRUNK", "plan_type": "NEW_TRUNK", "mode": "transjakarta", "status": "PROPOSED", "status_label": "Usulan CASCADE", "existing": "NO", "parent_route": "", "cascade_status": "NEW_TRUNK", "existing_transjakarta": "PARTIAL", "geometry_confidence": "HIGH", "road_alignment_confidence": "HIGH", "alignment_confidence": "HIGH", "alignment_type": "MIXED_TRAFFIC", "bus_lane": "NOT_ASSUMED", "planning_note": "Monas–Kebon Sirih–Fachrudin–Jatibaru–Slipi–Kemanggisan–Budi–Rawa Belong–Bang Pitung–Pengumben–Joglo–Dr Soetomo–Puri Beta. BUKAN Puri Indah/Meruya/Kembangan/Panjang.", "osm_alias": {"Slipi I": "Jalan Letnan Jenderal Siswondo Parman (ruas Slipi)", "Sakti Raya": "Jalan Kemanggisan Utama (Sakti OSM = gang residensial, bukan arteri)", "Bang Pitung": "Jalan Raya Kebayoran Lama", "Dr Soetomo": "Jalan Ciledug Raya (akses Puri Beta)"}, "source": "CASCADE.txt + user road-intent 2026-09-11", "source_type": "ROAD_TRACE", "geometry_source": "OSM named arterials (roads.geojson + nominatim extras) + existing TJ centreline where overlapping", "color": "#D62F7F", "crs": "EPSG:4326", "disclaimer": "Usulan jaringan BRT CASCADE. Bukan rute resmi TransJakarta. Bukan gambar DED.", "updated_at": "2026-09-11", "vertex_id": "CAS-TJ07-V15", "vertex_order": 15, "name": "Dr Soetomo", "vertex_type": "ROAD_CHANGE", "road_name": "TJ-K13"}}, {"type": "Feature", "id": "CAS-TJ07-V16", "geometry": {"type": "Point", "coordinates": [106.72602, -6.2306]}, "properties": {"id": "CAS-TJ07-V16", "route_id": "CAS-TJ07", "route_name": "Monas – Puri Beta via Joglo", "from_name": "Monas", "to_name": "Puri Beta", "route_order": 7, "network_type": "BRT_TRUNK", "plan_type": "NEW_TRUNK", "mode": "transjakarta", "status": "PROPOSED", "status_label": "Usulan CASCADE", "existing": "NO", "parent_route": "", "cascade_status": "NEW_TRUNK", "existing_transjakarta": "PARTIAL", "geometry_confidence": "HIGH", "road_alignment_confidence": "HIGH", "alignment_confidence": "HIGH", "alignment_type": "MIXED_TRAFFIC", "bus_lane": "NOT_ASSUMED", "planning_note": "Monas–Kebon Sirih–Fachrudin–Jatibaru–Slipi–Kemanggisan–Budi–Rawa Belong–Bang Pitung–Pengumben–Joglo–Dr Soetomo–Puri Beta. BUKAN Puri Indah/Meruya/Kembangan/Panjang.", "osm_alias": {"Slipi I": "Jalan Letnan Jenderal Siswondo Parman (ruas Slipi)", "Sakti Raya": "Jalan Kemanggisan Utama (Sakti OSM = gang residensial, bukan arteri)", "Bang Pitung": "Jalan Raya Kebayoran Lama", "Dr Soetomo": "Jalan Ciledug Raya (akses Puri Beta)"}, "source": "CASCADE.txt + user road-intent 2026-09-11", "source_type": "ROAD_TRACE", "geometry_source": "OSM named arterials (roads.geojson + nominatim extras) + existing TJ centreline where overlapping", "color": "#D62F7F", "crs": "EPSG:4326", "disclaimer": "Usulan jaringan BRT CASCADE. Bukan rute resmi TransJakarta. Bukan gambar DED.", "updated_at": "2026-09-11", "vertex_id": "CAS-TJ07-V16", "vertex_order": 16, "name": "Puri Beta", "vertex_type": "ENDPOINT", "road_name": "Jalan Ciledug Raya"}}, {"type": "Feature", "id": "CAS-TJ08-V01", "geometry": {"type": "Point", "coordinates": [106.88634, -6.29108]}, "properties": {"id": "CAS-TJ08-V01", "route_id": "CAS-TJ08", "route_name": "Pinang Ranti – Pulo Gadung", "from_name": "Pinang Ranti", "to_name": "Pulo Gadung", "route_order": 8, "network_type": "BRT_TRUNK", "plan_type": "NEW_TRUNK", "mode": "transjakarta", "status": "PROPOSED", "status_label": "Usulan CASCADE", "existing": "NO", "parent_route": "", "cascade_status": "NEW_TRUNK", "existing_transjakarta": "PARTIAL", "geometry_confidence": "HIGH", "road_alignment_confidence": "HIGH", "alignment_confidence": "HIGH", "alignment_type": "MIXED_TRAFFIC", "bus_lane": "NOT_ASSUMED", "planning_note": "Pinang Ranti–Pondok Gede–Nurul Ihsan–Jatiwaringin–Pahlawan Revolusi–BKT–Klender flyover–Bekasi Raya–Pulo Gadung. Bukan shortcut Kalimalang. Halte Klender di flyover Klender (106.903, -6.214).", "osm_alias": {"BKT": "Jalan I Gusti Ngurah Rai (kanal BKT / arteri Klender)", "Haji Darip": "OSM Haji Darip ada di Cipinang 2 km barat flyover Klender — tidak ditarik sebagai detour."}, "source": "CASCADE.txt + user road-intent 2026-09-11", "source_type": "ROAD_TRACE", "geometry_source": "OSM named arterials (roads.geojson + nominatim extras) + existing TJ centreline where overlapping", "color": "#D62F7F", "crs": "EPSG:4326", "disclaimer": "Usulan jaringan BRT CASCADE. Bukan rute resmi TransJakarta. Bukan gambar DED.", "updated_at": "2026-09-11", "vertex_id": "CAS-TJ08-V01", "vertex_order": 1, "name": "Pinang Ranti", "vertex_type": "ENDPOINT", "road_name": "Jalan Pondok Gede"}}, {"type": "Feature", "id": "CAS-TJ08-V02", "geometry": {"type": "Point", "coordinates": [106.90471414649764, -6.2848089713413575]}, "properties": {"id": "CAS-TJ08-V02", "route_id": "CAS-TJ08", "route_name": "Pinang Ranti – Pulo Gadung", "from_name": "Pinang Ranti", "to_name": "Pulo Gadung", "route_order": 8, "network_type": "BRT_TRUNK", "plan_type": "NEW_TRUNK", "mode": "transjakarta", "status": "PROPOSED", "status_label": "Usulan CASCADE", "existing": "NO", "parent_route": "", "cascade_status": "NEW_TRUNK", "existing_transjakarta": "PARTIAL", "geometry_confidence": "HIGH", "road_alignment_confidence": "HIGH", "alignment_confidence": "HIGH", "alignment_type": "MIXED_TRAFFIC", "bus_lane": "NOT_ASSUMED", "planning_note": "Pinang Ranti–Pondok Gede–Nurul Ihsan–Jatiwaringin–Pahlawan Revolusi–BKT–Klender flyover–Bekasi Raya–Pulo Gadung. Bukan shortcut Kalimalang. Halte Klender di flyover Klender (106.903, -6.214).", "osm_alias": {"BKT": "Jalan I Gusti Ngurah Rai (kanal BKT / arteri Klender)", "Haji Darip": "OSM Haji Darip ada di Cipinang 2 km barat flyover Klender — tidak ditarik sebagai detour."}, "source": "CASCADE.txt + user road-intent 2026-09-11", "source_type": "ROAD_TRACE", "geometry_source": "OSM named arterials (roads.geojson + nominatim extras) + existing TJ centreline where overlapping", "color": "#D62F7F", "crs": "EPSG:4326", "disclaimer": "Usulan jaringan BRT CASCADE. Bukan rute resmi TransJakarta. Bukan gambar DED.", "updated_at": "2026-09-11", "vertex_id": "CAS-TJ08-V02", "vertex_order": 2, "name": "Pondok Gede", "vertex_type": "ROAD_CHANGE", "road_name": "Jalan Pondok Gede"}}, {"type": "Feature", "id": "CAS-TJ08-V03", "geometry": {"type": "Point", "coordinates": [106.91162512449726, -6.282858540001508]}, "properties": {"id": "CAS-TJ08-V03", "route_id": "CAS-TJ08", "route_name": "Pinang Ranti – Pulo Gadung", "from_name": "Pinang Ranti", "to_name": "Pulo Gadung", "route_order": 8, "network_type": "BRT_TRUNK", "plan_type": "NEW_TRUNK", "mode": "transjakarta", "status": "PROPOSED", "status_label": "Usulan CASCADE", "existing": "NO", "parent_route": "", "cascade_status": "NEW_TRUNK", "existing_transjakarta": "PARTIAL", "geometry_confidence": "HIGH", "road_alignment_confidence": "HIGH", "alignment_confidence": "HIGH", "alignment_type": "MIXED_TRAFFIC", "bus_lane": "NOT_ASSUMED", "planning_note": "Pinang Ranti–Pondok Gede–Nurul Ihsan–Jatiwaringin–Pahlawan Revolusi–BKT–Klender flyover–Bekasi Raya–Pulo Gadung. Bukan shortcut Kalimalang. Halte Klender di flyover Klender (106.903, -6.214).", "osm_alias": {"BKT": "Jalan I Gusti Ngurah Rai (kanal BKT / arteri Klender)", "Haji Darip": "OSM Haji Darip ada di Cipinang 2 km barat flyover Klender — tidak ditarik sebagai detour."}, "source": "CASCADE.txt + user road-intent 2026-09-11", "source_type": "ROAD_TRACE", "geometry_source": "OSM named arterials (roads.geojson + nominatim extras) + existing TJ centreline where overlapping", "color": "#D62F7F", "crs": "EPSG:4326", "disclaimer": "Usulan jaringan BRT CASCADE. Bukan rute resmi TransJakarta. Bukan gambar DED.", "updated_at": "2026-09-11", "vertex_id": "CAS-TJ08-V03", "vertex_order": 3, "name": "Nurul Ihsan", "vertex_type": "ROAD_CHANGE", "road_name": "Jalan Jati Waringin"}}, {"type": "Feature", "id": "CAS-TJ08-V04", "geometry": {"type": "Point", "coordinates": [106.91266146984236, -6.274676594885604]}, "properties": {"id": "CAS-TJ08-V04", "route_id": "CAS-TJ08", "route_name": "Pinang Ranti – Pulo Gadung", "from_name": "Pinang Ranti", "to_name": "Pulo Gadung", "route_order": 8, "network_type": "BRT_TRUNK", "plan_type": "NEW_TRUNK", "mode": "transjakarta", "status": "PROPOSED", "status_label": "Usulan CASCADE", "existing": "NO", "parent_route": "", "cascade_status": "NEW_TRUNK", "existing_transjakarta": "PARTIAL", "geometry_confidence": "HIGH", "road_alignment_confidence": "HIGH", "alignment_confidence": "HIGH", "alignment_type": "MIXED_TRAFFIC", "bus_lane": "NOT_ASSUMED", "planning_note": "Pinang Ranti–Pondok Gede–Nurul Ihsan–Jatiwaringin–Pahlawan Revolusi–BKT–Klender flyover–Bekasi Raya–Pulo Gadung. Bukan shortcut Kalimalang. Halte Klender di flyover Klender (106.903, -6.214).", "osm_alias": {"BKT": "Jalan I Gusti Ngurah Rai (kanal BKT / arteri Klender)", "Haji Darip": "OSM Haji Darip ada di Cipinang 2 km barat flyover Klender — tidak ditarik sebagai detour."}, "source": "CASCADE.txt + user road-intent 2026-09-11", "source_type": "ROAD_TRACE", "geometry_source": "OSM named arterials (roads.geojson + nominatim extras) + existing TJ centreline where overlapping", "color": "#D62F7F", "crs": "EPSG:4326", "disclaimer": "Usulan jaringan BRT CASCADE. Bukan rute resmi TransJakarta. Bukan gambar DED.", "updated_at": "2026-09-11", "vertex_id": "CAS-TJ08-V04", "vertex_order": 4, "name": "Jatiwaringin Selatan", "vertex_type": "ROAD_CHANGE", "road_name": "Jalan Jati Waringin"}}, {"type": "Feature", "id": "CAS-TJ08-V05", "geometry": {"type": "Point", "coordinates": [106.91040920883472, -6.259934863117053]}, "properties": {"id": "CAS-TJ08-V05", "route_id": "CAS-TJ08", "route_name": "Pinang Ranti – Pulo Gadung", "from_name": "Pinang Ranti", "to_name": "Pulo Gadung", "route_order": 8, "network_type": "BRT_TRUNK", "plan_type": "NEW_TRUNK", "mode": "transjakarta", "status": "PROPOSED", "status_label": "Usulan CASCADE", "existing": "NO", "parent_route": "", "cascade_status": "NEW_TRUNK", "existing_transjakarta": "PARTIAL", "geometry_confidence": "HIGH", "road_alignment_confidence": "HIGH", "alignment_confidence": "HIGH", "alignment_type": "MIXED_TRAFFIC", "bus_lane": "NOT_ASSUMED", "planning_note": "Pinang Ranti–Pondok Gede–Nurul Ihsan–Jatiwaringin–Pahlawan Revolusi–BKT–Klender flyover–Bekasi Raya–Pulo Gadung. Bukan shortcut Kalimalang. Halte Klender di flyover Klender (106.903, -6.214).", "osm_alias": {"BKT": "Jalan I Gusti Ngurah Rai (kanal BKT / arteri Klender)", "Haji Darip": "OSM Haji Darip ada di Cipinang 2 km barat flyover Klender — tidak ditarik sebagai detour."}, "source": "CASCADE.txt + user road-intent 2026-09-11", "source_type": "ROAD_TRACE", "geometry_source": "OSM named arterials (roads.geojson + nominatim extras) + existing TJ centreline where overlapping", "color": "#D62F7F", "crs": "EPSG:4326", "disclaimer": "Usulan jaringan BRT CASCADE. Bukan rute resmi TransJakarta. Bukan gambar DED.", "updated_at": "2026-09-11", "vertex_id": "CAS-TJ08-V05", "vertex_order": 5, "name": "Jatiwaringin", "vertex_type": "ROAD_CHANGE", "road_name": "Jalan Jati Waringin"}}, {"type": "Feature", "id": "CAS-TJ08-V06", "geometry": {"type": "Point", "coordinates": [106.90712143469581, -6.246499198135667]}, "properties": {"id": "CAS-TJ08-V06", "route_id": "CAS-TJ08", "route_name": "Pinang Ranti – Pulo Gadung", "from_name": "Pinang Ranti", "to_name": "Pulo Gadung", "route_order": 8, "network_type": "BRT_TRUNK", "plan_type": "NEW_TRUNK", "mode": "transjakarta", "status": "PROPOSED", "status_label": "Usulan CASCADE", "existing": "NO", "parent_route": "", "cascade_status": "NEW_TRUNK", "existing_transjakarta": "PARTIAL", "geometry_confidence": "HIGH", "road_alignment_confidence": "HIGH", "alignment_confidence": "HIGH", "alignment_type": "MIXED_TRAFFIC", "bus_lane": "NOT_ASSUMED", "planning_note": "Pinang Ranti–Pondok Gede–Nurul Ihsan–Jatiwaringin–Pahlawan Revolusi–BKT–Klender flyover–Bekasi Raya–Pulo Gadung. Bukan shortcut Kalimalang. Halte Klender di flyover Klender (106.903, -6.214).", "osm_alias": {"BKT": "Jalan I Gusti Ngurah Rai (kanal BKT / arteri Klender)", "Haji Darip": "OSM Haji Darip ada di Cipinang 2 km barat flyover Klender — tidak ditarik sebagai detour."}, "source": "CASCADE.txt + user road-intent 2026-09-11", "source_type": "ROAD_TRACE", "geometry_source": "OSM named arterials (roads.geojson + nominatim extras) + existing TJ centreline where overlapping", "color": "#D62F7F", "crs": "EPSG:4326", "disclaimer": "Usulan jaringan BRT CASCADE. Bukan rute resmi TransJakarta. Bukan gambar DED.", "updated_at": "2026-09-11", "vertex_id": "CAS-TJ08-V06", "vertex_order": 6, "name": "Jatiwaringin Utara", "vertex_type": "ROAD_CHANGE", "road_name": "Jalan Jati Waringin"}}, {"type": "Feature", "id": "CAS-TJ08-V07", "geometry": {"type": "Point", "coordinates": [106.905296, -6.237667]}, "properties": {"id": "CAS-TJ08-V07", "route_id": "CAS-TJ08", "route_name": "Pinang Ranti – Pulo Gadung", "from_name": "Pinang Ranti", "to_name": "Pulo Gadung", "route_order": 8, "network_type": "BRT_TRUNK", "plan_type": "NEW_TRUNK", "mode": "transjakarta", "status": "PROPOSED", "status_label": "Usulan CASCADE", "existing": "NO", "parent_route": "", "cascade_status": "NEW_TRUNK", "existing_transjakarta": "PARTIAL", "geometry_confidence": "HIGH", "road_alignment_confidence": "HIGH", "alignment_confidence": "HIGH", "alignment_type": "MIXED_TRAFFIC", "bus_lane": "NOT_ASSUMED", "planning_note": "Pinang Ranti–Pondok Gede–Nurul Ihsan–Jatiwaringin–Pahlawan Revolusi–BKT–Klender flyover–Bekasi Raya–Pulo Gadung. Bukan shortcut Kalimalang. Halte Klender di flyover Klender (106.903, -6.214).", "osm_alias": {"BKT": "Jalan I Gusti Ngurah Rai (kanal BKT / arteri Klender)", "Haji Darip": "OSM Haji Darip ada di Cipinang 2 km barat flyover Klender — tidak ditarik sebagai detour."}, "source": "CASCADE.txt + user road-intent 2026-09-11", "source_type": "ROAD_TRACE", "geometry_source": "OSM named arterials (roads.geojson + nominatim extras) + existing TJ centreline where overlapping", "color": "#D62F7F", "crs": "EPSG:4326", "disclaimer": "Usulan jaringan BRT CASCADE. Bukan rute resmi TransJakarta. Bukan gambar DED.", "updated_at": "2026-09-11", "vertex_id": "CAS-TJ08-V07", "vertex_order": 7, "name": "Jati Pahlawan", "vertex_type": "ROAD_CHANGE", "road_name": "Jalan Jati Waringin"}}, {"type": "Feature", "id": "CAS-TJ08-V08", "geometry": {"type": "Point", "coordinates": [106.89940077752212, -6.222000070991979]}, "properties": {"id": "CAS-TJ08-V08", "route_id": "CAS-TJ08", "route_name": "Pinang Ranti – Pulo Gadung", "from_name": "Pinang Ranti", "to_name": "Pulo Gadung", "route_order": 8, "network_type": "BRT_TRUNK", "plan_type": "NEW_TRUNK", "mode": "transjakarta", "status": "PROPOSED", "status_label": "Usulan CASCADE", "existing": "NO", "parent_route": "", "cascade_status": "NEW_TRUNK", "existing_transjakarta": "PARTIAL", "geometry_confidence": "HIGH", "road_alignment_confidence": "HIGH", "alignment_confidence": "HIGH", "alignment_type": "MIXED_TRAFFIC", "bus_lane": "NOT_ASSUMED", "planning_note": "Pinang Ranti–Pondok Gede–Nurul Ihsan–Jatiwaringin–Pahlawan Revolusi–BKT–Klender flyover–Bekasi Raya–Pulo Gadung. Bukan shortcut Kalimalang. Halte Klender di flyover Klender (106.903, -6.214).", "osm_alias": {"BKT": "Jalan I Gusti Ngurah Rai (kanal BKT / arteri Klender)", "Haji Darip": "OSM Haji Darip ada di Cipinang 2 km barat flyover Klender — tidak ditarik sebagai detour."}, "source": "CASCADE.txt + user road-intent 2026-09-11", "source_type": "ROAD_TRACE", "geometry_source": "OSM named arterials (roads.geojson + nominatim extras) + existing TJ centreline where overlapping", "color": "#D62F7F", "crs": "EPSG:4326", "disclaimer": "Usulan jaringan BRT CASCADE. Bukan rute resmi TransJakarta. Bukan gambar DED.", "updated_at": "2026-09-11", "vertex_id": "CAS-TJ08-V08", "vertex_order": 8, "name": "Pahlawan Revolusi", "vertex_type": "ROAD_CHANGE", "road_name": "Jalan Pahlawan Revolusi"}}, {"type": "Feature", "id": "CAS-TJ08-V09", "geometry": {"type": "Point", "coordinates": [106.90059160352901, -6.214409745883415]}, "properties": {"id": "CAS-TJ08-V09", "route_id": "CAS-TJ08", "route_name": "Pinang Ranti – Pulo Gadung", "from_name": "Pinang Ranti", "to_name": "Pulo Gadung", "route_order": 8, "network_type": "BRT_TRUNK", "plan_type": "NEW_TRUNK", "mode": "transjakarta", "status": "PROPOSED", "status_label": "Usulan CASCADE", "existing": "NO", "parent_route": "", "cascade_status": "NEW_TRUNK", "existing_transjakarta": "PARTIAL", "geometry_confidence": "HIGH", "road_alignment_confidence": "HIGH", "alignment_confidence": "HIGH", "alignment_type": "MIXED_TRAFFIC", "bus_lane": "NOT_ASSUMED", "planning_note": "Pinang Ranti–Pondok Gede–Nurul Ihsan–Jatiwaringin–Pahlawan Revolusi–BKT–Klender flyover–Bekasi Raya–Pulo Gadung. Bukan shortcut Kalimalang. Halte Klender di flyover Klender (106.903, -6.214).", "osm_alias": {"BKT": "Jalan I Gusti Ngurah Rai (kanal BKT / arteri Klender)", "Haji Darip": "OSM Haji Darip ada di Cipinang 2 km barat flyover Klender — tidak ditarik sebagai detour."}, "source": "CASCADE.txt + user road-intent 2026-09-11", "source_type": "ROAD_TRACE", "geometry_source": "OSM named arterials (roads.geojson + nominatim extras) + existing TJ centreline where overlapping", "color": "#D62F7F", "crs": "EPSG:4326", "disclaimer": "Usulan jaringan BRT CASCADE. Bukan rute resmi TransJakarta. Bukan gambar DED.", "updated_at": "2026-09-11", "vertex_id": "CAS-TJ08-V09", "vertex_order": 9, "name": "BKT Klender", "vertex_type": "ROAD_CHANGE", "road_name": "Jalan I Gusti Ngurah Rai"}}, {"type": "Feature", "id": "CAS-TJ08-V10", "geometry": {"type": "Point", "coordinates": [106.90306, -6.2136]}, "properties": {"id": "CAS-TJ08-V10", "route_id": "CAS-TJ08", "route_name": "Pinang Ranti – Pulo Gadung", "from_name": "Pinang Ranti", "to_name": "Pulo Gadung", "route_order": 8, "network_type": "BRT_TRUNK", "plan_type": "NEW_TRUNK", "mode": "transjakarta", "status": "PROPOSED", "status_label": "Usulan CASCADE", "existing": "NO", "parent_route": "", "cascade_status": "NEW_TRUNK", "existing_transjakarta": "PARTIAL", "geometry_confidence": "HIGH", "road_alignment_confidence": "HIGH", "alignment_confidence": "HIGH", "alignment_type": "MIXED_TRAFFIC", "bus_lane": "NOT_ASSUMED", "planning_note": "Pinang Ranti–Pondok Gede–Nurul Ihsan–Jatiwaringin–Pahlawan Revolusi–BKT–Klender flyover–Bekasi Raya–Pulo Gadung. Bukan shortcut Kalimalang. Halte Klender di flyover Klender (106.903, -6.214).", "osm_alias": {"BKT": "Jalan I Gusti Ngurah Rai (kanal BKT / arteri Klender)", "Haji Darip": "OSM Haji Darip ada di Cipinang 2 km barat flyover Klender — tidak ditarik sebagai detour."}, "source": "CASCADE.txt + user road-intent 2026-09-11", "source_type": "ROAD_TRACE", "geometry_source": "OSM named arterials (roads.geojson + nominatim extras) + existing TJ centreline where overlapping", "color": "#D62F7F", "crs": "EPSG:4326", "disclaimer": "Usulan jaringan BRT CASCADE. Bukan rute resmi TransJakarta. Bukan gambar DED.", "updated_at": "2026-09-11", "vertex_id": "CAS-TJ08-V10", "vertex_order": 10, "name": "Klender", "vertex_type": "ROAD_CHANGE", "road_name": "Jalan I Gusti Ngurah Rai"}}, {"type": "Feature", "id": "CAS-TJ08-V11", "geometry": {"type": "Point", "coordinates": [106.9042, -6.203]}, "properties": {"id": "CAS-TJ08-V11", "route_id": "CAS-TJ08", "route_name": "Pinang Ranti – Pulo Gadung", "from_name": "Pinang Ranti", "to_name": "Pulo Gadung", "route_order": 8, "network_type": "BRT_TRUNK", "plan_type": "NEW_TRUNK", "mode": "transjakarta", "status": "PROPOSED", "status_label": "Usulan CASCADE", "existing": "NO", "parent_route": "", "cascade_status": "NEW_TRUNK", "existing_transjakarta": "PARTIAL", "geometry_confidence": "HIGH", "road_alignment_confidence": "HIGH", "alignment_confidence": "HIGH", "alignment_type": "MIXED_TRAFFIC", "bus_lane": "NOT_ASSUMED", "planning_note": "Pinang Ranti–Pondok Gede–Nurul Ihsan–Jatiwaringin–Pahlawan Revolusi–BKT–Klender flyover–Bekasi Raya–Pulo Gadung. Bukan shortcut Kalimalang. Halte Klender di flyover Klender (106.903, -6.214).", "osm_alias": {"BKT": "Jalan I Gusti Ngurah Rai (kanal BKT / arteri Klender)", "Haji Darip": "OSM Haji Darip ada di Cipinang 2 km barat flyover Klender — tidak ditarik sebagai detour."}, "source": "CASCADE.txt + user road-intent 2026-09-11", "source_type": "ROAD_TRACE", "geometry_source": "OSM named arterials (roads.geojson + nominatim extras) + existing TJ centreline where overlapping", "color": "#D62F7F", "crs": "EPSG:4326", "disclaimer": "Usulan jaringan BRT CASCADE. Bukan rute resmi TransJakarta. Bukan gambar DED.", "updated_at": "2026-09-11", "vertex_id": "CAS-TJ08-V11", "vertex_order": 11, "name": "Bekasi Timur", "vertex_type": "ROAD_CHANGE", "road_name": "Jalan Bekasi Timur"}}, {"type": "Feature", "id": "CAS-TJ08-V12", "geometry": {"type": "Point", "coordinates": [106.90885, -6.18333]}, "properties": {"id": "CAS-TJ08-V12", "route_id": "CAS-TJ08", "route_name": "Pinang Ranti – Pulo Gadung", "from_name": "Pinang Ranti", "to_name": "Pulo Gadung", "route_order": 8, "network_type": "BRT_TRUNK", "plan_type": "NEW_TRUNK", "mode": "transjakarta", "status": "PROPOSED", "status_label": "Usulan CASCADE", "existing": "NO", "parent_route": "", "cascade_status": "NEW_TRUNK", "existing_transjakarta": "PARTIAL", "geometry_confidence": "HIGH", "road_alignment_confidence": "HIGH", "alignment_confidence": "HIGH", "alignment_type": "MIXED_TRAFFIC", "bus_lane": "NOT_ASSUMED", "planning_note": "Pinang Ranti–Pondok Gede–Nurul Ihsan–Jatiwaringin–Pahlawan Revolusi–BKT–Klender flyover–Bekasi Raya–Pulo Gadung. Bukan shortcut Kalimalang. Halte Klender di flyover Klender (106.903, -6.214).", "osm_alias": {"BKT": "Jalan I Gusti Ngurah Rai (kanal BKT / arteri Klender)", "Haji Darip": "OSM Haji Darip ada di Cipinang 2 km barat flyover Klender — tidak ditarik sebagai detour."}, "source": "CASCADE.txt + user road-intent 2026-09-11", "source_type": "ROAD_TRACE", "geometry_source": "OSM named arterials (roads.geojson + nominatim extras) + existing TJ centreline where overlapping", "color": "#D62F7F", "crs": "EPSG:4326", "disclaimer": "Usulan jaringan BRT CASCADE. Bukan rute resmi TransJakarta. Bukan gambar DED.", "updated_at": "2026-09-11", "vertex_id": "CAS-TJ08-V12", "vertex_order": 12, "name": "Pulo Gadung", "vertex_type": "ENDPOINT", "road_name": "Jalan Bekasi Timur"}}, {"type": "Feature", "id": "CAS-TJ09-V01", "geometry": {"type": "Point", "coordinates": [106.95265, -6.2127]}, "properties": {"id": "CAS-TJ09-V01", "route_id": "CAS-TJ09", "route_name": "Pulo Gebang – Rusunawa Marunda via Stasiun Cakung", "from_name": "Pulo Gebang", "to_name": "Rusunawa Marunda", "route_order": 9, "network_type": "BRT_TRUNK", "plan_type": "NEW_TRUNK", "mode": "transjakarta", "status": "PROPOSED", "status_label": "Usulan CASCADE", "existing": "NO", "parent_route": "", "cascade_status": "NEW_TRUNK", "existing_transjakarta": "PARTIAL", "geometry_confidence": "HIGH", "road_alignment_confidence": "HIGH", "alignment_confidence": "HIGH", "alignment_type": "MIXED_TRAFFIC", "bus_lane": "NOT_ASSUMED", "planning_note": "Wajib lewat Stasiun Cakung. Pulo Gebang–Sumarno–Penggilingan–putar utara–Bekasi Raya–Arteri Kelapa Gading–Pegangsaan Dua–Logistik–Tugu–Akses Marunda–Rusunawa. Bukan shortcut Pulo Gebang–Marunda. OSM Syech Nawawi ada di selatan -6.15 — tidak ditarik sebagai detour.", "osm_alias": {"Raya Tugu": "Jalan Cakung Cilincing / Jalan Raya Tugu (Tugu/Koja)", "Cilincing Landak": "Jalan Marunda Bidara / Sungai Landak", "Syeikh Nawawi": "OSM Jalan Syech Nawawi Al Bantani = ruas Cakung selatan; koridor memakai Cakung Cilincing di Tugu."}, "source": "CASCADE.txt + user road-intent 2026-09-11", "source_type": "ROAD_TRACE", "geometry_source": "OSM named arterials (roads.geojson + nominatim extras) + existing TJ centreline where overlapping", "color": "#D62F7F", "crs": "EPSG:4326", "disclaimer": "Usulan jaringan BRT CASCADE. Bukan rute resmi TransJakarta. Bukan gambar DED.", "updated_at": "2026-09-11", "vertex_id": "CAS-TJ09-V01", "vertex_order": 1, "name": "Pulo Gebang", "vertex_type": "ENDPOINT", "road_name": "TJ-K11"}}, {"type": "Feature", "id": "CAS-TJ09-V02", "geometry": {"type": "Point", "coordinates": [106.95200987227095, -6.2193976709777905]}, "properties": {"id": "CAS-TJ09-V02", "route_id": "CAS-TJ09", "route_name": "Pulo Gebang – Rusunawa Marunda via Stasiun Cakung", "from_name": "Pulo Gebang", "to_name": "Rusunawa Marunda", "route_order": 9, "network_type": "BRT_TRUNK", "plan_type": "NEW_TRUNK", "mode": "transjakarta", "status": "PROPOSED", "status_label": "Usulan CASCADE", "existing": "NO", "parent_route": "", "cascade_status": "NEW_TRUNK", "existing_transjakarta": "PARTIAL", "geometry_confidence": "HIGH", "road_alignment_confidence": "HIGH", "alignment_confidence": "HIGH", "alignment_type": "MIXED_TRAFFIC", "bus_lane": "NOT_ASSUMED", "planning_note": "Wajib lewat Stasiun Cakung. Pulo Gebang–Sumarno–Penggilingan–putar utara–Bekasi Raya–Arteri Kelapa Gading–Pegangsaan Dua–Logistik–Tugu–Akses Marunda–Rusunawa. Bukan shortcut Pulo Gebang–Marunda. OSM Syech Nawawi ada di selatan -6.15 — tidak ditarik sebagai detour.", "osm_alias": {"Raya Tugu": "Jalan Cakung Cilincing / Jalan Raya Tugu (Tugu/Koja)", "Cilincing Landak": "Jalan Marunda Bidara / Sungai Landak", "Syeikh Nawawi": "OSM Jalan Syech Nawawi Al Bantani = ruas Cakung selatan; koridor memakai Cakung Cilincing di Tugu."}, "source": "CASCADE.txt + user road-intent 2026-09-11", "source_type": "ROAD_TRACE", "geometry_source": "OSM named arterials (roads.geojson + nominatim extras) + existing TJ centreline where overlapping", "color": "#D62F7F", "crs": "EPSG:4326", "disclaimer": "Usulan jaringan BRT CASCADE. Bukan rute resmi TransJakarta. Bukan gambar DED.", "updated_at": "2026-09-11", "vertex_id": "CAS-TJ09-V02", "vertex_order": 2, "name": "Stasiun Cakung", "vertex_type": "ROAD_CHANGE", "road_name": "Jalan I Gusti Ngurah Rai"}}, {"type": "Feature", "id": "CAS-TJ09-V03", "geometry": {"type": "Point", "coordinates": [106.94499996430635, -6.212295356322612]}, "properties": {"id": "CAS-TJ09-V03", "route_id": "CAS-TJ09", "route_name": "Pulo Gebang – Rusunawa Marunda via Stasiun Cakung", "from_name": "Pulo Gebang", "to_name": "Rusunawa Marunda", "route_order": 9, "network_type": "BRT_TRUNK", "plan_type": "NEW_TRUNK", "mode": "transjakarta", "status": "PROPOSED", "status_label": "Usulan CASCADE", "existing": "NO", "parent_route": "", "cascade_status": "NEW_TRUNK", "existing_transjakarta": "PARTIAL", "geometry_confidence": "HIGH", "road_alignment_confidence": "HIGH", "alignment_confidence": "HIGH", "alignment_type": "MIXED_TRAFFIC", "bus_lane": "NOT_ASSUMED", "planning_note": "Wajib lewat Stasiun Cakung. Pulo Gebang–Sumarno–Penggilingan–putar utara–Bekasi Raya–Arteri Kelapa Gading–Pegangsaan Dua–Logistik–Tugu–Akses Marunda–Rusunawa. Bukan shortcut Pulo Gebang–Marunda. OSM Syech Nawawi ada di selatan -6.15 — tidak ditarik sebagai detour.", "osm_alias": {"Raya Tugu": "Jalan Cakung Cilincing / Jalan Raya Tugu (Tugu/Koja)", "Cilincing Landak": "Jalan Marunda Bidara / Sungai Landak", "Syeikh Nawawi": "OSM Jalan Syech Nawawi Al Bantani = ruas Cakung selatan; koridor memakai Cakung Cilincing di Tugu."}, "source": "CASCADE.txt + user road-intent 2026-09-11", "source_type": "ROAD_TRACE", "geometry_source": "OSM named arterials (roads.geojson + nominatim extras) + existing TJ centreline where overlapping", "color": "#D62F7F", "crs": "EPSG:4326", "disclaimer": "Usulan jaringan BRT CASCADE. Bukan rute resmi TransJakarta. Bukan gambar DED.", "updated_at": "2026-09-11", "vertex_id": "CAS-TJ09-V03", "vertex_order": 3, "name": "Dr Sumarno", "vertex_type": "ROAD_CHANGE", "road_name": "Jalan Doktor Sumarno"}}, {"type": "Feature", "id": "CAS-TJ09-V04", "geometry": {"type": "Point", "coordinates": [106.93964466753766, -6.214106097032466]}, "properties": {"id": "CAS-TJ09-V04", "route_id": "CAS-TJ09", "route_name": "Pulo Gebang – Rusunawa Marunda via Stasiun Cakung", "from_name": "Pulo Gebang", "to_name": "Rusunawa Marunda", "route_order": 9, "network_type": "BRT_TRUNK", "plan_type": "NEW_TRUNK", "mode": "transjakarta", "status": "PROPOSED", "status_label": "Usulan CASCADE", "existing": "NO", "parent_route": "", "cascade_status": "NEW_TRUNK", "existing_transjakarta": "PARTIAL", "geometry_confidence": "HIGH", "road_alignment_confidence": "HIGH", "alignment_confidence": "HIGH", "alignment_type": "MIXED_TRAFFIC", "bus_lane": "NOT_ASSUMED", "planning_note": "Wajib lewat Stasiun Cakung. Pulo Gebang–Sumarno–Penggilingan–putar utara–Bekasi Raya–Arteri Kelapa Gading–Pegangsaan Dua–Logistik–Tugu–Akses Marunda–Rusunawa. Bukan shortcut Pulo Gebang–Marunda. OSM Syech Nawawi ada di selatan -6.15 — tidak ditarik sebagai detour.", "osm_alias": {"Raya Tugu": "Jalan Cakung Cilincing / Jalan Raya Tugu (Tugu/Koja)", "Cilincing Landak": "Jalan Marunda Bidara / Sungai Landak", "Syeikh Nawawi": "OSM Jalan Syech Nawawi Al Bantani = ruas Cakung selatan; koridor memakai Cakung Cilincing di Tugu."}, "source": "CASCADE.txt + user road-intent 2026-09-11", "source_type": "ROAD_TRACE", "geometry_source": "OSM named arterials (roads.geojson + nominatim extras) + existing TJ centreline where overlapping", "color": "#D62F7F", "crs": "EPSG:4326", "disclaimer": "Usulan jaringan BRT CASCADE. Bukan rute resmi TransJakarta. Bukan gambar DED.", "updated_at": "2026-09-11", "vertex_id": "CAS-TJ09-V04", "vertex_order": 4, "name": "Penggilingan", "vertex_type": "ROAD_CHANGE", "road_name": "Penggilingan Raya"}}, {"type": "Feature", "id": "CAS-TJ09-V05", "geometry": {"type": "Point", "coordinates": [106.93959081097896, -6.183707834301648]}, "properties": {"id": "CAS-TJ09-V05", "route_id": "CAS-TJ09", "route_name": "Pulo Gebang – Rusunawa Marunda via Stasiun Cakung", "from_name": "Pulo Gebang", "to_name": "Rusunawa Marunda", "route_order": 9, "network_type": "BRT_TRUNK", "plan_type": "NEW_TRUNK", "mode": "transjakarta", "status": "PROPOSED", "status_label": "Usulan CASCADE", "existing": "NO", "parent_route": "", "cascade_status": "NEW_TRUNK", "existing_transjakarta": "PARTIAL", "geometry_confidence": "HIGH", "road_alignment_confidence": "HIGH", "alignment_confidence": "HIGH", "alignment_type": "MIXED_TRAFFIC", "bus_lane": "NOT_ASSUMED", "planning_note": "Wajib lewat Stasiun Cakung. Pulo Gebang–Sumarno–Penggilingan–putar utara–Bekasi Raya–Arteri Kelapa Gading–Pegangsaan Dua–Logistik–Tugu–Akses Marunda–Rusunawa. Bukan shortcut Pulo Gebang–Marunda. OSM Syech Nawawi ada di selatan -6.15 — tidak ditarik sebagai detour.", "osm_alias": {"Raya Tugu": "Jalan Cakung Cilincing / Jalan Raya Tugu (Tugu/Koja)", "Cilincing Landak": "Jalan Marunda Bidara / Sungai Landak", "Syeikh Nawawi": "OSM Jalan Syech Nawawi Al Bantani = ruas Cakung selatan; koridor memakai Cakung Cilincing di Tugu."}, "source": "CASCADE.txt + user road-intent 2026-09-11", "source_type": "ROAD_TRACE", "geometry_source": "OSM named arterials (roads.geojson + nominatim extras) + existing TJ centreline where overlapping", "color": "#D62F7F", "crs": "EPSG:4326", "disclaimer": "Usulan jaringan BRT CASCADE. Bukan rute resmi TransJakarta. Bukan gambar DED.", "updated_at": "2026-09-11", "vertex_id": "CAS-TJ09-V05", "vertex_order": 5, "name": "Putaran Utara Penggilingan", "vertex_type": "ROAD_CHANGE", "road_name": "Penggilingan Raya"}}, {"type": "Feature", "id": "CAS-TJ09-V06", "geometry": {"type": "Point", "coordinates": [106.924999, -6.183605]}, "properties": {"id": "CAS-TJ09-V06", "route_id": "CAS-TJ09", "route_name": "Pulo Gebang – Rusunawa Marunda via Stasiun Cakung", "from_name": "Pulo Gebang", "to_name": "Rusunawa Marunda", "route_order": 9, "network_type": "BRT_TRUNK", "plan_type": "NEW_TRUNK", "mode": "transjakarta", "status": "PROPOSED", "status_label": "Usulan CASCADE", "existing": "NO", "parent_route": "", "cascade_status": "NEW_TRUNK", "existing_transjakarta": "PARTIAL", "geometry_confidence": "HIGH", "road_alignment_confidence": "HIGH", "alignment_confidence": "HIGH", "alignment_type": "MIXED_TRAFFIC", "bus_lane": "NOT_ASSUMED", "planning_note": "Wajib lewat Stasiun Cakung. Pulo Gebang–Sumarno–Penggilingan–putar utara–Bekasi Raya–Arteri Kelapa Gading–Pegangsaan Dua–Logistik–Tugu–Akses Marunda–Rusunawa. Bukan shortcut Pulo Gebang–Marunda. OSM Syech Nawawi ada di selatan -6.15 — tidak ditarik sebagai detour.", "osm_alias": {"Raya Tugu": "Jalan Cakung Cilincing / Jalan Raya Tugu (Tugu/Koja)", "Cilincing Landak": "Jalan Marunda Bidara / Sungai Landak", "Syeikh Nawawi": "OSM Jalan Syech Nawawi Al Bantani = ruas Cakung selatan; koridor memakai Cakung Cilincing di Tugu."}, "source": "CASCADE.txt + user road-intent 2026-09-11", "source_type": "ROAD_TRACE", "geometry_source": "OSM named arterials (roads.geojson + nominatim extras) + existing TJ centreline where overlapping", "color": "#D62F7F", "crs": "EPSG:4326", "disclaimer": "Usulan jaringan BRT CASCADE. Bukan rute resmi TransJakarta. Bukan gambar DED.", "updated_at": "2026-09-11", "vertex_id": "CAS-TJ09-V06", "vertex_order": 6, "name": "Bekasi Raya Cakung", "vertex_type": "ROAD_CHANGE", "road_name": "Jalan Bekasi Raya"}}, {"type": "Feature", "id": "CAS-TJ09-V07", "geometry": {"type": "Point", "coordinates": [106.9132027270949, -6.1748893002950656]}, "properties": {"id": "CAS-TJ09-V07", "route_id": "CAS-TJ09", "route_name": "Pulo Gebang – Rusunawa Marunda via Stasiun Cakung", "from_name": "Pulo Gebang", "to_name": "Rusunawa Marunda", "route_order": 9, "network_type": "BRT_TRUNK", "plan_type": "NEW_TRUNK", "mode": "transjakarta", "status": "PROPOSED", "status_label": "Usulan CASCADE", "existing": "NO", "parent_route": "", "cascade_status": "NEW_TRUNK", "existing_transjakarta": "PARTIAL", "geometry_confidence": "HIGH", "road_alignment_confidence": "HIGH", "alignment_confidence": "HIGH", "alignment_type": "MIXED_TRAFFIC", "bus_lane": "NOT_ASSUMED", "planning_note": "Wajib lewat Stasiun Cakung. Pulo Gebang–Sumarno–Penggilingan–putar utara–Bekasi Raya–Arteri Kelapa Gading–Pegangsaan Dua–Logistik–Tugu–Akses Marunda–Rusunawa. Bukan shortcut Pulo Gebang–Marunda. OSM Syech Nawawi ada di selatan -6.15 — tidak ditarik sebagai detour.", "osm_alias": {"Raya Tugu": "Jalan Cakung Cilincing / Jalan Raya Tugu (Tugu/Koja)", "Cilincing Landak": "Jalan Marunda Bidara / Sungai Landak", "Syeikh Nawawi": "OSM Jalan Syech Nawawi Al Bantani = ruas Cakung selatan; koridor memakai Cakung Cilincing di Tugu."}, "source": "CASCADE.txt + user road-intent 2026-09-11", "source_type": "ROAD_TRACE", "geometry_source": "OSM named arterials (roads.geojson + nominatim extras) + existing TJ centreline where overlapping", "color": "#D62F7F", "crs": "EPSG:4326", "disclaimer": "Usulan jaringan BRT CASCADE. Bukan rute resmi TransJakarta. Bukan gambar DED.", "updated_at": "2026-09-11", "vertex_id": "CAS-TJ09-V07", "vertex_order": 7, "name": "Arteri Kelapa Gading", "vertex_type": "ROAD_CHANGE", "road_name": "Jalan Arteri Kelapa Gading"}}, {"type": "Feature", "id": "CAS-TJ09-V08", "geometry": {"type": "Point", "coordinates": [106.9164856047627, -6.155228651284203]}, "properties": {"id": "CAS-TJ09-V08", "route_id": "CAS-TJ09", "route_name": "Pulo Gebang – Rusunawa Marunda via Stasiun Cakung", "from_name": "Pulo Gebang", "to_name": "Rusunawa Marunda", "route_order": 9, "network_type": "BRT_TRUNK", "plan_type": "NEW_TRUNK", "mode": "transjakarta", "status": "PROPOSED", "status_label": "Usulan CASCADE", "existing": "NO", "parent_route": "", "cascade_status": "NEW_TRUNK", "existing_transjakarta": "PARTIAL", "geometry_confidence": "HIGH", "road_alignment_confidence": "HIGH", "alignment_confidence": "HIGH", "alignment_type": "MIXED_TRAFFIC", "bus_lane": "NOT_ASSUMED", "planning_note": "Wajib lewat Stasiun Cakung. Pulo Gebang–Sumarno–Penggilingan–putar utara–Bekasi Raya–Arteri Kelapa Gading–Pegangsaan Dua–Logistik–Tugu–Akses Marunda–Rusunawa. Bukan shortcut Pulo Gebang–Marunda. OSM Syech Nawawi ada di selatan -6.15 — tidak ditarik sebagai detour.", "osm_alias": {"Raya Tugu": "Jalan Cakung Cilincing / Jalan Raya Tugu (Tugu/Koja)", "Cilincing Landak": "Jalan Marunda Bidara / Sungai Landak", "Syeikh Nawawi": "OSM Jalan Syech Nawawi Al Bantani = ruas Cakung selatan; koridor memakai Cakung Cilincing di Tugu."}, "source": "CASCADE.txt + user road-intent 2026-09-11", "source_type": "ROAD_TRACE", "geometry_source": "OSM named arterials (roads.geojson + nominatim extras) + existing TJ centreline where overlapping", "color": "#D62F7F", "crs": "EPSG:4326", "disclaimer": "Usulan jaringan BRT CASCADE. Bukan rute resmi TransJakarta. Bukan gambar DED.", "updated_at": "2026-09-11", "vertex_id": "CAS-TJ09-V08", "vertex_order": 8, "name": "Pegangsaan Dua", "vertex_type": "ROAD_CHANGE", "road_name": "Jalan Pegangsaan Dua"}}, {"type": "Feature", "id": "CAS-TJ09-V09", "geometry": {"type": "Point", "coordinates": [106.916413, -6.132757]}, "properties": {"id": "CAS-TJ09-V09", "route_id": "CAS-TJ09", "route_name": "Pulo Gebang – Rusunawa Marunda via Stasiun Cakung", "from_name": "Pulo Gebang", "to_name": "Rusunawa Marunda", "route_order": 9, "network_type": "BRT_TRUNK", "plan_type": "NEW_TRUNK", "mode": "transjakarta", "status": "PROPOSED", "status_label": "Usulan CASCADE", "existing": "NO", "parent_route": "", "cascade_status": "NEW_TRUNK", "existing_transjakarta": "PARTIAL", "geometry_confidence": "HIGH", "road_alignment_confidence": "HIGH", "alignment_confidence": "HIGH", "alignment_type": "MIXED_TRAFFIC", "bus_lane": "NOT_ASSUMED", "planning_note": "Wajib lewat Stasiun Cakung. Pulo Gebang–Sumarno–Penggilingan–putar utara–Bekasi Raya–Arteri Kelapa Gading–Pegangsaan Dua–Logistik–Tugu–Akses Marunda–Rusunawa. Bukan shortcut Pulo Gebang–Marunda. OSM Syech Nawawi ada di selatan -6.15 — tidak ditarik sebagai detour.", "osm_alias": {"Raya Tugu": "Jalan Cakung Cilincing / Jalan Raya Tugu (Tugu/Koja)", "Cilincing Landak": "Jalan Marunda Bidara / Sungai Landak", "Syeikh Nawawi": "OSM Jalan Syech Nawawi Al Bantani = ruas Cakung selatan; koridor memakai Cakung Cilincing di Tugu."}, "source": "CASCADE.txt + user road-intent 2026-09-11", "source_type": "ROAD_TRACE", "geometry_source": "OSM named arterials (roads.geojson + nominatim extras) + existing TJ centreline where overlapping", "color": "#D62F7F", "crs": "EPSG:4326", "disclaimer": "Usulan jaringan BRT CASCADE. Bukan rute resmi TransJakarta. Bukan gambar DED.", "updated_at": "2026-09-11", "vertex_id": "CAS-TJ09-V09", "vertex_order": 9, "name": "Logistik", "vertex_type": "ROAD_CHANGE", "road_name": "Jalan Raya Tugu"}}, {"type": "Feature", "id": "CAS-TJ09-V10", "geometry": {"type": "Point", "coordinates": [106.92607247963262, -6.121308566910007]}, "properties": {"id": "CAS-TJ09-V10", "route_id": "CAS-TJ09", "route_name": "Pulo Gebang – Rusunawa Marunda via Stasiun Cakung", "from_name": "Pulo Gebang", "to_name": "Rusunawa Marunda", "route_order": 9, "network_type": "BRT_TRUNK", "plan_type": "NEW_TRUNK", "mode": "transjakarta", "status": "PROPOSED", "status_label": "Usulan CASCADE", "existing": "NO", "parent_route": "", "cascade_status": "NEW_TRUNK", "existing_transjakarta": "PARTIAL", "geometry_confidence": "HIGH", "road_alignment_confidence": "HIGH", "alignment_confidence": "HIGH", "alignment_type": "MIXED_TRAFFIC", "bus_lane": "NOT_ASSUMED", "planning_note": "Wajib lewat Stasiun Cakung. Pulo Gebang–Sumarno–Penggilingan–putar utara–Bekasi Raya–Arteri Kelapa Gading–Pegangsaan Dua–Logistik–Tugu–Akses Marunda–Rusunawa. Bukan shortcut Pulo Gebang–Marunda. OSM Syech Nawawi ada di selatan -6.15 — tidak ditarik sebagai detour.", "osm_alias": {"Raya Tugu": "Jalan Cakung Cilincing / Jalan Raya Tugu (Tugu/Koja)", "Cilincing Landak": "Jalan Marunda Bidara / Sungai Landak", "Syeikh Nawawi": "OSM Jalan Syech Nawawi Al Bantani = ruas Cakung selatan; koridor memakai Cakung Cilincing di Tugu."}, "source": "CASCADE.txt + user road-intent 2026-09-11", "source_type": "ROAD_TRACE", "geometry_source": "OSM named arterials (roads.geojson + nominatim extras) + existing TJ centreline where overlapping", "color": "#D62F7F", "crs": "EPSG:4326", "disclaimer": "Usulan jaringan BRT CASCADE. Bukan rute resmi TransJakarta. Bukan gambar DED.", "updated_at": "2026-09-11", "vertex_id": "CAS-TJ09-V10", "vertex_order": 10, "name": "Raya Tugu", "vertex_type": "ROAD_CHANGE", "road_name": "Jalan Raya Tugu"}}, {"type": "Feature", "id": "CAS-TJ09-V11", "geometry": {"type": "Point", "coordinates": [106.931757, -6.111934]}, "properties": {"id": "CAS-TJ09-V11", "route_id": "CAS-TJ09", "route_name": "Pulo Gebang – Rusunawa Marunda via Stasiun Cakung", "from_name": "Pulo Gebang", "to_name": "Rusunawa Marunda", "route_order": 9, "network_type": "BRT_TRUNK", "plan_type": "NEW_TRUNK", "mode": "transjakarta", "status": "PROPOSED", "status_label": "Usulan CASCADE", "existing": "NO", "parent_route": "", "cascade_status": "NEW_TRUNK", "existing_transjakarta": "PARTIAL", "geometry_confidence": "HIGH", "road_alignment_confidence": "HIGH", "alignment_confidence": "HIGH", "alignment_type": "MIXED_TRAFFIC", "bus_lane": "NOT_ASSUMED", "planning_note": "Wajib lewat Stasiun Cakung. Pulo Gebang–Sumarno–Penggilingan–putar utara–Bekasi Raya–Arteri Kelapa Gading–Pegangsaan Dua–Logistik–Tugu–Akses Marunda–Rusunawa. Bukan shortcut Pulo Gebang–Marunda. OSM Syech Nawawi ada di selatan -6.15 — tidak ditarik sebagai detour.", "osm_alias": {"Raya Tugu": "Jalan Cakung Cilincing / Jalan Raya Tugu (Tugu/Koja)", "Cilincing Landak": "Jalan Marunda Bidara / Sungai Landak", "Syeikh Nawawi": "OSM Jalan Syech Nawawi Al Bantani = ruas Cakung selatan; koridor memakai Cakung Cilincing di Tugu."}, "source": "CASCADE.txt + user road-intent 2026-09-11", "source_type": "ROAD_TRACE", "geometry_source": "OSM named arterials (roads.geojson + nominatim extras) + existing TJ centreline where overlapping", "color": "#D62F7F", "crs": "EPSG:4326", "disclaimer": "Usulan jaringan BRT CASCADE. Bukan rute resmi TransJakarta. Bukan gambar DED.", "updated_at": "2026-09-11", "vertex_id": "CAS-TJ09-V11", "vertex_order": 11, "name": "Akses Marunda", "vertex_type": "ROAD_CHANGE", "road_name": "Jalan Akses Marunda"}}, {"type": "Feature", "id": "CAS-TJ09-V12", "geometry": {"type": "Point", "coordinates": [106.9479198, -6.1101586]}, "properties": {"id": "CAS-TJ09-V12", "route_id": "CAS-TJ09", "route_name": "Pulo Gebang – Rusunawa Marunda via Stasiun Cakung", "from_name": "Pulo Gebang", "to_name": "Rusunawa Marunda", "route_order": 9, "network_type": "BRT_TRUNK", "plan_type": "NEW_TRUNK", "mode": "transjakarta", "status": "PROPOSED", "status_label": "Usulan CASCADE", "existing": "NO", "parent_route": "", "cascade_status": "NEW_TRUNK", "existing_transjakarta": "PARTIAL", "geometry_confidence": "HIGH", "road_alignment_confidence": "HIGH", "alignment_confidence": "HIGH", "alignment_type": "MIXED_TRAFFIC", "bus_lane": "NOT_ASSUMED", "planning_note": "Wajib lewat Stasiun Cakung. Pulo Gebang–Sumarno–Penggilingan–putar utara–Bekasi Raya–Arteri Kelapa Gading–Pegangsaan Dua–Logistik–Tugu–Akses Marunda–Rusunawa. Bukan shortcut Pulo Gebang–Marunda. OSM Syech Nawawi ada di selatan -6.15 — tidak ditarik sebagai detour.", "osm_alias": {"Raya Tugu": "Jalan Cakung Cilincing / Jalan Raya Tugu (Tugu/Koja)", "Cilincing Landak": "Jalan Marunda Bidara / Sungai Landak", "Syeikh Nawawi": "OSM Jalan Syech Nawawi Al Bantani = ruas Cakung selatan; koridor memakai Cakung Cilincing di Tugu."}, "source": "CASCADE.txt + user road-intent 2026-09-11", "source_type": "ROAD_TRACE", "geometry_source": "OSM named arterials (roads.geojson + nominatim extras) + existing TJ centreline where overlapping", "color": "#D62F7F", "crs": "EPSG:4326", "disclaimer": "Usulan jaringan BRT CASCADE. Bukan rute resmi TransJakarta. Bukan gambar DED.", "updated_at": "2026-09-11", "vertex_id": "CAS-TJ09-V12", "vertex_order": 12, "name": "Marunda Bidara", "vertex_type": "ROAD_CHANGE", "road_name": "Jalan Marunda Bidara"}}, {"type": "Feature", "id": "CAS-TJ09-V13", "geometry": {"type": "Point", "coordinates": [106.96004, -6.10781]}, "properties": {"id": "CAS-TJ09-V13", "route_id": "CAS-TJ09", "route_name": "Pulo Gebang – Rusunawa Marunda via Stasiun Cakung", "from_name": "Pulo Gebang", "to_name": "Rusunawa Marunda", "route_order": 9, "network_type": "BRT_TRUNK", "plan_type": "NEW_TRUNK", "mode": "transjakarta", "status": "PROPOSED", "status_label": "Usulan CASCADE", "existing": "NO", "parent_route": "", "cascade_status": "NEW_TRUNK", "existing_transjakarta": "PARTIAL", "geometry_confidence": "HIGH", "road_alignment_confidence": "HIGH", "alignment_confidence": "HIGH", "alignment_type": "MIXED_TRAFFIC", "bus_lane": "NOT_ASSUMED", "planning_note": "Wajib lewat Stasiun Cakung. Pulo Gebang–Sumarno–Penggilingan–putar utara–Bekasi Raya–Arteri Kelapa Gading–Pegangsaan Dua–Logistik–Tugu–Akses Marunda–Rusunawa. Bukan shortcut Pulo Gebang–Marunda. OSM Syech Nawawi ada di selatan -6.15 — tidak ditarik sebagai detour.", "osm_alias": {"Raya Tugu": "Jalan Cakung Cilincing / Jalan Raya Tugu (Tugu/Koja)", "Cilincing Landak": "Jalan Marunda Bidara / Sungai Landak", "Syeikh Nawawi": "OSM Jalan Syech Nawawi Al Bantani = ruas Cakung selatan; koridor memakai Cakung Cilincing di Tugu."}, "source": "CASCADE.txt + user road-intent 2026-09-11", "source_type": "ROAD_TRACE", "geometry_source": "OSM named arterials (roads.geojson + nominatim extras) + existing TJ centreline where overlapping", "color": "#D62F7F", "crs": "EPSG:4326", "disclaimer": "Usulan jaringan BRT CASCADE. Bukan rute resmi TransJakarta. Bukan gambar DED.", "updated_at": "2026-09-11", "vertex_id": "CAS-TJ09-V13", "vertex_order": 13, "name": "Marunda Makmur", "vertex_type": "ROAD_CHANGE", "road_name": "Jalan Akses Rusun Marunda"}}, {"type": "Feature", "id": "CAS-TJ09-V14", "geometry": {"type": "Point", "coordinates": [106.96128, -6.09863]}, "properties": {"id": "CAS-TJ09-V14", "route_id": "CAS-TJ09", "route_name": "Pulo Gebang – Rusunawa Marunda via Stasiun Cakung", "from_name": "Pulo Gebang", "to_name": "Rusunawa Marunda", "route_order": 9, "network_type": "BRT_TRUNK", "plan_type": "NEW_TRUNK", "mode": "transjakarta", "status": "PROPOSED", "status_label": "Usulan CASCADE", "existing": "NO", "parent_route": "", "cascade_status": "NEW_TRUNK", "existing_transjakarta": "PARTIAL", "geometry_confidence": "HIGH", "road_alignment_confidence": "HIGH", "alignment_confidence": "HIGH", "alignment_type": "MIXED_TRAFFIC", "bus_lane": "NOT_ASSUMED", "planning_note": "Wajib lewat Stasiun Cakung. Pulo Gebang–Sumarno–Penggilingan–putar utara–Bekasi Raya–Arteri Kelapa Gading–Pegangsaan Dua–Logistik–Tugu–Akses Marunda–Rusunawa. Bukan shortcut Pulo Gebang–Marunda. OSM Syech Nawawi ada di selatan -6.15 — tidak ditarik sebagai detour.", "osm_alias": {"Raya Tugu": "Jalan Cakung Cilincing / Jalan Raya Tugu (Tugu/Koja)", "Cilincing Landak": "Jalan Marunda Bidara / Sungai Landak", "Syeikh Nawawi": "OSM Jalan Syech Nawawi Al Bantani = ruas Cakung selatan; koridor memakai Cakung Cilincing di Tugu."}, "source": "CASCADE.txt + user road-intent 2026-09-11", "source_type": "ROAD_TRACE", "geometry_source": "OSM named arterials (roads.geojson + nominatim extras) + existing TJ centreline where overlapping", "color": "#D62F7F", "crs": "EPSG:4326", "disclaimer": "Usulan jaringan BRT CASCADE. Bukan rute resmi TransJakarta. Bukan gambar DED.", "updated_at": "2026-09-11", "vertex_id": "CAS-TJ09-V14", "vertex_order": 14, "name": "Rusunawa Marunda", "vertex_type": "ENDPOINT", "road_name": "Jalan Marunda Bidara"}}, {"type": "Feature", "id": "CAS-TJ11-V01", "geometry": {"type": "Point", "coordinates": [106.83313, -6.36017]}, "properties": {"id": "CAS-TJ11-V01", "route_id": "CAS-TJ11", "route_name": "Menwa UI – Galunggung", "from_name": "Menwa UI", "to_name": "Galunggung", "route_order": 11, "network_type": "BRT_TRUNK", "plan_type": "NEW_TRUNK", "mode": "transjakarta", "status": "PROPOSED", "status_label": "Usulan CASCADE", "existing": "NO", "parent_route": "", "cascade_status": "NEW_TRUNK", "existing_transjakarta": "PARTIAL", "geometry_confidence": "HIGH", "road_alignment_confidence": "HIGH", "alignment_confidence": "HIGH", "alignment_type": "MIXED_TRAFFIC", "bus_lane": "NOT_ASSUMED", "planning_note": "Menwa UI–Lenteng Agung–Pasar Minggu–Pancoran–Soepomo–Saharjo–Minangkabau Barat–Sultan Agung–Galunggung. Bukan MT Haryono/Kalibata/Manggarai.", "osm_alias": {"Prof Dr Soepomo": "Jalan Profesor Dokter Supomo SH"}, "source": "CASCADE.txt + user road-intent 2026-09-11", "source_type": "ROAD_TRACE", "geometry_source": "OSM named arterials (roads.geojson + nominatim extras) + existing TJ centreline where overlapping", "color": "#D62F7F", "crs": "EPSG:4326", "disclaimer": "Usulan jaringan BRT CASCADE. Bukan rute resmi TransJakarta. Bukan gambar DED.", "updated_at": "2026-09-11", "vertex_id": "CAS-TJ11-V01", "vertex_order": 1, "name": "Menwa UI", "vertex_type": "ENDPOINT", "road_name": "Jalan Lenteng Agung Raya"}}, {"type": "Feature", "id": "CAS-TJ11-V02", "geometry": {"type": "Point", "coordinates": [106.83493975148522, -6.3300245032772064]}, "properties": {"id": "CAS-TJ11-V02", "route_id": "CAS-TJ11", "route_name": "Menwa UI – Galunggung", "from_name": "Menwa UI", "to_name": "Galunggung", "route_order": 11, "network_type": "BRT_TRUNK", "plan_type": "NEW_TRUNK", "mode": "transjakarta", "status": "PROPOSED", "status_label": "Usulan CASCADE", "existing": "NO", "parent_route": "", "cascade_status": "NEW_TRUNK", "existing_transjakarta": "PARTIAL", "geometry_confidence": "HIGH", "road_alignment_confidence": "HIGH", "alignment_confidence": "HIGH", "alignment_type": "MIXED_TRAFFIC", "bus_lane": "NOT_ASSUMED", "planning_note": "Menwa UI–Lenteng Agung–Pasar Minggu–Pancoran–Soepomo–Saharjo–Minangkabau Barat–Sultan Agung–Galunggung. Bukan MT Haryono/Kalibata/Manggarai.", "osm_alias": {"Prof Dr Soepomo": "Jalan Profesor Dokter Supomo SH"}, "source": "CASCADE.txt + user road-intent 2026-09-11", "source_type": "ROAD_TRACE", "geometry_source": "OSM named arterials (roads.geojson + nominatim extras) + existing TJ centreline where overlapping", "color": "#D62F7F", "crs": "EPSG:4326", "disclaimer": "Usulan jaringan BRT CASCADE. Bukan rute resmi TransJakarta. Bukan gambar DED.", "updated_at": "2026-09-11", "vertex_id": "CAS-TJ11-V02", "vertex_order": 2, "name": "Lenteng Agung", "vertex_type": "ROAD_CHANGE", "road_name": "Jalan Lenteng Agung Raya"}}, {"type": "Feature", "id": "CAS-TJ11-V03", "geometry": {"type": "Point", "coordinates": [106.8442529820739, -6.2843060052081725]}, "properties": {"id": "CAS-TJ11-V03", "route_id": "CAS-TJ11", "route_name": "Menwa UI – Galunggung", "from_name": "Menwa UI", "to_name": "Galunggung", "route_order": 11, "network_type": "BRT_TRUNK", "plan_type": "NEW_TRUNK", "mode": "transjakarta", "status": "PROPOSED", "status_label": "Usulan CASCADE", "existing": "NO", "parent_route": "", "cascade_status": "NEW_TRUNK", "existing_transjakarta": "PARTIAL", "geometry_confidence": "HIGH", "road_alignment_confidence": "HIGH", "alignment_confidence": "HIGH", "alignment_type": "MIXED_TRAFFIC", "bus_lane": "NOT_ASSUMED", "planning_note": "Menwa UI–Lenteng Agung–Pasar Minggu–Pancoran–Soepomo–Saharjo–Minangkabau Barat–Sultan Agung–Galunggung. Bukan MT Haryono/Kalibata/Manggarai.", "osm_alias": {"Prof Dr Soepomo": "Jalan Profesor Dokter Supomo SH"}, "source": "CASCADE.txt + user road-intent 2026-09-11", "source_type": "ROAD_TRACE", "geometry_source": "OSM named arterials (roads.geojson + nominatim extras) + existing TJ centreline where overlapping", "color": "#D62F7F", "crs": "EPSG:4326", "disclaimer": "Usulan jaringan BRT CASCADE. Bukan rute resmi TransJakarta. Bukan gambar DED.", "updated_at": "2026-09-11", "vertex_id": "CAS-TJ11-V03", "vertex_order": 3, "name": "Pasar Minggu", "vertex_type": "ROAD_CHANGE", "road_name": "Jalan Pasar Minggu Raya"}}, {"type": "Feature", "id": "CAS-TJ11-V04", "geometry": {"type": "Point", "coordinates": [106.84369913423765, -6.243225311272918]}, "properties": {"id": "CAS-TJ11-V04", "route_id": "CAS-TJ11", "route_name": "Menwa UI – Galunggung", "from_name": "Menwa UI", "to_name": "Galunggung", "route_order": 11, "network_type": "BRT_TRUNK", "plan_type": "NEW_TRUNK", "mode": "transjakarta", "status": "PROPOSED", "status_label": "Usulan CASCADE", "existing": "NO", "parent_route": "", "cascade_status": "NEW_TRUNK", "existing_transjakarta": "PARTIAL", "geometry_confidence": "HIGH", "road_alignment_confidence": "HIGH", "alignment_confidence": "HIGH", "alignment_type": "MIXED_TRAFFIC", "bus_lane": "NOT_ASSUMED", "planning_note": "Menwa UI–Lenteng Agung–Pasar Minggu–Pancoran–Soepomo–Saharjo–Minangkabau Barat–Sultan Agung–Galunggung. Bukan MT Haryono/Kalibata/Manggarai.", "osm_alias": {"Prof Dr Soepomo": "Jalan Profesor Dokter Supomo SH"}, "source": "CASCADE.txt + user road-intent 2026-09-11", "source_type": "ROAD_TRACE", "geometry_source": "OSM named arterials (roads.geojson + nominatim extras) + existing TJ centreline where overlapping", "color": "#D62F7F", "crs": "EPSG:4326", "disclaimer": "Usulan jaringan BRT CASCADE. Bukan rute resmi TransJakarta. Bukan gambar DED.", "updated_at": "2026-09-11", "vertex_id": "CAS-TJ11-V04", "vertex_order": 4, "name": "Pancoran", "vertex_type": "ROAD_CHANGE", "road_name": "Jalan Profesor Dokter Supomo SH"}}, {"type": "Feature", "id": "CAS-TJ11-V05", "geometry": {"type": "Point", "coordinates": [106.84430617133829, -6.235998161784179]}, "properties": {"id": "CAS-TJ11-V05", "route_id": "CAS-TJ11", "route_name": "Menwa UI – Galunggung", "from_name": "Menwa UI", "to_name": "Galunggung", "route_order": 11, "network_type": "BRT_TRUNK", "plan_type": "NEW_TRUNK", "mode": "transjakarta", "status": "PROPOSED", "status_label": "Usulan CASCADE", "existing": "NO", "parent_route": "", "cascade_status": "NEW_TRUNK", "existing_transjakarta": "PARTIAL", "geometry_confidence": "HIGH", "road_alignment_confidence": "HIGH", "alignment_confidence": "HIGH", "alignment_type": "MIXED_TRAFFIC", "bus_lane": "NOT_ASSUMED", "planning_note": "Menwa UI–Lenteng Agung–Pasar Minggu–Pancoran–Soepomo–Saharjo–Minangkabau Barat–Sultan Agung–Galunggung. Bukan MT Haryono/Kalibata/Manggarai.", "osm_alias": {"Prof Dr Soepomo": "Jalan Profesor Dokter Supomo SH"}, "source": "CASCADE.txt + user road-intent 2026-09-11", "source_type": "ROAD_TRACE", "geometry_source": "OSM named arterials (roads.geojson + nominatim extras) + existing TJ centreline where overlapping", "color": "#D62F7F", "crs": "EPSG:4326", "disclaimer": "Usulan jaringan BRT CASCADE. Bukan rute resmi TransJakarta. Bukan gambar DED.", "updated_at": "2026-09-11", "vertex_id": "CAS-TJ11-V05", "vertex_order": 5, "name": "Soepomo", "vertex_type": "ROAD_CHANGE", "road_name": "Jalan Profesor Dokter Supomo SH"}}, {"type": "Feature", "id": "CAS-TJ11-V06", "geometry": {"type": "Point", "coordinates": [106.84515074368863, -6.218401941496456]}, "properties": {"id": "CAS-TJ11-V06", "route_id": "CAS-TJ11", "route_name": "Menwa UI – Galunggung", "from_name": "Menwa UI", "to_name": "Galunggung", "route_order": 11, "network_type": "BRT_TRUNK", "plan_type": "NEW_TRUNK", "mode": "transjakarta", "status": "PROPOSED", "status_label": "Usulan CASCADE", "existing": "NO", "parent_route": "", "cascade_status": "NEW_TRUNK", "existing_transjakarta": "PARTIAL", "geometry_confidence": "HIGH", "road_alignment_confidence": "HIGH", "alignment_confidence": "HIGH", "alignment_type": "MIXED_TRAFFIC", "bus_lane": "NOT_ASSUMED", "planning_note": "Menwa UI–Lenteng Agung–Pasar Minggu–Pancoran–Soepomo–Saharjo–Minangkabau Barat–Sultan Agung–Galunggung. Bukan MT Haryono/Kalibata/Manggarai.", "osm_alias": {"Prof Dr Soepomo": "Jalan Profesor Dokter Supomo SH"}, "source": "CASCADE.txt + user road-intent 2026-09-11", "source_type": "ROAD_TRACE", "geometry_source": "OSM named arterials (roads.geojson + nominatim extras) + existing TJ centreline where overlapping", "color": "#D62F7F", "crs": "EPSG:4326", "disclaimer": "Usulan jaringan BRT CASCADE. Bukan rute resmi TransJakarta. Bukan gambar DED.", "updated_at": "2026-09-11", "vertex_id": "CAS-TJ11-V06", "vertex_order": 6, "name": "Saharjo", "vertex_type": "ROAD_CHANGE", "road_name": "Jalan Dokter Saharjo"}}, {"type": "Feature", "id": "CAS-TJ11-V07", "geometry": {"type": "Point", "coordinates": [106.8445, -6.211]}, "properties": {"id": "CAS-TJ11-V07", "route_id": "CAS-TJ11", "route_name": "Menwa UI – Galunggung", "from_name": "Menwa UI", "to_name": "Galunggung", "route_order": 11, "network_type": "BRT_TRUNK", "plan_type": "NEW_TRUNK", "mode": "transjakarta", "status": "PROPOSED", "status_label": "Usulan CASCADE", "existing": "NO", "parent_route": "", "cascade_status": "NEW_TRUNK", "existing_transjakarta": "PARTIAL", "geometry_confidence": "HIGH", "road_alignment_confidence": "HIGH", "alignment_confidence": "HIGH", "alignment_type": "MIXED_TRAFFIC", "bus_lane": "NOT_ASSUMED", "planning_note": "Menwa UI–Lenteng Agung–Pasar Minggu–Pancoran–Soepomo–Saharjo–Minangkabau Barat–Sultan Agung–Galunggung. Bukan MT Haryono/Kalibata/Manggarai.", "osm_alias": {"Prof Dr Soepomo": "Jalan Profesor Dokter Supomo SH"}, "source": "CASCADE.txt + user road-intent 2026-09-11", "source_type": "ROAD_TRACE", "geometry_source": "OSM named arterials (roads.geojson + nominatim extras) + existing TJ centreline where overlapping", "color": "#D62F7F", "crs": "EPSG:4326", "disclaimer": "Usulan jaringan BRT CASCADE. Bukan rute resmi TransJakarta. Bukan gambar DED.", "updated_at": "2026-09-11", "vertex_id": "CAS-TJ11-V07", "vertex_order": 7, "name": "Minangkabau Barat", "vertex_type": "ROAD_CHANGE", "road_name": "Jalan Sultan Agung"}}, {"type": "Feature", "id": "CAS-TJ11-V08", "geometry": {"type": "Point", "coordinates": [106.834, -6.2055]}, "properties": {"id": "CAS-TJ11-V08", "route_id": "CAS-TJ11", "route_name": "Menwa UI – Galunggung", "from_name": "Menwa UI", "to_name": "Galunggung", "route_order": 11, "network_type": "BRT_TRUNK", "plan_type": "NEW_TRUNK", "mode": "transjakarta", "status": "PROPOSED", "status_label": "Usulan CASCADE", "existing": "NO", "parent_route": "", "cascade_status": "NEW_TRUNK", "existing_transjakarta": "PARTIAL", "geometry_confidence": "HIGH", "road_alignment_confidence": "HIGH", "alignment_confidence": "HIGH", "alignment_type": "MIXED_TRAFFIC", "bus_lane": "NOT_ASSUMED", "planning_note": "Menwa UI–Lenteng Agung–Pasar Minggu–Pancoran–Soepomo–Saharjo–Minangkabau Barat–Sultan Agung–Galunggung. Bukan MT Haryono/Kalibata/Manggarai.", "osm_alias": {"Prof Dr Soepomo": "Jalan Profesor Dokter Supomo SH"}, "source": "CASCADE.txt + user road-intent 2026-09-11", "source_type": "ROAD_TRACE", "geometry_source": "OSM named arterials (roads.geojson + nominatim extras) + existing TJ centreline where overlapping", "color": "#D62F7F", "crs": "EPSG:4326", "disclaimer": "Usulan jaringan BRT CASCADE. Bukan rute resmi TransJakarta. Bukan gambar DED.", "updated_at": "2026-09-11", "vertex_id": "CAS-TJ11-V08", "vertex_order": 8, "name": "Sultan Agung", "vertex_type": "ROAD_CHANGE", "road_name": "Jalan Sultan Agung"}}, {"type": "Feature", "id": "CAS-TJ11-V09", "geometry": {"type": "Point", "coordinates": [106.82338, -6.2044]}, "properties": {"id": "CAS-TJ11-V09", "route_id": "CAS-TJ11", "route_name": "Menwa UI – Galunggung", "from_name": "Menwa UI", "to_name": "Galunggung", "route_order": 11, "network_type": "BRT_TRUNK", "plan_type": "NEW_TRUNK", "mode": "transjakarta", "status": "PROPOSED", "status_label": "Usulan CASCADE", "existing": "NO", "parent_route": "", "cascade_status": "NEW_TRUNK", "existing_transjakarta": "PARTIAL", "geometry_confidence": "HIGH", "road_alignment_confidence": "HIGH", "alignment_confidence": "HIGH", "alignment_type": "MIXED_TRAFFIC", "bus_lane": "NOT_ASSUMED", "planning_note": "Menwa UI–Lenteng Agung–Pasar Minggu–Pancoran–Soepomo–Saharjo–Minangkabau Barat–Sultan Agung–Galunggung. Bukan MT Haryono/Kalibata/Manggarai.", "osm_alias": {"Prof Dr Soepomo": "Jalan Profesor Dokter Supomo SH"}, "source": "CASCADE.txt + user road-intent 2026-09-11", "source_type": "ROAD_TRACE", "geometry_source": "OSM named arterials (roads.geojson + nominatim extras) + existing TJ centreline where overlapping", "color": "#D62F7F", "crs": "EPSG:4326", "disclaimer": "Usulan jaringan BRT CASCADE. Bukan rute resmi TransJakarta. Bukan gambar DED.", "updated_at": "2026-09-11", "vertex_id": "CAS-TJ11-V09", "vertex_order": 9, "name": "Galunggung", "vertex_type": "ENDPOINT", "road_name": "Jalan Sultan Agung"}}]}