{"type": "FeatureCollection", "crs": {"type": "name", "properties": {"name": "EPSG:4326"}}, "features": [{"type": "Feature", "id": "CAS-TJ06-SEG01", "geometry": {"type": "LineString", "coordinates": [[106.72602, -6.2306], [106.7260999996879, -6.23078999961527], [106.72617000042989, -6.230950000231543], [106.72627000008113, -6.231230000321062], [106.72631999989119, -6.231310000328488], [106.7263500000338, -6.231340000006034], [106.72638999973994, -6.2313499999421795], [106.72644999995678, -6.23134999972118], [106.72686000016822, -6.231269999989062], [106.72701000019688, -6.23126999974983], [106.7271800003335, -6.231290000418639], [106.72739999987274, -6.2313599997655755], [106.72789000008375, -6.231489999997265], [106.729019999947, -6.231789999810061], [106.72963000026739, -6.231929999592076], [106.73030842061726, -6.2321228624974765], [106.7309699754274, -6.232274248256851], [106.73163153023752, -6.232425634016225], [106.73229308504764, -6.2325770197756], [106.73295463985778, -6.232728405534974], [106.7336161946679, -6.23287979129435], [106.73427774947804, -6.233031177053724], [106.73493930428816, -6.233182562813099], [106.73560085909828, -6.233333948572473], [106.73626241390842, -6.2334853343318475], [106.73692396871854, -6.233636720091222], [106.73730500010564, -6.2337200001968975], [106.737596, -6.233468], [106.737617, -6.233159], [106.737642, -6.232789], [106.737663, -6.232347], [106.737632, -6.231754], [106.737597, -6.231509], [106.73757, -6.230932], [106.737599, -6.230551], [106.737637, -6.230126], [106.73766554938659, -6.229788598158408]]}, "properties": {"id": "CAS-TJ06-SEG01", "route_id": "CAS-TJ06", "route_name": "Puri Beta – Monas", "from_name": "Puri Beta", "to_name": "Monas", "route_order": 6, "network_type": "BRT_TRUNK", "plan_type": "NEW_TRUNK", "mode": "transjakarta", "status": "PROPOSED", "status_label": "Usulan CASCADE", "existing": "NO", "parent_route": "", "cascade_status": "NEW_TRUNK", "existing_transjakarta": "PARTIAL", "geometry_confidence": "HIGH", "road_alignment_confidence": "HIGH", "alignment_confidence": "HIGH", "alignment_type": "MIXED_TRAFFIC", "bus_lane": "NOT_ASSUMED", "planning_note": "Audit ulang. Puri Beta–Ciledug–Joglo–Pos Pengumben–Tubun–Thamrin–Monas. Bukan Puri Indah. Bukan jalur TJ07 (Kebon Sirih/Slipi/Kemanggisan).", "osm_alias": {"Dr Soetomo (akses Puri Beta)": "Jalan Ciledug Raya"}, "source": "CASCADE.txt + user road-intent 2026-09-11", "source_type": "ROAD_TRACE", "geometry_source": "OSM named arterials (roads.geojson + nominatim extras) + existing TJ centreline where overlapping", "color": "#D62F7F", "crs": "EPSG:4326", "disclaimer": "Usulan jaringan BRT CASCADE. Bukan rute resmi TransJakarta. Bukan gambar DED.", "updated_at": "2026-09-11", "segment_id": "CAS-TJ06-SEG01", "from_vertex": "Puri Beta", "to_vertex": "Simpang Joglo", "road_name": "Jalan Joglo Raya", "length_km": 1.788}}, {"type": "Feature", "id": "CAS-TJ06-SEG02", "geometry": {"type": "LineString", "coordinates": [[106.73766554938659, -6.229788598158408], [106.737681, -6.229606], [106.737653, -6.229371], [106.737588, -6.228933], [106.737549, -6.228679], [106.737593, -6.228051], [106.737628, -6.227876], [106.737711, -6.22743], [106.73782, -6.226918], [106.73787, -6.226403], [106.737883, -6.225817], [106.737777, -6.225273], [106.73766, -6.224699], [106.737593, -6.224438], [106.737489, -6.223934], [106.737472, -6.223793], [106.737314, -6.222881], [106.737294, -6.222443], [106.737291, -6.221974], [106.737303, -6.221509], [106.7373805, -6.2208135], [106.737463, -6.220069], [106.737511, -6.220075], [106.738225, -6.220164], [106.738501702419, -6.220198490917775]]}, "properties": {"id": "CAS-TJ06-SEG02", "route_id": "CAS-TJ06", "route_name": "Puri Beta – Monas", "from_name": "Puri Beta", "to_name": "Monas", "route_order": 6, "network_type": "BRT_TRUNK", "plan_type": "NEW_TRUNK", "mode": "transjakarta", "status": "PROPOSED", "status_label": "Usulan CASCADE", "existing": "NO", "parent_route": "", "cascade_status": "NEW_TRUNK", "existing_transjakarta": "PARTIAL", "geometry_confidence": "HIGH", "road_alignment_confidence": "HIGH", "alignment_confidence": "HIGH", "alignment_type": "MIXED_TRAFFIC", "bus_lane": "NOT_ASSUMED", "planning_note": "Audit ulang. Puri Beta–Ciledug–Joglo–Pos Pengumben–Tubun–Thamrin–Monas. Bukan Puri Indah. Bukan jalur TJ07 (Kebon Sirih/Slipi/Kemanggisan).", "osm_alias": {"Dr Soetomo (akses Puri Beta)": "Jalan Ciledug Raya"}, "source": "CASCADE.txt + user road-intent 2026-09-11", "source_type": "ROAD_TRACE", "geometry_source": "OSM named arterials (roads.geojson + nominatim extras) + existing TJ centreline where overlapping", "color": "#D62F7F", "crs": "EPSG:4326", "disclaimer": "Usulan jaringan BRT CASCADE. Bukan rute resmi TransJakarta. Bukan gambar DED.", "updated_at": "2026-09-11", "segment_id": "CAS-TJ06-SEG02", "from_vertex": "Simpang Joglo", "to_vertex": "Joglo Raya", "road_name": "Jalan Raya Pos Pengumben", "length_km": 1.208}}, {"type": "Feature", "id": "CAS-TJ06-SEG03", "geometry": {"type": "LineString", "coordinates": [[106.738501702419, -6.220198490917775], [106.738939, -6.220253], [106.739442, -6.220281], [106.739599, -6.220295], [106.740032, -6.220343], [106.740529, -6.220408], [106.740708, -6.220428], [106.740953, -6.220432], [106.740994, -6.220429], [106.741084, -6.220423], [106.741264, -6.220376], [106.741418, -6.220322], [106.742137, -6.220005], [106.74284349999999, -6.2196549999999995], [106.74355, -6.219305], [106.743662, -6.219245], [106.744252, -6.218897], [106.744377, -6.218823], [106.744467, -6.21877], [106.744871, -6.218518], [106.745161, -6.218345], [106.745466, -6.218173], [106.745622, -6.218084], [106.745819, -6.217993], [106.74618, -6.217871], [106.74627, -6.217852], [106.746421, -6.21782], [106.746836, -6.217742], [106.747314, -6.217658], [106.747549, -6.217615], [106.747825, -6.217567], [106.748014, -6.217535], [106.748435, -6.217464], [106.748556, -6.217455], [106.748779, -6.217436], [106.748924, -6.217432], [106.748983, -6.217442], [106.749069, -6.217465], [106.749265, -6.217529], [106.749685, -6.21766], [106.750162, -6.217809], [106.75021985273064, -6.217825584449451]]}, "properties": {"id": "CAS-TJ06-SEG03", "route_id": "CAS-TJ06", "route_name": "Puri Beta – Monas", "from_name": "Puri Beta", "to_name": "Monas", "route_order": 6, "network_type": "BRT_TRUNK", "plan_type": "NEW_TRUNK", "mode": "transjakarta", "status": "PROPOSED", "status_label": "Usulan CASCADE", "existing": "NO", "parent_route": "", "cascade_status": "NEW_TRUNK", "existing_transjakarta": "PARTIAL", "geometry_confidence": "HIGH", "road_alignment_confidence": "HIGH", "alignment_confidence": "HIGH", "alignment_type": "MIXED_TRAFFIC", "bus_lane": "NOT_ASSUMED", "planning_note": "Audit ulang. Puri Beta–Ciledug–Joglo–Pos Pengumben–Tubun–Thamrin–Monas. Bukan Puri Indah. Bukan jalur TJ07 (Kebon Sirih/Slipi/Kemanggisan).", "osm_alias": {"Dr Soetomo (akses Puri Beta)": "Jalan Ciledug Raya"}, "source": "CASCADE.txt + user road-intent 2026-09-11", "source_type": "ROAD_TRACE", "geometry_source": "OSM named arterials (roads.geojson + nominatim extras) + existing TJ centreline where overlapping", "color": "#D62F7F", "crs": "EPSG:4326", "disclaimer": "Usulan jaringan BRT CASCADE. Bukan rute resmi TransJakarta. Bukan gambar DED.", "updated_at": "2026-09-11", "segment_id": "CAS-TJ06-SEG03", "from_vertex": "Joglo Raya", "to_vertex": "Raya Pos Pengumben", "road_name": "Jalan Raya Pos Pengumben", "length_km": 1.377}}, {"type": "Feature", "id": "CAS-TJ06-SEG04", "geometry": {"type": "LineString", "coordinates": [[106.75021985273064, -6.217825584449451], [106.750312, -6.217852], [106.750812, -6.218004], [106.751035, -6.21809], [106.751252, -6.218164], [106.751494, -6.218243], [106.751751, -6.218317], [106.752053, -6.218395], [106.752373, -6.218467], [106.752615, -6.218516], [106.752844, -6.218534], [106.753018, -6.218531], [106.753189, -6.21851], [106.75336, -6.218484], [106.753775, -6.218445], [106.753956, -6.218442], [106.754037, -6.218444], [106.754118, -6.218446], [106.754313, -6.218464], [106.754493, -6.218493], [106.754702, -6.218528], [106.754937, -6.218571], [106.75523, -6.218605], [106.755453, -6.218619], [106.755625, -6.21862], [106.755837, -6.218602], [106.755956, -6.218585], [106.756136, -6.218531], [106.756357, -6.218437], [106.756661, -6.218319], [106.75694, -6.21822], [106.757015, -6.218196], [106.757154, -6.21815], [106.757293, -6.218104], [106.757384, -6.218077], [106.757475, -6.21805], [106.757712, -6.217985], [106.757809, -6.217959], [106.757917, -6.217927], [106.758271, -6.217826], [106.75854, -6.217744], [106.758884, -6.217643], [106.759162, -6.217584], [106.75952, -6.217534], [106.759801, -6.217508], [106.759974, -6.217502], [106.760297, -6.217489], [106.760827, -6.21747], [106.761299, -6.217445], [106.761295, -6.217372], [106.760827, -6.217394], [106.760632, -6.2174], [106.760291, -6.217409], [106.76029187083023, -6.217420611069835]]}, "properties": {"id": "CAS-TJ06-SEG04", "route_id": "CAS-TJ06", "route_name": "Puri Beta – Monas", "from_name": "Puri Beta", "to_name": "Monas", "route_order": 6, "network_type": "BRT_TRUNK", "plan_type": "NEW_TRUNK", "mode": "transjakarta", "status": "PROPOSED", "status_label": "Usulan CASCADE", "existing": "NO", "parent_route": "", "cascade_status": "NEW_TRUNK", "existing_transjakarta": "PARTIAL", "geometry_confidence": "HIGH", "road_alignment_confidence": "HIGH", "alignment_confidence": "HIGH", "alignment_type": "MIXED_TRAFFIC", "bus_lane": "NOT_ASSUMED", "planning_note": "Audit ulang. Puri Beta–Ciledug–Joglo–Pos Pengumben–Tubun–Thamrin–Monas. Bukan Puri Indah. Bukan jalur TJ07 (Kebon Sirih/Slipi/Kemanggisan).", "osm_alias": {"Dr Soetomo (akses Puri Beta)": "Jalan Ciledug Raya"}, "source": "CASCADE.txt + user road-intent 2026-09-11", "source_type": "ROAD_TRACE", "geometry_source": "OSM named arterials (roads.geojson + nominatim extras) + existing TJ centreline where overlapping", "color": "#D62F7F", "crs": "EPSG:4326", "disclaimer": "Usulan jaringan BRT CASCADE. Bukan rute resmi TransJakarta. Bukan gambar DED.", "updated_at": "2026-09-11", "segment_id": "CAS-TJ06-SEG04", "from_vertex": "Raya Pos Pengumben", "to_vertex": "Joglo Timur", "road_name": "Jalan Raya Pos Pengumben", "length_km": 1.377}}, {"type": "Feature", "id": "CAS-TJ06-SEG05", "geometry": {"type": "LineString", "coordinates": [[106.76029187083023, -6.217420611069835], [106.760297, -6.217489], [106.760827, -6.21747], [106.761299, -6.217445], [106.761575, -6.217411], [106.76164, -6.217399], [106.761956, -6.217291], [106.762023, -6.217271], [106.762105, -6.217263], [106.762396, -6.217275], [106.76333, -6.21721], [106.763723, -6.21717], [106.763849, -6.217137], [106.764038, -6.217087], [106.764105, -6.217067], [106.76445, -6.216938], [106.764499, -6.216923], [106.764537, -6.216921], [106.765103, -6.216887], [106.765406, -6.216873], [106.765619, -6.216864], [106.765826, -6.216854], [106.766284, -6.21683], [106.766826, -6.2168], [106.767235, -6.216777], [106.767423, -6.216761], [106.767518, -6.216753], [106.767698, -6.216742], [106.767935, -6.216736], [106.768058, -6.216733], [106.768653, -6.216727], [106.76935, -6.216676]]}, "properties": {"id": "CAS-TJ06-SEG05", "route_id": "CAS-TJ06", "route_name": "Puri Beta – Monas", "from_name": "Puri Beta", "to_name": "Monas", "route_order": 6, "network_type": "BRT_TRUNK", "plan_type": "NEW_TRUNK", "mode": "transjakarta", "status": "PROPOSED", "status_label": "Usulan CASCADE", "existing": "NO", "parent_route": "", "cascade_status": "NEW_TRUNK", "existing_transjakarta": "PARTIAL", "geometry_confidence": "HIGH", "road_alignment_confidence": "HIGH", "alignment_confidence": "HIGH", "alignment_type": "MIXED_TRAFFIC", "bus_lane": "NOT_ASSUMED", "planning_note": "Audit ulang. Puri Beta–Ciledug–Joglo–Pos Pengumben–Tubun–Thamrin–Monas. Bukan Puri Indah. Bukan jalur TJ07 (Kebon Sirih/Slipi/Kemanggisan).", "osm_alias": {"Dr Soetomo (akses Puri Beta)": "Jalan Ciledug Raya"}, "source": "CASCADE.txt + user road-intent 2026-09-11", "source_type": "ROAD_TRACE", "geometry_source": "OSM named arterials (roads.geojson + nominatim extras) + existing TJ centreline where overlapping", "color": "#D62F7F", "crs": "EPSG:4326", "disclaimer": "Usulan jaringan BRT CASCADE. Bukan rute resmi TransJakarta. Bukan gambar DED.", "updated_at": "2026-09-11", "segment_id": "CAS-TJ06-SEG05", "from_vertex": "Joglo Timur", "to_vertex": "Kelapa Dua Raya", "road_name": "Jalan Raya Pos Pengumben", "length_km": 1.017}}, {"type": "Feature", "id": "CAS-TJ06-SEG06", "geometry": {"type": "LineString", "coordinates": [[106.76935391868732, -6.216675763400011], [106.769615, -6.21666], [106.770635, -6.216583], [106.770629, -6.216502], [106.769993, -6.216551], [106.769939, -6.216555], [106.769609, -6.21658], [106.769423, -6.216592], [106.769416, -6.216523], [106.7695605, -6.2160258], [106.7695285, -6.2156501], [106.7695096, -6.2154859], [106.7694871, -6.2152754], [106.7693846, -6.2143184], [106.7693746, -6.2142312], [106.7693155, -6.2139881], [106.7693028, -6.2138762], [106.7692846, -6.2137191], [106.7692975, -6.2134702], [106.7693465, -6.2132412], [106.7693617, -6.2131316], [106.7693938, -6.2129006], [106.7703492, -6.212913733333333], [106.77130460000001, -6.212926866666667], [106.77226, -6.21294]]}, "properties": {"id": "CAS-TJ06-SEG06", "route_id": "CAS-TJ06", "route_name": "Puri Beta – Monas", "from_name": "Puri Beta", "to_name": "Monas", "route_order": 6, "network_type": "BRT_TRUNK", "plan_type": "NEW_TRUNK", "mode": "transjakarta", "status": "PROPOSED", "status_label": "Usulan CASCADE", "existing": "NO", "parent_route": "", "cascade_status": "NEW_TRUNK", "existing_transjakarta": "PARTIAL", "geometry_confidence": "HIGH", "road_alignment_confidence": "HIGH", "alignment_confidence": "HIGH", "alignment_type": "MIXED_TRAFFIC", "bus_lane": "NOT_ASSUMED", "planning_note": "Audit ulang. Puri Beta–Ciledug–Joglo–Pos Pengumben–Tubun–Thamrin–Monas. Bukan Puri Indah. Bukan jalur TJ07 (Kebon Sirih/Slipi/Kemanggisan).", "osm_alias": {"Dr Soetomo (akses Puri Beta)": "Jalan Ciledug Raya"}, "source": "CASCADE.txt + user road-intent 2026-09-11", "source_type": "ROAD_TRACE", "geometry_source": "OSM named arterials (roads.geojson + nominatim extras) + existing TJ centreline where overlapping", "color": "#D62F7F", "crs": "EPSG:4326", "disclaimer": "Usulan jaringan BRT CASCADE. Bukan rute resmi TransJakarta. Bukan gambar DED.", "updated_at": "2026-09-11", "segment_id": "CAS-TJ06-SEG06", "from_vertex": "Kelapa Dua Raya", "to_vertex": "Pos Pengumben", "road_name": "Jalan Kelapa Dua Raya", "length_km": 1.017}}, {"type": "Feature", "id": "CAS-TJ06-SEG07", "geometry": {"type": "LineString", "coordinates": [[106.77226, -6.21294], [106.772945, -6.21258], [106.77363, -6.21222], [106.774315, -6.21186], [106.775, -6.2115], [106.77560000000001, -6.2111], [106.7762, -6.2107], [106.77680000000001, -6.2103], [106.7774, -6.2099], [106.778, -6.2095], [106.77860000000001, -6.2091], [106.7792, -6.2087], [106.77980000000001, -6.2082999999999995], [106.7804, -6.2078999999999995], [106.781, -6.2075], [106.78158333333334, -6.207083333333333], [106.78216666666667, -6.206666666666666], [106.78275, -6.20625], [106.78333333333333, -6.2058333333333335], [106.78363603011148, -6.205617121348941]]}, "properties": {"id": "CAS-TJ06-SEG07", "route_id": "CAS-TJ06", "route_name": "Puri Beta – Monas", "from_name": "Puri Beta", "to_name": "Monas", "route_order": 6, "network_type": "BRT_TRUNK", "plan_type": "NEW_TRUNK", "mode": "transjakarta", "status": "PROPOSED", "status_label": "Usulan CASCADE", "existing": "NO", "parent_route": "", "cascade_status": "NEW_TRUNK", "existing_transjakarta": "PARTIAL", "geometry_confidence": "HIGH", "road_alignment_confidence": "HIGH", "alignment_confidence": "HIGH", "alignment_type": "MIXED_TRAFFIC", "bus_lane": "NOT_ASSUMED", "planning_note": "Audit ulang. Puri Beta–Ciledug–Joglo–Pos Pengumben–Tubun–Thamrin–Monas. Bukan Puri Indah. Bukan jalur TJ07 (Kebon Sirih/Slipi/Kemanggisan).", "osm_alias": {"Dr Soetomo (akses Puri Beta)": "Jalan Ciledug Raya"}, "source": "CASCADE.txt + user road-intent 2026-09-11", "source_type": "ROAD_TRACE", "geometry_source": "OSM named arterials (roads.geojson + nominatim extras) + existing TJ centreline where overlapping", "color": "#D62F7F", "crs": "EPSG:4326", "disclaimer": "Usulan jaringan BRT CASCADE. Bukan rute resmi TransJakarta. Bukan gambar DED.", "updated_at": "2026-09-11", "segment_id": "CAS-TJ06-SEG07", "from_vertex": "Pos Pengumben", "to_vertex": "Letnan Jenderal Siswondo Parman", "road_name": "Jalan Arteri Pos Pengumben", "length_km": 1.5}}, {"type": "Feature", "id": "CAS-TJ06-SEG08", "geometry": {"type": "LineString", "coordinates": [[106.78363603011148, -6.205617121348941], [106.78391666666667, -6.205416666666666], [106.7845, -6.205], [106.78503333333333, -6.204633333333334], [106.78556666666667, -6.204266666666666], [106.7861, -6.2039], [106.78663333333333, -6.203533333333334], [106.78716666666666, -6.203166666666666], [106.7877, -6.2028], [106.78846666666666, -6.202633333333333], [106.78923333333334, -6.202466666666667], [106.79, -6.2023], [106.79066666666667, -6.202216666666667], [106.79133333333334, -6.202133333333333], [106.792, -6.20205], [106.79266666666666, -6.201966666666667], [106.79333333333334, -6.201883333333334], [106.79341643325576, -6.201872945843031]]}, "properties": {"id": "CAS-TJ06-SEG08", "route_id": "CAS-TJ06", "route_name": "Puri Beta – Monas", "from_name": "Puri Beta", "to_name": "Monas", "route_order": 6, "network_type": "BRT_TRUNK", "plan_type": "NEW_TRUNK", "mode": "transjakarta", "status": "PROPOSED", "status_label": "Usulan CASCADE", "existing": "NO", "parent_route": "", "cascade_status": "NEW_TRUNK", "existing_transjakarta": "PARTIAL", "geometry_confidence": "HIGH", "road_alignment_confidence": "HIGH", "alignment_confidence": "HIGH", "alignment_type": "MIXED_TRAFFIC", "bus_lane": "NOT_ASSUMED", "planning_note": "Audit ulang. Puri Beta–Ciledug–Joglo–Pos Pengumben–Tubun–Thamrin–Monas. Bukan Puri Indah. Bukan jalur TJ07 (Kebon Sirih/Slipi/Kemanggisan).", "osm_alias": {"Dr Soetomo (akses Puri Beta)": "Jalan Ciledug Raya"}, "source": "CASCADE.txt + user road-intent 2026-09-11", "source_type": "ROAD_TRACE", "geometry_source": "OSM named arterials (roads.geojson + nominatim extras) + existing TJ centreline where overlapping", "color": "#D62F7F", "crs": "EPSG:4326", "disclaimer": "Usulan jaringan BRT CASCADE. Bukan rute resmi TransJakarta. Bukan gambar DED.", "updated_at": "2026-09-11", "segment_id": "CAS-TJ06-SEG08", "from_vertex": "Letnan Jenderal Siswondo Parman", "to_vertex": "Letnan Jenderal Siswondo Parman 2", "road_name": "Jalan Letnan Jenderal Siswondo Parman", "length_km": 1.189}}, {"type": "Feature", "id": "CAS-TJ06-SEG09", "geometry": {"type": "LineString", "coordinates": [[106.79341643325576, -6.201872945843031], [106.794, -6.2018], [106.79469842499999, -6.201692400000001], [106.79539685, -6.2015848], [106.796095275, -6.2014772], [106.7967937, -6.2013696], [106.79749212499999, -6.201262], [106.79819054999999, -6.2011544], [106.798888975, -6.201046799999999], [106.7995874, -6.2009392], [106.7999799, -6.201718], [106.8002063, -6.2021875], [106.7997337, -6.2021846], [106.7998144, -6.202345], [106.7995878, -6.2019167], [106.7995375, -6.2018194], [106.7994189, -6.2006107], [106.7995158, -6.2007936], [106.79989371488286, -6.200588397894876]]}, "properties": {"id": "CAS-TJ06-SEG09", "route_id": "CAS-TJ06", "route_name": "Puri Beta – Monas", "from_name": "Puri Beta", "to_name": "Monas", "route_order": 6, "network_type": "BRT_TRUNK", "plan_type": "NEW_TRUNK", "mode": "transjakarta", "status": "PROPOSED", "status_label": "Usulan CASCADE", "existing": "NO", "parent_route": "", "cascade_status": "NEW_TRUNK", "existing_transjakarta": "PARTIAL", "geometry_confidence": "HIGH", "road_alignment_confidence": "HIGH", "alignment_confidence": "HIGH", "alignment_type": "MIXED_TRAFFIC", "bus_lane": "NOT_ASSUMED", "planning_note": "Audit ulang. Puri Beta–Ciledug–Joglo–Pos Pengumben–Tubun–Thamrin–Monas. Bukan Puri Indah. Bukan jalur TJ07 (Kebon Sirih/Slipi/Kemanggisan).", "osm_alias": {"Dr Soetomo (akses Puri Beta)": "Jalan Ciledug Raya"}, "source": "CASCADE.txt + user road-intent 2026-09-11", "source_type": "ROAD_TRACE", "geometry_source": "OSM named arterials (roads.geojson + nominatim extras) + existing TJ centreline where overlapping", "color": "#D62F7F", "crs": "EPSG:4326", "disclaimer": "Usulan jaringan BRT CASCADE. Bukan rute resmi TransJakarta. Bukan gambar DED.", "updated_at": "2026-09-11", "segment_id": "CAS-TJ06-SEG09", "from_vertex": "Letnan Jenderal Siswondo Parman 2", "to_vertex": "Palmerah", "road_name": "Jalan Aipda Karel Satsuit Tubun", "length_km": 1.189}}, {"type": "Feature", "id": "CAS-TJ06-SEG10", "geometry": {"type": "LineString", "coordinates": [[106.79989371488286, -6.200588397894876], [106.80047492471714, -6.200272809684613], [106.80104964353785, -6.199945257263459], [106.80162436235857, -6.199617704842306], [106.80219908117928, -6.1992901524211526], [106.8027738, -6.1989626], [106.8032563, -6.1984416], [106.80373879999999, -6.1979206], [106.8042213, -6.1973996], [106.8045063, -6.196803833333333], [106.80479129999999, -6.196208066666666], [106.8050763, -6.1956123], [106.80518956666667, -6.1948281666666665], [106.80530283333333, -6.194044033333333], [106.8054161, -6.1932599], [106.80583168358207, -6.192170715473635]]}, "properties": {"id": "CAS-TJ06-SEG10", "route_id": "CAS-TJ06", "route_name": "Puri Beta – Monas", "from_name": "Puri Beta", "to_name": "Monas", "route_order": 6, "network_type": "BRT_TRUNK", "plan_type": "NEW_TRUNK", "mode": "transjakarta", "status": "PROPOSED", "status_label": "Usulan CASCADE", "existing": "NO", "parent_route": "", "cascade_status": "NEW_TRUNK", "existing_transjakarta": "PARTIAL", "geometry_confidence": "HIGH", "road_alignment_confidence": "HIGH", "alignment_confidence": "HIGH", "alignment_type": "MIXED_TRAFFIC", "bus_lane": "NOT_ASSUMED", "planning_note": "Audit ulang. Puri Beta–Ciledug–Joglo–Pos Pengumben–Tubun–Thamrin–Monas. Bukan Puri Indah. Bukan jalur TJ07 (Kebon Sirih/Slipi/Kemanggisan).", "osm_alias": {"Dr Soetomo (akses Puri Beta)": "Jalan Ciledug Raya"}, "source": "CASCADE.txt + user road-intent 2026-09-11", "source_type": "ROAD_TRACE", "geometry_source": "OSM named arterials (roads.geojson + nominatim extras) + existing TJ centreline where overlapping", "color": "#D62F7F", "crs": "EPSG:4326", "disclaimer": "Usulan jaringan BRT CASCADE. Bukan rute resmi TransJakarta. Bukan gambar DED.", "updated_at": "2026-09-11", "segment_id": "CAS-TJ06-SEG10", "from_vertex": "Palmerah", "to_vertex": "Petamburan", "road_name": "Jalan Aipda Karel Satsuit Tubun", "length_km": 1.216}}, {"type": "Feature", "id": "CAS-TJ06-SEG11", "geometry": {"type": "LineString", "coordinates": [[106.80583168358207, -6.192170715473635], [106.8059982, -6.1917343], [106.80618257500001, -6.1911158], [106.80636695000001, -6.1904973000000005], [106.806551325, -6.1898788], [106.8067357, -6.1892603], [106.8071129, -6.1888857], [106.807920275, -6.188869375], [106.80872765000001, -6.1888530500000005], [106.809535025, -6.188836725], [106.8103424, -6.1888204], [106.8102153, -6.1889063], [106.8103424, -6.1888204], [106.8112213, -6.1889841], [106.811469, -6.1884785], [106.811384, -6.1877627], [106.811374675, -6.187596825], [106.8113119, -6.1870433], [106.8112698, -6.1866542], [106.8112035, -6.1860286], [106.81119841231119, -6.185979423654354]]}, "properties": {"id": "CAS-TJ06-SEG11", "route_id": "CAS-TJ06", "route_name": "Puri Beta – Monas", "from_name": "Puri Beta", "to_name": "Monas", "route_order": 6, "network_type": "BRT_TRUNK", "plan_type": "NEW_TRUNK", "mode": "transjakarta", "status": "PROPOSED", "status_label": "Usulan CASCADE", "existing": "NO", "parent_route": "", "cascade_status": "NEW_TRUNK", "existing_transjakarta": "PARTIAL", "geometry_confidence": "HIGH", "road_alignment_confidence": "HIGH", "alignment_confidence": "HIGH", "alignment_type": "MIXED_TRAFFIC", "bus_lane": "NOT_ASSUMED", "planning_note": "Audit ulang. Puri Beta–Ciledug–Joglo–Pos Pengumben–Tubun–Thamrin–Monas. Bukan Puri Indah. Bukan jalur TJ07 (Kebon Sirih/Slipi/Kemanggisan).", "osm_alias": {"Dr Soetomo (akses Puri Beta)": "Jalan Ciledug Raya"}, "source": "CASCADE.txt + user road-intent 2026-09-11", "source_type": "ROAD_TRACE", "geometry_source": "OSM named arterials (roads.geojson + nominatim extras) + existing TJ centreline where overlapping", "color": "#D62F7F", "crs": "EPSG:4326", "disclaimer": "Usulan jaringan BRT CASCADE. Bukan rute resmi TransJakarta. Bukan gambar DED.", "updated_at": "2026-09-11", "segment_id": "CAS-TJ06-SEG11", "from_vertex": "Petamburan", "to_vertex": "Tanah Abang", "road_name": "Jalan Mohammad Husni Thamrin", "length_km": 1.23}}, {"type": "Feature", "id": "CAS-TJ06-SEG12", "geometry": {"type": "LineString", "coordinates": [[106.81119841231119, -6.185979423654354], [106.811167, -6.1856758], [106.8110917, -6.1849518], [106.8112781, -6.1845048], [106.8116975, -6.1841389], [106.8120262, -6.1838669], [106.8122334, -6.1836400000000005], [106.8126876, -6.1832782], [106.8127407, -6.1832218], [106.8131624, -6.1828236], [106.8136314, -6.1824343], [106.8140739, -6.1819916], [106.8146188, -6.1816816], [106.8150372, -6.1815182], [106.81573065, -6.1816146], [106.8164241, -6.181711], [106.8168088, -6.1818702], [106.8170267, -6.1819515], [106.8177972, -6.182172483333334], [106.8185677, -6.1823934666666664], [106.81918923855964, -6.182571727098468]]}, "properties": {"id": "CAS-TJ06-SEG12", "route_id": "CAS-TJ06", "route_name": "Puri Beta – Monas", "from_name": "Puri Beta", "to_name": "Monas", "route_order": 6, "network_type": "BRT_TRUNK", "plan_type": "NEW_TRUNK", "mode": "transjakarta", "status": "PROPOSED", "status_label": "Usulan CASCADE", "existing": "NO", "parent_route": "", "cascade_status": "NEW_TRUNK", "existing_transjakarta": "PARTIAL", "geometry_confidence": "HIGH", "road_alignment_confidence": "HIGH", "alignment_confidence": "HIGH", "alignment_type": "MIXED_TRAFFIC", "bus_lane": "NOT_ASSUMED", "planning_note": "Audit ulang. Puri Beta–Ciledug–Joglo–Pos Pengumben–Tubun–Thamrin–Monas. Bukan Puri Indah. Bukan jalur TJ07 (Kebon Sirih/Slipi/Kemanggisan).", "osm_alias": {"Dr Soetomo (akses Puri Beta)": "Jalan Ciledug Raya"}, "source": "CASCADE.txt + user road-intent 2026-09-11", "source_type": "ROAD_TRACE", "geometry_source": "OSM named arterials (roads.geojson + nominatim extras) + existing TJ centreline where overlapping", "color": "#D62F7F", "crs": "EPSG:4326", "disclaimer": "Usulan jaringan BRT CASCADE. Bukan rute resmi TransJakarta. Bukan gambar DED.", "updated_at": "2026-09-11", "segment_id": "CAS-TJ06-SEG12", "from_vertex": "Tanah Abang", "to_vertex": "Mohammad Husni Thamrin", "road_name": "Jalan Mohammad Husni Thamrin", "length_km": 1.18}}, {"type": "Feature", "id": "CAS-TJ06-SEG13", "geometry": {"type": "LineString", "coordinates": [[106.81918923855964, -6.182571727098468], [106.8193382, -6.18261445], [106.82010869999999, -6.1828354333333335], [106.8208792, -6.183056416666666], [106.8216497, -6.1832774], [106.8228015, -6.1832812], [106.8228845, -6.1831502], [106.82283726666667, -6.182410333333333], [106.82279003333333, -6.181670466666667], [106.8227428, -6.1809306], [106.822594, -6.180462], [106.822608, -6.180293], [106.822613, -6.180205], [106.822618, -6.180105], [106.822621, -6.180047], [106.822627, -6.179865], [106.822627, -6.179813], [106.822633, -6.179554], [106.822643, -6.179147], [106.822654, -6.178853], [106.822657, -6.178758], [106.82266, -6.178499], [106.822662, -6.178275], [106.822671, -6.177961], [106.822708, -6.176925], [106.822712, -6.176702], [106.82271, -6.17641]]}, "properties": {"id": "CAS-TJ06-SEG13", "route_id": "CAS-TJ06", "route_name": "Puri Beta – Monas", "from_name": "Puri Beta", "to_name": "Monas", "route_order": 6, "network_type": "BRT_TRUNK", "plan_type": "NEW_TRUNK", "mode": "transjakarta", "status": "PROPOSED", "status_label": "Usulan CASCADE", "existing": "NO", "parent_route": "", "cascade_status": "NEW_TRUNK", "existing_transjakarta": "PARTIAL", "geometry_confidence": "HIGH", "road_alignment_confidence": "HIGH", "alignment_confidence": "HIGH", "alignment_type": "MIXED_TRAFFIC", "bus_lane": "NOT_ASSUMED", "planning_note": "Audit ulang. Puri Beta–Ciledug–Joglo–Pos Pengumben–Tubun–Thamrin–Monas. Bukan Puri Indah. Bukan jalur TJ07 (Kebon Sirih/Slipi/Kemanggisan).", "osm_alias": {"Dr Soetomo (akses Puri Beta)": "Jalan Ciledug Raya"}, "source": "CASCADE.txt + user road-intent 2026-09-11", "source_type": "ROAD_TRACE", "geometry_source": "OSM named arterials (roads.geojson + nominatim extras) + existing TJ centreline where overlapping", "color": "#D62F7F", "crs": "EPSG:4326", "disclaimer": "Usulan jaringan BRT CASCADE. Bukan rute resmi TransJakarta. Bukan gambar DED.", "updated_at": "2026-09-11", "segment_id": "CAS-TJ06-SEG13", "from_vertex": "Mohammad Husni Thamrin", "to_vertex": "Monas", "road_name": "Jalan Mohammad Husni Thamrin", "length_km": 1.18}}, {"type": "Feature", "id": "CAS-TJ07-SEG01", "geometry": {"type": "LineString", "coordinates": [[106.82271, -6.17641], [106.82269342857143, -6.176988857142857], [106.82267685714285, -6.177567714285714], [106.82266028571428, -6.178146571428571], [106.82264371428572, -6.178725428571429], [106.82262714285714, -6.179304285714286], [106.82261057142857, -6.179883142857143], [106.822594, -6.180462], [106.822608, -6.180293], [106.822613, -6.180205], [106.822618, -6.180105], [106.822621, -6.180047], [106.822627, -6.179865], [106.822627, -6.179813], [106.822633, -6.179554], [106.822643, -6.179147], [106.822654, -6.178853], [106.822657, -6.178758], [106.82266, -6.178499], [106.822662, -6.178275], [106.822671, -6.177961], [106.822708, -6.176925], [106.822712, -6.176702], [106.82271699794317, -6.176410120118066], [106.82273454866139, -6.177205908524145], [106.82275209937958, -6.178001696930224], [106.8227696500978, -6.178797485336302], [106.82278720081601, -6.17959327374238], [106.8228047515342, -6.180389062148459], [106.82282230225242, -6.181184850554537], [106.82283985297062, -6.181980638960616], [106.82285740368883, -6.1827764273666945]]}, "properties": {"id": "CAS-TJ07-SEG01", "route_id": "CAS-TJ07", "route_name": "Monas – Puri Beta via Joglo", "from_name": "Monas", "to_name": "Puri Beta", "route_order": 7, "network_type": "BRT_TRUNK", "plan_type": "NEW_TRUNK", "mode": "transjakarta", "status": "PROPOSED", "status_label": "Usulan CASCADE", "existing": "NO", "parent_route": "", "cascade_status": "NEW_TRUNK", "existing_transjakarta": "PARTIAL", "geometry_confidence": "HIGH", "road_alignment_confidence": "HIGH", "alignment_confidence": "HIGH", "alignment_type": "MIXED_TRAFFIC", "bus_lane": "NOT_ASSUMED", "planning_note": "Monas–Kebon Sirih–Fachrudin–Jatibaru–Slipi–Kemanggisan–Budi–Rawa Belong–Bang Pitung–Pengumben–Joglo–Dr Soetomo–Puri Beta. BUKAN Puri Indah/Meruya/Kembangan/Panjang.", "osm_alias": {"Slipi I": "Jalan Letnan Jenderal Siswondo Parman (ruas Slipi)", "Sakti Raya": "Jalan Kemanggisan Utama (Sakti OSM = gang residensial, bukan arteri)", "Bang Pitung": "Jalan Raya Kebayoran Lama", "Dr Soetomo": "Jalan Ciledug Raya (akses Puri Beta)"}, "source": "CASCADE.txt + user road-intent 2026-09-11", "source_type": "ROAD_TRACE", "geometry_source": "OSM named arterials (roads.geojson + nominatim extras) + existing TJ centreline where overlapping", "color": "#D62F7F", "crs": "EPSG:4326", "disclaimer": "Usulan jaringan BRT CASCADE. Bukan rute resmi TransJakarta. Bukan gambar DED.", "updated_at": "2026-09-11", "segment_id": "CAS-TJ07-SEG01", "from_vertex": "Monas", "to_vertex": "Kebon Sirih", "road_name": "Jalan Mohammad Husni Thamrin", "length_km": 1.61}}, {"type": "Feature", "id": "CAS-TJ07-SEG02", "geometry": {"type": "LineString", "coordinates": [[106.82285739108939, -6.182780192510534], [106.82285571372768, -6.183281445405014], [106.8222121049794, -6.18367641114309], [106.82156849623111, -6.184071376881166], [106.82092488748283, -6.184466342619242], [106.82028127873454, -6.184861308357317], [106.81963766998626, -6.185256274095393], [106.81899406123799, -6.1856512398334695], [106.8183504524897, -6.186046205571545], [106.81770684374142, -6.186441171309621], [106.81706323499314, -6.186836137047697], [106.81641962624485, -6.1872311027857725], [106.81594410513581, -6.187522917566575]]}, "properties": {"id": "CAS-TJ07-SEG02", "route_id": "CAS-TJ07", "route_name": "Monas – Puri Beta via Joglo", "from_name": "Monas", "to_name": "Puri Beta", "route_order": 7, "network_type": "BRT_TRUNK", "plan_type": "NEW_TRUNK", "mode": "transjakarta", "status": "PROPOSED", "status_label": "Usulan CASCADE", "existing": "NO", "parent_route": "", "cascade_status": "NEW_TRUNK", "existing_transjakarta": "PARTIAL", "geometry_confidence": "HIGH", "road_alignment_confidence": "HIGH", "alignment_confidence": "HIGH", "alignment_type": "MIXED_TRAFFIC", "bus_lane": "NOT_ASSUMED", "planning_note": "Monas–Kebon Sirih–Fachrudin–Jatibaru–Slipi–Kemanggisan–Budi–Rawa Belong–Bang Pitung–Pengumben–Joglo–Dr Soetomo–Puri Beta. BUKAN Puri Indah/Meruya/Kembangan/Panjang.", "osm_alias": {"Slipi I": "Jalan Letnan Jenderal Siswondo Parman (ruas Slipi)", "Sakti Raya": "Jalan Kemanggisan Utama (Sakti OSM = gang residensial, bukan arteri)", "Bang Pitung": "Jalan Raya Kebayoran Lama", "Dr Soetomo": "Jalan Ciledug Raya (akses Puri Beta)"}, "source": "CASCADE.txt + user road-intent 2026-09-11", "source_type": "ROAD_TRACE", "geometry_source": "OSM named arterials (roads.geojson + nominatim extras) + existing TJ centreline where overlapping", "color": "#D62F7F", "crs": "EPSG:4326", "disclaimer": "Usulan jaringan BRT CASCADE. Bukan rute resmi TransJakarta. Bukan gambar DED.", "updated_at": "2026-09-11", "segment_id": "CAS-TJ07-SEG02", "from_vertex": "Kebon Sirih", "to_vertex": "Haji Fachrudin", "road_name": "Jalan Kebon Sirih", "length_km": 0.954}}, {"type": "Feature", "id": "CAS-TJ07-SEG03", "geometry": {"type": "LineString", "coordinates": [[106.81594410513581, -6.187522917566575], [106.81577601749657, -6.187626068523849], [106.81513240874828, -6.188021034261924], [106.8144888, -6.188416], [106.8137573, -6.1885512], [106.8132559, -6.1886304], [106.812661, -6.1886139], [106.8125622, -6.1886154], [106.8119453, -6.1886394], [106.811469, -6.1884785], [106.811374675, -6.187596825], [106.81128035, -6.18671515], [106.81118602500001, -6.185833475000001], [106.8110917, -6.1849518], [106.811087, -6.1848901], [106.8110936, -6.1848292], [106.8111497, -6.1846813]]}, "properties": {"id": "CAS-TJ07-SEG03", "route_id": "CAS-TJ07", "route_name": "Monas – Puri Beta via Joglo", "from_name": "Monas", "to_name": "Puri Beta", "route_order": 7, "network_type": "BRT_TRUNK", "plan_type": "NEW_TRUNK", "mode": "transjakarta", "status": "PROPOSED", "status_label": "Usulan CASCADE", "existing": "NO", "parent_route": "", "cascade_status": "NEW_TRUNK", "existing_transjakarta": "PARTIAL", "geometry_confidence": "HIGH", "road_alignment_confidence": "HIGH", "alignment_confidence": "HIGH", "alignment_type": "MIXED_TRAFFIC", "bus_lane": "NOT_ASSUMED", "planning_note": "Monas–Kebon Sirih–Fachrudin–Jatibaru–Slipi–Kemanggisan–Budi–Rawa Belong–Bang Pitung–Pengumben–Joglo–Dr Soetomo–Puri Beta. BUKAN Puri Indah/Meruya/Kembangan/Panjang.", "osm_alias": {"Slipi I": "Jalan Letnan Jenderal Siswondo Parman (ruas Slipi)", "Sakti Raya": "Jalan Kemanggisan Utama (Sakti OSM = gang residensial, bukan arteri)", "Bang Pitung": "Jalan Raya Kebayoran Lama", "Dr Soetomo": "Jalan Ciledug Raya (akses Puri Beta)"}, "source": "CASCADE.txt + user road-intent 2026-09-11", "source_type": "ROAD_TRACE", "geometry_source": "OSM named arterials (roads.geojson + nominatim extras) + existing TJ centreline where overlapping", "color": "#D62F7F", "crs": "EPSG:4326", "disclaimer": "Usulan jaringan BRT CASCADE. Bukan rute resmi TransJakarta. Bukan gambar DED.", "updated_at": "2026-09-11", "segment_id": "CAS-TJ07-SEG03", "from_vertex": "Haji Fachrudin", "to_vertex": "Jatibaru", "road_name": "Jalan Haji Fachrudin", "length_km": 0.954}}, {"type": "Feature", "id": "CAS-TJ07-SEG04", "geometry": {"type": "LineString", "coordinates": [[106.8111497, -6.1846813], [106.8110139, -6.1848225], [106.8104414, -6.1850147], [106.80969365, -6.1855591], [106.8089459, -6.1861035], [106.8086875, -6.1863059], [106.8081049, -6.1867235], [106.8078644, -6.1869112], [106.807073, -6.1877961], [106.8068801, -6.1886673], [106.8065648, -6.1889914], [106.8063368, -6.1890954], [106.80577086666666, -6.189035133333333], [106.8056514, -6.1890964], [106.8051257, -6.1891194], [106.80497693333334, -6.189078866666667], [106.804359825, -6.189167725], [106.804183, -6.1891226], [106.80359395, -6.18921605], [106.8033797, -6.18917], [106.80282807500001, -6.189264375], [106.8026115, -6.1892254], [106.8020622, -6.1893127], [106.8018433, -6.1892808], [106.801296325, -6.189361025], [106.8010751, -6.1893362], [106.80053045, -6.18940935], [106.80019795000001, -6.18934725], [106.799764575, -6.189457675]]}, "properties": {"id": "CAS-TJ07-SEG04", "route_id": "CAS-TJ07", "route_name": "Monas – Puri Beta via Joglo", "from_name": "Monas", "to_name": "Puri Beta", "route_order": 7, "network_type": "BRT_TRUNK", "plan_type": "NEW_TRUNK", "mode": "transjakarta", "status": "PROPOSED", "status_label": "Usulan CASCADE", "existing": "NO", "parent_route": "", "cascade_status": "NEW_TRUNK", "existing_transjakarta": "PARTIAL", "geometry_confidence": "HIGH", "road_alignment_confidence": "HIGH", "alignment_confidence": "HIGH", "alignment_type": "MIXED_TRAFFIC", "bus_lane": "NOT_ASSUMED", "planning_note": "Monas–Kebon Sirih–Fachrudin–Jatibaru–Slipi–Kemanggisan–Budi–Rawa Belong–Bang Pitung–Pengumben–Joglo–Dr Soetomo–Puri Beta. BUKAN Puri Indah/Meruya/Kembangan/Panjang.", "osm_alias": {"Slipi I": "Jalan Letnan Jenderal Siswondo Parman (ruas Slipi)", "Sakti Raya": "Jalan Kemanggisan Utama (Sakti OSM = gang residensial, bukan arteri)", "Bang Pitung": "Jalan Raya Kebayoran Lama", "Dr Soetomo": "Jalan Ciledug Raya (akses Puri Beta)"}, "source": "CASCADE.txt + user road-intent 2026-09-11", "source_type": "ROAD_TRACE", "geometry_source": "OSM named arterials (roads.geojson + nominatim extras) + existing TJ centreline where overlapping", "color": "#D62F7F", "crs": "EPSG:4326", "disclaimer": "Usulan jaringan BRT CASCADE. Bukan rute resmi TransJakarta. Bukan gambar DED.", "updated_at": "2026-09-11", "segment_id": "CAS-TJ07-SEG04", "from_vertex": "Jatibaru", "to_vertex": "Slipi", "road_name": "Jalan Jatibaru", "length_km": 1.49}}, {"type": "Feature", "id": "CAS-TJ07-SEG05", "geometry": {"type": "LineString", "coordinates": [[106.799764575, -6.189457675], [106.7993077, -6.1893778], [106.7987977, -6.189501], [106.7982643, -6.189583], [106.7980402, -6.1896035], [106.7975216, -6.1896389], [106.79719775, -6.1901755000000005], [106.79696, -6.190594], [106.79692131755301, -6.189911060705157], [106.79616480546673, -6.189822240665982], [106.79540829338046, -6.189733420626806], [106.79465178129418, -6.189644600587631], [106.7938952692079, -6.189555780548456], [106.79313875712162, -6.18946696050928], [106.79238224503534, -6.1893781404701045], [106.79162573294906, -6.189289320430929], [106.79086922086279, -6.189200500391753], [106.7901127087765, -6.189111680352578], [106.78935619669022, -6.189022860313403], [106.78859968460395, -6.188934040274227], [106.78784317251767, -6.188845220235052], [106.78749218911301, -6.18880401222223]]}, "properties": {"id": "CAS-TJ07-SEG05", "route_id": "CAS-TJ07", "route_name": "Monas – Puri Beta via Joglo", "from_name": "Monas", "to_name": "Puri Beta", "route_order": 7, "network_type": "BRT_TRUNK", "plan_type": "NEW_TRUNK", "mode": "transjakarta", "status": "PROPOSED", "status_label": "Usulan CASCADE", "existing": "NO", "parent_route": "", "cascade_status": "NEW_TRUNK", "existing_transjakarta": "PARTIAL", "geometry_confidence": "HIGH", "road_alignment_confidence": "HIGH", "alignment_confidence": "HIGH", "alignment_type": "MIXED_TRAFFIC", "bus_lane": "NOT_ASSUMED", "planning_note": "Monas–Kebon Sirih–Fachrudin–Jatibaru–Slipi–Kemanggisan–Budi–Rawa Belong–Bang Pitung–Pengumben–Joglo–Dr Soetomo–Puri Beta. BUKAN Puri Indah/Meruya/Kembangan/Panjang.", "osm_alias": {"Slipi I": "Jalan Letnan Jenderal Siswondo Parman (ruas Slipi)", "Sakti Raya": "Jalan Kemanggisan Utama (Sakti OSM = gang residensial, bukan arteri)", "Bang Pitung": "Jalan Raya Kebayoran Lama", "Dr Soetomo": "Jalan Ciledug Raya (akses Puri Beta)"}, "source": "CASCADE.txt + user road-intent 2026-09-11", "source_type": "ROAD_TRACE", "geometry_source": "OSM named arterials (roads.geojson + nominatim extras) + existing TJ centreline where overlapping", "color": "#D62F7F", "crs": "EPSG:4326", "disclaimer": "Usulan jaringan BRT CASCADE. Bukan rute resmi TransJakarta. Bukan gambar DED.", "updated_at": "2026-09-11", "segment_id": "CAS-TJ07-SEG05", "from_vertex": "Slipi", "to_vertex": "Kemanggisan Utama", "road_name": "Jalan Kemanggisan Utama", "length_km": 1.5}}, {"type": "Feature", "id": "CAS-TJ07-SEG06", "geometry": {"type": "LineString", "coordinates": [[106.78749218911301, -6.18880401222223], [106.78708666043138, -6.188756400195877], [106.78633014834512, -6.188667580156701], [106.78557363625883, -6.188578760117526], [106.78481712417255, -6.188489940078351], [106.78406061208628, -6.188401120039175], [106.7833041, -6.1883123], [106.783674, -6.1881338], [106.7844263, -6.188292525], [106.7851786, -6.18845125], [106.7859309, -6.188609975], [106.7866832, -6.1887687], [106.78738624, -6.18896486], [106.78808928, -6.189161019999999], [106.78879232, -6.18935718], [106.78949535999999, -6.18955334], [106.7901984, -6.1897495], [106.79093141666667, -6.189745416666666], [106.79166443333332, -6.189741333333333], [106.79239745, -6.18973725], [106.79241167158895, -6.189737170777398]]}, "properties": {"id": "CAS-TJ07-SEG06", "route_id": "CAS-TJ07", "route_name": "Monas – Puri Beta via Joglo", "from_name": "Monas", "to_name": "Puri Beta", "route_order": 7, "network_type": "BRT_TRUNK", "plan_type": "NEW_TRUNK", "mode": "transjakarta", "status": "PROPOSED", "status_label": "Usulan CASCADE", "existing": "NO", "parent_route": "", "cascade_status": "NEW_TRUNK", "existing_transjakarta": "PARTIAL", "geometry_confidence": "HIGH", "road_alignment_confidence": "HIGH", "alignment_confidence": "HIGH", "alignment_type": "MIXED_TRAFFIC", "bus_lane": "NOT_ASSUMED", "planning_note": "Monas–Kebon Sirih–Fachrudin–Jatibaru–Slipi–Kemanggisan–Budi–Rawa Belong–Bang Pitung–Pengumben–Joglo–Dr Soetomo–Puri Beta. BUKAN Puri Indah/Meruya/Kembangan/Panjang.", "osm_alias": {"Slipi I": "Jalan Letnan Jenderal Siswondo Parman (ruas Slipi)", "Sakti Raya": "Jalan Kemanggisan Utama (Sakti OSM = gang residensial, bukan arteri)", "Bang Pitung": "Jalan Raya Kebayoran Lama", "Dr Soetomo": "Jalan Ciledug Raya (akses Puri Beta)"}, "source": "CASCADE.txt + user road-intent 2026-09-11", "source_type": "ROAD_TRACE", "geometry_source": "OSM named arterials (roads.geojson + nominatim extras) + existing TJ centreline where overlapping", "color": "#D62F7F", "crs": "EPSG:4326", "disclaimer": "Usulan jaringan BRT CASCADE. Bukan rute resmi TransJakarta. Bukan gambar DED.", "updated_at": "2026-09-11", "segment_id": "CAS-TJ07-SEG06", "from_vertex": "Kemanggisan Utama", "to_vertex": "Kemanggisan Raya", "road_name": "Jalan Kemanggisan Utama", "length_km": 1.5}}, {"type": "Feature", "id": "CAS-TJ07-SEG07", "geometry": {"type": "LineString", "coordinates": [[106.79241167158895, -6.189737170777398], [106.79313046666667, -6.189733166666667], [106.79386348333333, -6.189729083333333], [106.7945965, -6.189725], [106.79386234374999, -6.1897109375], [106.7931281875, -6.189696875], [106.79239403125, -6.1896828125], [106.791659875, -6.18966875], [106.79092571875, -6.1896546875], [106.7901915625, -6.189640625], [106.78945740625, -6.1896265625], [106.78872325, -6.1896125], [106.78798909375, -6.1895984375], [106.7872549375, -6.189584375], [106.78652078124999, -6.1895703125], [106.785786625, -6.18955625], [106.78505246875, -6.1895421875], [106.78431831249999, -6.189528125], [106.78358415625, -6.1895140625], [106.78299994511534, -6.189502872144975]]}, "properties": {"id": "CAS-TJ07-SEG07", "route_id": "CAS-TJ07", "route_name": "Monas – Puri Beta via Joglo", "from_name": "Monas", "to_name": "Puri Beta", "route_order": 7, "network_type": "BRT_TRUNK", "plan_type": "NEW_TRUNK", "mode": "transjakarta", "status": "PROPOSED", "status_label": "Usulan CASCADE", "existing": "NO", "parent_route": "", "cascade_status": "NEW_TRUNK", "existing_transjakarta": "PARTIAL", "geometry_confidence": "HIGH", "road_alignment_confidence": "HIGH", "alignment_confidence": "HIGH", "alignment_type": "MIXED_TRAFFIC", "bus_lane": "NOT_ASSUMED", "planning_note": "Monas–Kebon Sirih–Fachrudin–Jatibaru–Slipi–Kemanggisan–Budi–Rawa Belong–Bang Pitung–Pengumben–Joglo–Dr Soetomo–Puri Beta. BUKAN Puri Indah/Meruya/Kembangan/Panjang.", "osm_alias": {"Slipi I": "Jalan Letnan Jenderal Siswondo Parman (ruas Slipi)", "Sakti Raya": "Jalan Kemanggisan Utama (Sakti OSM = gang residensial, bukan arteri)", "Bang Pitung": "Jalan Raya Kebayoran Lama", "Dr Soetomo": "Jalan Ciledug Raya (akses Puri Beta)"}, "source": "CASCADE.txt + user road-intent 2026-09-11", "source_type": "ROAD_TRACE", "geometry_source": "OSM named arterials (roads.geojson + nominatim extras) + existing TJ centreline where overlapping", "color": "#D62F7F", "crs": "EPSG:4326", "disclaimer": "Usulan jaringan BRT CASCADE. Bukan rute resmi TransJakarta. Bukan gambar DED.", "updated_at": "2026-09-11", "segment_id": "CAS-TJ07-SEG07", "from_vertex": "Kemanggisan Raya", "to_vertex": "Budi Raya", "road_name": "Jalan Kemanggisan Raya", "length_km": 1.524}}, {"type": "Feature", "id": "CAS-TJ07-SEG08", "geometry": {"type": "LineString", "coordinates": [[106.78299994511534, -6.189502872144975], [106.78285, -6.1895], [106.78285, -6.18985], [106.78285, -6.1902], [106.78285, -6.19055], [106.78285, -6.1909], [106.78285, -6.19125], [106.78285, -6.1916], [106.78285, -6.19195], [106.78285, -6.1923], [106.78285, -6.19265], [106.78285, -6.193], [106.78285, -6.19335], [106.78285, -6.1937], [106.78285, -6.19405], [106.78285, -6.1944], [106.78285, -6.19475], [106.78285, -6.1951], [106.78285, -6.19545], [106.78285, -6.1958], [106.78285, -6.19615], [106.78285, -6.1965], [106.78285, -6.19685], [106.78285, -6.1972], [106.78285, -6.19755], [106.78285, -6.1979], [106.78285, -6.19825], [106.78285, -6.1986], [106.78285, -6.19895], [106.78285, -6.1993], [106.78285, -6.19965], [106.78285, -6.2], [106.78285, -6.20035], [106.78285, -6.2007], [106.78285, -6.20105], [106.78285, -6.2014], [106.78285, -6.20175], [106.78286510784622, -6.20199599203881]]}, "properties": {"id": "CAS-TJ07-SEG08", "route_id": "CAS-TJ07", "route_name": "Monas – Puri Beta via Joglo", "from_name": "Monas", "to_name": "Puri Beta", "route_order": 7, "network_type": "BRT_TRUNK", "plan_type": "NEW_TRUNK", "mode": "transjakarta", "status": "PROPOSED", "status_label": "Usulan CASCADE", "existing": "NO", "parent_route": "", "cascade_status": "NEW_TRUNK", "existing_transjakarta": "PARTIAL", "geometry_confidence": "HIGH", "road_alignment_confidence": "HIGH", "alignment_confidence": "HIGH", "alignment_type": "MIXED_TRAFFIC", "bus_lane": "NOT_ASSUMED", "planning_note": "Monas–Kebon Sirih–Fachrudin–Jatibaru–Slipi–Kemanggisan–Budi–Rawa Belong–Bang Pitung–Pengumben–Joglo–Dr Soetomo–Puri Beta. BUKAN Puri Indah/Meruya/Kembangan/Panjang.", "osm_alias": {"Slipi I": "Jalan Letnan Jenderal Siswondo Parman (ruas Slipi)", "Sakti Raya": "Jalan Kemanggisan Utama (Sakti OSM = gang residensial, bukan arteri)", "Bang Pitung": "Jalan Raya Kebayoran Lama", "Dr Soetomo": "Jalan Ciledug Raya (akses Puri Beta)"}, "source": "CASCADE.txt + user road-intent 2026-09-11", "source_type": "ROAD_TRACE", "geometry_source": "OSM named arterials (roads.geojson + nominatim extras) + existing TJ centreline where overlapping", "color": "#D62F7F", "crs": "EPSG:4326", "disclaimer": "Usulan jaringan BRT CASCADE. Bukan rute resmi TransJakarta. Bukan gambar DED.", "updated_at": "2026-09-11", "segment_id": "CAS-TJ07-SEG08", "from_vertex": "Budi Raya", "to_vertex": "Rawa Belong", "road_name": "Jalan Kemanggisan Raya", "length_km": 1.406}}, {"type": "Feature", "id": "CAS-TJ07-SEG09", "geometry": {"type": "LineString", "coordinates": [[106.78286510784622, -6.20199599203881], [106.78290104999999, -6.202581216666666], [106.7829521, -6.203412433333333], [106.78300315, -6.20424365], [106.7830542, -6.205074866666667], [106.78310525, -6.205906083333334], [106.7831563, -6.2067373], [106.7832229, -6.207420885714286], [106.78328950000001, -6.208104471428571], [106.7833561, -6.208788057142857], [106.7834227, -6.209471642857143], [106.7834893, -6.210155228571429], [106.78355590000001, -6.210838814285714], [106.7836225, -6.2115224], [106.7834026, -6.2127087], [106.78316957789083, -6.212860209506643]]}, "properties": {"id": "CAS-TJ07-SEG09", "route_id": "CAS-TJ07", "route_name": "Monas – Puri Beta via Joglo", "from_name": "Monas", "to_name": "Puri Beta", "route_order": 7, "network_type": "BRT_TRUNK", "plan_type": "NEW_TRUNK", "mode": "transjakarta", "status": "PROPOSED", "status_label": "Usulan CASCADE", "existing": "NO", "parent_route": "", "cascade_status": "NEW_TRUNK", "existing_transjakarta": "PARTIAL", "geometry_confidence": "HIGH", "road_alignment_confidence": "HIGH", "alignment_confidence": "HIGH", "alignment_type": "MIXED_TRAFFIC", "bus_lane": "NOT_ASSUMED", "planning_note": "Monas–Kebon Sirih–Fachrudin–Jatibaru–Slipi–Kemanggisan–Budi–Rawa Belong–Bang Pitung–Pengumben–Joglo–Dr Soetomo–Puri Beta. BUKAN Puri Indah/Meruya/Kembangan/Panjang.", "osm_alias": {"Slipi I": "Jalan Letnan Jenderal Siswondo Parman (ruas Slipi)", "Sakti Raya": "Jalan Kemanggisan Utama (Sakti OSM = gang residensial, bukan arteri)", "Bang Pitung": "Jalan Raya Kebayoran Lama", "Dr Soetomo": "Jalan Ciledug Raya (akses Puri Beta)"}, "source": "CASCADE.txt + user road-intent 2026-09-11", "source_type": "ROAD_TRACE", "geometry_source": "OSM named arterials (roads.geojson + nominatim extras) + existing TJ centreline where overlapping", "color": "#D62F7F", "crs": "EPSG:4326", "disclaimer": "Usulan jaringan BRT CASCADE. Bukan rute resmi TransJakarta. Bukan gambar DED.", "updated_at": "2026-09-11", "segment_id": "CAS-TJ07-SEG09", "from_vertex": "Rawa Belong", "to_vertex": "Arteri Pos Pengumben", "road_name": "Jalan Raya Kebayoran Lama", "length_km": 1.228}}, {"type": "Feature", "id": "CAS-TJ07-SEG10", "geometry": {"type": "LineString", "coordinates": [[106.78316957789083, -6.212860209506643], [106.7824475, -6.2133297], [106.78171865335372, -6.213383157612162], [106.78098980670744, -6.213436615224324], [106.78026096006116, -6.2134900728364855], [106.77953211341489, -6.213543530448648], [106.7788032667686, -6.21359698806081], [106.77807442012232, -6.213650445672972], [106.77734761760703, -6.21356163996385], [106.77662081509175, -6.213472834254729], [106.77589401257646, -6.213384028545607], [106.77516721006117, -6.213295222836486], [106.77444040754587, -6.213206417127364], [106.77371360503058, -6.213117611418243], [106.77298680251529, -6.213028805709121], [106.77226, -6.21294]]}, "properties": {"id": "CAS-TJ07-SEG10", "route_id": "CAS-TJ07", "route_name": "Monas – Puri Beta via Joglo", "from_name": "Monas", "to_name": "Puri Beta", "route_order": 7, "network_type": "BRT_TRUNK", "plan_type": "NEW_TRUNK", "mode": "transjakarta", "status": "PROPOSED", "status_label": "Usulan CASCADE", "existing": "NO", "parent_route": "", "cascade_status": "NEW_TRUNK", "existing_transjakarta": "PARTIAL", "geometry_confidence": "HIGH", "road_alignment_confidence": "HIGH", "alignment_confidence": "HIGH", "alignment_type": "MIXED_TRAFFIC", "bus_lane": "NOT_ASSUMED", "planning_note": "Monas–Kebon Sirih–Fachrudin–Jatibaru–Slipi–Kemanggisan–Budi–Rawa Belong–Bang Pitung–Pengumben–Joglo–Dr Soetomo–Puri Beta. BUKAN Puri Indah/Meruya/Kembangan/Panjang.", "osm_alias": {"Slipi I": "Jalan Letnan Jenderal Siswondo Parman (ruas Slipi)", "Sakti Raya": "Jalan Kemanggisan Utama (Sakti OSM = gang residensial, bukan arteri)", "Bang Pitung": "Jalan Raya Kebayoran Lama", "Dr Soetomo": "Jalan Ciledug Raya (akses Puri Beta)"}, "source": "CASCADE.txt + user road-intent 2026-09-11", "source_type": "ROAD_TRACE", "geometry_source": "OSM named arterials (roads.geojson + nominatim extras) + existing TJ centreline where overlapping", "color": "#D62F7F", "crs": "EPSG:4326", "disclaimer": "Usulan jaringan BRT CASCADE. Bukan rute resmi TransJakarta. Bukan gambar DED.", "updated_at": "2026-09-11", "segment_id": "CAS-TJ07-SEG10", "from_vertex": "Arteri Pos Pengumben", "to_vertex": "Pos Pengumben", "road_name": "Jalan Arteri Pos Pengumben", "length_km": 1.228}}, {"type": "Feature", "id": "CAS-TJ07-SEG11", "geometry": {"type": "LineString", "coordinates": [[106.77226, -6.21294], [106.772945, -6.21258], [106.77363, -6.21222], [106.774315, -6.21186], [106.775, -6.2115], [106.7755694994075, -6.21112033372834], [106.77613899881499, -6.21074066745668], [106.77538953227999, -6.210980659961493], [106.77464006574499, -6.211220652466307], [106.77389059920999, -6.21146064497112], [106.773141132675, -6.211700637475933], [106.77239166614, -6.211940629980747], [106.771642199605, -6.21218062248556], [106.77089273307, -6.212420614990373], [106.770143266535, -6.212660607495187], [106.7693938, -6.2129006], [106.7693617, -6.2131316], [106.7693465, -6.2132412], [106.7692975, -6.2134702], [106.7692846, -6.2137191], [106.7693028, -6.2138762], [106.7693155, -6.2139881], [106.7693746, -6.2142312], [106.7693846, -6.2143184], [106.7694871, -6.2152754], [106.7695096, -6.2154859], [106.7695285, -6.2156501], [106.7695605, -6.2160258], [106.76960064683439, -6.21648205890074], [106.769416, -6.216523]]}, "properties": {"id": "CAS-TJ07-SEG11", "route_id": "CAS-TJ07", "route_name": "Monas – Puri Beta via Joglo", "from_name": "Monas", "to_name": "Puri Beta", "route_order": 7, "network_type": "BRT_TRUNK", "plan_type": "NEW_TRUNK", "mode": "transjakarta", "status": "PROPOSED", "status_label": "Usulan CASCADE", "existing": "NO", "parent_route": "", "cascade_status": "NEW_TRUNK", "existing_transjakarta": "PARTIAL", "geometry_confidence": "HIGH", "road_alignment_confidence": "HIGH", "alignment_confidence": "HIGH", "alignment_type": "MIXED_TRAFFIC", "bus_lane": "NOT_ASSUMED", "planning_note": "Monas–Kebon Sirih–Fachrudin–Jatibaru–Slipi–Kemanggisan–Budi–Rawa Belong–Bang Pitung–Pengumben–Joglo–Dr Soetomo–Puri Beta. BUKAN Puri Indah/Meruya/Kembangan/Panjang.", "osm_alias": {"Slipi I": "Jalan Letnan Jenderal Siswondo Parman (ruas Slipi)", "Sakti Raya": "Jalan Kemanggisan Utama (Sakti OSM = gang residensial, bukan arteri)", "Bang Pitung": "Jalan Raya Kebayoran Lama", "Dr Soetomo": "Jalan Ciledug Raya (akses Puri Beta)"}, "source": "CASCADE.txt + user road-intent 2026-09-11", "source_type": "ROAD_TRACE", "geometry_source": "OSM named arterials (roads.geojson + nominatim extras) + existing TJ centreline where overlapping", "color": "#D62F7F", "crs": "EPSG:4326", "disclaimer": "Usulan jaringan BRT CASCADE. Bukan rute resmi TransJakarta. Bukan gambar DED.", "updated_at": "2026-09-11", "segment_id": "CAS-TJ07-SEG11", "from_vertex": "Pos Pengumben", "to_vertex": "Kelapa Dua Joglo", "road_name": "Jalan Raya Pos Pengumben", "length_km": 1.7}}, {"type": "Feature", "id": "CAS-TJ07-SEG12", "geometry": {"type": "LineString", "coordinates": [[106.769416, -6.216523], [106.769423, -6.216592], [106.769609, -6.21658], [106.769939, -6.216555], [106.769993, -6.216551], [106.770629, -6.216502], [106.770635, -6.216583], [106.769615, -6.21666], [106.76935, -6.216676], [106.768653, -6.216727], [106.768058, -6.216733], [106.767935, -6.216736], [106.767708, -6.216742], [106.767531, -6.216752], [106.767455, -6.216758], [106.767235, -6.216777], [106.766826, -6.2168], [106.766284, -6.21683], [106.765826, -6.216854], [106.765619, -6.216864], [106.765406, -6.216873], [106.765103, -6.216887], [106.764537, -6.216921], [106.764499, -6.216923], [106.76445, -6.216938], [106.764105, -6.217067], [106.764038, -6.217087], [106.763849, -6.217137], [106.763723, -6.21717], [106.76333, -6.21721], [106.762396, -6.217275], [106.762105, -6.217263], [106.762053, -6.217268], [106.761956, -6.217291], [106.76164, -6.217399], [106.761575, -6.217411], [106.761299, -6.217445], [106.760827, -6.21747], [106.760297, -6.217489], [106.760292, -6.217421]]}, "properties": {"id": "CAS-TJ07-SEG12", "route_id": "CAS-TJ07", "route_name": "Monas – Puri Beta via Joglo", "from_name": "Monas", "to_name": "Puri Beta", "route_order": 7, "network_type": "BRT_TRUNK", "plan_type": "NEW_TRUNK", "mode": "transjakarta", "status": "PROPOSED", "status_label": "Usulan CASCADE", "existing": "NO", "parent_route": "", "cascade_status": "NEW_TRUNK", "existing_transjakarta": "PARTIAL", "geometry_confidence": "HIGH", "road_alignment_confidence": "HIGH", "alignment_confidence": "HIGH", "alignment_type": "MIXED_TRAFFIC", "bus_lane": "NOT_ASSUMED", "planning_note": "Monas–Kebon Sirih–Fachrudin–Jatibaru–Slipi–Kemanggisan–Budi–Rawa Belong–Bang Pitung–Pengumben–Joglo–Dr Soetomo–Puri Beta. BUKAN Puri Indah/Meruya/Kembangan/Panjang.", "osm_alias": {"Slipi I": "Jalan Letnan Jenderal Siswondo Parman (ruas Slipi)", "Sakti Raya": "Jalan Kemanggisan Utama (Sakti OSM = gang residensial, bukan arteri)", "Bang Pitung": "Jalan Raya Kebayoran Lama", "Dr Soetomo": "Jalan Ciledug Raya (akses Puri Beta)"}, "source": "CASCADE.txt + user road-intent 2026-09-11", "source_type": "ROAD_TRACE", "geometry_source": "OSM named arterials (roads.geojson + nominatim extras) + existing TJ centreline where overlapping", "color": "#D62F7F", "crs": "EPSG:4326", "disclaimer": "Usulan jaringan BRT CASCADE. Bukan rute resmi TransJakarta. Bukan gambar DED.", "updated_at": "2026-09-11", "segment_id": "CAS-TJ07-SEG12", "from_vertex": "Kelapa Dua Joglo", "to_vertex": "Joglo Timur", "road_name": "Jalan Joglo Raya", "length_km": 1.31}}, {"type": "Feature", "id": "CAS-TJ07-SEG13", "geometry": {"type": "LineString", "coordinates": [[106.760292, -6.217421], [106.7599741, -6.2175017], [106.7598005, -6.2175083], [106.7595202, -6.2175336], [106.7591621, -6.2175842], [106.7588842, -6.2176434], [106.7585398, -6.2177443], [106.7582714, -6.2178257], [106.7579167, -6.2179273], [106.7577357, -6.2178824], [106.7574656, -6.2179562], [106.7573447, -6.2179914], [106.7572288, -6.2180251], [106.7571129, -6.2180589], [106.7564317, -6.2183126], [106.7563257, -6.2183521], [106.7561111, -6.2184335], [106.7559641, -6.2184771], [106.7558633, -6.218495], [106.7556431, -6.2185275], [106.7554483, -6.218527], [106.7552339, -6.2185081], [106.7551132, -6.2184886], [106.7544983, -6.2183893], [106.7543218, -6.2183622], [106.7541503, -6.218344], [106.7539267, -6.218344], [106.753772, -6.218344], [106.7535214, -6.2183588], [106.7534127, -6.2183695], [106.7532794, -6.2183794], [106.7531486, -6.2183988], [106.7529783, -6.2184268], [106.7528547, -6.2184306], [106.7526186, -6.2184021], [106.752466, -6.2183655], [106.752065, -6.2182748], [106.7519368, -6.2182442], [106.7517717, -6.2181988], [106.7513089, -6.2180559], [106.7508469, -6.2178921], [106.750312, -6.217852], [106.750162, -6.217809], [106.749685, -6.21766], [106.749265, -6.217529], [106.74921543769959, -6.217519515856095]]}, "properties": {"id": "CAS-TJ07-SEG13", "route_id": "CAS-TJ07", "route_name": "Monas – Puri Beta via Joglo", "from_name": "Monas", "to_name": "Puri Beta", "route_order": 7, "network_type": "BRT_TRUNK", "plan_type": "NEW_TRUNK", "mode": "transjakarta", "status": "PROPOSED", "status_label": "Usulan CASCADE", "existing": "NO", "parent_route": "", "cascade_status": "NEW_TRUNK", "existing_transjakarta": "PARTIAL", "geometry_confidence": "HIGH", "road_alignment_confidence": "HIGH", "alignment_confidence": "HIGH", "alignment_type": "MIXED_TRAFFIC", "bus_lane": "NOT_ASSUMED", "planning_note": "Monas–Kebon Sirih–Fachrudin–Jatibaru–Slipi–Kemanggisan–Budi–Rawa Belong–Bang Pitung–Pengumben–Joglo–Dr Soetomo–Puri Beta. BUKAN Puri Indah/Meruya/Kembangan/Panjang.", "osm_alias": {"Slipi I": "Jalan Letnan Jenderal Siswondo Parman (ruas Slipi)", "Sakti Raya": "Jalan Kemanggisan Utama (Sakti OSM = gang residensial, bukan arteri)", "Bang Pitung": "Jalan Raya Kebayoran Lama", "Dr Soetomo": "Jalan Ciledug Raya (akses Puri Beta)"}, "source": "CASCADE.txt + user road-intent 2026-09-11", "source_type": "ROAD_TRACE", "geometry_source": "OSM named arterials (roads.geojson + nominatim extras) + existing TJ centreline where overlapping", "color": "#D62F7F", "crs": "EPSG:4326", "disclaimer": "Usulan jaringan BRT CASCADE. Bukan rute resmi TransJakarta. Bukan gambar DED.", "updated_at": "2026-09-11", "segment_id": "CAS-TJ07-SEG13", "from_vertex": "Joglo Timur", "to_vertex": "Ciledug Raya", "road_name": "Jalan Joglo Raya", "length_km": 1.26}}, {"type": "Feature", "id": "CAS-TJ07-SEG14", "geometry": {"type": "LineString", "coordinates": [[106.74921543769959, -6.217519515856095], [106.748779, -6.217436], [106.748556, -6.217455], [106.748014, -6.217535], [106.7478249, -6.2175666], [106.7475485, -6.2176152], [106.7473143, -6.2176578], [106.7468356, -6.2177421], [106.746421, -6.21782], [106.7462699, -6.217852], [106.7461796, -6.2178712], [106.7458194, -6.2179928], [106.745622, -6.2180844], [106.7454655, -6.2181725], [106.7451607, -6.2183445], [106.7448707, -6.2185178], [106.7444671, -6.2187697], [106.7443774, -6.2188227], [106.7442515, -6.218897], [106.7436616, -6.2192454], [106.7435495, -6.2193054], [106.7428431, -6.21965525], [106.7421367, -6.2200051], [106.7414179, -6.2203215], [106.7411847, -6.2202718], [106.7410612, -6.2203], [106.7409405, -6.2203105], [106.7406702, -6.2203039], [106.740453, -6.2202823], [106.7400085, -6.2202304], [106.7396007, -6.2201864], [106.7394372, -6.2201756], [106.738939, -6.220253], [106.738501702419, -6.220198490917775]]}, "properties": {"id": "CAS-TJ07-SEG14", "route_id": "CAS-TJ07", "route_name": "Monas – Puri Beta via Joglo", "from_name": "Monas", "to_name": "Puri Beta", "route_order": 7, "network_type": "BRT_TRUNK", "plan_type": "NEW_TRUNK", "mode": "transjakarta", "status": "PROPOSED", "status_label": "Usulan CASCADE", "existing": "NO", "parent_route": "", "cascade_status": "NEW_TRUNK", "existing_transjakarta": "PARTIAL", "geometry_confidence": "HIGH", "road_alignment_confidence": "HIGH", "alignment_confidence": "HIGH", "alignment_type": "MIXED_TRAFFIC", "bus_lane": "NOT_ASSUMED", "planning_note": "Monas–Kebon Sirih–Fachrudin–Jatibaru–Slipi–Kemanggisan–Budi–Rawa Belong–Bang Pitung–Pengumben–Joglo–Dr Soetomo–Puri Beta. BUKAN Puri Indah/Meruya/Kembangan/Panjang.", "osm_alias": {"Slipi I": "Jalan Letnan Jenderal Siswondo Parman (ruas Slipi)", "Sakti Raya": "Jalan Kemanggisan Utama (Sakti OSM = gang residensial, bukan arteri)", "Bang Pitung": "Jalan Raya Kebayoran Lama", "Dr Soetomo": "Jalan Ciledug Raya (akses Puri Beta)"}, "source": "CASCADE.txt + user road-intent 2026-09-11", "source_type": "ROAD_TRACE", "geometry_source": "OSM named arterials (roads.geojson + nominatim extras) + existing TJ centreline where overlapping", "color": "#D62F7F", "crs": "EPSG:4326", "disclaimer": "Usulan jaringan BRT CASCADE. Bukan rute resmi TransJakarta. Bukan gambar DED.", "updated_at": "2026-09-11", "segment_id": "CAS-TJ07-SEG14", "from_vertex": "Ciledug Raya", "to_vertex": "Joglo Raya", "road_name": "Jalan Ciledug Raya", "length_km": 1.26}}, {"type": "Feature", "id": "CAS-TJ07-SEG15", "geometry": {"type": "LineString", "coordinates": [[106.738501702419, -6.220198490917775], [106.738225, -6.220164], [106.737511, -6.220075], [106.737458, -6.220118], [106.7373805, -6.2208135], [106.737303, -6.221509], [106.737291, -6.221974], [106.737294, -6.222443], [106.737314, -6.222881], [106.737472, -6.223793], [106.737489, -6.223934], [106.737593, -6.224438], [106.73766, -6.224699], [106.737777, -6.225273], [106.737883, -6.225817], [106.73787, -6.226403], [106.73782, -6.226918], [106.737711, -6.22743], [106.737628, -6.227876], [106.737593, -6.228051], [106.737549, -6.228679], [106.737588, -6.228933], [106.737653, -6.229371], [106.737681, -6.229606], [106.73766554938659, -6.229788598158408]]}, "properties": {"id": "CAS-TJ07-SEG15", "route_id": "CAS-TJ07", "route_name": "Monas – Puri Beta via Joglo", "from_name": "Monas", "to_name": "Puri Beta", "route_order": 7, "network_type": "BRT_TRUNK", "plan_type": "NEW_TRUNK", "mode": "transjakarta", "status": "PROPOSED", "status_label": "Usulan CASCADE", "existing": "NO", "parent_route": "", "cascade_status": "NEW_TRUNK", "existing_transjakarta": "PARTIAL", "geometry_confidence": "HIGH", "road_alignment_confidence": "HIGH", "alignment_confidence": "HIGH", "alignment_type": "MIXED_TRAFFIC", "bus_lane": "NOT_ASSUMED", "planning_note": "Monas–Kebon Sirih–Fachrudin–Jatibaru–Slipi–Kemanggisan–Budi–Rawa Belong–Bang Pitung–Pengumben–Joglo–Dr Soetomo–Puri Beta. BUKAN Puri Indah/Meruya/Kembangan/Panjang.", "osm_alias": {"Slipi I": "Jalan Letnan Jenderal Siswondo Parman (ruas Slipi)", "Sakti Raya": "Jalan Kemanggisan Utama (Sakti OSM = gang residensial, bukan arteri)", "Bang Pitung": "Jalan Raya Kebayoran Lama", "Dr Soetomo": "Jalan Ciledug Raya (akses Puri Beta)"}, "source": "CASCADE.txt + user road-intent 2026-09-11", "source_type": "ROAD_TRACE", "geometry_source": "OSM named arterials (roads.geojson + nominatim extras) + existing TJ centreline where overlapping", "color": "#D62F7F", "crs": "EPSG:4326", "disclaimer": "Usulan jaringan BRT CASCADE. Bukan rute resmi TransJakarta. Bukan gambar DED.", "updated_at": "2026-09-11", "segment_id": "CAS-TJ07-SEG15", "from_vertex": "Joglo Raya", "to_vertex": "Simpang Joglo", "road_name": "Jalan Ciledug Raya", "length_km": 1.204}}, {"type": "Feature", "id": "CAS-TJ07-SEG16", "geometry": {"type": "LineString", "coordinates": [[106.73766554938659, -6.229788598158408], [106.737637, -6.230126], [106.737599, -6.230551], [106.73757, -6.230932], [106.737597, -6.231509], [106.737632, -6.231754], [106.737663, -6.232347], [106.737642, -6.232789], [106.737617, -6.233159], [106.737596, -6.233468], [106.73730500010564, -6.2337200001968975], [106.73636000041073, -6.2335000000273775], [106.73549000006557, -6.23325999973609], [106.73503000014774, -6.23312000040693], [106.73451000022051, -6.232979999996176], [106.73364500011506, -6.232805000079564], [106.7327800000096, -6.232630000162951], [106.73191499990415, -6.232455000246339], [106.7310499997987, -6.232280000329727], [106.73034000003304, -6.232104999960901], [106.72963000026739, -6.231929999592076], [106.729019999947, -6.231789999810061], [106.72789000008375, -6.231489999997265], [106.72739999987274, -6.2313599997655755], [106.7271800003335, -6.231290000418639], [106.72701000019688, -6.23126999974983], [106.72686000016822, -6.231269999989062], [106.72644999995678, -6.23134999972118], [106.72638999973994, -6.2313499999421795], [106.7263500000338, -6.231340000006034], [106.72631999989119, -6.231310000328488], [106.72627000008113, -6.231230000321062], [106.72617000042989, -6.230950000231543], [106.7260999996879, -6.23078999961527], [106.72602, -6.2306]]}, "properties": {"id": "CAS-TJ07-SEG16", "route_id": "CAS-TJ07", "route_name": "Monas – Puri Beta via Joglo", "from_name": "Monas", "to_name": "Puri Beta", "route_order": 7, "network_type": "BRT_TRUNK", "plan_type": "NEW_TRUNK", "mode": "transjakarta", "status": "PROPOSED", "status_label": "Usulan CASCADE", "existing": "NO", "parent_route": "", "cascade_status": "NEW_TRUNK", "existing_transjakarta": "PARTIAL", "geometry_confidence": "HIGH", "road_alignment_confidence": "HIGH", "alignment_confidence": "HIGH", "alignment_type": "MIXED_TRAFFIC", "bus_lane": "NOT_ASSUMED", "planning_note": "Monas–Kebon Sirih–Fachrudin–Jatibaru–Slipi–Kemanggisan–Budi–Rawa Belong–Bang Pitung–Pengumben–Joglo–Dr Soetomo–Puri Beta. BUKAN Puri Indah/Meruya/Kembangan/Panjang.", "osm_alias": {"Slipi I": "Jalan Letnan Jenderal Siswondo Parman (ruas Slipi)", "Sakti Raya": "Jalan Kemanggisan Utama (Sakti OSM = gang residensial, bukan arteri)", "Bang Pitung": "Jalan Raya Kebayoran Lama", "Dr Soetomo": "Jalan Ciledug Raya (akses Puri Beta)"}, "source": "CASCADE.txt + user road-intent 2026-09-11", "source_type": "ROAD_TRACE", "geometry_source": "OSM named arterials (roads.geojson + nominatim extras) + existing TJ centreline where overlapping", "color": "#D62F7F", "crs": "EPSG:4326", "disclaimer": "Usulan jaringan BRT CASCADE. Bukan rute resmi TransJakarta. Bukan gambar DED.", "updated_at": "2026-09-11", "segment_id": "CAS-TJ07-SEG16", "from_vertex": "Simpang Joglo", "to_vertex": "Puri Beta", "road_name": "TJ-K13", "length_km": 1.788}}, {"type": "Feature", "id": "CAS-TJ08-SEG01", "geometry": {"type": "LineString", "coordinates": [[106.88634, -6.29108], [106.88686497561422, -6.29090082775261], [106.88738995122844, -6.29072165550522], [106.88791492684265, -6.2905424832578305], [106.88843990245688, -6.290363311010441], [106.88896487807109, -6.290184138763051], [106.88948985368532, -6.290004966515661], [106.89001482929953, -6.289825794268271], [106.89053980491376, -6.289646622020881], [106.89106478052797, -6.2894674497734915], [106.8915897561422, -6.289288277526102], [106.89211473175641, -6.289109105278712], [106.89263970737062, -6.288929933031322], [106.89316468298485, -6.288750760783932], [106.89368965859906, -6.288571588536542], [106.89421463421328, -6.2883924162891525], [106.8947396098275, -6.288213244041763], [106.89526458544172, -6.288034071794373], [106.89578956105593, -6.287854899546983], [106.89631453667016, -6.287675727299593], [106.89683951228437, -6.287496555052203], [106.8973644878986, -6.2873173828048134], [106.89788946351281, -6.287138210557424], [106.89841443912704, -6.286959038310034], [106.89893941474125, -6.286779866062644], [106.89917590829201, -6.28669915168309]]}, "properties": {"id": "CAS-TJ08-SEG01", "route_id": "CAS-TJ08", "route_name": "Pinang Ranti – Pulo Gadung", "from_name": "Pinang Ranti", "to_name": "Pulo Gadung", "route_order": 8, "network_type": "BRT_TRUNK", "plan_type": "NEW_TRUNK", "mode": "transjakarta", "status": "PROPOSED", "status_label": "Usulan CASCADE", "existing": "NO", "parent_route": "", "cascade_status": "NEW_TRUNK", "existing_transjakarta": "PARTIAL", "geometry_confidence": "HIGH", "road_alignment_confidence": "HIGH", "alignment_confidence": "HIGH", "alignment_type": "MIXED_TRAFFIC", "bus_lane": "NOT_ASSUMED", "planning_note": "Pinang Ranti–Pondok Gede–Nurul Ihsan–Jatiwaringin–Pahlawan Revolusi–BKT–Klender flyover–Bekasi Raya–Pulo Gadung. Bukan shortcut Kalimalang. Halte Klender di flyover Klender (106.903, -6.214).", "osm_alias": {"BKT": "Jalan I Gusti Ngurah Rai (kanal BKT / arteri Klender)", "Haji Darip": "OSM Haji Darip ada di Cipinang 2 km barat flyover Klender — tidak ditarik sebagai detour."}, "source": "CASCADE.txt + user road-intent 2026-09-11", "source_type": "ROAD_TRACE", "geometry_source": "OSM named arterials (roads.geojson + nominatim extras) + existing TJ centreline where overlapping", "color": "#D62F7F", "crs": "EPSG:4326", "disclaimer": "Usulan jaringan BRT CASCADE. Bukan rute resmi TransJakarta. Bukan gambar DED.", "updated_at": "2026-09-11", "segment_id": "CAS-TJ08-SEG01", "from_vertex": "Pinang Ranti", "to_vertex": "Pondok Gede", "road_name": "Jalan Pondok Gede", "length_km": 1.5}}, {"type": "Feature", "id": "CAS-TJ08-SEG02", "geometry": {"type": "LineString", "coordinates": [[106.89917590829201, -6.28669915168309], [106.89946439035546, -6.286600693815254], [106.89998936596969, -6.286421521567864], [106.9005143415839, -6.286242349320474], [106.90103931719813, -6.286063177073085], [106.90156429281234, -6.285884004825695], [106.90208926842656, -6.285704832578305], [106.90261424404078, -6.285525660330915], [106.903139219655, -6.285346488083525], [106.90366419526922, -6.285167315836135], [106.90418917088344, -6.284988143588746], [106.90471414649765, -6.284808971341356], [106.9048302, -6.2847938], [106.90471414649765, -6.284808971341356], [106.90518163610616, -6.2842129491969], [106.90564912571467, -6.283616927052444], [106.90611661532319, -6.283020904907988], [106.90632506374511, -6.282755145256468]]}, "properties": {"id": "CAS-TJ08-SEG02", "route_id": "CAS-TJ08", "route_name": "Pinang Ranti – Pulo Gadung", "from_name": "Pinang Ranti", "to_name": "Pulo Gadung", "route_order": 8, "network_type": "BRT_TRUNK", "plan_type": "NEW_TRUNK", "mode": "transjakarta", "status": "PROPOSED", "status_label": "Usulan CASCADE", "existing": "NO", "parent_route": "", "cascade_status": "NEW_TRUNK", "existing_transjakarta": "PARTIAL", "geometry_confidence": "HIGH", "road_alignment_confidence": "HIGH", "alignment_confidence": "HIGH", "alignment_type": "MIXED_TRAFFIC", "bus_lane": "NOT_ASSUMED", "planning_note": "Pinang Ranti–Pondok Gede–Nurul Ihsan–Jatiwaringin–Pahlawan Revolusi–BKT–Klender flyover–Bekasi Raya–Pulo Gadung. Bukan shortcut Kalimalang. Halte Klender di flyover Klender (106.903, -6.214).", "osm_alias": {"BKT": "Jalan I Gusti Ngurah Rai (kanal BKT / arteri Klender)", "Haji Darip": "OSM Haji Darip ada di Cipinang 2 km barat flyover Klender — tidak ditarik sebagai detour."}, "source": "CASCADE.txt + user road-intent 2026-09-11", "source_type": "ROAD_TRACE", "geometry_source": "OSM named arterials (roads.geojson + nominatim extras) + existing TJ centreline where overlapping", "color": "#D62F7F", "crs": "EPSG:4326", "disclaimer": "Usulan jaringan BRT CASCADE. Bukan rute resmi TransJakarta. Bukan gambar DED.", "updated_at": "2026-09-11", "segment_id": "CAS-TJ08-SEG02", "from_vertex": "Pondok Gede", "to_vertex": "Pondok Gede 2", "road_name": "Jalan Pondok Gede", "length_km": 0.963}}, {"type": "Feature", "id": "CAS-TJ08-SEG03", "geometry": {"type": "LineString", "coordinates": [[106.90632506374511, -6.282755145256468], [106.9065841049317, -6.282424882763532], [106.90705159454022, -6.281828860619076], [106.90751908414873, -6.2812328384746206], [106.90798657375724, -6.280636816330165], [106.90845406336575, -6.280040794185709], [106.90892155297426, -6.279444772041252], [106.90938904258277, -6.278848749896796], [106.90985653219128, -6.27825272775234], [106.9103240217998, -6.2776567056078845], [106.91079151140832, -6.277060683463429], [106.91125900101683, -6.276464661318973], [106.91168023698089, -6.275927609889281]]}, "properties": {"id": "CAS-TJ08-SEG03", "route_id": "CAS-TJ08", "route_name": "Pinang Ranti – Pulo Gadung", "from_name": "Pinang Ranti", "to_name": "Pulo Gadung", "route_order": 8, "network_type": "BRT_TRUNK", "plan_type": "NEW_TRUNK", "mode": "transjakarta", "status": "PROPOSED", "status_label": "Usulan CASCADE", "existing": "NO", "parent_route": "", "cascade_status": "NEW_TRUNK", "existing_transjakarta": "PARTIAL", "geometry_confidence": "HIGH", "road_alignment_confidence": "HIGH", "alignment_confidence": "HIGH", "alignment_type": "MIXED_TRAFFIC", "bus_lane": "NOT_ASSUMED", "planning_note": "Pinang Ranti–Pondok Gede–Nurul Ihsan–Jatiwaringin–Pahlawan Revolusi–BKT–Klender flyover–Bekasi Raya–Pulo Gadung. Bukan shortcut Kalimalang. Halte Klender di flyover Klender (106.903, -6.214).", "osm_alias": {"BKT": "Jalan I Gusti Ngurah Rai (kanal BKT / arteri Klender)", "Haji Darip": "OSM Haji Darip ada di Cipinang 2 km barat flyover Klender — tidak ditarik sebagai detour."}, "source": "CASCADE.txt + user road-intent 2026-09-11", "source_type": "ROAD_TRACE", "geometry_source": "OSM named arterials (roads.geojson + nominatim extras) + existing TJ centreline where overlapping", "color": "#D62F7F", "crs": "EPSG:4326", "disclaimer": "Usulan jaringan BRT CASCADE. Bukan rute resmi TransJakarta. Bukan gambar DED.", "updated_at": "2026-09-11", "segment_id": "CAS-TJ08-SEG03", "from_vertex": "Pondok Gede 2", "to_vertex": "Jatiwaringin Selatan", "road_name": "Jalan Jati Waringin", "length_km": 0.963}}, {"type": "Feature", "id": "CAS-TJ08-SEG04", "geometry": {"type": "LineString", "coordinates": [[106.91168023698089, -6.275927609889281], [106.91172649062534, -6.275868639174517], [106.91219398023385, -6.275272617030061], [106.91266146984236, -6.274676594885605], [106.91256808518621, -6.274051181893231], [106.91266146984236, -6.274676594885605], [106.91255002100228, -6.273961595082312], [106.91243857216217, -6.27324659527902], [106.91232712332209, -6.272531595475727], [106.912215674482, -6.271816595672435], [106.91210422564191, -6.271101595869142], [106.91199277680181, -6.27038659606585], [106.91188132796172, -6.269671596262557], [106.91176987912164, -6.268956596459265], [106.9117327514817, -6.268718404161957]]}, "properties": {"id": "CAS-TJ08-SEG04", "route_id": "CAS-TJ08", "route_name": "Pinang Ranti – Pulo Gadung", "from_name": "Pinang Ranti", "to_name": "Pulo Gadung", "route_order": 8, "network_type": "BRT_TRUNK", "plan_type": "NEW_TRUNK", "mode": "transjakarta", "status": "PROPOSED", "status_label": "Usulan CASCADE", "existing": "NO", "parent_route": "", "cascade_status": "NEW_TRUNK", "existing_transjakarta": "PARTIAL", "geometry_confidence": "HIGH", "road_alignment_confidence": "HIGH", "alignment_confidence": "HIGH", "alignment_type": "MIXED_TRAFFIC", "bus_lane": "NOT_ASSUMED", "planning_note": "Pinang Ranti–Pondok Gede–Nurul Ihsan–Jatiwaringin–Pahlawan Revolusi–BKT–Klender flyover–Bekasi Raya–Pulo Gadung. Bukan shortcut Kalimalang. Halte Klender di flyover Klender (106.903, -6.214).", "osm_alias": {"BKT": "Jalan I Gusti Ngurah Rai (kanal BKT / arteri Klender)", "Haji Darip": "OSM Haji Darip ada di Cipinang 2 km barat flyover Klender — tidak ditarik sebagai detour."}, "source": "CASCADE.txt + user road-intent 2026-09-11", "source_type": "ROAD_TRACE", "geometry_source": "OSM named arterials (roads.geojson + nominatim extras) + existing TJ centreline where overlapping", "color": "#D62F7F", "crs": "EPSG:4326", "disclaimer": "Usulan jaringan BRT CASCADE. Bukan rute resmi TransJakarta. Bukan gambar DED.", "updated_at": "2026-09-11", "segment_id": "CAS-TJ08-SEG04", "from_vertex": "Jatiwaringin Selatan", "to_vertex": "Jati Waringin", "road_name": "Jalan Jati Waringin", "length_km": 0.987}}, {"type": "Feature", "id": "CAS-TJ08-SEG05", "geometry": {"type": "LineString", "coordinates": [[106.9117327514817, -6.268718404161957], [106.91165843028155, -6.268241596655972], [106.91154698144145, -6.26752659685268], [106.91143553260136, -6.266811597049387], [106.91132408376127, -6.266096597246095], [106.91121263492118, -6.265381597442802], [106.91110118608108, -6.2646665976395095], [106.910989737241, -6.2639515978362175], [106.91087828840091, -6.2632365980329245], [106.91076683956081, -6.2625215982296325], [106.91065539072072, -6.26180659842634], [106.91054394188063, -6.2610915986230475], [106.91043249304055, -6.260376598819755], [106.9103649070946, -6.259943001323312]]}, "properties": {"id": "CAS-TJ08-SEG05", "route_id": "CAS-TJ08", "route_name": "Pinang Ranti – Pulo Gadung", "from_name": "Pinang Ranti", "to_name": "Pulo Gadung", "route_order": 8, "network_type": "BRT_TRUNK", "plan_type": "NEW_TRUNK", "mode": "transjakarta", "status": "PROPOSED", "status_label": "Usulan CASCADE", "existing": "NO", "parent_route": "", "cascade_status": "NEW_TRUNK", "existing_transjakarta": "PARTIAL", "geometry_confidence": "HIGH", "road_alignment_confidence": "HIGH", "alignment_confidence": "HIGH", "alignment_type": "MIXED_TRAFFIC", "bus_lane": "NOT_ASSUMED", "planning_note": "Pinang Ranti–Pondok Gede–Nurul Ihsan–Jatiwaringin–Pahlawan Revolusi–BKT–Klender flyover–Bekasi Raya–Pulo Gadung. Bukan shortcut Kalimalang. Halte Klender di flyover Klender (106.903, -6.214).", "osm_alias": {"BKT": "Jalan I Gusti Ngurah Rai (kanal BKT / arteri Klender)", "Haji Darip": "OSM Haji Darip ada di Cipinang 2 km barat flyover Klender — tidak ditarik sebagai detour."}, "source": "CASCADE.txt + user road-intent 2026-09-11", "source_type": "ROAD_TRACE", "geometry_source": "OSM named arterials (roads.geojson + nominatim extras) + existing TJ centreline where overlapping", "color": "#D62F7F", "crs": "EPSG:4326", "disclaimer": "Usulan jaringan BRT CASCADE. Bukan rute resmi TransJakarta. Bukan gambar DED.", "updated_at": "2026-09-11", "segment_id": "CAS-TJ08-SEG05", "from_vertex": "Jati Waringin", "to_vertex": "Jatiwaringin", "road_name": "Jalan Jati Waringin", "length_km": 0.987}}, {"type": "Feature", "id": "CAS-TJ08-SEG06", "geometry": {"type": "LineString", "coordinates": [[106.9103649070946, -6.259943001323312], [106.91032104420044, -6.259661599016463], [106.91020959536036, -6.25894659921317], [106.91009814652027, -6.258231599409878], [106.90998669768018, -6.257516599606585], [106.90987524884008, -6.256801599803293], [106.9097638, -6.2560866], [106.90966107999999, -6.25545702], [106.90955835999999, -6.25482744], [106.90945563999999, -6.25419786], [106.90935291999999, -6.25356828], [106.9092502, -6.2529387], [106.90914748, -6.2523091200000005], [106.90904476, -6.2516795400000005], [106.90894204, -6.2510499600000005], [106.90883932, -6.25042038], [106.90881032802531, -6.250242685613109]]}, "properties": {"id": "CAS-TJ08-SEG06", "route_id": "CAS-TJ08", "route_name": "Pinang Ranti – Pulo Gadung", "from_name": "Pinang Ranti", "to_name": "Pulo Gadung", "route_order": 8, "network_type": "BRT_TRUNK", "plan_type": "NEW_TRUNK", "mode": "transjakarta", "status": "PROPOSED", "status_label": "Usulan CASCADE", "existing": "NO", "parent_route": "", "cascade_status": "NEW_TRUNK", "existing_transjakarta": "PARTIAL", "geometry_confidence": "HIGH", "road_alignment_confidence": "HIGH", "alignment_confidence": "HIGH", "alignment_type": "MIXED_TRAFFIC", "bus_lane": "NOT_ASSUMED", "planning_note": "Pinang Ranti–Pondok Gede–Nurul Ihsan–Jatiwaringin–Pahlawan Revolusi–BKT–Klender flyover–Bekasi Raya–Pulo Gadung. Bukan shortcut Kalimalang. Halte Klender di flyover Klender (106.903, -6.214).", "osm_alias": {"BKT": "Jalan I Gusti Ngurah Rai (kanal BKT / arteri Klender)", "Haji Darip": "OSM Haji Darip ada di Cipinang 2 km barat flyover Klender — tidak ditarik sebagai detour."}, "source": "CASCADE.txt + user road-intent 2026-09-11", "source_type": "ROAD_TRACE", "geometry_source": "OSM named arterials (roads.geojson + nominatim extras) + existing TJ centreline where overlapping", "color": "#D62F7F", "crs": "EPSG:4326", "disclaimer": "Usulan jaringan BRT CASCADE. Bukan rute resmi TransJakarta. Bukan gambar DED.", "updated_at": "2026-09-11", "segment_id": "CAS-TJ08-SEG06", "from_vertex": "Jatiwaringin", "to_vertex": "Jati Waringin 2", "road_name": "Jalan Jati Waringin", "length_km": 1.092}}, {"type": "Feature", "id": "CAS-TJ08-SEG07", "geometry": {"type": "LineString", "coordinates": [[106.90881032802531, -6.250242685613109], [106.9087366, -6.2497908], [106.9083318, -6.2488132], [106.90786295000001, -6.24832825], [106.9073941, -6.2478433], [106.907815, -6.2481598], [106.9071068, -6.247484], [106.906841, -6.2471917], [106.9069919, -6.2473604], [106.9068542, -6.2472064], [106.9065774, -6.2467439], [106.9068021, -6.2471414], [106.9073287, -6.2471003], [106.9067462, -6.2470703], [106.9066759, -6.246981], [106.9064132, -6.2462467], [106.9071126, -6.2464732], [106.90783040000001, -6.2463628], [106.90802049810918, -6.246333562285799]]}, "properties": {"id": "CAS-TJ08-SEG07", "route_id": "CAS-TJ08", "route_name": "Pinang Ranti – Pulo Gadung", "from_name": "Pinang Ranti", "to_name": "Pulo Gadung", "route_order": 8, "network_type": "BRT_TRUNK", "plan_type": "NEW_TRUNK", "mode": "transjakarta", "status": "PROPOSED", "status_label": "Usulan CASCADE", "existing": "NO", "parent_route": "", "cascade_status": "NEW_TRUNK", "existing_transjakarta": "PARTIAL", "geometry_confidence": "HIGH", "road_alignment_confidence": "HIGH", "alignment_confidence": "HIGH", "alignment_type": "MIXED_TRAFFIC", "bus_lane": "NOT_ASSUMED", "planning_note": "Pinang Ranti–Pondok Gede–Nurul Ihsan–Jatiwaringin–Pahlawan Revolusi–BKT–Klender flyover–Bekasi Raya–Pulo Gadung. Bukan shortcut Kalimalang. Halte Klender di flyover Klender (106.903, -6.214).", "osm_alias": {"BKT": "Jalan I Gusti Ngurah Rai (kanal BKT / arteri Klender)", "Haji Darip": "OSM Haji Darip ada di Cipinang 2 km barat flyover Klender — tidak ditarik sebagai detour."}, "source": "CASCADE.txt + user road-intent 2026-09-11", "source_type": "ROAD_TRACE", "geometry_source": "OSM named arterials (roads.geojson + nominatim extras) + existing TJ centreline where overlapping", "color": "#D62F7F", "crs": "EPSG:4326", "disclaimer": "Usulan jaringan BRT CASCADE. Bukan rute resmi TransJakarta. Bukan gambar DED.", "updated_at": "2026-09-11", "segment_id": "CAS-TJ08-SEG07", "from_vertex": "Jati Waringin 2", "to_vertex": "Jatiwaringin Utara", "road_name": "Jalan Jati Waringin", "length_km": 1.092}}, {"type": "Feature", "id": "CAS-TJ08-SEG08", "geometry": {"type": "LineString", "coordinates": [[106.90802049810918, -6.246333562285799], [106.9085482, -6.2462523999999995], [106.909266, -6.246142], [106.909315, -6.245945], [106.909365, -6.245922], [106.909382, -6.245561], [106.909383, -6.245502], [106.909745, -6.245521], [106.90978, -6.245218], [106.909803, -6.245163], [106.909846, -6.24512], [106.909893, -6.245084], [106.909918, -6.245039], [106.910013, -6.244712], [106.910082, -6.24447], [106.90978, -6.244423], [106.909372, -6.244337], [106.909229, -6.244294], [106.908975, -6.244255], [106.908473, -6.24422], [106.908153, -6.244204], [106.908014, -6.24418], [106.907975, -6.244157], [106.90795, -6.244128], [106.90794, -6.244039], [106.907929, -6.243909], [106.907892, -6.243689], [106.907874, -6.243657], [106.90783, -6.243639], [106.907656, -6.243637], [106.90758, -6.243637], [106.907539, -6.243636], [106.907496, -6.243615], [106.907465, -6.243589], [106.90743, -6.243523], [106.90739, -6.243431], [106.90737, -6.243333], [106.907365, -6.243239], [106.907357, -6.243106], [106.907356, -6.242965], [106.90735, -6.242715], [106.907343, -6.242615], [106.907334, -6.242519], [106.907324, -6.242277], [106.907304, -6.242072], [106.907289, -6.241889], [106.907281, -6.241522], [106.907854, -6.241476], [106.90785992550262, -6.241547106031431]]}, "properties": {"id": "CAS-TJ08-SEG08", "route_id": "CAS-TJ08", "route_name": "Pinang Ranti – Pulo Gadung", "from_name": "Pinang Ranti", "to_name": "Pulo Gadung", "route_order": 8, "network_type": "BRT_TRUNK", "plan_type": "NEW_TRUNK", "mode": "transjakarta", "status": "PROPOSED", "status_label": "Usulan CASCADE", "existing": "NO", "parent_route": "", "cascade_status": "NEW_TRUNK", "existing_transjakarta": "PARTIAL", "geometry_confidence": "HIGH", "road_alignment_confidence": "HIGH", "alignment_confidence": "HIGH", "alignment_type": "MIXED_TRAFFIC", "bus_lane": "NOT_ASSUMED", "planning_note": "Pinang Ranti–Pondok Gede–Nurul Ihsan–Jatiwaringin–Pahlawan Revolusi–BKT–Klender flyover–Bekasi Raya–Pulo Gadung. Bukan shortcut Kalimalang. Halte Klender di flyover Klender (106.903, -6.214).", "osm_alias": {"BKT": "Jalan I Gusti Ngurah Rai (kanal BKT / arteri Klender)", "Haji Darip": "OSM Haji Darip ada di Cipinang 2 km barat flyover Klender — tidak ditarik sebagai detour."}, "source": "CASCADE.txt + user road-intent 2026-09-11", "source_type": "ROAD_TRACE", "geometry_source": "OSM named arterials (roads.geojson + nominatim extras) + existing TJ centreline where overlapping", "color": "#D62F7F", "crs": "EPSG:4326", "disclaimer": "Usulan jaringan BRT CASCADE. Bukan rute resmi TransJakarta. Bukan gambar DED.", "updated_at": "2026-09-11", "segment_id": "CAS-TJ08-SEG08", "from_vertex": "Jatiwaringin Utara", "to_vertex": "Jati Waringin 3", "road_name": "Jalan Jati Waringin", "length_km": 1.025}}, {"type": "Feature", "id": "CAS-TJ08-SEG09", "geometry": {"type": "LineString", "coordinates": [[106.90785992550262, -6.241547106031431], [106.907867, -6.241632], [106.907886, -6.24186], [106.907898, -6.241907], [106.907944, -6.241943], [106.907985, -6.241941], [106.908203, -6.241918], [106.90827, -6.241886], [106.908333, -6.241849], [106.908465, -6.241772], [106.908333, -6.241849], [106.90827, -6.241886], [106.908203, -6.241918], [106.907994, -6.24194], [106.907944, -6.241943], [106.907898, -6.241907], [106.907886, -6.24186], [106.907867, -6.241632], [106.907854, -6.241476], [106.907281, -6.241522], [106.907272, -6.241282], [106.907278, -6.241147], [106.90729, -6.24104], [106.907286, -6.24099], [106.907277, -6.240947], [106.907244, -6.240836], [106.907185, -6.240625], [106.907167, -6.240465], [106.907165, -6.240404], [106.907173, -6.240348], [106.907217, -6.240293], [106.907528, -6.240045], [106.907674, -6.239925], [106.907827, -6.239822], [106.907828, -6.239702], [106.907829, -6.239552], [106.907829, -6.239501], [106.907834, -6.239099], [106.90759, -6.239092], [106.907594, -6.238713], [106.907189, -6.238696], [106.907193, -6.23837], [106.907205, -6.238039], [106.906, -6.238005], [106.906002, -6.237721], [106.905944, -6.237716], [106.90567, -6.23769], [106.905388, -6.237672], [106.905296, -6.237667]]}, "properties": {"id": "CAS-TJ08-SEG09", "route_id": "CAS-TJ08", "route_name": "Pinang Ranti – Pulo Gadung", "from_name": "Pinang Ranti", "to_name": "Pulo Gadung", "route_order": 8, "network_type": "BRT_TRUNK", "plan_type": "NEW_TRUNK", "mode": "transjakarta", "status": "PROPOSED", "status_label": "Usulan CASCADE", "existing": "NO", "parent_route": "", "cascade_status": "NEW_TRUNK", "existing_transjakarta": "PARTIAL", "geometry_confidence": "HIGH", "road_alignment_confidence": "HIGH", "alignment_confidence": "HIGH", "alignment_type": "MIXED_TRAFFIC", "bus_lane": "NOT_ASSUMED", "planning_note": "Pinang Ranti–Pondok Gede–Nurul Ihsan–Jatiwaringin–Pahlawan Revolusi–BKT–Klender flyover–Bekasi Raya–Pulo Gadung. Bukan shortcut Kalimalang. Halte Klender di flyover Klender (106.903, -6.214).", "osm_alias": {"BKT": "Jalan I Gusti Ngurah Rai (kanal BKT / arteri Klender)", "Haji Darip": "OSM Haji Darip ada di Cipinang 2 km barat flyover Klender — tidak ditarik sebagai detour."}, "source": "CASCADE.txt + user road-intent 2026-09-11", "source_type": "ROAD_TRACE", "geometry_source": "OSM named arterials (roads.geojson + nominatim extras) + existing TJ centreline where overlapping", "color": "#D62F7F", "crs": "EPSG:4326", "disclaimer": "Usulan jaringan BRT CASCADE. Bukan rute resmi TransJakarta. Bukan gambar DED.", "updated_at": "2026-09-11", "segment_id": "CAS-TJ08-SEG09", "from_vertex": "Jati Waringin 3", "to_vertex": "Jati Pahlawan", "road_name": "Jalan Jati Waringin", "length_km": 1.025}}, {"type": "Feature", "id": "CAS-TJ08-SEG10", "geometry": {"type": "LineString", "coordinates": [[106.905296, -6.237667], [106.905304, -6.23746], [106.905308, -6.237358], [106.905351, -6.236352], [106.905355, -6.236209], [106.905306, -6.236206], [106.904978, -6.236184], [106.904811, -6.236172], [106.904086, -6.236128], [106.904096, -6.235804], [106.904106, -6.235486], [106.904116, -6.235182], [106.904125, -6.234869], [106.904138, -6.234481], [106.903805, -6.234467], [106.903755, -6.234465], [106.903723, -6.233985], [106.903673, -6.233246], [106.903652, -6.233206], [106.903649, -6.233125], [106.903643, -6.233042], [106.903639, -6.233001], [106.903635, -6.232965], [106.903639, -6.23289], [106.903649, -6.232848], [106.903658, -6.232783], [106.903668, -6.232624], [106.903682, -6.232267], [106.903687, -6.231914], [106.903187, -6.231897], [106.902702, -6.231879], [106.902443, -6.231868], [106.901648, -6.231832], [106.901318, -6.231817], [106.901249, -6.231814], [106.901469, -6.231464], [106.90164475468609, -6.231156659344769]]}, "properties": {"id": "CAS-TJ08-SEG10", "route_id": "CAS-TJ08", "route_name": "Pinang Ranti – Pulo Gadung", "from_name": "Pinang Ranti", "to_name": "Pulo Gadung", "route_order": 8, "network_type": "BRT_TRUNK", "plan_type": "NEW_TRUNK", "mode": "transjakarta", "status": "PROPOSED", "status_label": "Usulan CASCADE", "existing": "NO", "parent_route": "", "cascade_status": "NEW_TRUNK", "existing_transjakarta": "PARTIAL", "geometry_confidence": "HIGH", "road_alignment_confidence": "HIGH", "alignment_confidence": "HIGH", "alignment_type": "MIXED_TRAFFIC", "bus_lane": "NOT_ASSUMED", "planning_note": "Pinang Ranti–Pondok Gede–Nurul Ihsan–Jatiwaringin–Pahlawan Revolusi–BKT–Klender flyover–Bekasi Raya–Pulo Gadung. Bukan shortcut Kalimalang. Halte Klender di flyover Klender (106.903, -6.214).", "osm_alias": {"BKT": "Jalan I Gusti Ngurah Rai (kanal BKT / arteri Klender)", "Haji Darip": "OSM Haji Darip ada di Cipinang 2 km barat flyover Klender — tidak ditarik sebagai detour."}, "source": "CASCADE.txt + user road-intent 2026-09-11", "source_type": "ROAD_TRACE", "geometry_source": "OSM named arterials (roads.geojson + nominatim extras) + existing TJ centreline where overlapping", "color": "#D62F7F", "crs": "EPSG:4326", "disclaimer": "Usulan jaringan BRT CASCADE. Bukan rute resmi TransJakarta. Bukan gambar DED.", "updated_at": "2026-09-11", "segment_id": "CAS-TJ08-SEG10", "from_vertex": "Jati Pahlawan", "to_vertex": "Pahlawan Revolusi 2", "road_name": "Jalan Jati Waringin", "length_km": 1.168}}, {"type": "Feature", "id": "CAS-TJ08-SEG11", "geometry": {"type": "LineString", "coordinates": [[106.90164475468609, -6.231156659344769], [106.90166, -6.23113], [106.901681, -6.231087], [106.901877, -6.230684], [106.901902, -6.230635], [106.901902, -6.230583], [106.901923, -6.230437], [106.901925, -6.230401], [106.901918, -6.229878], [106.901916, -6.229678], [106.90192, -6.229541], [106.901648, -6.22952], [106.901582, -6.229513], [106.901422, -6.229507], [106.90118, -6.229494], [106.901022, -6.229526], [106.900895, -6.229547], [106.900681, -6.229581], [106.9006767430252, -6.228858559327781], [106.90067248605038, -6.228136118655563], [106.90066822907558, -6.227413677983344], [106.90066397210077, -6.226691237311126], [106.90065971512595, -6.225968796638908], [106.90065545815115, -6.225246355966689], [106.90065120117634, -6.224523915294471], [106.90064694420153, -6.2238014746222525], [106.90064268722672, -6.223079033950034], [106.90063843025192, -6.222356593277816], [106.9006362860072, -6.2219926988090695]]}, "properties": {"id": "CAS-TJ08-SEG11", "route_id": "CAS-TJ08", "route_name": "Pinang Ranti – Pulo Gadung", "from_name": "Pinang Ranti", "to_name": "Pulo Gadung", "route_order": 8, "network_type": "BRT_TRUNK", "plan_type": "NEW_TRUNK", "mode": "transjakarta", "status": "PROPOSED", "status_label": "Usulan CASCADE", "existing": "NO", "parent_route": "", "cascade_status": "NEW_TRUNK", "existing_transjakarta": "PARTIAL", "geometry_confidence": "HIGH", "road_alignment_confidence": "HIGH", "alignment_confidence": "HIGH", "alignment_type": "MIXED_TRAFFIC", "bus_lane": "NOT_ASSUMED", "planning_note": "Pinang Ranti–Pondok Gede–Nurul Ihsan–Jatiwaringin–Pahlawan Revolusi–BKT–Klender flyover–Bekasi Raya–Pulo Gadung. Bukan shortcut Kalimalang. Halte Klender di flyover Klender (106.903, -6.214).", "osm_alias": {"BKT": "Jalan I Gusti Ngurah Rai (kanal BKT / arteri Klender)", "Haji Darip": "OSM Haji Darip ada di Cipinang 2 km barat flyover Klender — tidak ditarik sebagai detour."}, "source": "CASCADE.txt + user road-intent 2026-09-11", "source_type": "ROAD_TRACE", "geometry_source": "OSM named arterials (roads.geojson + nominatim extras) + existing TJ centreline where overlapping", "color": "#D62F7F", "crs": "EPSG:4326", "disclaimer": "Usulan jaringan BRT CASCADE. Bukan rute resmi TransJakarta. Bukan gambar DED.", "updated_at": "2026-09-11", "segment_id": "CAS-TJ08-SEG11", "from_vertex": "Pahlawan Revolusi 2", "to_vertex": "Pahlawan Revolusi", "road_name": "Jalan Pahlawan Revolusi", "length_km": 1.168}}, {"type": "Feature", "id": "CAS-TJ08-SEG12", "geometry": {"type": "LineString", "coordinates": [[106.9006362860072, -6.2219926988090695], [106.9006341732771, -6.221634152605598], [106.9006299163023, -6.22091171193338], [106.90062565932749, -6.2201892712611615], [106.90062140235267, -6.219466830588943], [106.90061714537786, -6.218744389916725], [106.90061288840306, -6.218021949244506], [106.90060863142824, -6.217299508572288], [106.90060437445344, -6.21657706790007], [106.90060011747863, -6.215854627227851], [106.90059586050381, -6.215132186555633], [106.90059160352901, -6.214409745883414], [106.9005043, -6.2136344], [106.9004418, -6.2136275], [106.9009914, -6.2134945], [106.9014, -6.2139], [106.9022, -6.21375], [106.90306, -6.2136]]}, "properties": {"id": "CAS-TJ08-SEG12", "route_id": "CAS-TJ08", "route_name": "Pinang Ranti – Pulo Gadung", "from_name": "Pinang Ranti", "to_name": "Pulo Gadung", "route_order": 8, "network_type": "BRT_TRUNK", "plan_type": "NEW_TRUNK", "mode": "transjakarta", "status": "PROPOSED", "status_label": "Usulan CASCADE", "existing": "NO", "parent_route": "", "cascade_status": "NEW_TRUNK", "existing_transjakarta": "PARTIAL", "geometry_confidence": "HIGH", "road_alignment_confidence": "HIGH", "alignment_confidence": "HIGH", "alignment_type": "MIXED_TRAFFIC", "bus_lane": "NOT_ASSUMED", "planning_note": "Pinang Ranti–Pondok Gede–Nurul Ihsan–Jatiwaringin–Pahlawan Revolusi–BKT–Klender flyover–Bekasi Raya–Pulo Gadung. Bukan shortcut Kalimalang. Halte Klender di flyover Klender (106.903, -6.214).", "osm_alias": {"BKT": "Jalan I Gusti Ngurah Rai (kanal BKT / arteri Klender)", "Haji Darip": "OSM Haji Darip ada di Cipinang 2 km barat flyover Klender — tidak ditarik sebagai detour."}, "source": "CASCADE.txt + user road-intent 2026-09-11", "source_type": "ROAD_TRACE", "geometry_source": "OSM named arterials (roads.geojson + nominatim extras) + existing TJ centreline where overlapping", "color": "#D62F7F", "crs": "EPSG:4326", "disclaimer": "Usulan jaringan BRT CASCADE. Bukan rute resmi TransJakarta. Bukan gambar DED.", "updated_at": "2026-09-11", "segment_id": "CAS-TJ08-SEG12", "from_vertex": "Pahlawan Revolusi", "to_vertex": "Klender", "road_name": "Jalan I Gusti Ngurah Rai", "length_km": 1.25}}, {"type": "Feature", "id": "CAS-TJ08-SEG13", "geometry": {"type": "LineString", "coordinates": [[106.90306, -6.2136], [106.9038, -6.2134], [106.904, -6.2127], [106.9042, -6.212], [106.9042, -6.211333333333333], [106.9042, -6.210666666666667], [106.9042, -6.21], [106.9042, -6.209333333333333], [106.9042, -6.208666666666667], [106.9042, -6.208], [106.9042, -6.207285714285715], [106.9042, -6.206571428571428], [106.9042, -6.205857142857143], [106.9042, -6.2051428571428575], [106.9042, -6.204428571428572], [106.9042, -6.203714285714286], [106.9042, -6.203249882817232]]}, "properties": {"id": "CAS-TJ08-SEG13", "route_id": "CAS-TJ08", "route_name": "Pinang Ranti – Pulo Gadung", "from_name": "Pinang Ranti", "to_name": "Pulo Gadung", "route_order": 8, "network_type": "BRT_TRUNK", "plan_type": "NEW_TRUNK", "mode": "transjakarta", "status": "PROPOSED", "status_label": "Usulan CASCADE", "existing": "NO", "parent_route": "", "cascade_status": "NEW_TRUNK", "existing_transjakarta": "PARTIAL", "geometry_confidence": "HIGH", "road_alignment_confidence": "HIGH", "alignment_confidence": "HIGH", "alignment_type": "MIXED_TRAFFIC", "bus_lane": "NOT_ASSUMED", "planning_note": "Pinang Ranti–Pondok Gede–Nurul Ihsan–Jatiwaringin–Pahlawan Revolusi–BKT–Klender flyover–Bekasi Raya–Pulo Gadung. Bukan shortcut Kalimalang. Halte Klender di flyover Klender (106.903, -6.214).", "osm_alias": {"BKT": "Jalan I Gusti Ngurah Rai (kanal BKT / arteri Klender)", "Haji Darip": "OSM Haji Darip ada di Cipinang 2 km barat flyover Klender — tidak ditarik sebagai detour."}, "source": "CASCADE.txt + user road-intent 2026-09-11", "source_type": "ROAD_TRACE", "geometry_source": "OSM named arterials (roads.geojson + nominatim extras) + existing TJ centreline where overlapping", "color": "#D62F7F", "crs": "EPSG:4326", "disclaimer": "Usulan jaringan BRT CASCADE. Bukan rute resmi TransJakarta. Bukan gambar DED.", "updated_at": "2026-09-11", "segment_id": "CAS-TJ08-SEG13", "from_vertex": "Klender", "to_vertex": "Bekasi Timur", "road_name": "Jalan I Gusti Ngurah Rai", "length_km": 1.22}}, {"type": "Feature", "id": "CAS-TJ08-SEG14", "geometry": {"type": "LineString", "coordinates": [[106.9042, -6.203249882817232], [106.9042, -6.203], [106.9042421, -6.2029342], [106.9046968, -6.2018179], [106.9045989, -6.2017888], [106.90469262727272, -6.2010098000000005], [106.90478635454545, -6.2002308], [106.90488008181818, -6.1994518], [106.9049738090909, -6.1986728], [106.90506753636363, -6.1978938], [106.90516126363636, -6.1971148], [106.90525499090909, -6.1963358], [106.90534871818181, -6.195556799999999], [106.90544244545454, -6.1947778], [106.90553617272727, -6.193998799999999], [106.9056299, -6.1932198], [106.905751, -6.1929436], [106.90580918261615, -6.19254511002032]]}, "properties": {"id": "CAS-TJ08-SEG14", "route_id": "CAS-TJ08", "route_name": "Pinang Ranti – Pulo Gadung", "from_name": "Pinang Ranti", "to_name": "Pulo Gadung", "route_order": 8, "network_type": "BRT_TRUNK", "plan_type": "NEW_TRUNK", "mode": "transjakarta", "status": "PROPOSED", "status_label": "Usulan CASCADE", "existing": "NO", "parent_route": "", "cascade_status": "NEW_TRUNK", "existing_transjakarta": "PARTIAL", "geometry_confidence": "HIGH", "road_alignment_confidence": "HIGH", "alignment_confidence": "HIGH", "alignment_type": "MIXED_TRAFFIC", "bus_lane": "NOT_ASSUMED", "planning_note": "Pinang Ranti–Pondok Gede–Nurul Ihsan–Jatiwaringin–Pahlawan Revolusi–BKT–Klender flyover–Bekasi Raya–Pulo Gadung. Bukan shortcut Kalimalang. Halte Klender di flyover Klender (106.903, -6.214).", "osm_alias": {"BKT": "Jalan I Gusti Ngurah Rai (kanal BKT / arteri Klender)", "Haji Darip": "OSM Haji Darip ada di Cipinang 2 km barat flyover Klender — tidak ditarik sebagai detour."}, "source": "CASCADE.txt + user road-intent 2026-09-11", "source_type": "ROAD_TRACE", "geometry_source": "OSM named arterials (roads.geojson + nominatim extras) + existing TJ centreline where overlapping", "color": "#D62F7F", "crs": "EPSG:4326", "disclaimer": "Usulan jaringan BRT CASCADE. Bukan rute resmi TransJakarta. Bukan gambar DED.", "updated_at": "2026-09-11", "segment_id": "CAS-TJ08-SEG14", "from_vertex": "Bekasi Timur", "to_vertex": "Pemuda Merdeka", "road_name": "Jalan Bekasi Timur", "length_km": 1.22}}, {"type": "Feature", "id": "CAS-TJ08-SEG15", "geometry": {"type": "LineString", "coordinates": [[106.90580918261615, -6.19254511002032], [106.9058417, -6.1923224], [106.9058837, -6.1920691], [106.90600925000001, -6.1913879000000005], [106.9061348, -6.1907067], [106.9061482, -6.1906529], [106.906168, -6.1905452], [106.9061775, -6.1905024], [106.9061392, -6.1903492], [106.9063967, -6.1892609], [106.9063199999888, -6.188940000043986], [106.9062972, -6.188555933333333], [106.9061057, -6.187857766666667], [106.90595999962046, -6.187427999896675], [106.9059142, -6.1871596], [106.9060179, -6.1863505], [106.9061319, -6.1860345], [106.9064097, -6.1857433], [106.9065297, -6.1856175], [106.9072525, -6.1850017], [106.9079753, -6.1843859], [106.9087012, -6.1837499], [106.9088145, -6.1836439], [106.90885, -6.18333]]}, "properties": {"id": "CAS-TJ08-SEG15", "route_id": "CAS-TJ08", "route_name": "Pinang Ranti – Pulo Gadung", "from_name": "Pinang Ranti", "to_name": "Pulo Gadung", "route_order": 8, "network_type": "BRT_TRUNK", "plan_type": "NEW_TRUNK", "mode": "transjakarta", "status": "PROPOSED", "status_label": "Usulan CASCADE", "existing": "NO", "parent_route": "", "cascade_status": "NEW_TRUNK", "existing_transjakarta": "PARTIAL", "geometry_confidence": "HIGH", "road_alignment_confidence": "HIGH", "alignment_confidence": "HIGH", "alignment_type": "MIXED_TRAFFIC", "bus_lane": "NOT_ASSUMED", "planning_note": "Pinang Ranti–Pondok Gede–Nurul Ihsan–Jatiwaringin–Pahlawan Revolusi–BKT–Klender flyover–Bekasi Raya–Pulo Gadung. Bukan shortcut Kalimalang. Halte Klender di flyover Klender (106.903, -6.214).", "osm_alias": {"BKT": "Jalan I Gusti Ngurah Rai (kanal BKT / arteri Klender)", "Haji Darip": "OSM Haji Darip ada di Cipinang 2 km barat flyover Klender — tidak ditarik sebagai detour."}, "source": "CASCADE.txt + user road-intent 2026-09-11", "source_type": "ROAD_TRACE", "geometry_source": "OSM named arterials (roads.geojson + nominatim extras) + existing TJ centreline where overlapping", "color": "#D62F7F", "crs": "EPSG:4326", "disclaimer": "Usulan jaringan BRT CASCADE. Bukan rute resmi TransJakarta. Bukan gambar DED.", "updated_at": "2026-09-11", "segment_id": "CAS-TJ08-SEG15", "from_vertex": "Pemuda Merdeka", "to_vertex": "Pulo Gadung", "road_name": "Jalan Bekasi Timur", "length_km": 1.175}}, {"type": "Feature", "id": "CAS-TJ09-SEG01", "geometry": {"type": "LineString", "coordinates": [[106.95265, -6.2127], [106.95270000030085, -6.212910000266738], [106.95270000040902, -6.21301000009077], [106.95212000022266, -6.213199999943772], [106.952340000155, -6.21406999988743], [106.95249999971684, -6.214650000446526], [106.95266000008691, -6.215270000400348], [106.9527899998326, -6.215939999714117], [106.9529999996653, -6.216929999871688], [106.95312499989987, -6.217800000034368], [106.95325000013443, -6.218670000197047], [106.95323999985678, -6.218819999759788], [106.95321999984998, -6.218860000016042], [106.95311000043228, -6.218920000059037], [106.9528305, -6.21916245], [106.9523862, -6.2195117], [106.9519772169169, -6.2194034381792385]]}, "properties": {"id": "CAS-TJ09-SEG01", "route_id": "CAS-TJ09", "route_name": "Pulo Gebang – Rusunawa Marunda via Stasiun Cakung", "from_name": "Pulo Gebang", "to_name": "Rusunawa Marunda", "route_order": 9, "network_type": "BRT_TRUNK", "plan_type": "NEW_TRUNK", "mode": "transjakarta", "status": "PROPOSED", "status_label": "Usulan CASCADE", "existing": "NO", "parent_route": "", "cascade_status": "NEW_TRUNK", "existing_transjakarta": "PARTIAL", "geometry_confidence": "HIGH", "road_alignment_confidence": "HIGH", "alignment_confidence": "HIGH", "alignment_type": "MIXED_TRAFFIC", "bus_lane": "NOT_ASSUMED", "planning_note": "Wajib lewat Stasiun Cakung. Pulo Gebang–Sumarno–Penggilingan–putar utara–Bekasi Raya–Arteri Kelapa Gading–Pegangsaan Dua–Logistik–Tugu–Akses Marunda–Rusunawa. Bukan shortcut Pulo Gebang–Marunda. OSM Syech Nawawi ada di selatan -6.15 — tidak ditarik sebagai detour.", "osm_alias": {"Raya Tugu": "Jalan Cakung Cilincing / Jalan Raya Tugu (Tugu/Koja)", "Cilincing Landak": "Jalan Marunda Bidara / Sungai Landak", "Syeikh Nawawi": "OSM Jalan Syech Nawawi Al Bantani = ruas Cakung selatan; koridor memakai Cakung Cilincing di Tugu."}, "source": "CASCADE.txt + user road-intent 2026-09-11", "source_type": "ROAD_TRACE", "geometry_source": "OSM named arterials (roads.geojson + nominatim extras) + existing TJ centreline where overlapping", "color": "#D62F7F", "crs": "EPSG:4326", "disclaimer": "Usulan jaringan BRT CASCADE. Bukan rute resmi TransJakarta. Bukan gambar DED.", "updated_at": "2026-09-11", "segment_id": "CAS-TJ09-SEG01", "from_vertex": "Pulo Gebang", "to_vertex": "Stasiun Cakung", "road_name": "Jalan I Gusti Ngurah Rai", "length_km": 0.91}}, {"type": "Feature", "id": "CAS-TJ09-SEG02", "geometry": {"type": "LineString", "coordinates": [[106.9519772169169, -6.2194034381792385], [106.951819825, -6.219361775], [106.95131545781676, -6.219284276782232], [106.95062104336257, -6.219170882586674], [106.94992662890837, -6.219057488391115], [106.94923221445418, -6.218944094195558], [106.9485378, -6.2188307], [106.94762545, -6.2188137999999995], [106.9467131, -6.2187969], [106.946277, -6.2187389], [106.9452197, -6.2183724], [106.94513839682502, -6.218374255691794], [106.94512109276019, -6.2176143932706465], [106.94510378869535, -6.216854530849498], [106.94508648463051, -6.216094668428351], [106.94506918056568, -6.215334806007203], [106.94505187650086, -6.214574943586055], [106.94503457243601, -6.213815081164908], [106.94501726837117, -6.21305521874376], [106.94499996430635, -6.212295356322612], [106.94439500024137, -6.212590000126678]]}, "properties": {"id": "CAS-TJ09-SEG02", "route_id": "CAS-TJ09", "route_name": "Pulo Gebang – Rusunawa Marunda via Stasiun Cakung", "from_name": "Pulo Gebang", "to_name": "Rusunawa Marunda", "route_order": 9, "network_type": "BRT_TRUNK", "plan_type": "NEW_TRUNK", "mode": "transjakarta", "status": "PROPOSED", "status_label": "Usulan CASCADE", "existing": "NO", "parent_route": "", "cascade_status": "NEW_TRUNK", "existing_transjakarta": "PARTIAL", "geometry_confidence": "HIGH", "road_alignment_confidence": "HIGH", "alignment_confidence": "HIGH", "alignment_type": "MIXED_TRAFFIC", "bus_lane": "NOT_ASSUMED", "planning_note": "Wajib lewat Stasiun Cakung. Pulo Gebang–Sumarno–Penggilingan–putar utara–Bekasi Raya–Arteri Kelapa Gading–Pegangsaan Dua–Logistik–Tugu–Akses Marunda–Rusunawa. Bukan shortcut Pulo Gebang–Marunda. OSM Syech Nawawi ada di selatan -6.15 — tidak ditarik sebagai detour.", "osm_alias": {"Raya Tugu": "Jalan Cakung Cilincing / Jalan Raya Tugu (Tugu/Koja)", "Cilincing Landak": "Jalan Marunda Bidara / Sungai Landak", "Syeikh Nawawi": "OSM Jalan Syech Nawawi Al Bantani = ruas Cakung selatan; koridor memakai Cakung Cilincing di Tugu."}, "source": "CASCADE.txt + user road-intent 2026-09-11", "source_type": "ROAD_TRACE", "geometry_source": "OSM named arterials (roads.geojson + nominatim extras) + existing TJ centreline where overlapping", "color": "#D62F7F", "crs": "EPSG:4326", "disclaimer": "Usulan jaringan BRT CASCADE. Bukan rute resmi TransJakarta. Bukan gambar DED.", "updated_at": "2026-09-11", "segment_id": "CAS-TJ09-SEG02", "from_vertex": "Stasiun Cakung", "to_vertex": "Penggilingan", "road_name": "Jalan Doktor Sumarno", "length_km": 1.519}}, {"type": "Feature", "id": "CAS-TJ09-SEG03", "geometry": {"type": "LineString", "coordinates": [[106.94439500024137, -6.212590000126678], [106.94491999973461, -6.212400000149992], [106.94536999964431, -6.212359999841831], [106.945971, -6.2122954], [106.9463699997674, -6.212199999565934], [106.9466779, -6.21211595], [106.947170000148, -6.212200000403739], [106.94746000031796, -6.212150000318721], [106.94794999958901, -6.211939999829063], [106.94831199965533, -6.211724999740455], [106.94871000043165, -6.211609999826364], [106.9490500000357, -6.211099999581645], [106.94981499988245, -6.210669999669969], [106.95023189565218, -6.210621604347826], [106.9505811, -6.2102398], [106.9512181, -6.209894], [106.9517472, -6.2096158], [106.9522753, -6.209312], [106.9525687, -6.2091478], [106.9530155, -6.2088292], [106.95313680000001, -6.2085431], [106.9535219, -6.2081555], [106.9536549, -6.2079664], [106.9539736, -6.2075452], [106.954173, -6.2073897], [106.9546911, -6.206813], [106.95487, -6.2063708], [106.95507968951958, -6.205733948205811]]}, "properties": {"id": "CAS-TJ09-SEG03", "route_id": "CAS-TJ09", "route_name": "Pulo Gebang – Rusunawa Marunda via Stasiun Cakung", "from_name": "Pulo Gebang", "to_name": "Rusunawa Marunda", "route_order": 9, "network_type": "BRT_TRUNK", "plan_type": "NEW_TRUNK", "mode": "transjakarta", "status": "PROPOSED", "status_label": "Usulan CASCADE", "existing": "NO", "parent_route": "", "cascade_status": "NEW_TRUNK", "existing_transjakarta": "PARTIAL", "geometry_confidence": "HIGH", "road_alignment_confidence": "HIGH", "alignment_confidence": "HIGH", "alignment_type": "MIXED_TRAFFIC", "bus_lane": "NOT_ASSUMED", "planning_note": "Wajib lewat Stasiun Cakung. Pulo Gebang–Sumarno–Penggilingan–putar utara–Bekasi Raya–Arteri Kelapa Gading–Pegangsaan Dua–Logistik–Tugu–Akses Marunda–Rusunawa. Bukan shortcut Pulo Gebang–Marunda. OSM Syech Nawawi ada di selatan -6.15 — tidak ditarik sebagai detour.", "osm_alias": {"Raya Tugu": "Jalan Cakung Cilincing / Jalan Raya Tugu (Tugu/Koja)", "Cilincing Landak": "Jalan Marunda Bidara / Sungai Landak", "Syeikh Nawawi": "OSM Jalan Syech Nawawi Al Bantani = ruas Cakung selatan; koridor memakai Cakung Cilincing di Tugu."}, "source": "CASCADE.txt + user road-intent 2026-09-11", "source_type": "ROAD_TRACE", "geometry_source": "OSM named arterials (roads.geojson + nominatim extras) + existing TJ centreline where overlapping", "color": "#D62F7F", "crs": "EPSG:4326", "disclaimer": "Usulan jaringan BRT CASCADE. Bukan rute resmi TransJakarta. Bukan gambar DED.", "updated_at": "2026-09-11", "segment_id": "CAS-TJ09-SEG03", "from_vertex": "Penggilingan", "to_vertex": "Penggilingan Raya", "road_name": "Penggilingan Raya", "length_km": 1.5}}, {"type": "Feature", "id": "CAS-TJ09-SEG04", "geometry": {"type": "LineString", "coordinates": [[106.95507968951958, -6.205733948205811], [106.9551448, -6.2055362], [106.9554196, -6.2047016], [106.9556944, -6.203867], [106.95564205, -6.2028982], [106.9555897, -6.2019294], [106.95585205, -6.20127645], [106.9561144, -6.2006235], [106.95607436, -6.19985728], [106.95603432, -6.19909106], [106.95599428, -6.19832484], [106.95595424, -6.19755862], [106.9559142, -6.1967924], [106.9562936, -6.195980499999999], [106.956673, -6.1951686], [106.9567986, -6.1950603], [106.957263625, -6.194293175], [106.95772865, -6.19352605], [106.9580377942325, -6.193016072537816]]}, "properties": {"id": "CAS-TJ09-SEG04", "route_id": "CAS-TJ09", "route_name": "Pulo Gebang – Rusunawa Marunda via Stasiun Cakung", "from_name": "Pulo Gebang", "to_name": "Rusunawa Marunda", "route_order": 9, "network_type": "BRT_TRUNK", "plan_type": "NEW_TRUNK", "mode": "transjakarta", "status": "PROPOSED", "status_label": "Usulan CASCADE", "existing": "NO", "parent_route": "", "cascade_status": "NEW_TRUNK", "existing_transjakarta": "PARTIAL", "geometry_confidence": "HIGH", "road_alignment_confidence": "HIGH", "alignment_confidence": "HIGH", "alignment_type": "MIXED_TRAFFIC", "bus_lane": "NOT_ASSUMED", "planning_note": "Wajib lewat Stasiun Cakung. Pulo Gebang–Sumarno–Penggilingan–putar utara–Bekasi Raya–Arteri Kelapa Gading–Pegangsaan Dua–Logistik–Tugu–Akses Marunda–Rusunawa. Bukan shortcut Pulo Gebang–Marunda. OSM Syech Nawawi ada di selatan -6.15 — tidak ditarik sebagai detour.", "osm_alias": {"Raya Tugu": "Jalan Cakung Cilincing / Jalan Raya Tugu (Tugu/Koja)", "Cilincing Landak": "Jalan Marunda Bidara / Sungai Landak", "Syeikh Nawawi": "OSM Jalan Syech Nawawi Al Bantani = ruas Cakung selatan; koridor memakai Cakung Cilincing di Tugu."}, "source": "CASCADE.txt + user road-intent 2026-09-11", "source_type": "ROAD_TRACE", "geometry_source": "OSM named arterials (roads.geojson + nominatim extras) + existing TJ centreline where overlapping", "color": "#D62F7F", "crs": "EPSG:4326", "disclaimer": "Usulan jaringan BRT CASCADE. Bukan rute resmi TransJakarta. Bukan gambar DED.", "updated_at": "2026-09-11", "segment_id": "CAS-TJ09-SEG04", "from_vertex": "Penggilingan Raya", "to_vertex": "Penggilingan Raya 2", "road_name": "Penggilingan Raya", "length_km": 1.5}}, {"type": "Feature", "id": "CAS-TJ09-SEG05", "geometry": {"type": "LineString", "coordinates": [[106.9580377942325, -6.193016072537816], [106.958193675, -6.192758925], [106.9586587, -6.1919918], [106.958783, -6.191242166666667], [106.9589073, -6.190492533333334], [106.9590316, -6.189742900000001], [106.9591559, -6.1889932666666665], [106.95928020000001, -6.188243633333333], [106.9594045, -6.187494], [106.9592805, -6.1874614], [106.95843035, -6.1872869], [106.9579374, -6.1870437], [106.9575802, -6.1871124], [106.95707117500001, -6.1868511], [106.95620495, -6.1866585], [106.95533872499999, -6.1864659], [106.9544725, -6.1862733], [106.9541633, -6.1862155], [106.95335695, -6.18606555], [106.9525506, -6.1859156], [106.9520156, -6.1858208], [106.95129337272726, -6.185698545454546], [106.9509755, -6.1857692], [106.9504804, -6.18568], [106.94990261272845, -6.185583303237751]]}, "properties": {"id": "CAS-TJ09-SEG05", "route_id": "CAS-TJ09", "route_name": "Pulo Gebang – Rusunawa Marunda via Stasiun Cakung", "from_name": "Pulo Gebang", "to_name": "Rusunawa Marunda", "route_order": 9, "network_type": "BRT_TRUNK", "plan_type": "NEW_TRUNK", "mode": "transjakarta", "status": "PROPOSED", "status_label": "Usulan CASCADE", "existing": "NO", "parent_route": "", "cascade_status": "NEW_TRUNK", "existing_transjakarta": "PARTIAL", "geometry_confidence": "HIGH", "road_alignment_confidence": "HIGH", "alignment_confidence": "HIGH", "alignment_type": "MIXED_TRAFFIC", "bus_lane": "NOT_ASSUMED", "planning_note": "Wajib lewat Stasiun Cakung. Pulo Gebang–Sumarno–Penggilingan–putar utara–Bekasi Raya–Arteri Kelapa Gading–Pegangsaan Dua–Logistik–Tugu–Akses Marunda–Rusunawa. Bukan shortcut Pulo Gebang–Marunda. OSM Syech Nawawi ada di selatan -6.15 — tidak ditarik sebagai detour.", "osm_alias": {"Raya Tugu": "Jalan Cakung Cilincing / Jalan Raya Tugu (Tugu/Koja)", "Cilincing Landak": "Jalan Marunda Bidara / Sungai Landak", "Syeikh Nawawi": "OSM Jalan Syech Nawawi Al Bantani = ruas Cakung selatan; koridor memakai Cakung Cilincing di Tugu."}, "source": "CASCADE.txt + user road-intent 2026-09-11", "source_type": "ROAD_TRACE", "geometry_source": "OSM named arterials (roads.geojson + nominatim extras) + existing TJ centreline where overlapping", "color": "#D62F7F", "crs": "EPSG:4326", "disclaimer": "Usulan jaringan BRT CASCADE. Bukan rute resmi TransJakarta. Bukan gambar DED.", "updated_at": "2026-09-11", "segment_id": "CAS-TJ09-SEG05", "from_vertex": "Penggilingan Raya 2", "to_vertex": "Pasar Cakung", "road_name": "Penggilingan Raya", "length_km": 1.722}}, {"type": "Feature", "id": "CAS-TJ09-SEG06", "geometry": {"type": "LineString", "coordinates": [[106.94990261272845, -6.185583303237751], [106.94969579, -6.185548689999999], [106.94912669090908, -6.185331781818182], [106.94891118, -6.18541738], [106.94840446363636, -6.185209527272727], [106.94812657, -6.18528607], [106.94768223636363, -6.185087272727273], [106.94734196, -6.18515476], [106.94696000909092, -6.184965018181818], [106.94655735, -6.185023449999999], [106.94623778181818, -6.184842763636364], [106.94577274, -6.18489214], [106.94551555454545, -6.184720509090909], [106.94498813, -6.18476083], [106.94479332727273, -6.184598254545454], [106.94420352, -6.18462952], [106.94341890999999, -6.184498209999999], [106.9429224, -6.1842841], [106.942634, -6.1842377], [106.9418265, -6.1840896], [106.94170833333332, -6.1841938333333335], [106.94078236666667, -6.1840207666666664], [106.9398564, -6.1838477], [106.9399199, -6.1837188], [106.93965497685159, -6.183605920129985]]}, "properties": {"id": "CAS-TJ09-SEG06", "route_id": "CAS-TJ09", "route_name": "Pulo Gebang – Rusunawa Marunda via Stasiun Cakung", "from_name": "Pulo Gebang", "to_name": "Rusunawa Marunda", "route_order": 9, "network_type": "BRT_TRUNK", "plan_type": "NEW_TRUNK", "mode": "transjakarta", "status": "PROPOSED", "status_label": "Usulan CASCADE", "existing": "NO", "parent_route": "", "cascade_status": "NEW_TRUNK", "existing_transjakarta": "PARTIAL", "geometry_confidence": "HIGH", "road_alignment_confidence": "HIGH", "alignment_confidence": "HIGH", "alignment_type": "MIXED_TRAFFIC", "bus_lane": "NOT_ASSUMED", "planning_note": "Wajib lewat Stasiun Cakung. Pulo Gebang–Sumarno–Penggilingan–putar utara–Bekasi Raya–Arteri Kelapa Gading–Pegangsaan Dua–Logistik–Tugu–Akses Marunda–Rusunawa. Bukan shortcut Pulo Gebang–Marunda. OSM Syech Nawawi ada di selatan -6.15 — tidak ditarik sebagai detour.", "osm_alias": {"Raya Tugu": "Jalan Cakung Cilincing / Jalan Raya Tugu (Tugu/Koja)", "Cilincing Landak": "Jalan Marunda Bidara / Sungai Landak", "Syeikh Nawawi": "OSM Jalan Syech Nawawi Al Bantani = ruas Cakung selatan; koridor memakai Cakung Cilincing di Tugu."}, "source": "CASCADE.txt + user road-intent 2026-09-11", "source_type": "ROAD_TRACE", "geometry_source": "OSM named arterials (roads.geojson + nominatim extras) + existing TJ centreline where overlapping", "color": "#D62F7F", "crs": "EPSG:4326", "disclaimer": "Usulan jaringan BRT CASCADE. Bukan rute resmi TransJakarta. Bukan gambar DED.", "updated_at": "2026-09-11", "segment_id": "CAS-TJ09-SEG06", "from_vertex": "Pasar Cakung", "to_vertex": "Putaran Utara Penggilingan", "road_name": "Penggilingan Raya", "length_km": 1.216}}, {"type": "Feature", "id": "CAS-TJ09-SEG07", "geometry": {"type": "LineString", "coordinates": [[106.93965497685159, -6.183605920129985], [106.93911255, -6.1833748], [106.9383052, -6.1830308], [106.9381875, -6.1829607], [106.938112, -6.1829156], [106.9379453, -6.182813], [106.9373603, -6.18254625], [106.9367753, -6.1822795], [106.93584195, -6.182354699999999], [106.9349086, -6.1824299], [106.9340842, -6.18258815], [106.9332598, -6.1827464], [106.9328874, -6.1828034], [106.9323942, -6.1828733], [106.93152255000001, -6.1829757999999995], [106.9306509, -6.1830783], [106.92977925, -6.183180800000001], [106.9289076, -6.1832833], [106.9285891, -6.1833262], [106.9275389, -6.183429], [106.9264887, -6.1835318], [106.926409, -6.1835339], [106.9262087, -6.1835353], [106.9261434, -6.1835302], [106.92523665, -6.1833811999999995], [106.9250020229183, -6.183602153254297]]}, "properties": {"id": "CAS-TJ09-SEG07", "route_id": "CAS-TJ09", "route_name": "Pulo Gebang – Rusunawa Marunda via Stasiun Cakung", "from_name": "Pulo Gebang", "to_name": "Rusunawa Marunda", "route_order": 9, "network_type": "BRT_TRUNK", "plan_type": "NEW_TRUNK", "mode": "transjakarta", "status": "PROPOSED", "status_label": "Usulan CASCADE", "existing": "NO", "parent_route": "", "cascade_status": "NEW_TRUNK", "existing_transjakarta": "PARTIAL", "geometry_confidence": "HIGH", "road_alignment_confidence": "HIGH", "alignment_confidence": "HIGH", "alignment_type": "MIXED_TRAFFIC", "bus_lane": "NOT_ASSUMED", "planning_note": "Wajib lewat Stasiun Cakung. Pulo Gebang–Sumarno–Penggilingan–putar utara–Bekasi Raya–Arteri Kelapa Gading–Pegangsaan Dua–Logistik–Tugu–Akses Marunda–Rusunawa. Bukan shortcut Pulo Gebang–Marunda. OSM Syech Nawawi ada di selatan -6.15 — tidak ditarik sebagai detour.", "osm_alias": {"Raya Tugu": "Jalan Cakung Cilincing / Jalan Raya Tugu (Tugu/Koja)", "Cilincing Landak": "Jalan Marunda Bidara / Sungai Landak", "Syeikh Nawawi": "OSM Jalan Syech Nawawi Al Bantani = ruas Cakung selatan; koridor memakai Cakung Cilincing di Tugu."}, "source": "CASCADE.txt + user road-intent 2026-09-11", "source_type": "ROAD_TRACE", "geometry_source": "OSM named arterials (roads.geojson + nominatim extras) + existing TJ centreline where overlapping", "color": "#D62F7F", "crs": "EPSG:4326", "disclaimer": "Usulan jaringan BRT CASCADE. Bukan rute resmi TransJakarta. Bukan gambar DED.", "updated_at": "2026-09-11", "segment_id": "CAS-TJ09-SEG07", "from_vertex": "Putaran Utara Penggilingan", "to_vertex": "Bekasi Raya Cakung", "road_name": "Penggilingan Raya", "length_km": 1.673}}, {"type": "Feature", "id": "CAS-TJ09-SEG08", "geometry": {"type": "LineString", "coordinates": [[106.9250020229183, -6.183602153254297], [106.924886, -6.183585], [106.924748, -6.183567], [106.924609, -6.18354], [106.924527, -6.183526], [106.924128, -6.18345], [106.924057, -6.183433], [106.923842, -6.183395], [106.92378, -6.183384], [106.923674, -6.183371], [106.923376, -6.183339], [106.923259, -6.183329], [106.922747, -6.183294], [106.922647, -6.183287], [106.922578, -6.183287], [106.922366, -6.183273], [106.922309, -6.183269], [106.921626, -6.183206], [106.921045, -6.183163], [106.920771, -6.183137], [106.920209, -6.183092], [106.919741, -6.183052], [106.919401, -6.183019], [106.919107, -6.182986], [106.918941, -6.182963], [106.918755, -6.182931], [106.918363, -6.182879], [106.917939, -6.182835], [106.917536, -6.182786], [106.917392, -6.182768], [106.916872, -6.182741], [106.916762, -6.182733], [106.916468, -6.182712], [106.9163, -6.182702], [106.915622, -6.182661], [106.915529, -6.182655], [106.91512595567033, -6.182619205654558]]}, "properties": {"id": "CAS-TJ09-SEG08", "route_id": "CAS-TJ09", "route_name": "Pulo Gebang – Rusunawa Marunda via Stasiun Cakung", "from_name": "Pulo Gebang", "to_name": "Rusunawa Marunda", "route_order": 9, "network_type": "BRT_TRUNK", "plan_type": "NEW_TRUNK", "mode": "transjakarta", "status": "PROPOSED", "status_label": "Usulan CASCADE", "existing": "NO", "parent_route": "", "cascade_status": "NEW_TRUNK", "existing_transjakarta": "PARTIAL", "geometry_confidence": "HIGH", "road_alignment_confidence": "HIGH", "alignment_confidence": "HIGH", "alignment_type": "MIXED_TRAFFIC", "bus_lane": "NOT_ASSUMED", "planning_note": "Wajib lewat Stasiun Cakung. Pulo Gebang–Sumarno–Penggilingan–putar utara–Bekasi Raya–Arteri Kelapa Gading–Pegangsaan Dua–Logistik–Tugu–Akses Marunda–Rusunawa. Bukan shortcut Pulo Gebang–Marunda. OSM Syech Nawawi ada di selatan -6.15 — tidak ditarik sebagai detour.", "osm_alias": {"Raya Tugu": "Jalan Cakung Cilincing / Jalan Raya Tugu (Tugu/Koja)", "Cilincing Landak": "Jalan Marunda Bidara / Sungai Landak", "Syeikh Nawawi": "OSM Jalan Syech Nawawi Al Bantani = ruas Cakung selatan; koridor memakai Cakung Cilincing di Tugu."}, "source": "CASCADE.txt + user road-intent 2026-09-11", "source_type": "ROAD_TRACE", "geometry_source": "OSM named arterials (roads.geojson + nominatim extras) + existing TJ centreline where overlapping", "color": "#D62F7F", "crs": "EPSG:4326", "disclaimer": "Usulan jaringan BRT CASCADE. Bukan rute resmi TransJakarta. Bukan gambar DED.", "updated_at": "2026-09-11", "segment_id": "CAS-TJ09-SEG08", "from_vertex": "Bekasi Raya Cakung", "to_vertex": "Bekasi Raya", "road_name": "Jalan Bekasi Raya", "length_km": 1.098}}, {"type": "Feature", "id": "CAS-TJ09-SEG09", "geometry": {"type": "LineString", "coordinates": [[106.91512595567033, -6.182619205654558], [106.914966, -6.182605], [106.914884, -6.182599], [106.914794, -6.182591], [106.914628, -6.182574], [106.914189, -6.182135], [106.914209, -6.182083], [106.914324, -6.181866], [106.91448, -6.181582], [106.914548, -6.181421], [106.914067, -6.181076], [106.913912, -6.181074], [106.913515, -6.180678], [106.913529, -6.180362], [106.913499, -6.180119], [106.913467, -6.179949], [106.913436, -6.179794], [106.913436, -6.179712], [106.91345, -6.179619], [106.913305, -6.179056], [106.913356, -6.178872], [106.913374, -6.178733], [106.913376, -6.178619], [106.913358, -6.178516], [106.913332, -6.178428], [106.913298, -6.178371], [106.913269, -6.178323], [106.913222, -6.178214], [106.913172, -6.178047], [106.913136, -6.177879], [106.913082, -6.177476], [106.913063, -6.177406], [106.913043, -6.17737], [106.913004, -6.177355], [106.912459, -6.177316], [106.9122872, -6.1771504], [106.9127552, -6.1760833], [106.9128216, -6.1759098], [106.9129347, -6.1756095], [106.91320273518902, -6.174889125839456]]}, "properties": {"id": "CAS-TJ09-SEG09", "route_id": "CAS-TJ09", "route_name": "Pulo Gebang – Rusunawa Marunda via Stasiun Cakung", "from_name": "Pulo Gebang", "to_name": "Rusunawa Marunda", "route_order": 9, "network_type": "BRT_TRUNK", "plan_type": "NEW_TRUNK", "mode": "transjakarta", "status": "PROPOSED", "status_label": "Usulan CASCADE", "existing": "NO", "parent_route": "", "cascade_status": "NEW_TRUNK", "existing_transjakarta": "PARTIAL", "geometry_confidence": "HIGH", "road_alignment_confidence": "HIGH", "alignment_confidence": "HIGH", "alignment_type": "MIXED_TRAFFIC", "bus_lane": "NOT_ASSUMED", "planning_note": "Wajib lewat Stasiun Cakung. Pulo Gebang–Sumarno–Penggilingan–putar utara–Bekasi Raya–Arteri Kelapa Gading–Pegangsaan Dua–Logistik–Tugu–Akses Marunda–Rusunawa. Bukan shortcut Pulo Gebang–Marunda. OSM Syech Nawawi ada di selatan -6.15 — tidak ditarik sebagai detour.", "osm_alias": {"Raya Tugu": "Jalan Cakung Cilincing / Jalan Raya Tugu (Tugu/Koja)", "Cilincing Landak": "Jalan Marunda Bidara / Sungai Landak", "Syeikh Nawawi": "OSM Jalan Syech Nawawi Al Bantani = ruas Cakung selatan; koridor memakai Cakung Cilincing di Tugu."}, "source": "CASCADE.txt + user road-intent 2026-09-11", "source_type": "ROAD_TRACE", "geometry_source": "OSM named arterials (roads.geojson + nominatim extras) + existing TJ centreline where overlapping", "color": "#D62F7F", "crs": "EPSG:4326", "disclaimer": "Usulan jaringan BRT CASCADE. Bukan rute resmi TransJakarta. Bukan gambar DED.", "updated_at": "2026-09-11", "segment_id": "CAS-TJ09-SEG09", "from_vertex": "Bekasi Raya", "to_vertex": "Arteri Kelapa Gading", "road_name": "Jalan Arteri Kelapa Gading", "length_km": 1.098}}, {"type": "Feature", "id": "CAS-TJ09-SEG10", "geometry": {"type": "LineString", "coordinates": [[106.91320273518902, -6.174889125839456], [106.913331, -6.1745444], [106.91354965, -6.1739533], [106.9137683, -6.1733622], [106.9139028, -6.1729986], [106.913937, -6.172919], [106.914201, -6.1723055], [106.914465, -6.171692], [106.914499, -6.171611], [106.9148215, -6.1708195], [106.915144, -6.170028], [106.915162, -6.169991], [106.915197, -6.169914], [106.91545049999999, -6.169297], [106.915691, -6.16871], [106.916051, -6.167907], [106.916076, -6.16784], [106.916133, -6.167681], [106.916249, -6.167382], [106.916287, -6.167236], [106.916292, -6.167152], [106.9165018, -6.1667396], [106.9167459, -6.1661236], [106.917034, -6.165613], [106.916986, -6.165421], [106.91696949123333, -6.16527902460661]]}, "properties": {"id": "CAS-TJ09-SEG10", "route_id": "CAS-TJ09", "route_name": "Pulo Gebang – Rusunawa Marunda via Stasiun Cakung", "from_name": "Pulo Gebang", "to_name": "Rusunawa Marunda", "route_order": 9, "network_type": "BRT_TRUNK", "plan_type": "NEW_TRUNK", "mode": "transjakarta", "status": "PROPOSED", "status_label": "Usulan CASCADE", "existing": "NO", "parent_route": "", "cascade_status": "NEW_TRUNK", "existing_transjakarta": "PARTIAL", "geometry_confidence": "HIGH", "road_alignment_confidence": "HIGH", "alignment_confidence": "HIGH", "alignment_type": "MIXED_TRAFFIC", "bus_lane": "NOT_ASSUMED", "planning_note": "Wajib lewat Stasiun Cakung. Pulo Gebang–Sumarno–Penggilingan–putar utara–Bekasi Raya–Arteri Kelapa Gading–Pegangsaan Dua–Logistik–Tugu–Akses Marunda–Rusunawa. Bukan shortcut Pulo Gebang–Marunda. OSM Syech Nawawi ada di selatan -6.15 — tidak ditarik sebagai detour.", "osm_alias": {"Raya Tugu": "Jalan Cakung Cilincing / Jalan Raya Tugu (Tugu/Koja)", "Cilincing Landak": "Jalan Marunda Bidara / Sungai Landak", "Syeikh Nawawi": "OSM Jalan Syech Nawawi Al Bantani = ruas Cakung selatan; koridor memakai Cakung Cilincing di Tugu."}, "source": "CASCADE.txt + user road-intent 2026-09-11", "source_type": "ROAD_TRACE", "geometry_source": "OSM named arterials (roads.geojson + nominatim extras) + existing TJ centreline where overlapping", "color": "#D62F7F", "crs": "EPSG:4326", "disclaimer": "Usulan jaringan BRT CASCADE. Bukan rute resmi TransJakarta. Bukan gambar DED.", "updated_at": "2026-09-11", "segment_id": "CAS-TJ09-SEG10", "from_vertex": "Arteri Kelapa Gading", "to_vertex": "Pegangsaan Dua 2", "road_name": "Jalan Arteri Kelapa Gading", "length_km": 1.154}}, {"type": "Feature", "id": "CAS-TJ09-SEG11", "geometry": {"type": "LineString", "coordinates": [[106.91696949123333, -6.16527902460661], [106.916936, -6.164991], [106.916915, -6.164817], [106.916911, -6.164764], [106.916911, -6.164705], [106.916906, -6.164595], [106.916903, -6.164541], [106.916889, -6.164373], [106.916845, -6.163964], [106.916835, -6.163873], [106.916816, -6.163705], [106.916747, -6.16309], [106.916729, -6.16275], [106.916712, -6.162385], [106.916708, -6.16225], [106.91669, -6.1619], [106.91664, -6.161259], [106.916596, -6.160784], [106.916581, -6.160564], [106.9165295, -6.1597919999999995], [106.916478, -6.15902], [106.91647, -6.158895], [106.916447, -6.158566], [106.91637800000001, -6.1576905], [106.916309, -6.156815], [106.9162535, -6.1560144999999995], [106.916198, -6.155214], [106.916301, -6.155217], [106.9164856047627, -6.155228651284203]]}, "properties": {"id": "CAS-TJ09-SEG11", "route_id": "CAS-TJ09", "route_name": "Pulo Gebang – Rusunawa Marunda via Stasiun Cakung", "from_name": "Pulo Gebang", "to_name": "Rusunawa Marunda", "route_order": 9, "network_type": "BRT_TRUNK", "plan_type": "NEW_TRUNK", "mode": "transjakarta", "status": "PROPOSED", "status_label": "Usulan CASCADE", "existing": "NO", "parent_route": "", "cascade_status": "NEW_TRUNK", "existing_transjakarta": "PARTIAL", "geometry_confidence": "HIGH", "road_alignment_confidence": "HIGH", "alignment_confidence": "HIGH", "alignment_type": "MIXED_TRAFFIC", "bus_lane": "NOT_ASSUMED", "planning_note": "Wajib lewat Stasiun Cakung. Pulo Gebang–Sumarno–Penggilingan–putar utara–Bekasi Raya–Arteri Kelapa Gading–Pegangsaan Dua–Logistik–Tugu–Akses Marunda–Rusunawa. Bukan shortcut Pulo Gebang–Marunda. OSM Syech Nawawi ada di selatan -6.15 — tidak ditarik sebagai detour.", "osm_alias": {"Raya Tugu": "Jalan Cakung Cilincing / Jalan Raya Tugu (Tugu/Koja)", "Cilincing Landak": "Jalan Marunda Bidara / Sungai Landak", "Syeikh Nawawi": "OSM Jalan Syech Nawawi Al Bantani = ruas Cakung selatan; koridor memakai Cakung Cilincing di Tugu."}, "source": "CASCADE.txt + user road-intent 2026-09-11", "source_type": "ROAD_TRACE", "geometry_source": "OSM named arterials (roads.geojson + nominatim extras) + existing TJ centreline where overlapping", "color": "#D62F7F", "crs": "EPSG:4326", "disclaimer": "Usulan jaringan BRT CASCADE. Bukan rute resmi TransJakarta. Bukan gambar DED.", "updated_at": "2026-09-11", "segment_id": "CAS-TJ09-SEG11", "from_vertex": "Pegangsaan Dua 2", "to_vertex": "Pegangsaan Dua", "road_name": "Jalan Pegangsaan Dua", "length_km": 1.154}}, {"type": "Feature", "id": "CAS-TJ09-SEG12", "geometry": {"type": "LineString", "coordinates": [[106.9164856047627, -6.155228651284203], [106.917521, -6.155294], [106.917562, -6.155303], [106.91761, -6.155353], [106.91759, -6.156222], [106.917627, -6.15627], [106.91769, -6.156285], [106.918433, -6.1561535], [106.919176, -6.156022], [106.918433, -6.1561535], [106.91769, -6.156285], [106.917627, -6.15627], [106.91759, -6.156222], [106.917617, -6.155385], [106.91759, -6.15532], [106.917521, -6.155294], [106.916301, -6.155217], [106.916198, -6.155214], [106.916181, -6.154977], [106.916179, -6.154933], [106.916164, -6.154722], [106.916118, -6.154041], [106.916115, -6.153998], [106.916076, -6.153549], [106.916063, -6.15342], [106.916053, -6.153304], [106.916042, -6.153177], [106.916017, -6.152891], [106.915988, -6.152591], [106.915946, -6.152023], [106.915934, -6.15186], [106.91592, -6.151664], [106.915915, -6.151587], [106.915881, -6.151156], [106.915853, -6.150713], [106.915796, -6.149834], [106.915782, -6.149639], [106.91576284469708, -6.1493019863892435]]}, "properties": {"id": "CAS-TJ09-SEG12", "route_id": "CAS-TJ09", "route_name": "Pulo Gebang – Rusunawa Marunda via Stasiun Cakung", "from_name": "Pulo Gebang", "to_name": "Rusunawa Marunda", "route_order": 9, "network_type": "BRT_TRUNK", "plan_type": "NEW_TRUNK", "mode": "transjakarta", "status": "PROPOSED", "status_label": "Usulan CASCADE", "existing": "NO", "parent_route": "", "cascade_status": "NEW_TRUNK", "existing_transjakarta": "PARTIAL", "geometry_confidence": "HIGH", "road_alignment_confidence": "HIGH", "alignment_confidence": "HIGH", "alignment_type": "MIXED_TRAFFIC", "bus_lane": "NOT_ASSUMED", "planning_note": "Wajib lewat Stasiun Cakung. Pulo Gebang–Sumarno–Penggilingan–putar utara–Bekasi Raya–Arteri Kelapa Gading–Pegangsaan Dua–Logistik–Tugu–Akses Marunda–Rusunawa. Bukan shortcut Pulo Gebang–Marunda. OSM Syech Nawawi ada di selatan -6.15 — tidak ditarik sebagai detour.", "osm_alias": {"Raya Tugu": "Jalan Cakung Cilincing / Jalan Raya Tugu (Tugu/Koja)", "Cilincing Landak": "Jalan Marunda Bidara / Sungai Landak", "Syeikh Nawawi": "OSM Jalan Syech Nawawi Al Bantani = ruas Cakung selatan; koridor memakai Cakung Cilincing di Tugu."}, "source": "CASCADE.txt + user road-intent 2026-09-11", "source_type": "ROAD_TRACE", "geometry_source": "OSM named arterials (roads.geojson + nominatim extras) + existing TJ centreline where overlapping", "color": "#D62F7F", "crs": "EPSG:4326", "disclaimer": "Usulan jaringan BRT CASCADE. Bukan rute resmi TransJakarta. Bukan gambar DED.", "updated_at": "2026-09-11", "segment_id": "CAS-TJ09-SEG12", "from_vertex": "Pegangsaan Dua", "to_vertex": "Pegangsaan Dua 3", "road_name": "Jalan Pegangsaan Dua", "length_km": 1.5}}, {"type": "Feature", "id": "CAS-TJ09-SEG13", "geometry": {"type": "LineString", "coordinates": [[106.91576284469708, -6.1493019863892435], [106.91575, -6.149076], [106.915746, -6.149004], [106.915728, -6.148664], [106.915594, -6.148661], [106.91474, -6.148677], [106.9140385, -6.1486205], [106.913337, -6.148564], [106.913055, -6.14855], [106.913021, -6.148477], [106.913006, -6.148431], [106.912978, -6.148338], [106.913043, -6.14834], [106.914131, -6.148403], [106.915205, -6.148481], [106.915424, -6.148497], [106.915485, -6.1485], [106.915584, -6.148506], [106.915719, -6.14851], [106.915932, -6.148602], [106.915728, -6.148664], [106.915719, -6.14851], [106.915707, -6.148402], [106.915675, -6.148111], [106.915651, -6.147992], [106.915568, -6.147558], [106.91553, -6.14731], [106.915496, -6.147115], [106.915482, -6.147033], [106.915406, -6.146659], [106.915352, -6.146396], [106.915278, -6.146172], [106.915169, -6.145832], [106.915104, -6.145632], [106.915033, -6.145413], [106.914791, -6.144676], [106.914654, -6.144256], [106.914633, -6.144143], [106.914597, -6.143942], [106.914586, -6.143883], [106.914557, -6.143727], [106.914528, -6.143564], [106.914493, -6.143371], [106.914483, -6.143105], [106.91447900459038, -6.143001493919389]]}, "properties": {"id": "CAS-TJ09-SEG13", "route_id": "CAS-TJ09", "route_name": "Pulo Gebang – Rusunawa Marunda via Stasiun Cakung", "from_name": "Pulo Gebang", "to_name": "Rusunawa Marunda", "route_order": 9, "network_type": "BRT_TRUNK", "plan_type": "NEW_TRUNK", "mode": "transjakarta", "status": "PROPOSED", "status_label": "Usulan CASCADE", "existing": "NO", "parent_route": "", "cascade_status": "NEW_TRUNK", "existing_transjakarta": "PARTIAL", "geometry_confidence": "HIGH", "road_alignment_confidence": "HIGH", "alignment_confidence": "HIGH", "alignment_type": "MIXED_TRAFFIC", "bus_lane": "NOT_ASSUMED", "planning_note": "Wajib lewat Stasiun Cakung. Pulo Gebang–Sumarno–Penggilingan–putar utara–Bekasi Raya–Arteri Kelapa Gading–Pegangsaan Dua–Logistik–Tugu–Akses Marunda–Rusunawa. Bukan shortcut Pulo Gebang–Marunda. OSM Syech Nawawi ada di selatan -6.15 — tidak ditarik sebagai detour.", "osm_alias": {"Raya Tugu": "Jalan Cakung Cilincing / Jalan Raya Tugu (Tugu/Koja)", "Cilincing Landak": "Jalan Marunda Bidara / Sungai Landak", "Syeikh Nawawi": "OSM Jalan Syech Nawawi Al Bantani = ruas Cakung selatan; koridor memakai Cakung Cilincing di Tugu."}, "source": "CASCADE.txt + user road-intent 2026-09-11", "source_type": "ROAD_TRACE", "geometry_source": "OSM named arterials (roads.geojson + nominatim extras) + existing TJ centreline where overlapping", "color": "#D62F7F", "crs": "EPSG:4326", "disclaimer": "Usulan jaringan BRT CASCADE. Bukan rute resmi TransJakarta. Bukan gambar DED.", "updated_at": "2026-09-11", "segment_id": "CAS-TJ09-SEG13", "from_vertex": "Pegangsaan Dua 3", "to_vertex": "Raya Tugu 2", "road_name": "Jalan Raya Tugu", "length_km": 1.392}}, {"type": "Feature", "id": "CAS-TJ09-SEG14", "geometry": {"type": "LineString", "coordinates": [[106.91447900459038, -6.143001493919389], [106.914451, -6.142276], [106.914447, -6.14192], [106.914443, -6.141744], [106.914426, -6.140911], [106.914407, -6.140027], [106.914398, -6.139845], [106.914389, -6.139215], [106.914387, -6.139062], [106.914386, -6.139008], [106.914401, -6.138741], [106.914409, -6.138597], [106.914453, -6.137802], [106.914494, -6.137504], [106.914496, -6.13745], [106.914495, -6.137374], [106.914502, -6.137332], [106.914522, -6.137281], [106.914557, -6.13719], [106.914724, -6.136752], [106.914922, -6.136256], [106.914997, -6.136051], [106.915122, -6.13571], [106.915169, -6.135583], [106.91532, -6.135226], [106.915359, -6.13513], [106.915436, -6.134974], [106.915556, -6.134714], [106.915731, -6.134415], [106.915807, -6.134301], [106.915846, -6.134242], [106.915919, -6.134148], [106.916064, -6.134007], [106.916309, -6.13374], [106.91647, -6.133577], [106.916559, -6.13349], [106.916713, -6.133341], [106.916965, -6.133122], [106.91704, -6.133056], [106.917205, -6.132893], [106.917406, -6.132693], [106.917444, -6.132651], [106.917416, -6.132625], [106.916883, -6.132422], [106.916795, -6.132415], [106.916712, -6.13245], [106.916455, -6.13275], [106.916413, -6.132757]]}, "properties": {"id": "CAS-TJ09-SEG14", "route_id": "CAS-TJ09", "route_name": "Pulo Gebang – Rusunawa Marunda via Stasiun Cakung", "from_name": "Pulo Gebang", "to_name": "Rusunawa Marunda", "route_order": 9, "network_type": "BRT_TRUNK", "plan_type": "NEW_TRUNK", "mode": "transjakarta", "status": "PROPOSED", "status_label": "Usulan CASCADE", "existing": "NO", "parent_route": "", "cascade_status": "NEW_TRUNK", "existing_transjakarta": "PARTIAL", "geometry_confidence": "HIGH", "road_alignment_confidence": "HIGH", "alignment_confidence": "HIGH", "alignment_type": "MIXED_TRAFFIC", "bus_lane": "NOT_ASSUMED", "planning_note": "Wajib lewat Stasiun Cakung. Pulo Gebang–Sumarno–Penggilingan–putar utara–Bekasi Raya–Arteri Kelapa Gading–Pegangsaan Dua–Logistik–Tugu–Akses Marunda–Rusunawa. Bukan shortcut Pulo Gebang–Marunda. OSM Syech Nawawi ada di selatan -6.15 — tidak ditarik sebagai detour.", "osm_alias": {"Raya Tugu": "Jalan Cakung Cilincing / Jalan Raya Tugu (Tugu/Koja)", "Cilincing Landak": "Jalan Marunda Bidara / Sungai Landak", "Syeikh Nawawi": "OSM Jalan Syech Nawawi Al Bantani = ruas Cakung selatan; koridor memakai Cakung Cilincing di Tugu."}, "source": "CASCADE.txt + user road-intent 2026-09-11", "source_type": "ROAD_TRACE", "geometry_source": "OSM named arterials (roads.geojson + nominatim extras) + existing TJ centreline where overlapping", "color": "#D62F7F", "crs": "EPSG:4326", "disclaimer": "Usulan jaringan BRT CASCADE. Bukan rute resmi TransJakarta. Bukan gambar DED.", "updated_at": "2026-09-11", "segment_id": "CAS-TJ09-SEG14", "from_vertex": "Raya Tugu 2", "to_vertex": "Logistik", "road_name": "Jalan Raya Tugu", "length_km": 1.392}}, {"type": "Feature", "id": "CAS-TJ09-SEG15", "geometry": {"type": "LineString", "coordinates": [[106.916413, -6.132757], [106.9167122334557, -6.132034439621952], [106.91701146691138, -6.131311879243904], [106.91731070036707, -6.130589318865856], [106.91760993382275, -6.1298667584878075], [106.91790916727844, -6.12914419810976], [106.917769, -6.129086], [106.917642, -6.129019], [106.917684, -6.128932], [106.917719, -6.128838], [106.917739, -6.128769], [106.917782, -6.128727], [106.917789, -6.128633], [106.917805, -6.128495], [106.917881, -6.128089], [106.917914, -6.127905], [106.917957, -6.127772], [106.918037, -6.127578], [106.918084, -6.127463], [106.918261, -6.126983], [106.918331, -6.126813], [106.91839, -6.126663], [106.918471, -6.126505], [106.918644, -6.126263], [106.919029, -6.125922], [106.919235, -6.125828], [106.919396, -6.125777], [106.919503, -6.125759], [106.91956, -6.12575], [106.91975, -6.125743], [106.92003981115846, -6.125722363292122]]}, "properties": {"id": "CAS-TJ09-SEG15", "route_id": "CAS-TJ09", "route_name": "Pulo Gebang – Rusunawa Marunda via Stasiun Cakung", "from_name": "Pulo Gebang", "to_name": "Rusunawa Marunda", "route_order": 9, "network_type": "BRT_TRUNK", "plan_type": "NEW_TRUNK", "mode": "transjakarta", "status": "PROPOSED", "status_label": "Usulan CASCADE", "existing": "NO", "parent_route": "", "cascade_status": "NEW_TRUNK", "existing_transjakarta": "PARTIAL", "geometry_confidence": "HIGH", "road_alignment_confidence": "HIGH", "alignment_confidence": "HIGH", "alignment_type": "MIXED_TRAFFIC", "bus_lane": "NOT_ASSUMED", "planning_note": "Wajib lewat Stasiun Cakung. Pulo Gebang–Sumarno–Penggilingan–putar utara–Bekasi Raya–Arteri Kelapa Gading–Pegangsaan Dua–Logistik–Tugu–Akses Marunda–Rusunawa. Bukan shortcut Pulo Gebang–Marunda. OSM Syech Nawawi ada di selatan -6.15 — tidak ditarik sebagai detour.", "osm_alias": {"Raya Tugu": "Jalan Cakung Cilincing / Jalan Raya Tugu (Tugu/Koja)", "Cilincing Landak": "Jalan Marunda Bidara / Sungai Landak", "Syeikh Nawawi": "OSM Jalan Syech Nawawi Al Bantani = ruas Cakung selatan; koridor memakai Cakung Cilincing di Tugu."}, "source": "CASCADE.txt + user road-intent 2026-09-11", "source_type": "ROAD_TRACE", "geometry_source": "OSM named arterials (roads.geojson + nominatim extras) + existing TJ centreline where overlapping", "color": "#D62F7F", "crs": "EPSG:4326", "disclaimer": "Usulan jaringan BRT CASCADE. Bukan rute resmi TransJakarta. Bukan gambar DED.", "updated_at": "2026-09-11", "segment_id": "CAS-TJ09-SEG15", "from_vertex": "Logistik", "to_vertex": "Raya Tugu 3", "road_name": "Jalan Raya Tugu", "length_km": 0.969}}, {"type": "Feature", "id": "CAS-TJ09-SEG16", "geometry": {"type": "LineString", "coordinates": [[106.92003981115846, -6.125722363292122], [106.920073, -6.12572], [106.920603, -6.125626], [106.920656, -6.125613], [106.920705, -6.125599], [106.92086, -6.125532], [106.921198, -6.125375], [106.921417, -6.125265], [106.921557, -6.125184], [106.921633, -6.125136], [106.921819, -6.12502], [106.921925, -6.12496], [106.921948, -6.12502], [106.922115, -6.12545], [106.921925, -6.12496], [106.922, -6.124908], [106.922167, -6.124795], [106.922245, -6.12473], [106.922375, -6.124616], [106.922579, -6.124436], [106.922806, -6.124221], [106.923041, -6.124022], [106.923247, -6.123841], [106.923539, -6.123558], [106.923877, -6.123236], [106.924, -6.123087], [106.924044, -6.123008], [106.924075, -6.122956], [106.924297, -6.122577], [106.924364, -6.122453], [106.924485, -6.122247], [106.924545, -6.122145], [106.924597, -6.122086], [106.924752, -6.121985], [106.924858, -6.121923], [106.925056, -6.121819], [106.92607175430983, -6.121307123812369]]}, "properties": {"id": "CAS-TJ09-SEG16", "route_id": "CAS-TJ09", "route_name": "Pulo Gebang – Rusunawa Marunda via Stasiun Cakung", "from_name": "Pulo Gebang", "to_name": "Rusunawa Marunda", "route_order": 9, "network_type": "BRT_TRUNK", "plan_type": "NEW_TRUNK", "mode": "transjakarta", "status": "PROPOSED", "status_label": "Usulan CASCADE", "existing": "NO", "parent_route": "", "cascade_status": "NEW_TRUNK", "existing_transjakarta": "PARTIAL", "geometry_confidence": "HIGH", "road_alignment_confidence": "HIGH", "alignment_confidence": "HIGH", "alignment_type": "MIXED_TRAFFIC", "bus_lane": "NOT_ASSUMED", "planning_note": "Wajib lewat Stasiun Cakung. Pulo Gebang–Sumarno–Penggilingan–putar utara–Bekasi Raya–Arteri Kelapa Gading–Pegangsaan Dua–Logistik–Tugu–Akses Marunda–Rusunawa. Bukan shortcut Pulo Gebang–Marunda. OSM Syech Nawawi ada di selatan -6.15 — tidak ditarik sebagai detour.", "osm_alias": {"Raya Tugu": "Jalan Cakung Cilincing / Jalan Raya Tugu (Tugu/Koja)", "Cilincing Landak": "Jalan Marunda Bidara / Sungai Landak", "Syeikh Nawawi": "OSM Jalan Syech Nawawi Al Bantani = ruas Cakung selatan; koridor memakai Cakung Cilincing di Tugu."}, "source": "CASCADE.txt + user road-intent 2026-09-11", "source_type": "ROAD_TRACE", "geometry_source": "OSM named arterials (roads.geojson + nominatim extras) + existing TJ centreline where overlapping", "color": "#D62F7F", "crs": "EPSG:4326", "disclaimer": "Usulan jaringan BRT CASCADE. Bukan rute resmi TransJakarta. Bukan gambar DED.", "updated_at": "2026-09-11", "segment_id": "CAS-TJ09-SEG16", "from_vertex": "Raya Tugu 3", "to_vertex": "Raya Tugu", "road_name": "Jalan Raya Tugu", "length_km": 0.969}}, {"type": "Feature", "id": "CAS-TJ09-SEG17", "geometry": {"type": "LineString", "coordinates": [[106.92607175430983, -6.121307123812369], [106.925922, -6.120883], [106.925831, -6.120585], [106.925579, -6.119752], [106.925534, -6.119569], [106.925484, -6.119333], [106.925416, -6.119036], [106.925375, -6.11888], [106.925221, -6.118363], [106.925117, -6.118003], [106.924991, -6.117561], [106.924769, -6.116666], [106.92467, -6.116269], [106.924581, -6.115914], [106.924521, -6.115667], [106.924434, -6.115316], [106.924394, -6.115171], [106.924352, -6.115029], [106.924332, -6.11495], [106.92434, -6.114897], [106.924391, -6.114809], [106.924679, -6.114733], [106.924725, -6.114721], [106.924792, -6.114657], [106.924948, -6.11463], [106.925745, -6.114503], [106.926603, -6.114377], [106.926594, -6.114236], [106.926548, -6.114054], [106.926985, -6.113862], [106.927509, -6.113649], [106.927804, -6.113511], [106.928199, -6.113273], [106.928533, -6.113034], [106.928816, -6.112826], [106.929034, -6.112687], [106.929139, -6.112613], [106.929259, -6.112532], [106.92968, -6.112275], [106.929954, -6.112142], [106.930198, -6.112001], [106.930544, -6.111802], [106.930741, -6.111685], [106.931026, -6.111515], [106.931247, -6.111361], [106.931271, -6.111327], [106.931423, -6.111244], [106.931579, -6.111578], [106.931757, -6.111934], [106.93198876848945, -6.112027819801872]]}, "properties": {"id": "CAS-TJ09-SEG17", "route_id": "CAS-TJ09", "route_name": "Pulo Gebang – Rusunawa Marunda via Stasiun Cakung", "from_name": "Pulo Gebang", "to_name": "Rusunawa Marunda", "route_order": 9, "network_type": "BRT_TRUNK", "plan_type": "NEW_TRUNK", "mode": "transjakarta", "status": "PROPOSED", "status_label": "Usulan CASCADE", "existing": "NO", "parent_route": "", "cascade_status": "NEW_TRUNK", "existing_transjakarta": "PARTIAL", "geometry_confidence": "HIGH", "road_alignment_confidence": "HIGH", "alignment_confidence": "HIGH", "alignment_type": "MIXED_TRAFFIC", "bus_lane": "NOT_ASSUMED", "planning_note": "Wajib lewat Stasiun Cakung. Pulo Gebang–Sumarno–Penggilingan–putar utara–Bekasi Raya–Arteri Kelapa Gading–Pegangsaan Dua–Logistik–Tugu–Akses Marunda–Rusunawa. Bukan shortcut Pulo Gebang–Marunda. OSM Syech Nawawi ada di selatan -6.15 — tidak ditarik sebagai detour.", "osm_alias": {"Raya Tugu": "Jalan Cakung Cilincing / Jalan Raya Tugu (Tugu/Koja)", "Cilincing Landak": "Jalan Marunda Bidara / Sungai Landak", "Syeikh Nawawi": "OSM Jalan Syech Nawawi Al Bantani = ruas Cakung selatan; koridor memakai Cakung Cilincing di Tugu."}, "source": "CASCADE.txt + user road-intent 2026-09-11", "source_type": "ROAD_TRACE", "geometry_source": "OSM named arterials (roads.geojson + nominatim extras) + existing TJ centreline where overlapping", "color": "#D62F7F", "crs": "EPSG:4326", "disclaimer": "Usulan jaringan BRT CASCADE. Bukan rute resmi TransJakarta. Bukan gambar DED.", "updated_at": "2026-09-11", "segment_id": "CAS-TJ09-SEG17", "from_vertex": "Raya Tugu", "to_vertex": "Akses Marunda", "road_name": "Jalan Akses Marunda", "length_km": 1.776}}, {"type": "Feature", "id": "CAS-TJ09-SEG18", "geometry": {"type": "LineString", "coordinates": [[106.93198876848945, -6.112027819801872], [106.93233382857143, -6.1121675], [106.9330106142857, -6.111824899999999], [106.9336874, -6.1114823], [106.93471840000001, -6.1111739499999995], [106.9357494, -6.1108656], [106.935976, -6.1108136], [106.936617, -6.1106735], [106.9378439, -6.1103962], [106.938151, -6.1103636], [106.938289, -6.1104205], [106.938528, -6.1103879], [106.9389634, -6.1102381], [106.9397753, -6.1101415], [106.939899, -6.1102562], [106.94063222, -6.11025824], [106.94136544, -6.11026028], [106.9416147, -6.110136766666667], [106.94209866, -6.11026232], [106.9425344, -6.1101344], [106.9428075, -6.1101362], [106.9433346, -6.1101398], [106.9438352, -6.1102658], [106.9443417, -6.1101465], [106.9447972, -6.1101495], [106.9453382, -6.1101515], [106.94619873333333, -6.110153866666667], [106.946387, -6.110268], [106.9471152, -6.1102675], [106.9479313, -6.1102669], [106.9479198, -6.1101586]]}, "properties": {"id": "CAS-TJ09-SEG18", "route_id": "CAS-TJ09", "route_name": "Pulo Gebang – Rusunawa Marunda via Stasiun Cakung", "from_name": "Pulo Gebang", "to_name": "Rusunawa Marunda", "route_order": 9, "network_type": "BRT_TRUNK", "plan_type": "NEW_TRUNK", "mode": "transjakarta", "status": "PROPOSED", "status_label": "Usulan CASCADE", "existing": "NO", "parent_route": "", "cascade_status": "NEW_TRUNK", "existing_transjakarta": "PARTIAL", "geometry_confidence": "HIGH", "road_alignment_confidence": "HIGH", "alignment_confidence": "HIGH", "alignment_type": "MIXED_TRAFFIC", "bus_lane": "NOT_ASSUMED", "planning_note": "Wajib lewat Stasiun Cakung. Pulo Gebang–Sumarno–Penggilingan–putar utara–Bekasi Raya–Arteri Kelapa Gading–Pegangsaan Dua–Logistik–Tugu–Akses Marunda–Rusunawa. Bukan shortcut Pulo Gebang–Marunda. OSM Syech Nawawi ada di selatan -6.15 — tidak ditarik sebagai detour.", "osm_alias": {"Raya Tugu": "Jalan Cakung Cilincing / Jalan Raya Tugu (Tugu/Koja)", "Cilincing Landak": "Jalan Marunda Bidara / Sungai Landak", "Syeikh Nawawi": "OSM Jalan Syech Nawawi Al Bantani = ruas Cakung selatan; koridor memakai Cakung Cilincing di Tugu."}, "source": "CASCADE.txt + user road-intent 2026-09-11", "source_type": "ROAD_TRACE", "geometry_source": "OSM named arterials (roads.geojson + nominatim extras) + existing TJ centreline where overlapping", "color": "#D62F7F", "crs": "EPSG:4326", "disclaimer": "Usulan jaringan BRT CASCADE. Bukan rute resmi TransJakarta. Bukan gambar DED.", "updated_at": "2026-09-11", "segment_id": "CAS-TJ09-SEG18", "from_vertex": "Akses Marunda", "to_vertex": "Marunda Bidara", "road_name": "Jalan Marunda Bidara", "length_km": 1.836}}, {"type": "Feature", "id": "CAS-TJ09-SEG19", "geometry": {"type": "LineString", "coordinates": [[106.9479198, -6.1101586], [106.94860037142857, -6.110256285714286], [106.94926944285714, -6.110245671428571], [106.94993851428572, -6.110235057142857], [106.95060758571428, -6.1102244428571435], [106.95127665714286, -6.110213828571429], [106.95194572857143, -6.110203214285715], [106.9526148, -6.1101926], [106.95330177142857, -6.1100051], [106.95398874285715, -6.1098176], [106.95467571428571, -6.1096301], [106.95536268571429, -6.1094426], [106.95604965714286, -6.1092551], [106.95673662857143, -6.1090676], [106.9574236, -6.1088801], [106.9580769, -6.108613175], [106.95873019999999, -6.10834625], [106.9593835, -6.108079325], [106.9600368, -6.1078124]]}, "properties": {"id": "CAS-TJ09-SEG19", "route_id": "CAS-TJ09", "route_name": "Pulo Gebang – Rusunawa Marunda via Stasiun Cakung", "from_name": "Pulo Gebang", "to_name": "Rusunawa Marunda", "route_order": 9, "network_type": "BRT_TRUNK", "plan_type": "NEW_TRUNK", "mode": "transjakarta", "status": "PROPOSED", "status_label": "Usulan CASCADE", "existing": "NO", "parent_route": "", "cascade_status": "NEW_TRUNK", "existing_transjakarta": "PARTIAL", "geometry_confidence": "HIGH", "road_alignment_confidence": "HIGH", "alignment_confidence": "HIGH", "alignment_type": "MIXED_TRAFFIC", "bus_lane": "NOT_ASSUMED", "planning_note": "Wajib lewat Stasiun Cakung. Pulo Gebang–Sumarno–Penggilingan–putar utara–Bekasi Raya–Arteri Kelapa Gading–Pegangsaan Dua–Logistik–Tugu–Akses Marunda–Rusunawa. Bukan shortcut Pulo Gebang–Marunda. OSM Syech Nawawi ada di selatan -6.15 — tidak ditarik sebagai detour.", "osm_alias": {"Raya Tugu": "Jalan Cakung Cilincing / Jalan Raya Tugu (Tugu/Koja)", "Cilincing Landak": "Jalan Marunda Bidara / Sungai Landak", "Syeikh Nawawi": "OSM Jalan Syech Nawawi Al Bantani = ruas Cakung selatan; koridor memakai Cakung Cilincing di Tugu."}, "source": "CASCADE.txt + user road-intent 2026-09-11", "source_type": "ROAD_TRACE", "geometry_source": "OSM named arterials (roads.geojson + nominatim extras) + existing TJ centreline where overlapping", "color": "#D62F7F", "crs": "EPSG:4326", "disclaimer": "Usulan jaringan BRT CASCADE. Bukan rute resmi TransJakarta. Bukan gambar DED.", "updated_at": "2026-09-11", "segment_id": "CAS-TJ09-SEG19", "from_vertex": "Marunda Bidara", "to_vertex": "Marunda Makmur", "road_name": "Jalan Marunda Bidara", "length_km": 1.384}}, {"type": "Feature", "id": "CAS-TJ09-SEG20", "geometry": {"type": "LineString", "coordinates": [[106.96003641055287, -6.10781100416516], [106.959893, -6.107297], [106.959675, -6.106675], [106.959475, -6.106106], [106.959404, -6.105903], [106.959284, -6.105487], [106.959173, -6.105139], [106.958976, -6.104495], [106.958989, -6.104457], [106.959019, -6.104436], [106.959529, -6.10426], [106.959613, -6.104229], [106.959687, -6.104203], [106.959761, -6.104172], [106.959833, -6.104132], [106.960469, -6.103617], [106.960684, -6.103435], [106.960737, -6.103366], [106.960775, -6.103282], [106.960811, -6.103175], [106.960829, -6.103068], [106.960825, -6.102986], [106.960689, -6.102066], [106.960681, -6.102005], [106.960647, -6.10148], [106.960601, -6.101097], [106.960596, -6.101059], [106.960565, -6.100799], [106.96054, -6.100613], [106.960529, -6.100546], [106.960475, -6.100206], [106.960465, -6.100136], [106.960346, -6.099396], [106.960302, -6.099223], [106.9602, -6.098939], [106.960173, -6.098865], [106.961095, -6.098585], [106.961139, -6.098572], [106.961208, -6.098553], [106.96128, -6.09863]]}, "properties": {"id": "CAS-TJ09-SEG20", "route_id": "CAS-TJ09", "route_name": "Pulo Gebang – Rusunawa Marunda via Stasiun Cakung", "from_name": "Pulo Gebang", "to_name": "Rusunawa Marunda", "route_order": 9, "network_type": "BRT_TRUNK", "plan_type": "NEW_TRUNK", "mode": "transjakarta", "status": "PROPOSED", "status_label": "Usulan CASCADE", "existing": "NO", "parent_route": "", "cascade_status": "NEW_TRUNK", "existing_transjakarta": "PARTIAL", "geometry_confidence": "HIGH", "road_alignment_confidence": "HIGH", "alignment_confidence": "HIGH", "alignment_type": "MIXED_TRAFFIC", "bus_lane": "NOT_ASSUMED", "planning_note": "Wajib lewat Stasiun Cakung. Pulo Gebang–Sumarno–Penggilingan–putar utara–Bekasi Raya–Arteri Kelapa Gading–Pegangsaan Dua–Logistik–Tugu–Akses Marunda–Rusunawa. Bukan shortcut Pulo Gebang–Marunda. OSM Syech Nawawi ada di selatan -6.15 — tidak ditarik sebagai detour.", "osm_alias": {"Raya Tugu": "Jalan Cakung Cilincing / Jalan Raya Tugu (Tugu/Koja)", "Cilincing Landak": "Jalan Marunda Bidara / Sungai Landak", "Syeikh Nawawi": "OSM Jalan Syech Nawawi Al Bantani = ruas Cakung selatan; koridor memakai Cakung Cilincing di Tugu."}, "source": "CASCADE.txt + user road-intent 2026-09-11", "source_type": "ROAD_TRACE", "geometry_source": "OSM named arterials (roads.geojson + nominatim extras) + existing TJ centreline where overlapping", "color": "#D62F7F", "crs": "EPSG:4326", "disclaimer": "Usulan jaringan BRT CASCADE. Bukan rute resmi TransJakarta. Bukan gambar DED.", "updated_at": "2026-09-11", "segment_id": "CAS-TJ09-SEG20", "from_vertex": "Marunda Makmur", "to_vertex": "Rusunawa Marunda", "road_name": "Jalan Akses Rusun Marunda", "length_km": 1.264}}, {"type": "Feature", "id": "CAS-TJ11-SEG01", "geometry": {"type": "LineString", "coordinates": [[106.83313, -6.36017], [106.83303955, -6.35961713], [106.8329491, -6.35906426], [106.83285865, -6.35851139], [106.8327682, -6.35795852], [106.83267775, -6.3574056500000005], [106.8325873, -6.35685278], [106.83249685, -6.35629991], [106.83240640000001, -6.35574704], [106.83231595000001, -6.35519417], [106.8322255, -6.3546413], [106.8322927, -6.3534143], [106.83235689285713, -6.352747957142857], [106.83242108571429, -6.352081614285714], [106.83248527857143, -6.351415271428571], [106.83254947142856, -6.350748928571429], [106.8325825707712, -6.350405346566839]]}, "properties": {"id": "CAS-TJ11-SEG01", "route_id": "CAS-TJ11", "route_name": "Menwa UI – Galunggung", "from_name": "Menwa UI", "to_name": "Galunggung", "route_order": 11, "network_type": "BRT_TRUNK", "plan_type": "NEW_TRUNK", "mode": "transjakarta", "status": "PROPOSED", "status_label": "Usulan CASCADE", "existing": "NO", "parent_route": "", "cascade_status": "NEW_TRUNK", "existing_transjakarta": "PARTIAL", "geometry_confidence": "HIGH", "road_alignment_confidence": "HIGH", "alignment_confidence": "HIGH", "alignment_type": "MIXED_TRAFFIC", "bus_lane": "NOT_ASSUMED", "planning_note": "Menwa UI–Lenteng Agung–Pasar Minggu–Pancoran–Soepomo–Saharjo–Minangkabau Barat–Sultan Agung–Galunggung. Bukan MT Haryono/Kalibata/Manggarai.", "osm_alias": {"Prof Dr Soepomo": "Jalan Profesor Dokter Supomo SH"}, "source": "CASCADE.txt + user road-intent 2026-09-11", "source_type": "ROAD_TRACE", "geometry_source": "OSM named arterials (roads.geojson + nominatim extras) + existing TJ centreline where overlapping", "color": "#D62F7F", "crs": "EPSG:4326", "disclaimer": "Usulan jaringan BRT CASCADE. Bukan rute resmi TransJakarta. Bukan gambar DED.", "updated_at": "2026-09-11", "segment_id": "CAS-TJ11-SEG01", "from_vertex": "Menwa UI", "to_vertex": "Lenteng Agung Raya", "road_name": "Jalan Lenteng Agung Raya", "length_km": 1.096}}, {"type": "Feature", "id": "CAS-TJ11-SEG02", "geometry": {"type": "LineString", "coordinates": [[106.8325825707712, -6.350405346566839], [106.83261366428572, -6.3500825857142855], [106.83267785714285, -6.349416242857143], [106.83274205000001, -6.3487499], [106.83280624285715, -6.348083557142857], [106.83287043571428, -6.347417214285715], [106.83293462857144, -6.346750871428571], [106.83299882142857, -6.346084528571429], [106.83306301428571, -6.345418185714286], [106.83312720714287, -6.344751842857143], [106.8331914, -6.3440855], [106.8332204, -6.3438255], [106.83332315, -6.3430114], [106.8334259, -6.3421973], [106.8335391, -6.3416242], [106.83367394999999, -6.3409414], [106.83373628790878, -6.340625757996942]]}, "properties": {"id": "CAS-TJ11-SEG02", "route_id": "CAS-TJ11", "route_name": "Menwa UI – Galunggung", "from_name": "Menwa UI", "to_name": "Galunggung", "route_order": 11, "network_type": "BRT_TRUNK", "plan_type": "NEW_TRUNK", "mode": "transjakarta", "status": "PROPOSED", "status_label": "Usulan CASCADE", "existing": "NO", "parent_route": "", "cascade_status": "NEW_TRUNK", "existing_transjakarta": "PARTIAL", "geometry_confidence": "HIGH", "road_alignment_confidence": "HIGH", "alignment_confidence": "HIGH", "alignment_type": "MIXED_TRAFFIC", "bus_lane": "NOT_ASSUMED", "planning_note": "Menwa UI–Lenteng Agung–Pasar Minggu–Pancoran–Soepomo–Saharjo–Minangkabau Barat–Sultan Agung–Galunggung. Bukan MT Haryono/Kalibata/Manggarai.", "osm_alias": {"Prof Dr Soepomo": "Jalan Profesor Dokter Supomo SH"}, "source": "CASCADE.txt + user road-intent 2026-09-11", "source_type": "ROAD_TRACE", "geometry_source": "OSM named arterials (roads.geojson + nominatim extras) + existing TJ centreline where overlapping", "color": "#D62F7F", "crs": "EPSG:4326", "disclaimer": "Usulan jaringan BRT CASCADE. Bukan rute resmi TransJakarta. Bukan gambar DED.", "updated_at": "2026-09-11", "segment_id": "CAS-TJ11-SEG02", "from_vertex": "Lenteng Agung Raya", "to_vertex": "Universitas Pancasila", "road_name": "Jalan Lenteng Agung Raya", "length_km": 1.096}}, {"type": "Feature", "id": "CAS-TJ11-SEG03", "geometry": {"type": "LineString", "coordinates": [[106.83373628790878, -6.340625757996942], [106.8338088, -6.3402586], [106.8339206, -6.3397192], [106.83407426666666, -6.339081416666667], [106.83422793333334, -6.338443633333333], [106.8343816, -6.3378058500000005], [106.83453526666666, -6.337168066666667], [106.83468893333334, -6.3365302833333335], [106.8348426, -6.3358925], [106.8348767, -6.3357354], [106.8350159, -6.3351638], [106.8351311, -6.33425055], [106.8352463, -6.3333373], [106.8350626, -6.33254415], [106.8348789, -6.331751], [106.8345821, -6.33107656], [106.83445365663675, -6.330784688901904]]}, "properties": {"id": "CAS-TJ11-SEG03", "route_id": "CAS-TJ11", "route_name": "Menwa UI – Galunggung", "from_name": "Menwa UI", "to_name": "Galunggung", "route_order": 11, "network_type": "BRT_TRUNK", "plan_type": "NEW_TRUNK", "mode": "transjakarta", "status": "PROPOSED", "status_label": "Usulan CASCADE", "existing": "NO", "parent_route": "", "cascade_status": "NEW_TRUNK", "existing_transjakarta": "PARTIAL", "geometry_confidence": "HIGH", "road_alignment_confidence": "HIGH", "alignment_confidence": "HIGH", "alignment_type": "MIXED_TRAFFIC", "bus_lane": "NOT_ASSUMED", "planning_note": "Menwa UI–Lenteng Agung–Pasar Minggu–Pancoran–Soepomo–Saharjo–Minangkabau Barat–Sultan Agung–Galunggung. Bukan MT Haryono/Kalibata/Manggarai.", "osm_alias": {"Prof Dr Soepomo": "Jalan Profesor Dokter Supomo SH"}, "source": "CASCADE.txt + user road-intent 2026-09-11", "source_type": "ROAD_TRACE", "geometry_source": "OSM named arterials (roads.geojson + nominatim extras) + existing TJ centreline where overlapping", "color": "#D62F7F", "crs": "EPSG:4326", "disclaimer": "Usulan jaringan BRT CASCADE. Bukan rute resmi TransJakarta. Bukan gambar DED.", "updated_at": "2026-09-11", "segment_id": "CAS-TJ11-SEG03", "from_vertex": "Universitas Pancasila", "to_vertex": "Lenteng Agung", "road_name": "Jalan Lenteng Agung Raya", "length_km": 1.127}}, {"type": "Feature", "id": "CAS-TJ11-SEG04", "geometry": {"type": "LineString", "coordinates": [[106.83445365663675, -6.330784688901904], [106.8342853, -6.33040212], [106.8339885, -6.32972768], [106.8336917, -6.32905324], [106.8333949, -6.3283788], [106.833386975, -6.32767445], [106.83337904999999, -6.3269701000000005], [106.833371125, -6.32626575], [106.8333632, -6.3255614], [106.833518975, -6.326234575], [106.83367475, -6.32690775], [106.833830525, -6.3275809249999995], [106.8339863, -6.3282541], [106.83429253333334, -6.3288157], [106.83459876666667, -6.3293773], [106.834905, -6.3299389], [106.83493975148522, -6.330024503277208], [106.83444565, -6.3290965], [106.8339863, -6.3282541], [106.83394535, -6.32734675], [106.83392919568229, -6.326988810557601]]}, "properties": {"id": "CAS-TJ11-SEG04", "route_id": "CAS-TJ11", "route_name": "Menwa UI – Galunggung", "from_name": "Menwa UI", "to_name": "Galunggung", "route_order": 11, "network_type": "BRT_TRUNK", "plan_type": "NEW_TRUNK", "mode": "transjakarta", "status": "PROPOSED", "status_label": "Usulan CASCADE", "existing": "NO", "parent_route": "", "cascade_status": "NEW_TRUNK", "existing_transjakarta": "PARTIAL", "geometry_confidence": "HIGH", "road_alignment_confidence": "HIGH", "alignment_confidence": "HIGH", "alignment_type": "MIXED_TRAFFIC", "bus_lane": "NOT_ASSUMED", "planning_note": "Menwa UI–Lenteng Agung–Pasar Minggu–Pancoran–Soepomo–Saharjo–Minangkabau Barat–Sultan Agung–Galunggung. Bukan MT Haryono/Kalibata/Manggarai.", "osm_alias": {"Prof Dr Soepomo": "Jalan Profesor Dokter Supomo SH"}, "source": "CASCADE.txt + user road-intent 2026-09-11", "source_type": "ROAD_TRACE", "geometry_source": "OSM named arterials (roads.geojson + nominatim extras) + existing TJ centreline where overlapping", "color": "#D62F7F", "crs": "EPSG:4326", "disclaimer": "Usulan jaringan BRT CASCADE. Bukan rute resmi TransJakarta. Bukan gambar DED.", "updated_at": "2026-09-11", "segment_id": "CAS-TJ11-SEG04", "from_vertex": "Lenteng Agung", "to_vertex": "Lenteng Agung Raya 2", "road_name": "Jalan Lenteng Agung Raya", "length_km": 1.5}}, {"type": "Feature", "id": "CAS-TJ11-SEG05", "geometry": {"type": "LineString", "coordinates": [[106.83392919568229, -6.326988810557601], [106.8339044, -6.3264394], [106.83337376666667, -6.326500533333333], [106.8339044, -6.3264394], [106.83411100000001, -6.3257216], [106.8343176, -6.3250038], [106.83478655, -6.324297400000001], [106.8352555, -6.323591], [106.8355014, -6.3232193], [106.8357222, -6.3228897], [106.8358744, -6.3226625], [106.83624499999999, -6.3219714499999995], [106.8364033, -6.3216404], [106.8366156, -6.3212804], [106.8367667888889, -6.320545777777777], [106.83691797777777, -6.319811155555556], [106.83706529876964, -6.3190953273275765]]}, "properties": {"id": "CAS-TJ11-SEG05", "route_id": "CAS-TJ11", "route_name": "Menwa UI – Galunggung", "from_name": "Menwa UI", "to_name": "Galunggung", "route_order": 11, "network_type": "BRT_TRUNK", "plan_type": "NEW_TRUNK", "mode": "transjakarta", "status": "PROPOSED", "status_label": "Usulan CASCADE", "existing": "NO", "parent_route": "", "cascade_status": "NEW_TRUNK", "existing_transjakarta": "PARTIAL", "geometry_confidence": "HIGH", "road_alignment_confidence": "HIGH", "alignment_confidence": "HIGH", "alignment_type": "MIXED_TRAFFIC", "bus_lane": "NOT_ASSUMED", "planning_note": "Menwa UI–Lenteng Agung–Pasar Minggu–Pancoran–Soepomo–Saharjo–Minangkabau Barat–Sultan Agung–Galunggung. Bukan MT Haryono/Kalibata/Manggarai.", "osm_alias": {"Prof Dr Soepomo": "Jalan Profesor Dokter Supomo SH"}, "source": "CASCADE.txt + user road-intent 2026-09-11", "source_type": "ROAD_TRACE", "geometry_source": "OSM named arterials (roads.geojson + nominatim extras) + existing TJ centreline where overlapping", "color": "#D62F7F", "crs": "EPSG:4326", "disclaimer": "Usulan jaringan BRT CASCADE. Bukan rute resmi TransJakarta. Bukan gambar DED.", "updated_at": "2026-09-11", "segment_id": "CAS-TJ11-SEG05", "from_vertex": "Lenteng Agung Raya 2", "to_vertex": "Lenteng Agung Raya 3", "road_name": "Jalan Lenteng Agung Raya", "length_km": 1.08}}, {"type": "Feature", "id": "CAS-TJ11-SEG06", "geometry": {"type": "LineString", "coordinates": [[106.83706529876964, -6.3190953273275765], [106.83706916666667, -6.319076533333333], [106.83722035555556, -6.318341911111111], [106.83737154444444, -6.317607288888889], [106.83752273333333, -6.316872666666667], [106.83767392222222, -6.316138044444444], [106.8378251111111, -6.315403422222222], [106.8379763, -6.3146688], [106.8380321, -6.3142306], [106.8381798, -6.313392175000001], [106.8383275, -6.31255375], [106.8384752, -6.311715325], [106.8386229, -6.3108769], [106.8386498, -6.310958209090909], [106.8386229, -6.3108769], [106.83875526666667, -6.310071583333333], [106.83881315684326, -6.309719380431987]]}, "properties": {"id": "CAS-TJ11-SEG06", "route_id": "CAS-TJ11", "route_name": "Menwa UI – Galunggung", "from_name": "Menwa UI", "to_name": "Galunggung", "route_order": 11, "network_type": "BRT_TRUNK", "plan_type": "NEW_TRUNK", "mode": "transjakarta", "status": "PROPOSED", "status_label": "Usulan CASCADE", "existing": "NO", "parent_route": "", "cascade_status": "NEW_TRUNK", "existing_transjakarta": "PARTIAL", "geometry_confidence": "HIGH", "road_alignment_confidence": "HIGH", "alignment_confidence": "HIGH", "alignment_type": "MIXED_TRAFFIC", "bus_lane": "NOT_ASSUMED", "planning_note": "Menwa UI–Lenteng Agung–Pasar Minggu–Pancoran–Soepomo–Saharjo–Minangkabau Barat–Sultan Agung–Galunggung. Bukan MT Haryono/Kalibata/Manggarai.", "osm_alias": {"Prof Dr Soepomo": "Jalan Profesor Dokter Supomo SH"}, "source": "CASCADE.txt + user road-intent 2026-09-11", "source_type": "ROAD_TRACE", "geometry_source": "OSM named arterials (roads.geojson + nominatim extras) + existing TJ centreline where overlapping", "color": "#D62F7F", "crs": "EPSG:4326", "disclaimer": "Usulan jaringan BRT CASCADE. Bukan rute resmi TransJakarta. Bukan gambar DED.", "updated_at": "2026-09-11", "segment_id": "CAS-TJ11-SEG06", "from_vertex": "Lenteng Agung Raya 3", "to_vertex": "Tanjung Barat", "road_name": "Jalan Lenteng Agung Raya", "length_km": 1.08}}, {"type": "Feature", "id": "CAS-TJ11-SEG07", "geometry": {"type": "LineString", "coordinates": [[106.83881315684326, -6.309719380431987], [106.83888763333334, -6.309266266666667], [106.83902, -6.308460950000001], [106.83915236666667, -6.307655633333334], [106.83928473333334, -6.306850316666667], [106.839458, -6.3065055], [106.8394171, -6.306045], [106.83960285, -6.30506365], [106.8397886, -6.3040823], [106.8398609, -6.3036709], [106.8398702, -6.3036211], [106.8398951, -6.3034914], [106.8395537, -6.3030238], [106.8397698, -6.3025499], [106.84006846666666, -6.302024233333333], [106.8398357, -6.3016305], [106.839869, -6.3013274], [106.8399261, -6.3009512], [106.84024183333334, -6.300557066666667], [106.8400068, -6.3000104], [106.84032851666666, -6.299823483333333], [106.8404152, -6.2990899], [106.8404822, -6.2984644], [106.8404959, -6.2983439], [106.8405704, -6.2977505], [106.8402908, -6.297445], [106.84050342113241, -6.297197926611319]]}, "properties": {"id": "CAS-TJ11-SEG07", "route_id": "CAS-TJ11", "route_name": "Menwa UI – Galunggung", "from_name": "Menwa UI", "to_name": "Galunggung", "route_order": 11, "network_type": "BRT_TRUNK", "plan_type": "NEW_TRUNK", "mode": "transjakarta", "status": "PROPOSED", "status_label": "Usulan CASCADE", "existing": "NO", "parent_route": "", "cascade_status": "NEW_TRUNK", "existing_transjakarta": "PARTIAL", "geometry_confidence": "HIGH", "road_alignment_confidence": "HIGH", "alignment_confidence": "HIGH", "alignment_type": "MIXED_TRAFFIC", "bus_lane": "NOT_ASSUMED", "planning_note": "Menwa UI–Lenteng Agung–Pasar Minggu–Pancoran–Soepomo–Saharjo–Minangkabau Barat–Sultan Agung–Galunggung. Bukan MT Haryono/Kalibata/Manggarai.", "osm_alias": {"Prof Dr Soepomo": "Jalan Profesor Dokter Supomo SH"}, "source": "CASCADE.txt + user road-intent 2026-09-11", "source_type": "ROAD_TRACE", "geometry_source": "OSM named arterials (roads.geojson + nominatim extras) + existing TJ centreline where overlapping", "color": "#D62F7F", "crs": "EPSG:4326", "disclaimer": "Usulan jaringan BRT CASCADE. Bukan rute resmi TransJakarta. Bukan gambar DED.", "updated_at": "2026-09-11", "segment_id": "CAS-TJ11-SEG07", "from_vertex": "Tanjung Barat", "to_vertex": "Pasar Minggu Raya", "road_name": "Jalan Pasar Minggu Raya", "length_km": 1.5}}, {"type": "Feature", "id": "CAS-TJ11-SEG08", "geometry": {"type": "LineString", "coordinates": [[106.84050342113241, -6.297197926611319], [106.8406975, -6.2969724000000005], [106.8408246, -6.2961943], [106.8409517, -6.2954162], [106.8410406, -6.2950717], [106.84096043999999, -6.29455077], [106.84104207, -6.294085040000001], [106.84124308, -6.29381174], [106.84130834, -6.29339608], [106.84152571999999, -6.29307271], [106.84157461000001, -6.29270712], [106.84180836, -6.29233368], [106.84184088, -6.2920181600000005], [106.842091, -6.29159465], [106.84210715, -6.2913292], [106.84237363999999, -6.29085562], [106.84237342, -6.29064024], [106.84265628, -6.29011659], [106.84301514444445, -6.289954933333333], [106.84293892, -6.28937756], [106.84329722222222, -6.2892239666666665], [106.84322156, -6.28863853], [106.8435578, -6.288112], [106.8436912, -6.2876934], [106.8438747, -6.2868286], [106.8438776, -6.286562], [106.84405865, -6.28612005], [106.8439588, -6.2856259], [106.8440394, -6.28525], [106.8441007, -6.2849308], [106.84423085230074, -6.2842285945695915]]}, "properties": {"id": "CAS-TJ11-SEG08", "route_id": "CAS-TJ11", "route_name": "Menwa UI – Galunggung", "from_name": "Menwa UI", "to_name": "Galunggung", "route_order": 11, "network_type": "BRT_TRUNK", "plan_type": "NEW_TRUNK", "mode": "transjakarta", "status": "PROPOSED", "status_label": "Usulan CASCADE", "existing": "NO", "parent_route": "", "cascade_status": "NEW_TRUNK", "existing_transjakarta": "PARTIAL", "geometry_confidence": "HIGH", "road_alignment_confidence": "HIGH", "alignment_confidence": "HIGH", "alignment_type": "MIXED_TRAFFIC", "bus_lane": "NOT_ASSUMED", "planning_note": "Menwa UI–Lenteng Agung–Pasar Minggu–Pancoran–Soepomo–Saharjo–Minangkabau Barat–Sultan Agung–Galunggung. Bukan MT Haryono/Kalibata/Manggarai.", "osm_alias": {"Prof Dr Soepomo": "Jalan Profesor Dokter Supomo SH"}, "source": "CASCADE.txt + user road-intent 2026-09-11", "source_type": "ROAD_TRACE", "geometry_source": "OSM named arterials (roads.geojson + nominatim extras) + existing TJ centreline where overlapping", "color": "#D62F7F", "crs": "EPSG:4326", "disclaimer": "Usulan jaringan BRT CASCADE. Bukan rute resmi TransJakarta. Bukan gambar DED.", "updated_at": "2026-09-11", "segment_id": "CAS-TJ11-SEG08", "from_vertex": "Pasar Minggu Raya", "to_vertex": "Pasar Minggu", "road_name": "Jalan Pasar Minggu Raya", "length_km": 1.577}}, {"type": "Feature", "id": "CAS-TJ11-SEG09", "geometry": {"type": "LineString", "coordinates": [[106.84423085230074, -6.2842285945695915], [106.8442568, -6.2840886000000005], [106.8444129, -6.2832464], [106.8445692, -6.2831761], [106.84471691538461, -6.282455830769231], [106.84486463076922, -6.281735561538462], [106.84501234615384, -6.281015292307693], [106.84516006153846, -6.280295023076923], [106.84530777692308, -6.279574753846155], [106.84545549230769, -6.278854484615385], [106.8456032076923, -6.278134215384616], [106.84575092307692, -6.277413946153846], [106.84589863846153, -6.2766936769230774], [106.84604635384616, -6.275973407692308], [106.84619406923078, -6.275253138461538], [106.84634178461539, -6.27453286923077], [106.8464895, -6.2738126], [106.84651563333334, -6.272925766666667], [106.84654176666666, -6.2720389333333335], [106.8465679, -6.2711521], [106.8465444317118, -6.271051923553882]]}, "properties": {"id": "CAS-TJ11-SEG09", "route_id": "CAS-TJ11", "route_name": "Menwa UI – Galunggung", "from_name": "Menwa UI", "to_name": "Galunggung", "route_order": 11, "network_type": "BRT_TRUNK", "plan_type": "NEW_TRUNK", "mode": "transjakarta", "status": "PROPOSED", "status_label": "Usulan CASCADE", "existing": "NO", "parent_route": "", "cascade_status": "NEW_TRUNK", "existing_transjakarta": "PARTIAL", "geometry_confidence": "HIGH", "road_alignment_confidence": "HIGH", "alignment_confidence": "HIGH", "alignment_type": "MIXED_TRAFFIC", "bus_lane": "NOT_ASSUMED", "planning_note": "Menwa UI–Lenteng Agung–Pasar Minggu–Pancoran–Soepomo–Saharjo–Minangkabau Barat–Sultan Agung–Galunggung. Bukan MT Haryono/Kalibata/Manggarai.", "osm_alias": {"Prof Dr Soepomo": "Jalan Profesor Dokter Supomo SH"}, "source": "CASCADE.txt + user road-intent 2026-09-11", "source_type": "ROAD_TRACE", "geometry_source": "OSM named arterials (roads.geojson + nominatim extras) + existing TJ centreline where overlapping", "color": "#D62F7F", "crs": "EPSG:4326", "disclaimer": "Usulan jaringan BRT CASCADE. Bukan rute resmi TransJakarta. Bukan gambar DED.", "updated_at": "2026-09-11", "segment_id": "CAS-TJ11-SEG09", "from_vertex": "Pasar Minggu", "to_vertex": "Pasar Minggu Raya 2", "road_name": "Jalan Pasar Minggu Raya", "length_km": 1.5}}, {"type": "Feature", "id": "CAS-TJ11-SEG10", "geometry": {"type": "LineString", "coordinates": [[106.8465444317118, -6.271051923553882], [106.8463805, -6.270352166666667], [106.84619310000001, -6.269552233333333], [106.8460057, -6.2687523], [106.84560787500001, -6.268142725000001], [106.84521005, -6.26753315], [106.844812225, -6.266923575], [106.8444144, -6.266314], [106.8442339, -6.2659674], [106.84394456666666, -6.265298366666666], [106.8437299, -6.2650786], [106.84365523333334, -6.264629333333334], [106.8433115, -6.2641678], [106.8433659, -6.2639603], [106.84338545, -6.263214325], [106.84340499999999, -6.26246835], [106.84342455, -6.261722375], [106.8431478, -6.2614996], [106.8434441, -6.2609764000000006], [106.843222475, -6.2606245], [106.84346365, -6.2602304250000005], [106.84329715, -6.2597494000000005], [106.84348320000001, -6.25948445], [106.84337182499999, -6.2588743000000004], [106.84339404237262, -6.258851251119828]]}, "properties": {"id": "CAS-TJ11-SEG10", "route_id": "CAS-TJ11", "route_name": "Menwa UI – Galunggung", "from_name": "Menwa UI", "to_name": "Galunggung", "route_order": 11, "network_type": "BRT_TRUNK", "plan_type": "NEW_TRUNK", "mode": "transjakarta", "status": "PROPOSED", "status_label": "Usulan CASCADE", "existing": "NO", "parent_route": "", "cascade_status": "NEW_TRUNK", "existing_transjakarta": "PARTIAL", "geometry_confidence": "HIGH", "road_alignment_confidence": "HIGH", "alignment_confidence": "HIGH", "alignment_type": "MIXED_TRAFFIC", "bus_lane": "NOT_ASSUMED", "planning_note": "Menwa UI–Lenteng Agung–Pasar Minggu–Pancoran–Soepomo–Saharjo–Minangkabau Barat–Sultan Agung–Galunggung. Bukan MT Haryono/Kalibata/Manggarai.", "osm_alias": {"Prof Dr Soepomo": "Jalan Profesor Dokter Supomo SH"}, "source": "CASCADE.txt + user road-intent 2026-09-11", "source_type": "ROAD_TRACE", "geometry_source": "OSM named arterials (roads.geojson + nominatim extras) + existing TJ centreline where overlapping", "color": "#D62F7F", "crs": "EPSG:4326", "disclaimer": "Usulan jaringan BRT CASCADE. Bukan rute resmi TransJakarta. Bukan gambar DED.", "updated_at": "2026-09-11", "segment_id": "CAS-TJ11-SEG10", "from_vertex": "Pasar Minggu Raya 2", "to_vertex": "Profesor Dokter Supomo SH", "road_name": "Jalan Pasar Minggu Raya", "length_km": 1.5}}, {"type": "Feature", "id": "CAS-TJ11-SEG11", "geometry": {"type": "LineString", "coordinates": [[106.84339404237262, -6.258851251119828], [106.84350275, -6.258738475], [106.8435223, -6.2579925], [106.8433806, -6.257274300000001], [106.8432389, -6.2565561], [106.84314083333334, -6.2563960666666665], [106.8430972, -6.2558379], [106.8430701, -6.255661], [106.8429366, -6.2551643], [106.8428278, -6.2548444], [106.8426522, -6.2543082], [106.8425982, -6.2540947], [106.8425199, -6.2535327], [106.8424645, -6.2530491], [106.84256884, -6.25259132], [106.84251643333333, -6.2522877], [106.84261828, -6.25186094], [106.84256836666667, -6.2515263], [106.84266772000001, -6.25113056], [106.8426203, -6.2507649], [106.84271716, -6.250400180000001], [106.8426754, -6.2500137], [106.8427666, -6.2496698], [106.84279172500001, -6.2487976000000005], [106.84281685, -6.2479254], [106.842841975, -6.2470532], [106.8428671, -6.246181], [106.8428705, -6.2461323], [106.843037, -6.245429966666666], [106.8432035, -6.2447276333333335], [106.84311186666666, -6.244561766666667], [106.84337, -6.2440253], [106.84355999988422, -6.243559999791386], [106.8436983, -6.2431948], [106.84368601628432, -6.243227938416969]]}, "properties": {"id": "CAS-TJ11-SEG11", "route_id": "CAS-TJ11", "route_name": "Menwa UI – Galunggung", "from_name": "Menwa UI", "to_name": "Galunggung", "route_order": 11, "network_type": "BRT_TRUNK", "plan_type": "NEW_TRUNK", "mode": "transjakarta", "status": "PROPOSED", "status_label": "Usulan CASCADE", "existing": "NO", "parent_route": "", "cascade_status": "NEW_TRUNK", "existing_transjakarta": "PARTIAL", "geometry_confidence": "HIGH", "road_alignment_confidence": "HIGH", "alignment_confidence": "HIGH", "alignment_type": "MIXED_TRAFFIC", "bus_lane": "NOT_ASSUMED", "planning_note": "Menwa UI–Lenteng Agung–Pasar Minggu–Pancoran–Soepomo–Saharjo–Minangkabau Barat–Sultan Agung–Galunggung. Bukan MT Haryono/Kalibata/Manggarai.", "osm_alias": {"Prof Dr Soepomo": "Jalan Profesor Dokter Supomo SH"}, "source": "CASCADE.txt + user road-intent 2026-09-11", "source_type": "ROAD_TRACE", "geometry_source": "OSM named arterials (roads.geojson + nominatim extras) + existing TJ centreline where overlapping", "color": "#D62F7F", "crs": "EPSG:4326", "disclaimer": "Usulan jaringan BRT CASCADE. Bukan rute resmi TransJakarta. Bukan gambar DED.", "updated_at": "2026-09-11", "segment_id": "CAS-TJ11-SEG11", "from_vertex": "Profesor Dokter Supomo SH", "to_vertex": "Pancoran", "road_name": "Jalan Profesor Dokter Supomo SH", "length_km": 1.793}}, {"type": "Feature", "id": "CAS-TJ11-SEG12", "geometry": {"type": "LineString", "coordinates": [[106.84368601628432, -6.243227938416969], [106.8435782, -6.2435188], [106.8436983, -6.2431948], [106.8438351, -6.2428438], [106.8442835, -6.242073550000001], [106.8447319, -6.2413033], [106.844998, -6.240729466666667], [106.8452641, -6.240155633333333], [106.8455302, -6.2395818], [106.84517165, -6.23887795], [106.8448131, -6.2381741], [106.8445586, -6.2374779], [106.8443041, -6.2367817], [106.84430617133827, -6.235998161789077]]}, "properties": {"id": "CAS-TJ11-SEG12", "route_id": "CAS-TJ11", "route_name": "Menwa UI – Galunggung", "from_name": "Menwa UI", "to_name": "Galunggung", "route_order": 11, "network_type": "BRT_TRUNK", "plan_type": "NEW_TRUNK", "mode": "transjakarta", "status": "PROPOSED", "status_label": "Usulan CASCADE", "existing": "NO", "parent_route": "", "cascade_status": "NEW_TRUNK", "existing_transjakarta": "PARTIAL", "geometry_confidence": "HIGH", "road_alignment_confidence": "HIGH", "alignment_confidence": "HIGH", "alignment_type": "MIXED_TRAFFIC", "bus_lane": "NOT_ASSUMED", "planning_note": "Menwa UI–Lenteng Agung–Pasar Minggu–Pancoran–Soepomo–Saharjo–Minangkabau Barat–Sultan Agung–Galunggung. Bukan MT Haryono/Kalibata/Manggarai.", "osm_alias": {"Prof Dr Soepomo": "Jalan Profesor Dokter Supomo SH"}, "source": "CASCADE.txt + user road-intent 2026-09-11", "source_type": "ROAD_TRACE", "geometry_source": "OSM named arterials (roads.geojson + nominatim extras) + existing TJ centreline where overlapping", "color": "#D62F7F", "crs": "EPSG:4326", "disclaimer": "Usulan jaringan BRT CASCADE. Bukan rute resmi TransJakarta. Bukan gambar DED.", "updated_at": "2026-09-11", "segment_id": "CAS-TJ11-SEG12", "from_vertex": "Pancoran", "to_vertex": "Soepomo", "road_name": "Jalan Profesor Dokter Supomo SH", "length_km": 0.951}}, {"type": "Feature", "id": "CAS-TJ11-SEG13", "geometry": {"type": "LineString", "coordinates": [[106.84430617133827, -6.235998161789077], [106.8442158, -6.23510585], [106.8442288, -6.234343175], [106.8442418, -6.2335805], [106.84457800000001, -6.23294705], [106.8449142, -6.2323136], [106.845483, -6.231771566666667], [106.8460518, -6.231229533333334], [106.8466206, -6.2306875], [106.8467802, -6.2305301], [106.8468482, -6.2304261], [106.8469297, -6.2302681], [106.8471936, -6.22919], [106.8472286, -6.2289809], [106.8472422, -6.228903], [106.8472659, -6.228643], [106.8473094, -6.2281244], [106.8474655, -6.2277418], [106.84747190203865, -6.227477385436354]]}, "properties": {"id": "CAS-TJ11-SEG13", "route_id": "CAS-TJ11", "route_name": "Menwa UI – Galunggung", "from_name": "Menwa UI", "to_name": "Galunggung", "route_order": 11, "network_type": "BRT_TRUNK", "plan_type": "NEW_TRUNK", "mode": "transjakarta", "status": "PROPOSED", "status_label": "Usulan CASCADE", "existing": "NO", "parent_route": "", "cascade_status": "NEW_TRUNK", "existing_transjakarta": "PARTIAL", "geometry_confidence": "HIGH", "road_alignment_confidence": "HIGH", "alignment_confidence": "HIGH", "alignment_type": "MIXED_TRAFFIC", "bus_lane": "NOT_ASSUMED", "planning_note": "Menwa UI–Lenteng Agung–Pasar Minggu–Pancoran–Soepomo–Saharjo–Minangkabau Barat–Sultan Agung–Galunggung. Bukan MT Haryono/Kalibata/Manggarai.", "osm_alias": {"Prof Dr Soepomo": "Jalan Profesor Dokter Supomo SH"}, "source": "CASCADE.txt + user road-intent 2026-09-11", "source_type": "ROAD_TRACE", "geometry_source": "OSM named arterials (roads.geojson + nominatim extras) + existing TJ centreline where overlapping", "color": "#D62F7F", "crs": "EPSG:4326", "disclaimer": "Usulan jaringan BRT CASCADE. Bukan rute resmi TransJakarta. Bukan gambar DED.", "updated_at": "2026-09-11", "segment_id": "CAS-TJ11-SEG13", "from_vertex": "Soepomo", "to_vertex": "Profesor Dokter Supomo SH 2", "road_name": "Jalan Profesor Dokter Supomo SH", "length_km": 1.066}}, {"type": "Feature", "id": "CAS-TJ11-SEG14", "geometry": {"type": "LineString", "coordinates": [[106.84747190203865, -6.227477385436354], [106.84748526, -6.22692568], [106.84750502, -6.22610956], [106.84752478, -6.22529344], [106.84754454, -6.22447732], [106.8474672, -6.2239046], [106.8474893, -6.2233542], [106.84716362500001, -6.2226841625], [106.84683795000001, -6.222014125], [106.84651227500001, -6.2213440875], [106.84618660000001, -6.2206740499999995], [106.845860925, -6.2200040125], [106.84553525, -6.219333975], [106.845209575, -6.2186639375], [106.84509997632401, -6.218438451285618]]}, "properties": {"id": "CAS-TJ11-SEG14", "route_id": "CAS-TJ11", "route_name": "Menwa UI – Galunggung", "from_name": "Menwa UI", "to_name": "Galunggung", "route_order": 11, "network_type": "BRT_TRUNK", "plan_type": "NEW_TRUNK", "mode": "transjakarta", "status": "PROPOSED", "status_label": "Usulan CASCADE", "existing": "NO", "parent_route": "", "cascade_status": "NEW_TRUNK", "existing_transjakarta": "PARTIAL", "geometry_confidence": "HIGH", "road_alignment_confidence": "HIGH", "alignment_confidence": "HIGH", "alignment_type": "MIXED_TRAFFIC", "bus_lane": "NOT_ASSUMED", "planning_note": "Menwa UI–Lenteng Agung–Pasar Minggu–Pancoran–Soepomo–Saharjo–Minangkabau Barat–Sultan Agung–Galunggung. Bukan MT Haryono/Kalibata/Manggarai.", "osm_alias": {"Prof Dr Soepomo": "Jalan Profesor Dokter Supomo SH"}, "source": "CASCADE.txt + user road-intent 2026-09-11", "source_type": "ROAD_TRACE", "geometry_source": "OSM named arterials (roads.geojson + nominatim extras) + existing TJ centreline where overlapping", "color": "#D62F7F", "crs": "EPSG:4326", "disclaimer": "Usulan jaringan BRT CASCADE. Bukan rute resmi TransJakarta. Bukan gambar DED.", "updated_at": "2026-09-11", "segment_id": "CAS-TJ11-SEG14", "from_vertex": "Profesor Dokter Supomo SH 2", "to_vertex": "Saharjo", "road_name": "Jalan Dokter Saharjo", "length_km": 1.066}}, {"type": "Feature", "id": "CAS-TJ11-SEG15", "geometry": {"type": "LineString", "coordinates": [[106.84509997632401, -6.218438451285618], [106.8448839, -6.2179939], [106.8449429, -6.2179618], [106.84457900000001, -6.2172368], [106.8442151, -6.2165118], [106.8441356, -6.2164636], [106.8438179, -6.2158643], [106.8436699999111, -6.2156199996385215], [106.84336999989311, -6.215090000152797], [106.843372, -6.2145982], [106.8435192, -6.2141414], [106.843822, -6.213202], [106.8442821, -6.2127865], [106.8443769, -6.2125655], [106.8445287, -6.2121777], [106.8442628, -6.2119085], [106.8445342, -6.211183], [106.8445, -6.211], [106.8445342, -6.211183], [106.843875, -6.2105500000000005], [106.84325, -6.210100000000001], [106.84322159292512, -6.210079546906085]]}, "properties": {"id": "CAS-TJ11-SEG15", "route_id": "CAS-TJ11", "route_name": "Menwa UI – Galunggung", "from_name": "Menwa UI", "to_name": "Galunggung", "route_order": 11, "network_type": "BRT_TRUNK", "plan_type": "NEW_TRUNK", "mode": "transjakarta", "status": "PROPOSED", "status_label": "Usulan CASCADE", "existing": "NO", "parent_route": "", "cascade_status": "NEW_TRUNK", "existing_transjakarta": "PARTIAL", "geometry_confidence": "HIGH", "road_alignment_confidence": "HIGH", "alignment_confidence": "HIGH", "alignment_type": "MIXED_TRAFFIC", "bus_lane": "NOT_ASSUMED", "planning_note": "Menwa UI–Lenteng Agung–Pasar Minggu–Pancoran–Soepomo–Saharjo–Minangkabau Barat–Sultan Agung–Galunggung. Bukan MT Haryono/Kalibata/Manggarai.", "osm_alias": {"Prof Dr Soepomo": "Jalan Profesor Dokter Supomo SH"}, "source": "CASCADE.txt + user road-intent 2026-09-11", "source_type": "ROAD_TRACE", "geometry_source": "OSM named arterials (roads.geojson + nominatim extras) + existing TJ centreline where overlapping", "color": "#D62F7F", "crs": "EPSG:4326", "disclaimer": "Usulan jaringan BRT CASCADE. Bukan rute resmi TransJakarta. Bukan gambar DED.", "updated_at": "2026-09-11", "segment_id": "CAS-TJ11-SEG15", "from_vertex": "Saharjo", "to_vertex": "Sultan Agung 2", "road_name": "Jalan Sultan Agung", "length_km": 1.147}}, {"type": "Feature", "id": "CAS-TJ11-SEG16", "geometry": {"type": "LineString", "coordinates": [[106.84322159292512, -6.210079546906085], [106.842625, -6.20965], [106.842, -6.2092], [106.841375, -6.2088], [106.84075, -6.2084], [106.840125, -6.208], [106.8395, -6.2076], [106.8389, -6.20736], [106.8383, -6.207120000000001], [106.8377, -6.20688], [106.8371, -6.20664], [106.8365, -6.2064], [106.835875, -6.206175], [106.83525, -6.20595], [106.834625, -6.205725], [106.834, -6.2055]]}, "properties": {"id": "CAS-TJ11-SEG16", "route_id": "CAS-TJ11", "route_name": "Menwa UI – Galunggung", "from_name": "Menwa UI", "to_name": "Galunggung", "route_order": 11, "network_type": "BRT_TRUNK", "plan_type": "NEW_TRUNK", "mode": "transjakarta", "status": "PROPOSED", "status_label": "Usulan CASCADE", "existing": "NO", "parent_route": "", "cascade_status": "NEW_TRUNK", "existing_transjakarta": "PARTIAL", "geometry_confidence": "HIGH", "road_alignment_confidence": "HIGH", "alignment_confidence": "HIGH", "alignment_type": "MIXED_TRAFFIC", "bus_lane": "NOT_ASSUMED", "planning_note": "Menwa UI–Lenteng Agung–Pasar Minggu–Pancoran–Soepomo–Saharjo–Minangkabau Barat–Sultan Agung–Galunggung. Bukan MT Haryono/Kalibata/Manggarai.", "osm_alias": {"Prof Dr Soepomo": "Jalan Profesor Dokter Supomo SH"}, "source": "CASCADE.txt + user road-intent 2026-09-11", "source_type": "ROAD_TRACE", "geometry_source": "OSM named arterials (roads.geojson + nominatim extras) + existing TJ centreline where overlapping", "color": "#D62F7F", "crs": "EPSG:4326", "disclaimer": "Usulan jaringan BRT CASCADE. Bukan rute resmi TransJakarta. Bukan gambar DED.", "updated_at": "2026-09-11", "segment_id": "CAS-TJ11-SEG16", "from_vertex": "Sultan Agung 2", "to_vertex": "Sultan Agung", "road_name": "Jalan Sultan Agung", "length_km": 1.147}}, {"type": "Feature", "id": "CAS-TJ11-SEG17", "geometry": {"type": "LineString", "coordinates": [[106.834, -6.2055], [106.83330000000001, -6.2054], [106.8326, -6.2053], [106.8319, -6.2052], [106.8312, -6.2051], [106.8305, -6.205], [106.8298, -6.20494], [106.8291, -6.20488], [106.8284, -6.20482], [106.8277, -6.20476], [106.827, -6.2047], [106.826276, -6.2046399999999995], [106.825552, -6.20458], [106.824828, -6.20452], [106.824104, -6.20446], [106.82338, -6.2044]]}, "properties": {"id": "CAS-TJ11-SEG17", "route_id": "CAS-TJ11", "route_name": "Menwa UI – Galunggung", "from_name": "Menwa UI", "to_name": "Galunggung", "route_order": 11, "network_type": "BRT_TRUNK", "plan_type": "NEW_TRUNK", "mode": "transjakarta", "status": "PROPOSED", "status_label": "Usulan CASCADE", "existing": "NO", "parent_route": "", "cascade_status": "NEW_TRUNK", "existing_transjakarta": "PARTIAL", "geometry_confidence": "HIGH", "road_alignment_confidence": "HIGH", "alignment_confidence": "HIGH", "alignment_type": "MIXED_TRAFFIC", "bus_lane": "NOT_ASSUMED", "planning_note": "Menwa UI–Lenteng Agung–Pasar Minggu–Pancoran–Soepomo–Saharjo–Minangkabau Barat–Sultan Agung–Galunggung. Bukan MT Haryono/Kalibata/Manggarai.", "osm_alias": {"Prof Dr Soepomo": "Jalan Profesor Dokter Supomo SH"}, "source": "CASCADE.txt + user road-intent 2026-09-11", "source_type": "ROAD_TRACE", "geometry_source": "OSM named arterials (roads.geojson + nominatim extras) + existing TJ centreline where overlapping", "color": "#D62F7F", "crs": "EPSG:4326", "disclaimer": "Usulan jaringan BRT CASCADE. Bukan rute resmi TransJakarta. Bukan gambar DED.", "updated_at": "2026-09-11", "segment_id": "CAS-TJ11-SEG17", "from_vertex": "Sultan Agung", "to_vertex": "Galunggung", "road_name": "Jalan Sultan Agung", "length_km": 1.181}}]}