{"type":"FeatureCollection","crs":{"type":"name","properties":{"name":"EPSG:4326"}},"features":[{"type":"Feature","id":"CAS-LRT-C02","geometry":{"type":"LineString","coordinates":[[106.8941,-6.3692],[106.894412,-6.369112],[106.89447,-6.369316],[106.894556,-6.369720666666667],[106.894642,-6.370125333333333],[106.894728,-6.37053],[106.894455,-6.370594],[106.894265,-6.370483],[106.894072,-6.370333],[106.893928,-6.370214],[106.893737,-6.370055],[106.893698,-6.369935],[106.893672,-6.369836],[106.893641,-6.369686],[106.893636,-6.369526],[106.89356,-6.369502],[106.893491,-6.369479],[106.893615,-6.369152],[106.893708,-6.368924],[106.893748,-6.368813],[106.893791,-6.368714],[106.893843,-6.368613],[106.894128,-6.368326],[106.894216,-6.368245],[106.894349,-6.368181],[106.894804,-6.368099],[106.895494,-6.367975],[106.895602,-6.367976],[106.895685,-6.368013],[106.895754,-6.368089],[106.895921,-6.368391],[106.89597,-6.36862],[106.89603366666667,-6.368999],[106.89609733333334,-6.369378],[106.896161,-6.369757],[106.896204,-6.370011],[106.896195,-6.370224],[106.896137,-6.37052],[106.896151,-6.370683],[106.896288,-6.371161],[106.896312,-6.37129],[106.896349,-6.371508],[106.89644150000001,-6.371958],[106.896534,-6.372408],[106.89659800000001,-6.3728455],[106.896662,-6.373283],[106.8967485,-6.3737065],[106.896835,-6.37413],[106.896863,-6.37426],[106.896872,-6.374331],[106.896945,-6.374702],[106.897,-6.374935],[106.89705,-6.375157],[106.897084,-6.375317],[106.897149,-6.375469],[106.897215,-6.375597],[106.897328,-6.375746],[106.897447,-6.375862],[106.897631,-6.375993],[106.897806,-6.376046],[106.898023,-6.376053],[106.898409,-6.376048],[106.898948,-6.376024],[106.899269,-6.376001],[106.899428,-6.375994],[106.899843,-6.375972],[106.900295,-6.375945],[106.900768,-6.375918],[106.901123,-6.375897],[106.901523,-6.375873],[106.901923,-6.375849],[106.902361,-6.37583],[106.902832,-6.375807],[106.902967,-6.3758],[106.903036,-6.375796],[106.90343433333334,-6.375778666666667],[106.90383266666666,-6.375761333333333],[106.904231,-6.375744],[106.90464399999999,-6.375731],[106.905057,-6.375718],[106.905263,-6.375713],[106.9057485,-6.3757135],[106.906234,-6.375714],[106.906279,-6.375714],[106.906982,-6.37556],[106.907183,-6.375484],[106.90736,-6.375435],[106.907506,-6.375416],[106.907785,-6.375407],[106.9081765,-6.375407],[106.908568,-6.375407],[106.909155,-6.375399],[106.90954685714286,-6.375394714285714],[106.90993871428572,-6.3753904285714285],[106.91033057142857,-6.375386142857143],[106.91072242857142,-6.375381857142857],[106.91111428571428,-6.375377571428571],[106.91150614285714,-6.375373285714286],[106.911898,-6.375369],[106.91226599999999,-6.3753605],[106.912634,-6.375352],[106.913097,-6.3753465],[106.91356,-6.375341],[106.913843,-6.375332],[106.914312,-6.375314],[106.914458,-6.375308],[106.914703,-6.375301],[106.914992,-6.375293],[106.915167,-6.375296],[106.915312,-6.375308],[106.915442,-6.375321],[106.915722,-6.375357],[106.91583,-6.37538],[106.916079,-6.375452],[106.91629,-6.375528],[106.916436,-6.375591],[106.916518,-6.375626],[106.916911,-6.375826],[106.917002,-6.375873],[106.917476,-6.376152],[106.917716,-6.37629],[106.918031,-6.376473],[106.918391,-6.3766685],[106.918751,-6.376864],[106.91907499999999,-6.377041],[106.919399,-6.377218],[106.919902,-6.377489],[106.920355,-6.377738],[106.920504,-6.377823],[106.920692,-6.37794],[106.920826,-6.378048],[106.920893,-6.378104],[106.92096,-6.378161],[106.9212645,-6.378427],[106.921569,-6.378693],[106.921997,-6.379092],[106.9222795,-6.3793545],[106.922562,-6.379617],[106.922609,-6.379659],[106.922643,-6.37969],[106.92272,-6.37976],[106.922754,-6.37979],[106.923052,-6.380051],[106.92337,-6.380352],[106.92376200000001,-6.3806975],[106.924154,-6.381043],[106.924385,-6.381286],[106.924508,-6.381392],[106.924691,-6.381552],[106.924844,-6.381669],[106.924978,-6.381753],[106.925222,-6.381849],[106.925424,-6.381912],[106.925624,-6.381963],[106.925851,-6.382],[106.926091,-6.382018],[106.926776,-6.382038],[106.926865,-6.382039],[106.927258,-6.382054],[106.927463,-6.382059],[106.928116,-6.382078],[106.928518,-6.382087],[106.928556,-6.382143],[106.928567,-6.382193],[106.928557,-6.38224],[106.9281005,-6.382237],[106.927644,-6.382234],[106.927452,-6.382228],[106.927256,-6.382222],[106.926878,-6.382208],[106.926461,-6.382181],[106.926044,-6.382154],[106.925834,-6.38213],[106.925593,-6.382089],[106.925417,-6.382044],[106.925352,-6.382028],[106.925183,-6.381973],[106.925014,-6.381895],[106.924868,-6.381813],[106.924747,-6.381893],[106.924461,-6.382071],[106.924428,-6.382153],[106.924406,-6.382254],[106.924398,-6.38251],[106.924387,-6.382999],[106.92438949999999,-6.383476],[106.924392,-6.383953],[106.924448,-6.38397],[106.924485,-6.384014],[106.924491,-6.384072],[106.924943,-6.384127],[106.925343625,-6.384134],[106.92574425,-6.3841410000000005],[106.92614487499999,-6.384148000000001],[106.9265455,-6.384155],[106.926946125,-6.384162],[106.92734675,-6.384169],[106.927747375,-6.384176],[106.928148,-6.384183],[106.928138,-6.384424],[106.928001,-6.384423],[106.92834146341463,-6.3846341463414635],[106.92868292682927,-6.384768292682927],[106.9290243902439,-6.3849024390243905],[106.92936585365854,-6.385036585365854],[106.92970731707317,-6.385170731707317],[106.9300487804878,-6.385304878048781],[106.93039024390244,-6.3854390243902435],[106.93073170731707,-6.385573170731707],[106.93107317073171,-6.38570731707317],[106.93141463414634,-6.385841463414634],[106.93175609756098,-6.385975609756097],[106.9320975609756,-6.386109756097561],[106.93243902439023,-6.386243902439024],[106.93278048780488,-6.386378048780488],[106.9331219512195,-6.386512195121951],[106.93346341463415,-6.386646341463415],[106.93380487804878,-6.386780487804878],[106.9341463414634,-6.386914634146342],[106.93448780487805,-6.387048780487805],[106.93482926829267,-6.387182926829269],[106.93517073170732,-6.387317073170731],[106.93551219512194,-6.387451219512195],[106.93585365853659,-6.387585365853658],[106.93619512195122,-6.387719512195122],[106.93653658536584,-6.387853658536585],[106.93687804878049,-6.3879878048780485],[106.93721951219511,-6.388121951219512],[106.93756097560976,-6.3882560975609755],[106.93790243902438,-6.388390243902439],[106.93824390243901,-6.388524390243902],[106.93858536585365,-6.388658536585366],[106.93892682926828,-6.388792682926829],[106.93926829268293,-6.388926829268293],[106.93960975609755,-6.389060975609756],[106.9399512195122,-6.389195121951219],[106.94029268292682,-6.389329268292682],[106.94063414634145,-6.389463414634146],[106.9409756097561,-6.389597560975609],[106.94131707317072,-6.389731707317073],[106.94165853658536,-6.389865853658536],[106.942,-6.39],[106.9423375,-6.39013125],[106.942675,-6.3902624999999995],[106.9430125,-6.390393749999999],[106.94335,-6.390524999999999],[106.9436875,-6.390656249999999],[106.944025,-6.3907875],[106.9443625,-6.39091875],[106.9447,-6.39105],[106.9450375,-6.39118125],[106.945375,-6.3913125],[106.9457125,-6.39144375],[106.94605,-6.391575],[106.9463875,-6.3917062499999995],[106.946725,-6.391837499999999],[106.9470625,-6.391968749999999],[106.94739999999999,-6.392099999999999],[106.94773749999999,-6.39223125],[106.94807499999999,-6.3923625],[106.94841249999999,-6.39249375],[106.94874999999999,-6.392625],[106.94908749999999,-6.39275625],[106.94942499999999,-6.3928875],[106.94976249999999,-6.3930187499999995],[106.95009999999999,-6.3931499999999994],[106.95043749999999,-6.393281249999999],[106.950775,-6.393412499999999],[106.9511125,-6.39354375],[106.95145,-6.393675],[106.9517875,-6.39380625],[106.952125,-6.3939375],[106.9524625,-6.39406875],[106.9528,-6.3942],[106.95307142857142,-6.39445],[106.95334285714286,-6.394699999999999],[106.95361428571428,-6.39495],[106.95388571428572,-6.3952],[106.95415714285714,-6.395449999999999],[106.95442857142856,-6.3957],[106.9547,-6.39595],[106.95497142857143,-6.396199999999999],[106.95524285714286,-6.39645],[106.95551428571429,-6.3967],[106.95578571428571,-6.3969499999999995],[106.95605714285715,-6.3972],[106.95632857142857,-6.39745],[106.95660000000001,-6.3977],[106.95687142857143,-6.39795],[106.95714285714286,-6.3982],[106.9574142857143,-6.39845],[106.95768571428572,-6.3987],[106.95795714285714,-6.39895],[106.95822857142858,-6.3992],[106.9585,-6.39945],[106.95877142857144,-6.3997],[106.95904285714286,-6.3999500000000005],[106.95931428571429,-6.4002],[106.95958571428572,-6.40045],[106.95985714285715,-6.4007000000000005],[106.96012857142858,-6.40095],[106.9604,-6.4012],[106.960671,-6.401007],[106.960655,-6.400971],[106.960641,-6.400843],[106.960656,-6.400678],[106.960652,-6.400404],[106.960655,-6.400361],[106.960688,-6.40029],[106.960104,-6.400345],[106.959935,-6.400359],[106.959762,-6.40039],[106.959884,-6.400668],[106.959915,-6.400865],[106.959987,-6.401045],[106.960029,-6.401265],[106.960041,-6.401438],[106.960052,-6.401861],[106.960049,-6.402178],[106.960058,-6.40222],[106.960098,-6.402548],[106.960104,-6.402608],[106.960182,-6.402807],[106.960217,-6.402919],[106.960244,-6.402993],[106.960368,-6.403166],[106.960534,-6.403312],[106.960721,-6.403432],[106.961123,-6.403591],[106.9614792,-6.4037432],[106.9618354,-6.4038954],[106.9621916,-6.4040476],[106.9625478,-6.4041998],[106.962904,-6.404352],[106.96326742857143,-6.4044995714285715],[106.96363085714285,-6.404647142857143],[106.96399428571428,-6.404794714285714],[106.96435771428571,-6.404942285714286],[106.96472114285714,-6.405089857142857],[106.96508457142856,-6.405237428571429],[106.965448,-6.405385],[106.96569,-6.405475],[106.96609649999999,-6.405626],[106.966503,-6.405777],[106.966569,-6.405802],[106.966598,-6.405842],[106.966611,-6.405892],[106.966718,-6.40593],[106.967232,-6.406144],[106.967428,-6.40623],[106.968087,-6.406517],[106.968409,-6.406653],[106.968539,-6.406709],[106.968741,-6.406781],[106.968916,-6.406827],[106.969295,-6.406896],[106.969573,-6.406943],[106.969533,-6.407165],[106.969393,-6.407606],[106.96911,-6.407545],[106.96901,-6.407524],[106.968865,-6.407459],[106.968752,-6.407373],[106.96879,-6.40729],[106.968826,-6.407161],[106.968916,-6.406827],[106.969295,-6.406896],[106.969573,-6.406943],[106.970013,-6.407009],[106.970282,-6.407052],[106.970575,-6.407096],[106.970891,-6.407119],[106.971323,-6.407156],[106.971822,-6.407189],[106.972057,-6.407201],[106.972246,-6.407215],[106.97242,-6.407229],[106.972536,-6.407234],[106.972787,-6.407249],[106.973078,-6.407227],[106.973329,-6.407191],[106.973545,-6.407145],[106.97391,-6.406973],[106.974065,-6.406903],[106.974295,-6.406788],[106.974619,-6.406641],[106.974796,-6.406577],[106.974946,-6.406524],[106.97532,-6.40647],[106.975558,-6.406458],[106.9761,-6.406511],[106.976203,-6.406524],[106.976501,-6.406557],[106.976874,-6.406598],[106.977047,-6.40662],[106.977202,-6.406657],[106.977336,-6.4067],[106.977449,-6.406756],[106.977568,-6.406833],[106.977859,-6.407084],[106.978354,-6.407531],[106.978453,-6.40761],[106.978304,-6.407821],[106.978238,-6.407914],[106.978186,-6.408008],[106.978138,-6.408086],[106.978061,-6.408214],[106.978014,-6.408309],[106.977922,-6.408499],[106.977887,-6.408582],[106.977815,-6.408758],[106.977797,-6.408859],[106.977783,-6.408928],[106.97778,-6.408996],[106.97778,-6.409178],[106.977782,-6.409353],[106.977778,-6.40942],[106.977768,-6.409473],[106.977755,-6.409512],[106.977691,-6.40964],[106.977646,-6.409723],[106.977603,-6.409807],[106.977579,-6.409891],[106.977562,-6.410007],[106.977563,-6.410074],[106.977564,-6.410284],[106.977535,-6.410441],[106.97751,-6.410498],[106.977491,-6.410547],[106.977466,-6.410602],[106.977434,-6.41066],[106.977377,-6.410733],[106.977333,-6.4108],[106.977293,-6.410853],[106.977256,-6.410915],[106.977222,-6.410965],[106.977206,-6.411062],[106.977202,-6.411118],[106.977198,-6.411168],[106.97770476190476,-6.4114],[106.97800952380953,-6.4116],[106.97831428571429,-6.4118],[106.97861904761905,-6.412],[106.9789238095238,-6.4122],[106.97922857142858,-6.4124],[106.97953333333334,-6.4126],[106.9798380952381,-6.4128],[106.98014285714287,-6.413],[106.98044761904762,-6.4132],[106.98075238095238,-6.4134],[106.98105714285714,-6.4136],[106.98136190476191,-6.4138],[106.98166666666667,-6.414],[106.98197142857143,-6.4142],[106.9822761904762,-6.4144],[106.98258095238096,-6.4146],[106.98288571428571,-6.4148],[106.98319047619047,-6.415],[106.98349523809524,-6.4152],[106.9838,-6.4154]]},"properties":{"id":"CAS-LRT-C02","route_id":"CAS-LRT-C02","corridor_id":"CAS-LRT-C02","corridor_name":"Cibubur Junction – Mekarsari","name":"Cibubur Junction – Mekarsari","short":"Cibubur Junction – Mekarsari","from_name":"Cibubur Junction","to_name":"Mekarsari","start_name":"Cibubur Junction","end_name":"Mekarsari","direction":"Cibubur Junction → Mekarsari","mode":"lrt","status":"PROPOSED","status_label":"Usulan CASCADE · LRT","cascade_status":"PROPOSED","network_type":"LRT","plan_type":"NEW_TRUNK","existing":"NO","length_km":14.86,"stop_count":6,"geometry_confidence":"MEDIUM","road_alignment_confidence":"MEDIUM","alignment_confidence":"MEDIUM","alignment_type":"ROAD_MEDIAN","road_backbone":"Jalan Jambore Raya, Jalan Transyogi, Jalan Raya Cileungsi-Jonggol","color":"#D62F7F","crs":"EPSG:4326","source":"CASCADE LRT C02/C04 — usulan analisis, bukan masterplan, bukan LRT Jabodebek existing","source_type":"AI_RECONSTRUCTED","geometry_source":"OSM named arterials + Nominatim extras + OSRM road-follow; NEW_ROW only where OSM/OSRM detour","planning_note":"CAS-LRT-C02 usulan CASCADE: Cibubur Junction–Jatisari–Limus Nunggal–Cileungsi Barat (kontrol)–Cileungsi–Cileungsi Timur–Mekarsari along Transyogi / Jalan Raya Cileungsi–Jonggol. Bukan Harjamukti–Baranangsiang (itu masterplan LRT_BOGOR). Bukan LRT 09 Jagakarsa–Cileungsi. Cileungsi Barat = control vertex, bukan stasiun wajib. Stasiun Cibubur Junction bukan duplikat Harjamukti.","disclaimer":"Usulan CASCADE. Bukan LRT Jabodebek existing. Bukan masterplan. Bukan DED.","updated_at":"2026-09-13","notes":"CAS-LRT-C02 usulan CASCADE: Cibubur Junction–Jatisari–Limus Nunggal–Cileungsi Barat (kontrol)–Cileungsi–Cileungsi Timur–Mekarsari along Transyogi / Jalan Raya Cileungsi–Jonggol. Bukan Harjamukti–Baranangsiang (itu masterplan LRT_BOGOR). Bukan LRT 09 Jagakarsa–Cileungsi. Cileungsi Barat = control vertex, bukan stasiun wajib. Stasiun Cibubur Junction bukan duplikat Harjamukti.","route_order":12,"vertex_count":460,"control_vertex_count":9,"interchange_count":1,"digitization_level":"L3","endpoint":"Cibubur Junction – Mekarsari"}},{"type":"Feature","id":"KRL-C03-N","geometry":{"type":"LineString","coordinates":[[106.630717,-6.176814],[106.630332,-6.176934],[106.63021,-6.176922],[106.630026,-6.176904],[106.629781,-6.176879],[106.629536,-6.176855],[106.629291,-6.17683],[106.629046,-6.176806],[106.628801,-6.176782],[106.628558,-6.176757],[106.628317,-6.176733],[106.628078,-6.176709],[106.627841,-6.176684],[106.627605,-6.17666],[106.627368,-6.176636],[106.627131,-6.176611],[106.626894,-6.176587],[106.626657,-6.176563],[106.62642,-6.176538],[106.626183,-6.176514],[106.625947,-6.176489],[106.62571,-6.176465],[106.625473,-6.176441],[106.625236,-6.176416],[106.624999,-6.176392],[106.624759,-6.176357],[106.624515,-6.176313],[106.624268,-6.176258],[106.624018,-6.176193],[106.623767,-6.176128],[106.623517,-6.176063],[106.623266,-6.175998],[106.623016,-6.175933],[106.622765,-6.175868],[106.622515,-6.175803],[106.622265,-6.175738],[106.622014,-6.175673],[106.621779,-6.1756],[106.62156,-6.175519],[106.621357,-6.17543],[106.621169,-6.175332],[106.620981,-6.175235],[106.620793,-6.175137],[106.620605,-6.17504],[106.620417,-6.174943],[106.62023,-6.174845],[106.620042,-6.174748],[106.619854,-6.17465],[106.619666,-6.174553],[106.619478,-6.174455],[106.61929,-6.174358],[106.619102,-6.174261],[106.618915,-6.174163],[106.618733,-6.174043],[106.618557,-6.173899],[106.618388,-6.173733],[106.618224,-6.173543],[106.618061,-6.173354],[106.617898,-6.173164],[106.617734,-6.172975],[106.617571,-6.172785],[106.617408,-6.172596],[106.617244,-6.172406],[106.617081,-6.172217],[106.616918,-6.172028],[106.616769,-6.171834],[106.616634,-6.171635],[106.616513,-6.171433],[106.616407,-6.171226],[106.616301,-6.171019],[106.616195,-6.170812],[106.616089,-6.170605],[106.615983,-6.170397],[106.615876,-6.17019],[106.61577,-6.169983],[106.615664,-6.169776],[106.615558,-6.169569],[106.615452,-6.169362],[106.615346,-6.169155],[106.615239,-6.168948],[106.615133,-6.168741],[106.615031,-6.168537],[106.614934,-6.168336],[106.614842,-6.168138],[106.614753,-6.167943],[106.614665,-6.167748],[106.614577,-6.167553],[106.614489,-6.167359],[106.614401,-6.167164],[106.614312,-6.166969],[106.614224,-6.166774],[106.614136,-6.166579],[106.614048,-6.166384],[106.61396,-6.166189],[106.613871,-6.165994],[106.613783,-6.1658],[106.613695,-6.165605],[106.613607,-6.16541],[106.613519,-6.165215],[106.61343,-6.16502],[106.613342,-6.164825],[106.613242,-6.16464],[106.613131,-6.164465],[106.613009,-6.164299],[106.612875,-6.164143],[106.612741,-6.163987],[106.612607,-6.163831],[106.612473,-6.163675],[106.612339,-6.163519],[106.612205,-6.163364],[106.612071,-6.163208],[106.611937,-6.163052],[106.611803,-6.162896],[106.611669,-6.16274],[106.611536,-6.162584],[106.611402,-6.162428],[106.611268,-6.162272],[106.611134,-6.162116],[106.611,-6.16196],[106.610866,-6.161805],[106.610732,-6.161649],[106.610589,-6.161497],[106.610436,-6.16135],[106.610274,-6.161208],[106.610102,-6.16107],[106.609931,-6.160932],[106.609759,-6.160794],[106.609588,-6.160656],[106.609416,-6.160517],[106.609239,-6.160382],[106.609058,-6.160248],[106.608871,-6.160117],[106.608679,-6.159988],[106.608486,-6.15986],[106.608294,-6.159731],[106.608102,-6.159602],[106.60791,-6.159473],[106.607718,-6.159344],[106.607526,-6.159216],[106.607334,-6.159087],[106.607142,-6.158958],[106.60695,-6.158829],[106.606757,-6.1587],[106.606565,-6.158572],[106.606373,-6.158443],[106.606181,-6.158314],[106.605989,-6.158185],[106.605797,-6.158056],[106.605605,-6.157928],[106.605426,-6.157792],[106.60526,-6.15765],[106.605107,-6.157501],[106.604967,-6.157345],[106.604828,-6.15719],[106.604688,-6.157034],[106.604548,-6.156879],[106.604409,-6.156723],[106.604269,-6.156568],[106.604129,-6.156412],[106.60399,-6.156257],[106.60385,-6.156101],[106.60371,-6.155946],[106.60357,-6.15579],[106.603431,-6.155634],[106.603291,-6.155479],[106.603151,-6.155323],[106.603012,-6.155168],[106.602872,-6.155012],[106.602732,-6.154857],[106.60259,-6.154701],[106.602445,-6.154546],[106.602297,-6.15439],[106.602146,-6.154234],[106.601995,-6.154079],[106.601844,-6.153923],[106.601693,-6.153768],[106.601542,-6.153612],[106.601391,-6.153457],[106.60124,-6.153301],[106.60109,-6.153146],[106.600939,-6.15299],[106.600788,-6.152835],[106.600637,-6.152679],[106.600486,-6.152523],[106.600335,-6.152368],[106.600184,-6.152212],[106.600034,-6.152057],[106.599883,-6.151901],[106.599732,-6.151746],[106.599564,-6.151614],[106.59938,-6.151505],[106.599179,-6.151421],[106.598961,-6.15136],[106.598743,-6.151298],[106.598525,-6.151237],[106.598307,-6.151176],[106.598089,-6.151115],[106.597871,-6.151054],[106.597653,-6.150993],[106.597435,-6.150932],[106.597217,-6.150871],[106.597,-6.15081],[106.596782,-6.150749],[106.596564,-6.150687],[106.596346,-6.150626],[106.596128,-6.150565],[106.59591,-6.150504],[106.595692,-6.150443],[106.595474,-6.150382],[106.595251,-6.150329],[106.595024,-6.150285],[106.594791,-6.150249],[106.594554,-6.150221],[106.594316,-6.150193],[106.594079,-6.150165],[106.593841,-6.150137],[106.593604,-6.15011],[106.593366,-6.150082],[106.593129,-6.150054],[106.592891,-6.150026],[106.592654,-6.149999],[106.592416,-6.149971],[106.592179,-6.149943],[106.591941,-6.149915],[106.591704,-6.149887],[106.591472,-6.149861],[106.591245,-6.149837],[106.591023,-6.149815],[106.590807,-6.149794],[106.59059,-6.149773],[106.590373,-6.149752],[106.590157,-6.149731],[106.58994,-6.14971],[106.589724,-6.14969],[106.589507,-6.149669],[106.589291,-6.149648],[106.589074,-6.149627],[106.588858,-6.149606],[106.588641,-6.149585],[106.588425,-6.149565],[106.588208,-6.149544],[106.587992,-6.149491],[106.587777,-6.149407],[106.587562,-6.14929],[106.587348,-6.149142],[106.587134,-6.148994],[106.58692,-6.148846],[106.586706,-6.148698],[106.586491,-6.14855],[106.586277,-6.148401],[106.586063,-6.148253],[106.585849,-6.148105],[106.585635,-6.147957],[106.585447,-6.147799],[106.585286,-6.147632],[106.585152,-6.147455],[106.585044,-6.147268],[106.584936,-6.147082],[106.584828,-6.146895],[106.584721,-6.146709],[106.584613,-6.146522],[106.584505,-6.146336],[106.584397,-6.146149],[106.58429,-6.145963],[106.584182,-6.145776],[106.584074,-6.14559],[106.583966,-6.145403],[106.583859,-6.145217],[106.583751,-6.14503],[106.583643,-6.144844],[106.583535,-6.144657],[106.583428,-6.144471],[106.58332,-6.144284],[106.583212,-6.144098],[106.583104,-6.143911],[106.582996,-6.143725],[106.582889,-6.143538],[106.582781,-6.143352],[106.582673,-6.143165],[106.582565,-6.142979],[106.582458,-6.142792],[106.582365,-6.142601],[106.582288,-6.142404],[106.582226,-6.142202],[106.58218,-6.141996],[106.582133,-6.141789],[106.582087,-6.141582],[106.58204,-6.141375],[106.581993,-6.141169],[106.581947,-6.140962],[106.5819,-6.140755],[106.581854,-6.140548],[106.581807,-6.140341],[106.581761,-6.140135],[106.581714,-6.139928],[106.581667,-6.139721],[106.581621,-6.139514],[106.581574,-6.139307],[106.581528,-6.139101],[106.581481,-6.138894],[106.581435,-6.138687],[106.581388,-6.13848],[106.581342,-6.138274],[106.581295,-6.138067],[106.581248,-6.13786],[106.581202,-6.137653],[106.581155,-6.137446],[106.581109,-6.13724],[106.581062,-6.137033],[106.581016,-6.136826],[106.580969,-6.136619],[106.580922,-6.136412],[106.580876,-6.136206],[106.580829,-6.135999],[106.580783,-6.135792],[106.580736,-6.135585],[106.58069,-6.135379],[106.580641,-6.135173],[106.580592,-6.13497],[106.58054,-6.134768],[106.580487,-6.134568],[106.580434,-6.134368],[106.580381,-6.134168],[106.580328,-6.133968],[106.580275,-6.133768],[106.580222,-6.133568],[106.580169,-6.133368],[106.580116,-6.133168],[106.580062,-6.132968],[106.580009,-6.132768],[106.579956,-6.132568],[106.579903,-6.132368],[106.57985,-6.132168],[106.579797,-6.131968],[106.579744,-6.131768],[106.579691,-6.131568],[106.579638,-6.131368],[106.579585,-6.131168],[106.579532,-6.130968],[106.579479,-6.130768],[106.579425,-6.130568],[106.579372,-6.130368],[106.579319,-6.130168],[106.579266,-6.129968],[106.579213,-6.129768],[106.57916,-6.129568],[106.579107,-6.129368],[106.579054,-6.129168],[106.579001,-6.128968],[106.578948,-6.128768],[106.578895,-6.128568],[106.578842,-6.128368],[106.578789,-6.128168],[106.578735,-6.127968],[106.578682,-6.127768],[106.578629,-6.127568],[106.578576,-6.127368],[106.578518,-6.127171],[106.578456,-6.126976],[106.578389,-6.126783],[106.578317,-6.126592],[106.578245,-6.126402],[106.578173,-6.126211],[106.578101,-6.126021],[106.57803,-6.12583],[106.577958,-6.12564],[106.577886,-6.125449],[106.577814,-6.125259],[106.577742,-6.125068],[106.57767,-6.124878],[106.577599,-6.124687],[106.577527,-6.124497],[106.577455,-6.124306],[106.577383,-6.124116],[106.577311,-6.123926],[106.577239,-6.123735],[106.577168,-6.123545],[106.577096,-6.123354],[106.577024,-6.123164],[106.576952,-6.122973],[106.57688,-6.122783],[106.576808,-6.122592],[106.576737,-6.122402],[106.576665,-6.122211],[106.576593,-6.122021],[106.576526,-6.121826],[106.576465,-6.121626],[106.576408,-6.121422],[106.576357,-6.121214],[106.576306,-6.121006],[106.576255,-6.120797],[106.576203,-6.120589],[106.576152,-6.120381],[106.576101,-6.120172],[106.57605,-6.119964],[106.575998,-6.119756],[106.575947,-6.119547],[106.575896,-6.119339],[106.575845,-6.119131],[106.575794,-6.118922],[106.575742,-6.118714],[106.575691,-6.118506],[106.57564,-6.118297],[106.575589,-6.118089],[106.575538,-6.117881],[106.575486,-6.117672],[106.575435,-6.117464],[106.575384,-6.117256],[106.575333,-6.117047],[106.575259,-6.116848],[106.575164,-6.116657],[106.575046,-6.116476],[106.574907,-6.116303],[106.574767,-6.11613],[106.574627,-6.115957],[106.574488,-6.115784],[106.574348,-6.115611],[106.574208,-6.115439],[106.574068,-6.115266],[106.573929,-6.115093],[106.573789,-6.11492],[106.573649,-6.114747],[106.57351,-6.114574],[106.57337,-6.114402],[106.57323,-6.114229],[106.573091,-6.114056],[106.572951,-6.113883],[106.572811,-6.11371],[106.572672,-6.113537],[106.572532,-6.113364],[106.572392,-6.113192],[106.572253,-6.113019],[106.572113,-6.112846],[106.571973,-6.112673],[106.571833,-6.1125],[106.571694,-6.112327],[106.571554,-6.112155],[106.571414,-6.111982],[106.571275,-6.111809],[106.571135,-6.111636],[106.570995,-6.111463],[106.570856,-6.11129],[106.570716,-6.111117],[106.570576,-6.110945],[106.570437,-6.110772],[106.570297,-6.110602],[106.570157,-6.110435],[106.570018,-6.110271],[106.569878,-6.11011],[106.569738,-6.109949],[106.569598,-6.109787],[106.569459,-6.109626],[106.569319,-6.109465],[106.569179,-6.109304],[106.56904,-6.109143],[106.5689,-6.108982],[106.56876,-6.108821],[106.568621,-6.10866],[106.568481,-6.108499],[106.568341,-6.108337],[106.568202,-6.108176],[106.568062,-6.108015],[106.567922,-6.107854],[106.567783,-6.107693],[106.567643,-6.107532],[106.567503,-6.107371],[106.567363,-6.10721],[106.567224,-6.107048],[106.567084,-6.106887],[106.566944,-6.106726],[106.566805,-6.106565],[106.566665,-6.106404],[106.566525,-6.106243],[106.566386,-6.106082],[106.566246,-6.105921],[106.566106,-6.10576],[106.565967,-6.105598],[106.565827,-6.105437],[106.565687,-6.105276],[106.565548,-6.105115],[106.565408,-6.104954],[106.565268,-6.104793],[106.565128,-6.104632],[106.564989,-6.104471],[106.564849,-6.104309],[106.564711,-6.104147],[106.564574,-6.103983],[106.564438,-6.103818],[106.564304,-6.103651],[106.56417,-6.103484],[106.564036,-6.103318],[106.563902,-6.103151],[106.563768,-6.102984],[106.563634,-6.102818],[106.5635,-6.102651],[106.563366,-6.102484],[106.563232,-6.102318],[106.563097,-6.102151],[106.562963,-6.101984],[106.562829,-6.101818],[106.562695,-6.101651],[106.562561,-6.101484],[106.562427,-6.101318],[106.562293,-6.101151],[106.562159,-6.100984],[106.562025,-6.100818],[106.561891,-6.100651],[106.561756,-6.100484],[106.561622,-6.100318],[106.561488,-6.100151],[106.561354,-6.099984],[106.56122,-6.099818],[106.561086,-6.099651],[106.560952,-6.099484],[106.560818,-6.099318],[106.560684,-6.099151],[106.56055,-6.098984],[106.560415,-6.098818],[106.560281,-6.098651],[106.560147,-6.098484],[106.560013,-6.098317],[106.559879,-6.098151],[106.559745,-6.097984],[106.559611,-6.097817],[106.559477,-6.097651],[106.559339,-6.097486],[106.559197,-6.097324],[106.559052,-6.097165],[106.558903,-6.097007],[106.558754,-6.09685],[106.558605,-6.096692],[106.558456,-6.096535],[106.558307,-6.096378],[106.558158,-6.09622],[106.558009,-6.096063],[106.55786,-6.095905],[106.557711,-6.095748],[106.557562,-6.09559],[106.557413,-6.095433],[106.557264,-6.095276],[106.557115,-6.095118],[106.556966,-6.094961],[106.556817,-6.094803],[106.556668,-6.094646],[106.556519,-6.094489],[106.55637,-6.094331],[106.556221,-6.094174],[106.556072,-6.094016],[106.555923,-6.093859],[106.555765,-6.093712],[106.555599,-6.093575],[106.555423,-6.093448],[106.555239,-6.093331],[106.555054,-6.093214],[106.55487,-6.093098],[106.554685,-6.092981],[106.554501,-6.092864],[106.554317,-6.092748],[106.554132,-6.092631],[106.553948,-6.092514],[106.553764,-6.092398],[106.553579,-6.092281],[106.553395,-6.092164],[106.55321,-6.092048],[106.553026,-6.091931],[106.552842,-6.091814],[106.552657,-6.091698],[106.552473,-6.091581],[106.552288,-6.091464],[106.552096,-6.091347],[106.551894,-6.09123],[106.551684,-6.091113],[106.551466,-6.090995],[106.551248,-6.090877],[106.551029,-6.09076],[106.550811,-6.090642],[106.550593,-6.090524],[106.550374,-6.090406],[106.550156,-6.090289],[106.549938,-6.090171],[106.549719,-6.090053],[106.549501,-6.089936],[106.549283,-6.089818],[106.549065,-6.0897],[106.548846,-6.089582],[106.548653,-6.089448],[106.548484,-6.089298],[106.548341,-6.089131],[106.548222,-6.088947],[106.548104,-6.088764],[106.547985,-6.088581],[106.547867,-6.088397],[106.547748,-6.088214],[106.54763,-6.088031],[106.547511,-6.087847],[106.547393,-6.087664],[106.547274,-6.087481],[106.547156,-6.087297],[106.547037,-6.087114],[106.546919,-6.086931],[106.5468,-6.086747],[106.546681,-6.086563],[106.546562,-6.086379],[106.546443,-6.086194],[106.546323,-6.086008],[106.546203,-6.085822],[106.546083,-6.085637],[106.545964,-6.085451],[106.545844,-6.085265],[106.545724,-6.085079],[106.545605,-6.084894],[106.545485,-6.084708],[106.545365,-6.084522],[106.545245,-6.084337],[106.545126,-6.084151],[106.545006,-6.083965],[106.544886,-6.083779],[106.544766,-6.083594],[106.544647,-6.083408],[106.544527,-6.083222],[106.544407,-6.083036],[106.544288,-6.082851],[106.544168,-6.082665],[106.544048,-6.082479],[106.543928,-6.082294],[106.543809,-6.082108],[106.543689,-6.081922],[106.543569,-6.081736],[106.543449,-6.081551],[106.54333,-6.081365],[106.54321,-6.081179],[106.54309,-6.080993],[106.542971,-6.080808],[106.542851,-6.080622],[106.542731,-6.080436],[106.542611,-6.080251],[106.542492,-6.080065],[106.542372,-6.079879],[106.542252,-6.079693],[106.542132,-6.079508],[106.542013,-6.079322],[106.541893,-6.079136],[106.541773,-6.078951],[106.541654,-6.078765],[106.541534,-6.078579],[106.541409,-6.078394],[106.541279,-6.078209],[106.541145,-6.078025],[106.541005,-6.077842],[106.540866,-6.077659],[106.540726,-6.077475],[106.540587,-6.077292],[106.540447,-6.077109],[106.540308,-6.076925],[106.540168,-6.076742],[106.540029,-6.076559],[106.539889,-6.076375],[106.53975,-6.076192],[106.53961,-6.076009],[106.53947,-6.075825],[106.539331,-6.075642],[106.539191,-6.075459],[106.539052,-6.075275],[106.538912,-6.075092],[106.538773,-6.074909],[106.538633,-6.074725],[106.538494,-6.074542],[106.538354,-6.074359],[106.538215,-6.074175],[106.538066,-6.073997],[106.537908,-6.073824],[106.537741,-6.073657],[106.537564,-6.073495],[106.537387,-6.073333],[106.537211,-6.073171],[106.537034,-6.073009],[106.536858,-6.072847],[106.536681,-6.072685],[106.536504,-6.072522],[106.536328,-6.07236],[106.536151,-6.072198],[106.535975,-6.072036],[106.535798,-6.071874],[106.535622,-6.071712],[106.535445,-6.07155],[106.535268,-6.071388],[106.535092,-6.071226],[106.534915,-6.071064],[106.534739,-6.070902],[106.534563,-6.070751],[106.534387,-6.07061],[106.534213,-6.070481],[106.534039,-6.070363],[106.533865,-6.070245],[106.533691,-6.070127],[106.533517,-6.070008],[106.533342,-6.06989],[106.533168,-6.069772],[106.532994,-6.069654],[106.53282,-6.069536],[106.532646,-6.069418],[106.532472,-6.069299],[106.532298,-6.069181],[106.532124,-6.069063],[106.53195,-6.068945],[106.531776,-6.068827],[106.531602,-6.068708],[106.531428,-6.06859],[106.531254,-6.068472],[106.53108,-6.068354],[106.530906,-6.068236],[106.530732,-6.068117],[106.530558,-6.067999],[106.530384,-6.067881],[106.53021,-6.067763],[106.530036,-6.067645],[106.529862,-6.067527],[106.529688,-6.067408],[106.529514,-6.06729],[106.52934,-6.067172],[106.529166,-6.067054],[106.52899,-6.066941],[106.528812,-6.066833],[106.528633,-6.06673],[106.528452,-6.066633],[106.528271,-6.066535],[106.52809,-6.066438],[106.527908,-6.06634],[106.527727,-6.066242],[106.527546,-6.066145],[106.527365,-6.066047],[106.527184,-6.06595],[106.527003,-6.065852],[106.526822,-6.065755],[106.526641,-6.065657],[106.52646,-6.06556],[106.526278,-6.065462],[106.526097,-6.065364],[106.525916,-6.065267],[106.525735,-6.065169],[106.525554,-6.065072],[106.525373,-6.064974],[106.525192,-6.064877],[106.525011,-6.064779],[106.52483,-6.064682],[106.524648,-6.064584],[106.524467,-6.064486],[106.524286,-6.064389],[106.524105,-6.064291],[106.523924,-6.064194],[106.523743,-6.064096],[106.523562,-6.063999],[106.523381,-6.063901],[106.5232,-6.063804],[106.523019,-6.063706],[106.522837,-6.063609],[106.522656,-6.063511],[106.52247,-6.063421],[106.522277,-6.063338],[106.522079,-6.063263],[106.521875,-6.063196],[106.521671,-6.063128],[106.521468,-6.063061],[106.521264,-6.062993],[106.52106,-6.062926],[106.520856,-6.062858],[106.520653,-6.062791],[106.520449,-6.062723],[106.520245,-6.062655],[106.520042,-6.062588],[106.519838,-6.06252],[106.519634,-6.062453],[106.51943,-6.062385],[106.519227,-6.062318],[106.519023,-6.06225],[106.518819,-6.062183],[106.518615,-6.062115],[106.518412,-6.062048],[106.518208,-6.06198],[106.518004,-6.061913],[106.5178,-6.061845],[106.517597,-6.061778],[106.517393,-6.06171],[106.517189,-6.061642],[106.516985,-6.061575],[106.516782,-6.061507],[106.516578,-6.06144],[106.516374,-6.061372],[106.51617,-6.061305],[106.515969,-6.061237],[106.51577,-6.06117],[106.515574,-6.061102],[106.51538,-6.061035],[106.515185,-6.060967],[106.514991,-6.0609],[106.514797,-6.060832],[106.514603,-6.060764],[106.514409,-6.060697],[106.514215,-6.060629],[106.514021,-6.060562],[106.513827,-6.060494],[106.513633,-6.060427],[106.513439,-6.060359],[106.513245,-6.060292],[106.513051,-6.060224],[106.512857,-6.060157],[106.512663,-6.060089],[106.512469,-6.060022],[106.512275,-6.059954],[106.512081,-6.059886],[106.511887,-6.059819],[106.511693,-6.059751],[106.511499,-6.059684],[106.511305,-6.059616],[106.51111,-6.059549],[106.510916,-6.059481],[106.510722,-6.059414],[106.510577,-6.05935],[106.510479,-6.05929],[106.51043,-6.059235],[106.510429,-6.059183],[106.510368,-6.05914],[106.510247,-6.059105],[106.510066,-6.059079],[106.509826,-6.059062],[106.509585,-6.059044],[106.509344,-6.059027],[106.509103,-6.05901],[106.508862,-6.058992],[106.508622,-6.058975],[106.508381,-6.058957],[106.50814,-6.05894],[106.507899,-6.058923],[106.507659,-6.058905],[106.507418,-6.058888],[106.507177,-6.05887],[106.506936,-6.058853],[106.506695,-6.058835],[106.506455,-6.058818],[106.506214,-6.058801],[106.505973,-6.058783],[106.505738,-6.058787],[106.505508,-6.05881],[106.505283,-6.058855],[106.505065,-6.05892],[106.504846,-6.058986],[106.504627,-6.059051],[106.504408,-6.059116],[106.504189,-6.059182],[106.50397,-6.059247],[106.503751,-6.059312],[106.503532,-6.059378],[106.503313,-6.059443],[106.503095,-6.059508],[106.502876,-6.059573],[106.502657,-6.059639],[106.502438,-6.059704],[106.502219,-6.059769],[106.502,-6.059835],[106.501781,-6.0599],[106.501562,-6.059965],[106.501343,-6.060031],[106.501124,-6.060096],[106.500906,-6.060161],[106.500687,-6.060226],[106.500472,-6.060299],[106.500262,-6.06038],[106.500056,-6.060468],[106.499855,-6.060564],[106.499653,-6.06066],[106.499452,-6.060755],[106.499251,-6.060851],[106.499049,-6.060947],[106.498848,-6.061043],[106.498647,-6.061138],[106.498445,-6.061234],[106.498244,-6.06133],[106.498042,-6.061426],[106.497841,-6.061522],[106.49764,-6.061617],[106.497438,-6.061713],[106.497237,-6.061809],[106.497035,-6.061905],[106.496834,-6.062],[106.496633,-6.062096],[106.496441,-6.062212],[106.496259,-6.062347],[106.496088,-6.062501],[106.495926,-6.062675],[106.495764,-6.062849],[106.495602,-6.063024],[106.49544,-6.063198],[106.495278,-6.063372],[106.495116,-6.063546],[106.494954,-6.06372],[106.494792,-6.063894],[106.49463,-6.064068],[106.494468,-6.064243],[106.494306,-6.064417],[106.494144,-6.064591],[106.493982,-6.064765],[106.49382,-6.064939],[106.493658,-6.065113],[106.493496,-6.065287],[106.493334,-6.065461],[106.493194,-6.06564],[106.493075,-6.065824],[106.492978,-6.066012],[106.492903,-6.066205],[106.492828,-6.066397],[106.492753,-6.06659],[106.492678,-6.066783],[106.492603,-6.066976],[106.492528,-6.067169],[106.492453,-6.067361],[106.492378,-6.067554],[106.492303,-6.067747],[106.492228,-6.06794],[106.492153,-6.068133],[106.492078,-6.068325],[106.492003,-6.068518],[106.491928,-6.068711],[106.491853,-6.068904],[106.491778,-6.069097],[106.491702,-6.069289],[106.491627,-6.069482],[106.491552,-6.069675],[106.491477,-6.069868],[106.491402,-6.070061],[106.491327,-6.070253],[106.491252,-6.070446],[106.491177,-6.070639],[106.491102,-6.070832],[106.490998,-6.070997],[106.490865,-6.071136],[106.490703,-6.071247],[106.490513,-6.071331],[106.490322,-6.071415],[106.490131,-6.071499],[106.48994,-6.071583],[106.48975,-6.071667],[106.489559,-6.071751],[106.489368,-6.071835],[106.489177,-6.071919],[106.488987,-6.072002],[106.488796,-6.072086],[106.488605,-6.07217],[106.488414,-6.072254],[106.488224,-6.072338],[106.488033,-6.072422],[106.487842,-6.072506],[106.487651,-6.07259],[106.487461,-6.072674],[106.48727,-6.072758],[106.487079,-6.072842],[106.486888,-6.072926],[106.486698,-6.07301],[106.486507,-6.073094],[106.486316,-6.073178],[106.486125,-6.073262],[106.485935,-6.073346],[106.485756,-6.073448],[106.485591,-6.073567],[106.485438,-6.073705],[106.485298,-6.07386],[106.485158,-6.074016],[106.485018,-6.074171],[106.484877,-6.074327],[106.484737,-6.074482],[106.484597,-6.074638],[106.484457,-6.074793],[106.484317,-6.074948],[106.484177,-6.075104],[106.484036,-6.075259],[106.483896,-6.075415],[106.483756,-6.07557],[106.483616,-6.075726],[106.483476,-6.075881],[106.483336,-6.076037],[106.483195,-6.076192],[106.483055,-6.076348],[106.482915,-6.076503],[106.482775,-6.076658],[106.482635,-6.076814],[106.482494,-6.076969],[106.482354,-6.077125],[106.482214,-6.07728],[106.482074,-6.077436],[106.481934,-6.077591],[106.481794,-6.077747],[106.481653,-6.077902],[106.481513,-6.078057],[106.481373,-6.078213],[106.481233,-6.078368],[106.481093,-6.078524],[106.480953,-6.078679],[106.480812,-6.078835],[106.480672,-6.07899],[106.480532,-6.079146],[106.480392,-6.079301],[106.480252,-6.079456],[106.480111,-6.079612],[106.479971,-6.079767],[106.479831,-6.079923],[106.479691,-6.080078],[106.479551,-6.080234],[106.479411,-6.080389],[106.47927,-6.080545],[106.47913,-6.0807],[106.47899,-6.080855],[106.47885,-6.081011],[106.47871,-6.081166],[106.47857,-6.081322],[106.478429,-6.081477],[106.478289,-6.081633],[106.478149,-6.081788],[106.478009,-6.081944],[106.477869,-6.082099],[106.477729,-6.082255],[106.477588,-6.08241],[106.477448,-6.082565],[106.477308,-6.082721],[106.477168,-6.082876],[106.477028,-6.083032],[106.476887,-6.083187],[106.476747,-6.083343],[106.476607,-6.083498],[106.476467,-6.083654],[106.476327,-6.083809],[106.476187,-6.083964],[106.476046,-6.08412],[106.475906,-6.084275],[106.475766,-6.084431],[106.475618,-6.084576],[106.475461,-6.084711],[106.475296,-6.084836],[106.475124,-6.08495],[106.474951,-6.085065],[106.474778,-6.08518],[106.474605,-6.085294],[106.474432,-6.085409],[106.474259,-6.085524],[106.474086,-6.085638],[106.473913,-6.085753],[106.47374,-6.085867],[106.473568,-6.085982],[106.473395,-6.086097],[106.473222,-6.086211],[106.473049,-6.086326],[106.472876,-6.08644],[106.472703,-6.086555],[106.47253,-6.08667],[106.472357,-6.086784],[106.472184,-6.086899],[106.472012,-6.087013],[106.471839,-6.087128],[106.471666,-6.087243],[106.471493,-6.087357],[106.47132,-6.087472],[106.471147,-6.087586],[106.470974,-6.087701],[106.470801,-6.087816],[106.470628,-6.08793],[106.470456,-6.088045],[106.470283,-6.08816],[106.47011,-6.088274],[106.469937,-6.088389],[106.469764,-6.088503],[106.469591,-6.088618],[106.469418,-6.088733],[106.469245,-6.088847],[106.469072,-6.088962],[106.4689,-6.089076],[106.468727,-6.089191],[106.468554,-6.089306],[106.468381,-6.08942],[106.468208,-6.089535],[106.468035,-6.089649],[106.467862,-6.089764],[106.467689,-6.089879],[106.467516,-6.089993],[106.467344,-6.090108],[106.467171,-6.090223],[106.466998,-6.090337],[106.466825,-6.090452],[106.466652,-6.090566],[106.466479,-6.090681],[106.466306,-6.090796],[106.466133,-6.09091],[106.465956,-6.091018],[106.465775,-6.091118],[106.465589,-6.091212],[106.465399,-6.091298],[106.46521,-6.091385],[106.46502,-6.091471],[106.46483,-6.091558],[106.46464,-6.091644],[106.46445,-6.091731],[106.46426,-6.091817],[106.464071,-6.091904],[106.463881,-6.091991],[106.463691,-6.092077],[106.463501,-6.092164],[106.463311,-6.09225],[106.463121,-6.092337],[106.462931,-6.092423],[106.462742,-6.09251],[106.462552,-6.092596],[106.462362,-6.092683],[106.462172,-6.092769],[106.461982,-6.092856],[106.461792,-6.092942],[106.461603,-6.093029],[106.461413,-6.093115],[106.461223,-6.093202],[106.461033,-6.093288],[106.460843,-6.093375],[106.460653,-6.093461],[106.460464,-6.093548],[106.460274,-6.093634],[106.460084,-6.093721],[106.459894,-6.093807],[106.459704,-6.093894],[106.459514,-6.09398],[106.459325,-6.094067],[106.459135,-6.094153],[106.458945,-6.09424],[106.458755,-6.094327],[106.458565,-6.094413],[106.458375,-6.0945],[106.458185,-6.094586],[106.457996,-6.094673],[106.457806,-6.094759],[106.457616,-6.094846],[106.457426,-6.094932],[106.457236,-6.095019],[106.457046,-6.095105],[106.456857,-6.095192],[106.456667,-6.095278],[106.456477,-6.095365],[106.456287,-6.095451],[106.456097,-6.095538],[106.455907,-6.095624],[106.455718,-6.095711],[106.455528,-6.095797],[106.455338,-6.095884],[106.455148,-6.09597],[106.454958,-6.096057],[106.454768,-6.096143],[106.454579,-6.09623],[106.454389,-6.096316],[106.454199,-6.096403],[106.454009,-6.096489],[106.453819,-6.096576],[106.453629,-6.096663],[106.45344,-6.096749],[106.45325,-6.096836],[106.453056,-6.096914],[106.452858,-6.096985],[106.452656,-6.097048],[106.452451,-6.097103],[106.452245,-6.097158],[106.452039,-6.097213],[106.451834,-6.097268],[106.451628,-6.097323],[106.451422,-6.097378],[106.451217,-6.097433],[106.451011,-6.097488],[106.450805,-6.097543],[106.4506,-6.097598],[106.450394,-6.097654],[106.450189,-6.097709],[106.449983,-6.097764],[106.449777,-6.097819],[106.449572,-6.097874],[106.449366,-6.097929],[106.44916,-6.097984],[106.448955,-6.098039],[106.448749,-6.098094],[106.448543,-6.098149],[106.448338,-6.098204],[106.448132,-6.098259],[106.447926,-6.098314],[106.447721,-6.098369],[106.447515,-6.098424],[106.447309,-6.098479],[106.447104,-6.098534],[106.446898,-6.098589],[106.446692,-6.098645],[106.446487,-6.0987],[106.446281,-6.098755],[106.446075,-6.09881],[106.44587,-6.098865],[106.445664,-6.09892],[106.445458,-6.098975],[106.445253,-6.09903],[106.445047,-6.099085],[106.444841,-6.09914],[106.444636,-6.099195],[106.44443,-6.09925],[106.444224,-6.099305],[106.444019,-6.09936],[106.443813,-6.099415],[106.443607,-6.09947],[106.443402,-6.099525],[106.443196,-6.099581],[106.44299,-6.099636],[106.442785,-6.099691],[106.442579,-6.099746],[106.442373,-6.099801],[106.442168,-6.099856],[106.441962,-6.099911],[106.441756,-6.099966],[106.441551,-6.100021],[106.441345,-6.100076],[106.441139,-6.100131],[106.440934,-6.100186],[106.440728,-6.100241],[106.440522,-6.100296],[106.440317,-6.100351],[106.440111,-6.100406],[106.439906,-6.100461],[106.4397,-6.100516],[106.439494,-6.100572],[106.439289,-6.100627],[106.439083,-6.100667],[106.438877,-6.100692],[106.438671,-6.100703],[106.438465,-6.100699],[106.438259,-6.100695],[106.438053,-6.10069],[106.437848,-6.100686],[106.437642,-6.100682],[106.437436,-6.100678],[106.43723,-6.100674],[106.437024,-6.100669],[106.436818,-6.100665],[106.436612,-6.100661],[106.436406,-6.100657],[106.4362,-6.100653],[106.435994,-6.100649],[106.435788,-6.100644],[106.435583,-6.10064],[106.435377,-6.100636],[106.435171,-6.100632],[106.434965,-6.100628],[106.434759,-6.100624],[106.434553,-6.100619],[106.434347,-6.100615],[106.434141,-6.100611],[106.433935,-6.100607],[106.433729,-6.100603],[106.433524,-6.100598],[106.433318,-6.100594],[106.433112,-6.10059],[106.432906,-6.100586],[106.4327,-6.100582],[106.432494,-6.100578],[106.432288,-6.100573],[106.432082,-6.100569],[106.431876,-6.100565],[106.43167,-6.100561],[106.431464,-6.100557],[106.431259,-6.100552],[106.431053,-6.100548],[106.430847,-6.100544],[106.430641,-6.10054],[106.430435,-6.100536],[106.430229,-6.100532],[106.430023,-6.100527],[106.429817,-6.100523],[106.429611,-6.100519],[106.429405,-6.100515],[106.429199,-6.100511],[106.428994,-6.100507],[106.428788,-6.100502],[106.428582,-6.100498],[106.428376,-6.100494],[106.42817,-6.10049],[106.427964,-6.100486],[106.427758,-6.100481],[106.427552,-6.100477],[106.427346,-6.100473],[106.42714,-6.100469],[106.426934,-6.100465],[106.426729,-6.100461],[106.426523,-6.100456],[106.426317,-6.100452],[106.426111,-6.100448],[106.425904,-6.100435],[106.425697,-6.100414],[106.42549,-6.100384],[106.425282,-6.100346],[106.425074,-6.100308],[106.424866,-6.10027],[106.424657,-6.100232],[106.424449,-6.100193],[106.424241,-6.100155],[106.424033,-6.100117],[106.423825,-6.100079],[106.423617,-6.100041],[106.423409,-6.100002],[106.423201,-6.099964],[106.422993,-6.099926],[106.422784,-6.099888],[106.422576,-6.09985],[106.422368,-6.099811],[106.42216,-6.099773],[106.421952,-6.099735],[106.421744,-6.099697],[106.421536,-6.099659],[106.421328,-6.09962],[106.42112,-6.099582],[106.420911,-6.099544],[106.420703,-6.099506],[106.420495,-6.099468],[106.420287,-6.099429],[106.420079,-6.099391],[106.419871,-6.099353],[106.419663,-6.099315],[106.419455,-6.099277],[106.419247,-6.099238],[106.419039,-6.0992],[106.41883,-6.099162],[106.418622,-6.099124],[106.418414,-6.099086],[106.418206,-6.099047],[106.417998,-6.099009],[106.41779,-6.098971],[106.417582,-6.098933],[106.417374,-6.098895],[106.417166,-6.098856],[106.416957,-6.098818],[106.416749,-6.09878],[106.416541,-6.098742],[106.416333,-6.098704],[106.416125,-6.098665],[106.415917,-6.098627],[106.415709,-6.098589],[106.415501,-6.098551],[106.415293,-6.098513],[106.415084,-6.098474],[106.414876,-6.098436],[106.414668,-6.098398],[106.41446,-6.09836],[106.414252,-6.098322],[106.414044,-6.098283],[106.413836,-6.098245],[106.413628,-6.098207],[106.41342,-6.098169],[106.413211,-6.098131],[106.413003,-6.098092],[106.412795,-6.098054],[106.412587,-6.098016],[106.412379,-6.097978],[106.412171,-6.097939],[106.411963,-6.097901],[106.411755,-6.097863],[106.411547,-6.097825],[106.411339,-6.097787],[106.41113,-6.097748],[106.410922,-6.09771],[106.410714,-6.097672],[106.410506,-6.097634],[106.410298,-6.097596],[106.41009,-6.097557],[106.409882,-6.097519],[106.409674,-6.097481],[106.409466,-6.097443],[106.409257,-6.097405],[106.409049,-6.097366],[106.408841,-6.097328],[106.408633,-6.09729],[106.408429,-6.097243],[106.40823,-6.097187],[106.408035,-6.097121],[106.407845,-6.097047],[106.407654,-6.096973],[106.407464,-6.096898],[106.407273,-6.096824],[106.407083,-6.09675],[106.406892,-6.096676],[106.406702,-6.096601],[106.406511,-6.096527],[106.406321,-6.096453],[106.40613,-6.096378],[106.40594,-6.096304],[106.405749,-6.09623],[106.405559,-6.096156],[106.405368,-6.096081],[106.405178,-6.096007],[106.404987,-6.095933],[106.404797,-6.095859],[106.404606,-6.095784],[106.404416,-6.09571],[106.404225,-6.095636],[106.404035,-6.095561],[106.403844,-6.095487],[106.403654,-6.095413],[106.403463,-6.095339],[106.403273,-6.095264],[106.403082,-6.09519],[106.402892,-6.095116],[106.402701,-6.095041],[106.402511,-6.094967],[106.40232,-6.094893],[106.40213,-6.094819],[106.401939,-6.094744],[106.401749,-6.09467],[106.401558,-6.094596],[106.401368,-6.094521],[106.401177,-6.094447],[106.400987,-6.094373],[106.400796,-6.094299],[106.400606,-6.094224],[106.400415,-6.09415],[106.400225,-6.094076],[106.400034,-6.094001],[106.399844,-6.093927],[106.399653,-6.093853],[106.399463,-6.093779],[106.399272,-6.093704],[106.399082,-6.09363],[106.398891,-6.093556],[106.398701,-6.093481],[106.39851,-6.093407],[106.39832,-6.093333],[106.398129,-6.093259],[106.397939,-6.093184],[106.397748,-6.09311],[106.397558,-6.093036],[106.397367,-6.092961],[106.397177,-6.092887],[106.396986,-6.092813],[106.396796,-6.092739],[106.396605,-6.092664],[106.396415,-6.09259],[106.396224,-6.092516],[106.396034,-6.092441],[106.395843,-6.092367],[106.395653,-6.092293],[106.395462,-6.092219],[106.395272,-6.092144],[106.395081,-6.09207],[106.394891,-6.091996],[106.394702,-6.091915],[106.394515,-6.091829],[106.394329,-6.091736],[106.394145,-6.091637],[106.39396,-6.091538],[106.393776,-6.09144],[106.393592,-6.091341],[106.393408,-6.091242],[106.393224,-6.091143],[106.39304,-6.091044],[106.392855,-6.090945],[106.392671,-6.090847],[106.392487,-6.090748],[106.392303,-6.090649],[106.392119,-6.09055],[106.391935,-6.090451],[106.39175,-6.090352],[106.391566,-6.090254],[106.391382,-6.090155],[106.391198,-6.090056],[106.391014,-6.089957],[106.39083,-6.089858],[106.390645,-6.08976],[106.390461,-6.089661],[106.390277,-6.089562],[106.390093,-6.089463],[106.389909,-6.089364],[106.389725,-6.089265],[106.38954,-6.089167],[106.389356,-6.089068],[106.389172,-6.088969],[106.388988,-6.08887],[106.388804,-6.088771],[106.38862,-6.088672],[106.388435,-6.088574],[106.388251,-6.088475],[106.388067,-6.088376],[106.387883,-6.088277],[106.387699,-6.088178],[106.387515,-6.088079],[106.387331,-6.087981],[106.387146,-6.087882],[106.386962,-6.087783],[106.386778,-6.087684],[106.386594,-6.087585],[106.38641,-6.087486],[106.386226,-6.087388],[106.386041,-6.087289],[106.385857,-6.08719],[106.385673,-6.087091],[106.385489,-6.086992],[106.385305,-6.086893],[106.385121,-6.086795],[106.384936,-6.086696],[106.384752,-6.086597],[106.384568,-6.086498],[106.384384,-6.086399],[106.3842,-6.0863],[106.384016,-6.086202],[106.383831,-6.086103],[106.383647,-6.086004],[106.383463,-6.085905],[106.383279,-6.085806],[106.383095,-6.085707],[106.382911,-6.085609],[106.382726,-6.08551],[106.382542,-6.085411],[106.382358,-6.085312],[106.382174,-6.085213],[106.38199,-6.085114],[106.381806,-6.085016],[106.381621,-6.084917],[106.381437,-6.084818],[106.381253,-6.084719],[106.381069,-6.08462],[106.380885,-6.084521],[106.380701,-6.084423],[106.380516,-6.084324],[106.380332,-6.084225],[106.380148,-6.084126],[106.379964,-6.084027],[106.37978,-6.083929],[106.379596,-6.08383],[106.379411,-6.083731],[106.379227,-6.083632],[106.379043,-6.083533],[106.378859,-6.083434],[106.378675,-6.083336],[106.378491,-6.083237],[106.378306,-6.083138],[106.378122,-6.083039],[106.377938,-6.08294],[106.377755,-6.082839],[106.377572,-6.082737],[106.377389,-6.082632],[106.377207,-6.082526],[106.377026,-6.082419],[106.376844,-6.082313],[106.376662,-6.082206],[106.37648,-6.0821],[106.376298,-6.081993],[106.376117,-6.081887],[106.375935,-6.08178],[106.375753,-6.081674],[106.375571,-6.081567],[106.37539,-6.081461],[106.375208,-6.081355],[106.375026,-6.081248],[106.374844,-6.081142],[106.374662,-6.081035],[106.374481,-6.080929],[106.374299,-6.080822],[106.374117,-6.080716],[106.373935,-6.080609],[106.373753,-6.080503],[106.373572,-6.080396],[106.37339,-6.08029],[106.373208,-6.080183],[106.373026,-6.080077],[106.372845,-6.07997],[106.372663,-6.079864],[106.372481,-6.079757],[106.372299,-6.079651],[106.372117,-6.079544],[106.371936,-6.079438],[106.371754,-6.079331],[106.371572,-6.079225],[106.37139,-6.079119],[106.371209,-6.079012],[106.371027,-6.078906],[106.370845,-6.078799],[106.370663,-6.078693],[106.370481,-6.078586],[106.3703,-6.07848],[106.370118,-6.078373],[106.369936,-6.078267],[106.369754,-6.07816],[106.369572,-6.078054],[106.369391,-6.077947],[106.369209,-6.077841],[106.369027,-6.077734],[106.368845,-6.077628],[106.368664,-6.077521],[106.368482,-6.077415],[106.3683,-6.077308],[106.368118,-6.077202],[106.367936,-6.077095],[106.367755,-6.076989],[106.367573,-6.076883],[106.367391,-6.076776],[106.367209,-6.07667],[106.367028,-6.076563],[106.366846,-6.076457],[106.366664,-6.07635],[106.366482,-6.076244],[106.3663,-6.076137],[106.366119,-6.076031],[106.365937,-6.075924],[106.365755,-6.075818],[106.365573,-6.075711],[106.365391,-6.075605],[106.36521,-6.075498],[106.365028,-6.075392],[106.364846,-6.075285],[106.364664,-6.075179],[106.364483,-6.075072],[106.364301,-6.074966],[106.364119,-6.07486],[106.363937,-6.074753],[106.363755,-6.074647],[106.363574,-6.07454],[106.363392,-6.074434],[106.36321,-6.074327],[106.363028,-6.074221],[106.362846,-6.074114],[106.362665,-6.074008],[106.362483,-6.073901],[106.362301,-6.073795],[106.362119,-6.073688],[106.361938,-6.073582],[106.361756,-6.073475],[106.361574,-6.073369],[106.361392,-6.073262],[106.36121,-6.073156],[106.361029,-6.073049],[106.360847,-6.072943],[106.360665,-6.072836],[106.360483,-6.07273],[106.360302,-6.072624],[106.36012,-6.072517],[106.359938,-6.072411],[106.359756,-6.072304],[106.359574,-6.072198],[106.359393,-6.072091],[106.359211,-6.071985],[106.359029,-6.071878],[106.358847,-6.071772],[106.358665,-6.071665],[106.358484,-6.071559],[106.358302,-6.071452],[106.358127,-6.071337],[106.357959,-6.071214],[106.357798,-6.071082],[106.357644,-6.070942],[106.35749,-6.070802],[106.357336,-6.070662],[106.357182,-6.070522],[106.357028,-6.070381],[106.356874,-6.070241],[106.35672,-6.070101],[106.356566,-6.069961],[106.356412,-6.069821],[106.356258,-6.06968],[106.356104,-6.06954],[106.35595,-6.0694],[106.355796,-6.06926],[106.355642,-6.06912],[106.355488,-6.068979],[106.355334,-6.068839],[106.35518,-6.068699],[106.355026,-6.068559],[106.354872,-6.068419],[106.354718,-6.068279],[106.354564,-6.068138],[106.35441,-6.067998],[106.354256,-6.067858],[106.354103,-6.067718],[106.353949,-6.067578],[106.353795,-6.067437],[106.353641,-6.067297],[106.353487,-6.067157],[106.353333,-6.067017],[106.353179,-6.066877],[106.353025,-6.066736],[106.352871,-6.066596],[106.352717,-6.066456],[106.352563,-6.066316],[106.352409,-6.066176],[106.352255,-6.066036],[106.352101,-6.065895],[106.351947,-6.065755],[106.351793,-6.065615],[106.351639,-6.065475],[106.351485,-6.065335],[106.351331,-6.065194],[106.351177,-6.065054],[106.351023,-6.064914],[106.350869,-6.064774],[106.350715,-6.064634],[106.350561,-6.064493],[106.350407,-6.064353],[106.350253,-6.064213],[106.350099,-6.064073],[106.349945,-6.063933],[106.349791,-6.063793],[106.349637,-6.063652],[106.349483,-6.063512],[106.349329,-6.063372],[106.349175,-6.063232],[106.349021,-6.063092],[106.348867,-6.062951],[106.348713,-6.062811],[106.348559,-6.062671],[106.348405,-6.062531],[106.348251,-6.062391],[106.348097,-6.06225],[106.347943,-6.06211],[106.347789,-6.06197],[106.347635,-6.06183],[106.347481,-6.06169],[106.347327,-6.061549],[106.347173,-6.061409],[106.347019,-6.061269],[106.346865,-6.061129],[106.346711,-6.060989],[106.346557,-6.060849],[106.346403,-6.060708],[106.346249,-6.060568],[106.346095,-6.060428],[106.345941,-6.060288],[106.345787,-6.060148],[106.345633,-6.060007],[106.345479,-6.059867],[106.345325,-6.059727],[106.345171,-6.059587],[106.345017,-6.059447],[106.344863,-6.059306],[106.344709,-6.059166],[106.344555,-6.059026],[106.344401,-6.058886],[106.344247,-6.058746],[106.344093,-6.058606],[106.343939,-6.058465],[106.343785,-6.058325],[106.343631,-6.058185],[106.343477,-6.058045],[106.343323,-6.057905],[106.343169,-6.057764],[106.343015,-6.057624],[106.342861,-6.057484],[106.342707,-6.057344],[106.342553,-6.057204],[106.342399,-6.057063],[106.342245,-6.056923],[106.342091,-6.056783],[106.341937,-6.056643],[106.341783,-6.056503],[106.341629,-6.056363],[106.341475,-6.056222],[106.341321,-6.056082],[106.341167,-6.055942],[106.341013,-6.055802],[106.340859,-6.055662],[106.340705,-6.055521],[106.340551,-6.055381],[106.340397,-6.055241],[106.340243,-6.055101],[106.340089,-6.054961],[106.339935,-6.05482],[106.339781,-6.05468],[106.339627,-6.05454],[106.339473,-6.0544],[106.33932,-6.05426],[106.339166,-6.05412],[106.339016,-6.053974],[106.338872,-6.053823],[106.338733,-6.053667],[106.338598,-6.053505],[106.338464,-6.053344],[106.338329,-6.053182],[106.338195,-6.053021],[106.33806,-6.052859],[106.337926,-6.052697],[106.337792,-6.052536],[106.337657,-6.052374],[106.337523,-6.052213],[106.337388,-6.052051],[106.337254,-6.051889],[106.337119,-6.051728],[106.336985,-6.051566],[106.33685,-6.051405],[106.336716,-6.051243],[106.336581,-6.051082],[106.336447,-6.05092],[106.336312,-6.050758],[106.336178,-6.050597],[106.336043,-6.050435],[106.335909,-6.050274],[106.335774,-6.050112],[106.33564,-6.049951],[106.335506,-6.049789],[106.335371,-6.049627],[106.335237,-6.049466],[106.335102,-6.049304],[106.334968,-6.049143],[106.334833,-6.048981],[106.334699,-6.048819],[106.334564,-6.048658],[106.33443,-6.048496],[106.334295,-6.048335],[106.334161,-6.048173],[106.334026,-6.048012],[106.333892,-6.04785],[106.333757,-6.047688],[106.333623,-6.047527],[106.333489,-6.047365],[106.333354,-6.047204],[106.33322,-6.047042],[106.333085,-6.046881],[106.332951,-6.046719],[106.332816,-6.046557],[106.332682,-6.046396],[106.332547,-6.046234],[106.332413,-6.046073],[106.332278,-6.045911],[106.332144,-6.045749],[106.332009,-6.045588],[106.331875,-6.045426],[106.33174,-6.045265],[106.331606,-6.045103],[106.331471,-6.044942],[106.331337,-6.04478],[106.331203,-6.044618],[106.331068,-6.044457],[106.330934,-6.044295],[106.330799,-6.044134],[106.330665,-6.043972],[106.33053,-6.04381],[106.330396,-6.043649],[106.330261,-6.043487],[106.330127,-6.043326],[106.329992,-6.043164],[106.329858,-6.043003],[106.329723,-6.042841],[106.329589,-6.042679],[106.329454,-6.042518],[106.32932,-6.042356],[106.329185,-6.042195],[106.329051,-6.042033],[106.328917,-6.041872],[106.328782,-6.04171],[106.328648,-6.041548],[106.328513,-6.041387],[106.328379,-6.041225],[106.328244,-6.041064],[106.32811,-6.040902],[106.327975,-6.04074],[106.327841,-6.040579],[106.327706,-6.040417],[106.327572,-6.040256],[106.327437,-6.040094],[106.327303,-6.039933],[106.327168,-6.039771],[106.327034,-6.039609],[106.326899,-6.039448],[106.326765,-6.039286],[106.326631,-6.039125],[106.326496,-6.038963],[106.326362,-6.038801],[106.326227,-6.03864],[106.326104,-6.038473],[106.325992,-6.038299],[106.325891,-6.038121],[106.325801,-6.037936],[106.325712,-6.037751],[106.325622,-6.037567],[106.325532,-6.037382],[106.325443,-6.037197],[106.325353,-6.037013],[106.325263,-6.036828],[106.325174,-6.036643],[106.325084,-6.036459],[106.324995,-6.036274],[106.324905,-6.036089],[106.324815,-6.035905],[106.324726,-6.03572],[106.324636,-6.035535],[106.324546,-6.03535],[106.324457,-6.035166],[106.324367,-6.034981],[106.324277,-6.034796],[106.324188,-6.034612],[106.324098,-6.034427],[106.324008,-6.034242],[106.323919,-6.034058],[106.323829,-6.033873],[106.323739,-6.033688],[106.32365,-6.033504],[106.32356,-6.033319],[106.323471,-6.033134],[106.323381,-6.03295],[106.323291,-6.032765],[106.323202,-6.03258],[106.323112,-6.032396],[106.323022,-6.032211],[106.322933,-6.032026],[106.322843,-6.031842],[106.322753,-6.031657],[106.322664,-6.031472],[106.322574,-6.031288],[106.322484,-6.031103],[106.322395,-6.030918],[106.322305,-6.030734],[106.322215,-6.030549],[106.322126,-6.030364],[106.322036,-6.03018],[106.321947,-6.029995],[106.321857,-6.02981],[106.321767,-6.029626],[106.321678,-6.029441],[106.321588,-6.029256],[106.321498,-6.029072],[106.321409,-6.028887],[106.321319,-6.028702],[106.321229,-6.028518],[106.32114,-6.028333],[106.32105,-6.028148],[106.32096,-6.027964],[106.320871,-6.027779],[106.320781,-6.027594],[106.320691,-6.02741],[106.320602,-6.027225],[106.320512,-6.02704],[106.320423,-6.026856],[106.320333,-6.026671],[106.320243,-6.026486],[106.320154,-6.026302],[106.320064,-6.026117],[106.319974,-6.025932],[106.319885,-6.025748],[106.319795,-6.025563],[106.319705,-6.025378],[106.319616,-6.025194],[106.319526,-6.025009],[106.319436,-6.024824],[106.319347,-6.02464],[106.319257,-6.024455],[106.319167,-6.02427],[106.319078,-6.024086],[106.318988,-6.023901],[106.318899,-6.023716],[106.318809,-6.023532],[106.318719,-6.023347],[106.31863,-6.023162],[106.318562,-6.023024],[106.318518,-6.022932],[106.318495,-6.022885]]},"properties":{"id":"KRL-C03-N","route_id":"KRL-C03-N","corridor_id":"CAS-KRL-C03","corridor_name":"CASCADE KRL Barat Tangerang","branch_id":"N","branch_name":"Branch utara Tangerang–Mauk","name":"Tangerang – Mauk – Tirtayasa","short":"Tangerang – Tirtayasa","from_name":"Tangerang","to_name":"Tirtayasa","start_name":"Tangerang","end_name":"Tirtayasa","direction":"Tangerang → Tirtayasa","mode":"krl","status":"CASCADE_EXTENSION","status_label":"Usulan CASCADE · perpanjangan KRL","cascade_status":"CASCADE_EXTENSION","network_type":"TRUNK","plan_type":"EXTENSION","existing":"NO","parent_route":"","length_km":46.16,"stop_count":24,"geometry_confidence":"HIGH","road_alignment_confidence":"HIGH","alignment_confidence":"HIGH","alignment_type":"RAIL_CORRIDOR","rail_backbone":"Ekstensi dari Stasiun Tangerang existing via Mauk, mengikuti trase user","color":"#D62F7F","crs":"EPSG:4326","source":"CASCADE KRL — trase user GeoJSON, stasiun desa per 2 km","source_type":"USER_GEOJSON","geometry_source":"User GeoJSON KRL_TANGERANG_ARAH_UTARA_VIA_MAUK; Chaikin smooth clamped to path","planning_note":"KRL-C03-N usulan CASCADE mengikuti GeoJSON user: Tangerang (satu node transit dengan KRL existing dan KRL-C03-S) ke utara via Mauk. Stasiun tiap ±2 km memakai nama desa setempat. Bukan KRL Duri–Tangerang existing. Bukan masterplan.","disclaimer":"Usulan CASCADE. Bukan KRL existing. Bukan masterplan. Bukan DED.","updated_at":"2026-09-16","notes":"KRL-C03-N usulan CASCADE mengikuti GeoJSON user: Tangerang (satu node transit dengan KRL existing dan KRL-C03-S) ke utara via Mauk. Stasiun tiap ±2 km memakai nama desa setempat. Bukan KRL Duri–Tangerang existing. Bukan masterplan.","route_order":30,"vertex_count":1952,"digitization_level":"L3","endpoint":"Tangerang – Tirtayasa","structure":"AT_GRADE","interchange_count":1,"bbox":[106.318495,-6.176934,106.630717,-6.022885]}},{"type":"Feature","id":"KRL-C03-S","geometry":{"type":"LineString","coordinates":[[106.630717,-6.176814],[106.630636,-6.177084],[106.630513,-6.177084],[106.630329,-6.177084],[106.630084,-6.177084],[106.629839,-6.177084],[106.629593,-6.177084],[106.629348,-6.177084],[106.629103,-6.177084],[106.628825,-6.177084],[106.628516,-6.177084],[106.628175,-6.177084],[106.627803,-6.177084],[106.627435,-6.177089],[106.627071,-6.177099],[106.626713,-6.177113],[106.62636,-6.177133],[106.62604,-6.177169],[106.625752,-6.177221],[106.625497,-6.177289],[106.625274,-6.177374],[106.625052,-6.177458],[106.624829,-6.177543],[106.624607,-6.177627],[106.624385,-6.177712],[106.624162,-6.177796],[106.62394,-6.177881],[106.623717,-6.177965],[106.623495,-6.17805],[106.623277,-6.178137],[106.623064,-6.178226],[106.622855,-6.178317],[106.622651,-6.178411],[106.622447,-6.178504],[106.622243,-6.178598],[106.622039,-6.178692],[106.621835,-6.178785],[106.621631,-6.178879],[106.621427,-6.178973],[106.621222,-6.179066],[106.621018,-6.17916],[106.620814,-6.179254],[106.62061,-6.179347],[106.620406,-6.179441],[106.620202,-6.179535],[106.619998,-6.179628],[106.619794,-6.179722],[106.61959,-6.179816],[106.619386,-6.179909],[106.619183,-6.180004],[106.618983,-6.180099],[106.618785,-6.180196],[106.618589,-6.180294],[106.618393,-6.180391],[106.618196,-6.180489],[106.618,-6.180586],[106.617804,-6.180684],[106.617608,-6.180781],[106.617411,-6.180879],[106.617215,-6.180976],[106.617019,-6.181074],[106.616823,-6.181172],[106.616626,-6.181269],[106.61643,-6.181367],[106.616234,-6.181464],[106.616038,-6.181562],[106.615841,-6.181659],[106.615645,-6.181757],[106.615449,-6.181854],[106.615253,-6.181952],[106.615056,-6.18205],[106.61486,-6.182147],[106.614664,-6.182245],[106.61447,-6.182338],[106.614277,-6.182427],[106.614086,-6.182512],[106.613897,-6.182592],[106.613709,-6.182673],[106.61352,-6.182753],[106.613331,-6.182834],[106.613142,-6.182914],[106.612953,-6.182995],[106.612764,-6.183075],[106.612575,-6.183155],[106.612386,-6.183236],[106.612197,-6.183316],[106.612009,-6.183397],[106.61182,-6.183477],[106.611631,-6.183558],[106.611442,-6.183638],[106.611253,-6.183719],[106.611064,-6.183799],[106.610875,-6.18388],[106.610686,-6.18396],[106.610498,-6.184041],[106.610309,-6.184121],[106.61012,-6.184202],[106.609931,-6.184282],[106.609742,-6.184363],[106.609553,-6.184443],[106.609364,-6.184524],[106.609175,-6.184604],[106.608986,-6.184685],[106.608798,-6.184765],[106.608609,-6.184846],[106.608427,-6.184944],[106.608251,-6.18506],[106.608082,-6.185193],[106.607921,-6.185344],[106.607759,-6.185495],[106.607597,-6.185647],[106.607435,-6.185798],[106.607273,-6.185949],[106.607111,-6.1861],[106.606949,-6.186251],[106.606787,-6.186403],[106.606625,-6.186554],[106.606463,-6.186705],[106.606302,-6.186856],[106.60614,-6.187008],[106.605978,-6.187159],[106.60581,-6.187297],[106.605636,-6.187421],[106.605455,-6.187532],[106.605269,-6.187629],[106.605082,-6.187727],[106.604896,-6.187824],[106.60471,-6.187922],[106.604523,-6.18802],[106.604337,-6.188117],[106.60415,-6.188215],[106.603964,-6.188312],[106.603777,-6.18841],[106.603591,-6.188507],[106.603405,-6.188605],[106.603218,-6.188702],[106.603032,-6.1888],[106.602839,-6.18888],[106.60264,-6.188944],[106.602436,-6.18899],[106.602225,-6.189019],[106.602014,-6.189049],[106.601803,-6.189078],[106.601592,-6.189107],[106.601381,-6.189137],[106.60117,-6.189166],[106.600959,-6.189195],[106.600748,-6.189224],[106.600537,-6.189254],[106.600326,-6.189283],[106.600115,-6.189312],[106.599904,-6.189341],[106.599693,-6.189371],[106.599485,-6.189402],[106.599279,-6.189437],[106.599075,-6.189473],[106.598874,-6.189512],[106.598673,-6.189551],[106.598471,-6.18959],[106.59827,-6.189629],[106.598069,-6.189668],[106.597868,-6.189707],[106.597667,-6.189746],[106.597466,-6.189785],[106.597265,-6.189824],[106.597063,-6.189863],[106.596862,-6.189902],[106.596661,-6.189941],[106.59646,-6.18998],[106.596244,-6.190023],[106.596012,-6.190068],[106.595766,-6.190117],[106.595504,-6.190169],[106.595242,-6.190221],[106.594981,-6.190273],[106.594719,-6.190325],[106.594457,-6.190377],[106.594196,-6.190429],[106.593934,-6.190481],[106.593672,-6.190533],[106.593411,-6.190585],[106.593165,-6.190648],[106.592934,-6.19072],[106.592718,-6.190804],[106.592518,-6.190897],[106.592318,-6.190991],[106.592118,-6.191085],[106.591917,-6.191178],[106.591717,-6.191272],[106.591517,-6.191366],[106.591317,-6.191459],[106.591117,-6.191553],[106.590917,-6.191646],[106.590716,-6.19174],[106.590516,-6.191834],[106.590316,-6.191927],[106.590116,-6.192021],[106.589916,-6.192115],[106.589716,-6.192208],[106.589515,-6.192302],[106.589315,-6.192396],[106.589128,-6.192503],[106.588953,-6.192624],[106.588791,-6.192759],[106.588642,-6.192907],[106.588493,-6.193055],[106.588344,-6.193203],[106.588195,-6.193352],[106.588046,-6.1935],[106.587896,-6.193648],[106.587747,-6.193796],[106.587598,-6.193945],[106.587449,-6.194093],[106.5873,-6.194241],[106.587151,-6.19439],[106.587002,-6.194538],[106.586852,-6.194686],[106.586703,-6.194834],[106.586554,-6.194983],[106.586405,-6.195131],[106.586256,-6.195279],[106.586097,-6.195421],[106.58593,-6.195556],[106.585752,-6.195685],[106.585566,-6.195806],[106.58538,-6.195928],[106.585193,-6.19605],[106.585007,-6.196172],[106.58482,-6.196294],[106.584634,-6.196416],[106.584447,-6.196538],[106.584261,-6.19666],[106.584075,-6.196782],[106.583888,-6.196904],[106.583702,-6.197026],[106.583515,-6.197148],[106.583329,-6.19727],[106.583138,-6.197376],[106.582942,-6.197468],[106.582742,-6.197544],[106.582538,-6.197605],[106.582333,-6.197667],[106.582129,-6.197728],[106.581924,-6.197789],[106.581719,-6.19785],[106.581515,-6.197911],[106.58131,-6.197972],[106.581106,-6.198033],[106.580901,-6.198095],[106.580697,-6.198156],[106.580492,-6.198217],[106.580287,-6.198278],[106.580083,-6.198339],[106.579878,-6.1984],[106.579674,-6.198461],[106.579469,-6.198523],[106.579265,-6.198584],[106.57906,-6.198645],[106.578855,-6.198706],[106.578651,-6.198767],[106.578446,-6.198828],[106.578235,-6.198894],[106.578017,-6.198964],[106.577792,-6.199039],[106.57756,-6.199118],[106.577328,-6.199197],[106.577096,-6.199277],[106.576864,-6.199356],[106.576632,-6.199435],[106.5764,-6.199514],[106.576168,-6.199594],[106.575936,-6.199673],[106.575704,-6.199752],[106.575472,-6.199832],[106.57524,-6.199911],[106.575008,-6.19999],[106.574776,-6.200069],[106.574544,-6.200158],[106.574312,-6.200255],[106.57408,-6.200361],[106.573848,-6.200476],[106.573616,-6.200592],[106.573384,-6.200707],[106.573152,-6.200822],[106.572921,-6.200938],[106.572718,-6.201079],[106.572544,-6.201248],[106.572399,-6.201442],[106.572283,-6.201663],[106.572167,-6.201884],[106.572051,-6.202105],[106.571935,-6.202326],[106.571819,-6.202547],[106.571703,-6.202768],[106.571587,-6.202989],[106.571471,-6.20321],[106.571355,-6.203431],[106.57122,-6.203626],[106.571065,-6.203794],[106.570891,-6.203935],[106.570698,-6.204051],[106.570504,-6.204166],[106.570311,-6.204281],[106.570118,-6.204397],[106.569924,-6.204512],[106.569731,-6.204627],[106.569538,-6.204742],[106.569345,-6.204858],[106.569151,-6.204973],[106.568958,-6.205088],[106.568765,-6.205204],[106.568571,-6.205319],[106.568378,-6.205434],[106.568185,-6.20555],[106.567992,-6.205665],[106.567798,-6.20578],[106.567605,-6.205895],[106.567412,-6.206011],[106.567218,-6.206126],[106.567025,-6.206241],[106.566832,-6.206357],[106.566661,-6.206489],[106.566514,-6.206638],[106.56639,-6.206803],[106.566288,-6.206986],[106.566187,-6.207168],[106.566085,-6.207351],[106.565984,-6.207534],[106.565882,-6.207716],[106.565781,-6.207899],[106.565679,-6.208081],[106.565578,-6.208264],[106.565476,-6.208446],[106.565375,-6.208629],[106.565273,-6.208811],[106.565172,-6.208994],[106.56507,-6.209177],[106.564969,-6.209359],[106.564867,-6.209542],[106.564766,-6.209724],[106.564664,-6.209907],[106.564563,-6.210089],[106.564462,-6.210272],[106.56436,-6.210454],[106.564259,-6.210637],[106.564152,-6.210824],[106.56404,-6.211016],[106.563924,-6.211213],[106.563802,-6.211415],[106.56368,-6.211617],[106.563558,-6.211819],[106.563437,-6.212021],[106.563315,-6.212222],[106.563193,-6.212424],[106.563071,-6.212626],[106.562949,-6.212828],[106.562828,-6.213029],[106.562706,-6.213231],[106.562584,-6.213433],[106.562462,-6.213635],[106.562341,-6.213836],[106.562219,-6.214038],[106.562097,-6.21424],[106.561975,-6.214442],[106.561853,-6.214643],[106.561748,-6.21485],[106.561658,-6.215061],[106.561584,-6.215278],[106.561526,-6.215499],[106.561468,-6.21572],[106.56141,-6.215941],[106.561352,-6.216162],[106.561294,-6.216383],[106.561236,-6.216603],[106.561178,-6.216824],[106.56112,-6.217045],[106.561062,-6.217266],[106.561004,-6.217487],[106.560946,-6.217708],[106.560888,-6.217929],[106.56083,-6.21815],[106.560772,-6.218371],[106.560714,-6.218592],[106.560656,-6.218813],[106.560598,-6.219034],[106.56054,-6.219255],[106.560482,-6.219476],[106.560424,-6.219697],[106.560366,-6.219918],[106.560303,-6.220137],[106.560236,-6.220353],[106.560163,-6.220567],[106.560086,-6.220778],[106.560008,-6.220989],[106.559931,-6.221201],[106.559854,-6.221412],[106.559777,-6.221624],[106.559699,-6.221835],[106.559622,-6.222046],[106.559545,-6.222258],[106.559467,-6.222469],[106.55939,-6.22268],[106.559313,-6.222892],[106.559235,-6.223103],[106.559158,-6.223315],[106.559081,-6.223526],[106.559003,-6.223737],[106.558926,-6.223949],[106.558849,-6.22416],[106.558771,-6.224371],[106.558694,-6.224583],[106.558617,-6.224794],[106.558539,-6.225006],[106.558483,-6.225219],[106.558448,-6.225435],[106.558434,-6.225652],[106.558442,-6.225872],[106.558449,-6.226092],[106.558456,-6.226312],[106.558463,-6.226531],[106.558471,-6.226751],[106.558478,-6.226971],[106.558485,-6.227191],[106.558492,-6.22741],[106.5585,-6.22763],[106.558507,-6.22785],[106.558514,-6.22807],[106.558521,-6.22829],[106.558529,-6.228509],[106.558536,-6.228729],[106.558543,-6.228949],[106.55855,-6.229169],[106.558558,-6.229388],[106.558565,-6.229608],[106.558572,-6.229828],[106.558579,-6.230048],[106.558587,-6.230267],[106.558594,-6.230487],[106.558601,-6.230707],[106.558608,-6.230927],[106.558616,-6.231147],[106.558623,-6.231366],[106.55863,-6.231586],[106.558637,-6.231806],[106.558645,-6.232026],[106.558671,-6.232241],[106.558716,-6.232452],[106.55878,-6.232658],[106.558863,-6.23286],[106.558945,-6.233062],[106.559028,-6.233263],[106.559111,-6.233465],[106.559194,-6.233667],[106.559277,-6.233869],[106.55936,-6.23407],[106.559442,-6.234272],[106.559525,-6.234474],[106.559608,-6.234676],[106.559691,-6.234877],[106.559774,-6.235079],[106.559857,-6.235281],[106.559939,-6.235483],[106.560022,-6.235684],[106.560105,-6.235886],[106.560188,-6.236088],[106.560271,-6.23629],[106.560354,-6.236491],[106.560437,-6.236693],[106.560519,-6.236895],[106.560602,-6.237097],[106.560685,-6.237298],[106.560768,-6.2375],[106.560851,-6.237702],[106.560937,-6.237904],[106.561026,-6.238108],[106.561118,-6.238312],[106.561214,-6.238517],[106.561309,-6.238722],[106.561405,-6.238927],[106.5615,-6.239132],[106.561596,-6.239337],[106.561691,-6.239542],[106.561787,-6.239747],[106.561882,-6.239952],[106.561978,-6.240156],[106.562073,-6.240361],[106.562169,-6.240566],[106.562264,-6.240771],[106.56236,-6.240976],[106.562455,-6.241181],[106.562551,-6.241386],[106.562646,-6.241591],[106.562742,-6.241796],[106.562837,-6.242001],[106.562933,-6.242206],[106.563028,-6.242411],[106.563124,-6.242616],[106.563187,-6.242823],[106.563219,-6.243031],[106.56322,-6.243242],[106.563188,-6.243454],[106.563156,-6.243666],[106.563125,-6.243879],[106.563093,-6.244091],[106.563061,-6.244303],[106.56303,-6.244516],[106.562998,-6.244728],[106.562966,-6.24494],[106.562935,-6.245153],[106.562903,-6.245365],[106.562871,-6.245577],[106.56284,-6.24579],[106.562808,-6.246002],[106.562776,-6.246214],[106.562745,-6.246427],[106.562713,-6.246639],[106.562682,-6.246851],[106.56265,-6.247064],[106.562618,-6.247276],[106.562587,-6.247488],[106.562555,-6.247701],[106.562523,-6.247913],[106.562492,-6.248126],[106.56246,-6.248338],[106.562428,-6.24855],[106.562397,-6.248763],[106.562365,-6.248975],[106.562333,-6.249187],[106.562302,-6.2494],[106.562246,-6.249604],[106.562167,-6.249801],[106.562064,-6.249989],[106.561938,-6.25017],[106.561811,-6.250351],[106.561685,-6.250532],[106.561558,-6.250713],[106.561432,-6.250894],[106.561305,-6.251075],[106.561178,-6.251255],[106.561052,-6.251436],[106.560925,-6.251617],[106.560799,-6.251798],[106.560672,-6.251979],[106.560545,-6.25216],[106.560419,-6.252341],[106.560292,-6.252522],[106.560166,-6.252703],[106.560039,-6.252883],[106.559913,-6.253064],[106.559786,-6.253245],[106.559659,-6.253426],[106.559533,-6.253607],[106.559406,-6.253788],[106.55928,-6.253969],[106.559153,-6.25415],[106.559027,-6.25433],[106.5589,-6.254511],[106.558773,-6.254692],[106.558647,-6.254873],[106.55852,-6.255054],[106.558394,-6.255235],[106.558285,-6.25542],[106.558195,-6.255609],[106.558122,-6.255803],[106.558068,-6.256],[106.558014,-6.256198],[106.55796,-6.256396],[106.557905,-6.256594],[106.557851,-6.256791],[106.557797,-6.256989],[106.557743,-6.257187],[106.557688,-6.257385],[106.557634,-6.257582],[106.55758,-6.25778],[106.557526,-6.257978],[106.557471,-6.258175],[106.557417,-6.258373],[106.557363,-6.258571],[106.557309,-6.258769],[106.557254,-6.258966],[106.5572,-6.259164],[106.557146,-6.259362],[106.557092,-6.25956],[106.557037,-6.259757],[106.556983,-6.259955],[106.556929,-6.260153],[106.556875,-6.26035],[106.55682,-6.260548],[106.556766,-6.260746],[106.556712,-6.260944],[106.556658,-6.261141],[106.556603,-6.261339],[106.556549,-6.261537],[106.556495,-6.261735],[106.556441,-6.261932],[106.556386,-6.26213],[106.556332,-6.262328],[106.556278,-6.262525],[106.556224,-6.262723],[106.556169,-6.262921],[106.556115,-6.263119],[106.556061,-6.263316],[106.556007,-6.263514],[106.555952,-6.263712],[106.555898,-6.263909],[106.555844,-6.264107],[106.55579,-6.264305],[106.555735,-6.264503],[106.555681,-6.2647],[106.555627,-6.264898],[106.555573,-6.265096],[106.555518,-6.265294],[106.555464,-6.265491],[106.55541,-6.265689],[106.555356,-6.265887],[106.555301,-6.266084],[106.555247,-6.266282],[106.555196,-6.26648],[106.555146,-6.266678],[106.5551,-6.266876],[106.555056,-6.267075],[106.555012,-6.267273],[106.554969,-6.267472],[106.554925,-6.26767],[106.554881,-6.267868],[106.554837,-6.268067],[106.554793,-6.268265],[106.55475,-6.268464],[106.554706,-6.268662],[106.554662,-6.268861],[106.554618,-6.269059],[106.554574,-6.269257],[106.55453,-6.269456],[106.554487,-6.269654],[106.554443,-6.269853],[106.554399,-6.270051],[106.554355,-6.270249],[106.554311,-6.270448],[106.554268,-6.270646],[106.554224,-6.270845],[106.55418,-6.271043],[106.554136,-6.271242],[106.554092,-6.27144],[106.554048,-6.271638],[106.554005,-6.271837],[106.553961,-6.272035],[106.553917,-6.272234],[106.553873,-6.272432],[106.553829,-6.27263],[106.553786,-6.272829],[106.553742,-6.273027],[106.553698,-6.273226],[106.553654,-6.273424],[106.55361,-6.273622],[106.553566,-6.273821],[106.553523,-6.274019],[106.553479,-6.274218],[106.553435,-6.274416],[106.553391,-6.274615],[106.553347,-6.274813],[106.553304,-6.275011],[106.55326,-6.27521],[106.553216,-6.275408],[106.553172,-6.275607],[106.553128,-6.275805],[106.553085,-6.276003],[106.553041,-6.276202],[106.552997,-6.2764],[106.552953,-6.276599],[106.552914,-6.2768],[106.552881,-6.277005],[106.552853,-6.277214],[106.55283,-6.277425],[106.552807,-6.277637],[106.552784,-6.277849],[106.552761,-6.27806],[106.552738,-6.278272],[106.552715,-6.278483],[106.552692,-6.278695],[106.552669,-6.278907],[106.552646,-6.279118],[106.552623,-6.27933],[106.5526,-6.279541],[106.552577,-6.279753],[106.552554,-6.279965],[106.552531,-6.280176],[106.552508,-6.280388],[106.552485,-6.280599],[106.552462,-6.280811],[106.552439,-6.281023],[106.552416,-6.281234],[106.552393,-6.281446],[106.55237,-6.281657],[106.552346,-6.281869],[106.552323,-6.282081],[106.5523,-6.282292],[106.552277,-6.282504],[106.552254,-6.282716],[106.552231,-6.282927],[106.552208,-6.283139],[106.552185,-6.28335],[106.552162,-6.283562],[106.552139,-6.283774],[106.552116,-6.283985],[106.552093,-6.284197],[106.55207,-6.284408],[106.552047,-6.28462],[106.552024,-6.284832],[106.552001,-6.285043],[106.551978,-6.285255],[106.551955,-6.285466],[106.551932,-6.285678],[106.551909,-6.28589],[106.551881,-6.286105],[106.551847,-6.286323],[106.551807,-6.286544],[106.551762,-6.286769],[106.551716,-6.286993],[106.551671,-6.287218],[106.551626,-6.287443],[106.551581,-6.287667],[106.551536,-6.287892],[106.55149,-6.288117],[106.551445,-6.288341],[106.5514,-6.288566],[106.551355,-6.288791],[106.55131,-6.289016],[106.551264,-6.28924],[106.551219,-6.289465],[106.551174,-6.28969],[106.551129,-6.289914],[106.551084,-6.290139],[106.551038,-6.290364],[106.550993,-6.290588],[106.550948,-6.290813],[106.550903,-6.291038],[106.550858,-6.291262],[106.550812,-6.291487],[106.550767,-6.291712],[106.550722,-6.291936],[106.550677,-6.292161],[106.550633,-6.292382],[106.550592,-6.2926],[106.550553,-6.292814],[106.550516,-6.293025],[106.550479,-6.293236],[106.550441,-6.293447],[106.550404,-6.293658],[106.550367,-6.293869],[106.55033,-6.29408],[106.550292,-6.294291],[106.550255,-6.294502],[106.550218,-6.294713],[106.550181,-6.294924],[106.550144,-6.295135],[106.550106,-6.295346],[106.550069,-6.295556],[106.550032,-6.295767],[106.549995,-6.295978],[106.549957,-6.296189],[106.54992,-6.2964],[106.549883,-6.296611],[106.549846,-6.296822],[106.549808,-6.297033],[106.549771,-6.297244],[106.549734,-6.297455],[106.549697,-6.297666],[106.54966,-6.297877],[106.549622,-6.298088],[106.549585,-6.298299],[106.549548,-6.298509],[106.549511,-6.29872],[106.549473,-6.298931],[106.549436,-6.299142],[106.549399,-6.299353],[106.549362,-6.299564],[106.549324,-6.299775],[106.549287,-6.299986],[106.54925,-6.300197],[106.549213,-6.300408],[106.549176,-6.300619],[106.549138,-6.30083],[106.549101,-6.301041],[106.549064,-6.301252],[106.549027,-6.301462],[106.548989,-6.301673],[106.548952,-6.301884],[106.548915,-6.302095],[106.548878,-6.302306],[106.54884,-6.302517],[106.548803,-6.302728],[106.548766,-6.302939],[106.548729,-6.30315],[106.548692,-6.303361],[106.548654,-6.303572],[106.548617,-6.303783],[106.54858,-6.303994],[106.548543,-6.304205],[106.548505,-6.304415],[106.548468,-6.304626],[106.548431,-6.304837],[106.548394,-6.305048],[106.548356,-6.305259],[106.548319,-6.30547],[106.548282,-6.305681],[106.548245,-6.305892],[106.548208,-6.306103],[106.54817,-6.306314],[106.548133,-6.306525],[106.548094,-6.306732],[106.548053,-6.306937],[106.548011,-6.307138],[106.547967,-6.307336],[106.547922,-6.307535],[106.547878,-6.307733],[106.547834,-6.307931],[106.547789,-6.308129],[106.547745,-6.308327],[106.547701,-6.308525],[106.547656,-6.308724],[106.547612,-6.308922],[106.547568,-6.30912],[106.547523,-6.309318],[106.547479,-6.309516],[106.547435,-6.309714],[106.547391,-6.309913],[106.547346,-6.310111],[106.547302,-6.310309],[106.547258,-6.310507],[106.547213,-6.310705],[106.547169,-6.310903],[106.547125,-6.311101],[106.54708,-6.3113],[106.547036,-6.311498],[106.546992,-6.311696],[106.546948,-6.311894],[106.546903,-6.312092],[106.546859,-6.31229],[106.546815,-6.312489],[106.54677,-6.312687],[106.546726,-6.312885],[106.546682,-6.313083],[106.546637,-6.313281],[106.546593,-6.313479],[106.546549,-6.313677],[106.546504,-6.313876],[106.54646,-6.314074],[106.546416,-6.314272],[106.546372,-6.31447],[106.546327,-6.314668],[106.546283,-6.314866],[106.546239,-6.315065],[106.546194,-6.315263],[106.54615,-6.315461],[106.546106,-6.315659],[106.546061,-6.315857],[106.546017,-6.316055],[106.545973,-6.316253],[106.545929,-6.316452],[106.545884,-6.31665],[106.54584,-6.316848],[106.545796,-6.317046],[106.545751,-6.317244],[106.545707,-6.317442],[106.545663,-6.317641],[106.545618,-6.317839],[106.545574,-6.318037],[106.54553,-6.318235],[106.545486,-6.318433],[106.545441,-6.318631],[106.545397,-6.31883],[106.545353,-6.319028],[106.545308,-6.319226],[106.545264,-6.319424],[106.54522,-6.319622],[106.545175,-6.31982],[106.545131,-6.320018],[106.545087,-6.320217],[106.545042,-6.320415],[106.544998,-6.320613],[106.544954,-6.320811],[106.54491,-6.321009],[106.544865,-6.321207],[106.544821,-6.321406],[106.544777,-6.321604],[106.544732,-6.321802],[106.544688,-6.322],[106.544644,-6.322198],[106.544599,-6.322396],[106.54458,-6.322606],[106.544585,-6.322827],[106.544615,-6.323059],[106.54467,-6.323303],[106.544725,-6.323547],[106.544779,-6.323791],[106.544834,-6.324035],[106.544889,-6.324279],[106.544944,-6.324523],[106.544999,-6.324767],[106.545053,-6.32501],[106.545108,-6.325254],[106.545163,-6.325498],[106.545218,-6.325742],[106.545272,-6.325986],[106.545327,-6.32623],[106.545377,-6.326464],[106.545422,-6.326689],[106.545461,-6.326905],[106.545496,-6.327111],[106.54553,-6.327317],[106.545565,-6.327523],[106.545599,-6.327728],[106.545634,-6.327934],[106.545668,-6.32814],[106.545703,-6.328346],[106.545738,-6.328552],[106.545772,-6.328758],[106.545807,-6.328964],[106.545841,-6.32917],[106.545876,-6.329376],[106.54591,-6.329582],[106.545945,-6.329788],[106.545979,-6.329994],[106.546014,-6.3302],[106.546048,-6.330406],[106.546083,-6.330612],[106.546117,-6.330818],[106.546152,-6.331024],[106.546187,-6.33123],[106.546221,-6.331436],[106.546256,-6.331642],[106.54629,-6.331848],[106.546325,-6.332054],[106.546359,-6.33226],[106.546394,-6.332466],[106.546428,-6.332672],[106.546463,-6.332878],[106.546497,-6.333083],[106.546532,-6.333289],[106.546566,-6.333495],[106.546601,-6.333701],[106.54665,-6.333905],[106.546712,-6.334107],[106.546789,-6.334306],[106.546879,-6.334504],[106.54697,-6.334701],[106.547061,-6.334899],[106.547151,-6.335096],[106.547242,-6.335293],[106.547333,-6.335491],[106.547423,-6.335688],[106.547514,-6.335885],[106.547605,-6.336083],[106.547695,-6.33628],[106.547786,-6.336478],[106.547877,-6.336675],[106.547967,-6.336872],[106.548058,-6.33707],[106.548149,-6.337267],[106.548239,-6.337464],[106.54833,-6.337662],[106.548421,-6.337859],[106.548511,-6.338057],[106.548602,-6.338254],[106.548693,-6.338451],[106.548783,-6.338649],[106.548874,-6.338846],[106.548965,-6.339043],[106.549055,-6.339241],[106.549146,-6.339438],[106.549237,-6.339636],[106.549327,-6.339833],[106.549418,-6.34003],[106.549509,-6.340228],[106.549599,-6.340425],[106.54969,-6.340622],[106.549781,-6.34082],[106.549893,-6.340995],[106.550027,-6.341149],[106.550183,-6.341281],[106.550361,-6.341392],[106.550538,-6.341502],[106.550716,-6.341612],[106.550894,-6.341723],[106.551071,-6.341833],[106.551249,-6.341943],[106.551426,-6.342054],[106.551604,-6.342164],[106.551782,-6.342274],[106.551959,-6.342385],[106.552137,-6.342495],[106.552314,-6.342605],[106.552492,-6.342716],[106.55267,-6.342826],[106.552847,-6.342936],[106.553025,-6.343047],[106.553203,-6.343157],[106.55338,-6.343267],[106.553558,-6.343378],[106.553735,-6.343488],[106.553913,-6.343598],[106.554091,-6.343709],[106.554268,-6.343819],[106.554446,-6.343929],[106.554624,-6.34404],[106.554812,-6.344123],[106.555011,-6.344178],[106.55522,-6.344205],[106.55544,-6.344205],[106.555661,-6.344205],[106.555881,-6.344205],[106.556101,-6.344205],[106.556321,-6.344205],[106.556541,-6.344205],[106.556762,-6.344205],[106.556982,-6.344205],[106.557202,-6.344205],[106.557422,-6.344205],[106.557642,-6.344205],[106.557862,-6.344205],[106.558083,-6.344205],[106.558303,-6.344205],[106.558523,-6.344205],[106.558743,-6.344205],[106.558963,-6.344205],[106.559183,-6.344205],[106.559404,-6.344205],[106.559624,-6.344205],[106.559844,-6.344205],[106.560064,-6.344205],[106.560284,-6.344205],[106.560505,-6.344205],[106.560725,-6.344205],[106.560945,-6.344205],[106.561165,-6.344205],[106.561385,-6.344205],[106.561605,-6.344205],[106.561826,-6.344205],[106.562046,-6.344205],[106.562266,-6.344205],[106.562486,-6.344205],[106.562739,-6.344186],[106.563024,-6.344147],[106.563341,-6.344089],[106.563691,-6.344012],[106.56401,-6.34396],[106.564298,-6.343932],[106.564557,-6.343929],[106.564784,-6.343952],[106.565012,-6.343974],[106.565239,-6.343996],[106.565467,-6.344018],[106.565694,-6.34404],[106.565922,-6.344062],[106.56615,-6.344084],[106.566377,-6.344106],[106.566605,-6.344128],[106.566832,-6.34415],[106.56706,-6.344172],[106.567287,-6.344194],[106.567515,-6.344216],[106.567743,-6.344238],[106.56797,-6.34426],[106.568198,-6.344283],[106.568425,-6.344305],[106.568653,-6.344327],[106.568881,-6.344349],[106.569108,-6.344371],[106.569336,-6.344393],[106.569563,-6.344415],[106.569791,-6.344437],[106.570018,-6.344459],[106.570246,-6.344481],[106.570417,-6.344498],[106.57053,-6.344509],[106.568689,-6.344251]]},"properties":{"id":"KRL-C03-S","route_id":"KRL-C03-S","corridor_id":"CAS-KRL-C03","corridor_name":"CASCADE KRL Barat Tangerang","branch_id":"S","branch_name":"Branch selatan Tangerang–Bitung–Parung Panjang","name":"Tangerang – Bitung – Parung Panjang","short":"Tangerang – Parung Panjang","from_name":"Tangerang","to_name":"Parung Panjang","start_name":"Tangerang","end_name":"Parung Panjang","direction":"Tangerang → Parung Panjang","mode":"krl","status":"CASCADE_EXTENSION","status_label":"Usulan CASCADE · perpanjangan KRL","cascade_status":"CASCADE_EXTENSION","network_type":"TRUNK","plan_type":"EXTENSION","existing":"NO","parent_route":"","length_km":26.29,"stop_count":14,"geometry_confidence":"HIGH","road_alignment_confidence":"HIGH","alignment_confidence":"HIGH","alignment_type":"RAIL_CORRIDOR","rail_backbone":"Ekstensi dari Stasiun Tangerang via Bitung, menyambung Stasiun Parung Panjang existing","color":"#D62F7F","crs":"EPSG:4326","source":"CASCADE KRL — trase user GeoJSON, stasiun desa per 2 km","source_type":"USER_GEOJSON","geometry_source":"User GeoJSON KRL_TANGERANG_ARAH_SELATAN_VIA_BITUNG; Chaikin smooth clamped to path","planning_note":"KRL-C03-S usulan CASCADE mengikuti GeoJSON user: Tangerang (node transit yang sama) selatan via Bitung ke Parung Panjang (interchange KRL Rangkasbitung existing). Stasiun tiap ±2 km memakai nama desa setempat. Bukan masterplan.","disclaimer":"Usulan CASCADE. Bukan KRL existing. Bukan masterplan. Bukan DED.","updated_at":"2026-09-16","notes":"KRL-C03-S usulan CASCADE mengikuti GeoJSON user: Tangerang (node transit yang sama) selatan via Bitung ke Parung Panjang (interchange KRL Rangkasbitung existing). Stasiun tiap ±2 km memakai nama desa setempat. Bukan masterplan.","route_order":31,"vertex_count":1076,"digitization_level":"L3","endpoint":"Tangerang – Parung Panjang","structure":"AT_GRADE","interchange_count":2,"bbox":[106.54458,-6.344509,106.630717,-6.176814]}},{"type":"Feature","id":"KRL-C04","geometry":{"type":"LineString","coordinates":[[106.854945,-6.532413],[106.854932,-6.532465],[106.854905,-6.532571],[106.854864,-6.532728],[106.854811,-6.532938],[106.854757,-6.533148],[106.854703,-6.533359],[106.854649,-6.533569],[106.854596,-6.533779],[106.854542,-6.533989],[106.854488,-6.534199],[106.854434,-6.534409],[106.85438,-6.53462],[106.854327,-6.53483],[106.854273,-6.53504],[106.854219,-6.53525],[106.854165,-6.53546],[106.854111,-6.53567],[106.854058,-6.535881],[106.854004,-6.536091],[106.85395,-6.536301],[106.853913,-6.536516],[106.853891,-6.536735],[106.853886,-6.536958],[106.853896,-6.537186],[106.853907,-6.537414],[106.853918,-6.537642],[106.853929,-6.53787],[106.853939,-6.538098],[106.85395,-6.538326],[106.853961,-6.538554],[106.853972,-6.538782],[106.853982,-6.53901],[106.853993,-6.539238],[106.854004,-6.539466],[106.854015,-6.539694],[106.854025,-6.539922],[106.854036,-6.54015],[106.854047,-6.540378],[106.854058,-6.540606],[106.854068,-6.540834],[106.854065,-6.54107],[106.854046,-6.541314],[106.854013,-6.541567],[106.853965,-6.541829],[106.853917,-6.54209],[106.853869,-6.542351],[106.853822,-6.542612],[106.853774,-6.542873],[106.853726,-6.543135],[106.853678,-6.543396],[106.85363,-6.543657],[106.853583,-6.543918],[106.853529,-6.544176],[106.853469,-6.544432],[106.853403,-6.544684],[106.853332,-6.544933],[106.853289,-6.545189],[106.853276,-6.545452],[106.853291,-6.545721],[106.853336,-6.545998],[106.853381,-6.546274],[106.853426,-6.54655],[106.853471,-6.546826],[106.853515,-6.547102],[106.853547,-6.547364],[106.853565,-6.547614],[106.853569,-6.54785],[106.85356,-6.548072],[106.853551,-6.548295],[106.853542,-6.548518],[106.853533,-6.54874],[106.853524,-6.548963],[106.853459,-6.549192],[106.853338,-6.549428],[106.853161,-6.549671],[106.852928,-6.54992],[106.852749,-6.550205],[106.852624,-6.550526],[106.852552,-6.550882],[106.852534,-6.551274],[106.852516,-6.551633],[106.852498,-6.551959],[106.85248,-6.552253],[106.852462,-6.552514],[106.852444,-6.552776],[106.852426,-6.553037],[106.852408,-6.553298],[106.852391,-6.553559],[106.852373,-6.55382],[106.852355,-6.554082],[106.852337,-6.554343],[106.852319,-6.554604],[106.852287,-6.554855],[106.852243,-6.555095],[106.852184,-6.555325],[106.852113,-6.555545],[106.852041,-6.555765],[106.851969,-6.555984],[106.851898,-6.556204],[106.851826,-6.556424],[106.851754,-6.556643],[106.851682,-6.556863],[106.851611,-6.557083],[106.851539,-6.557302],[106.851467,-6.55752],[106.851396,-6.557737],[106.851324,-6.557952],[106.851252,-6.558166],[106.85118,-6.55838],[106.851109,-6.558593],[106.851037,-6.558807],[106.850965,-6.559021],[106.850887,-6.559243],[106.850802,-6.559475],[106.85071,-6.559715],[106.850611,-6.559965],[106.850513,-6.560214],[106.850414,-6.560463],[106.850316,-6.560713],[106.850217,-6.560962],[106.850116,-6.561207],[106.850013,-6.561447],[106.849908,-6.561683],[106.8498,-6.561915],[106.849693,-6.562146],[106.849585,-6.562378],[106.849477,-6.562609],[106.84937,-6.562841],[106.849262,-6.563072],[106.849155,-6.563304],[106.849047,-6.563535],[106.84894,-6.563767],[106.848837,-6.564007],[106.848738,-6.564257],[106.848644,-6.564515],[106.848554,-6.564782],[106.848465,-6.565049],[106.848375,-6.565316],[106.848285,-6.565583],[106.848196,-6.565851],[106.848084,-6.5661],[106.847949,-6.566331],[106.847792,-6.566545],[106.847613,-6.566741],[106.847443,-6.566901],[106.847281,-6.567026],[106.847129,-6.567115],[106.846986,-6.567168],[106.846824,-6.567209],[106.846645,-6.567235],[106.846448,-6.567249],[106.846233,-6.567249],[106.846011,-6.567226],[106.845782,-6.567182],[106.845547,-6.567115],[106.845305,-6.567026],[106.845063,-6.566937],[106.844821,-6.566848],[106.844579,-6.566759],[106.844337,-6.56667],[106.844096,-6.566587],[106.843856,-6.566512],[106.843618,-6.566443],[106.84338,-6.56638],[106.843143,-6.566318],[106.842905,-6.566256],[106.842668,-6.566193],[106.84243,-6.566131],[106.842193,-6.566069],[106.841955,-6.566006],[106.841717,-6.565944],[106.84148,-6.565882],[106.841242,-6.565819],[106.841005,-6.565757],[106.840767,-6.565695],[106.84053,-6.565632],[106.840301,-6.56558],[106.840081,-6.565537],[106.839869,-6.565503],[106.839666,-6.56548],[106.839462,-6.565456],[106.839259,-6.565432],[106.839056,-6.565408],[106.838853,-6.565385],[106.83865,-6.565361],[106.838447,-6.565337],[106.838243,-6.565313],[106.83804,-6.56529],[106.837789,-6.565272],[106.83749,-6.56526],[106.837144,-6.565254],[106.83675,-6.565254],[106.836384,-6.565276],[106.836048,-6.565321],[106.835741,-6.565388],[106.835463,-6.565477],[106.835185,-6.565566],[106.834908,-6.565655],[106.83463,-6.565744],[106.834352,-6.565833],[106.834099,-6.565928],[106.83387,-6.566029],[106.833666,-6.566136],[106.833487,-6.566248],[106.833308,-6.566361],[106.833128,-6.566474],[106.832949,-6.566587],[106.83277,-6.5667],[106.832591,-6.566812],[106.832411,-6.566925],[106.832232,-6.567038],[106.832053,-6.567151],[106.831865,-6.567286],[106.831667,-6.567445],[106.831461,-6.567627],[106.831246,-6.567832],[106.831031,-6.568037],[106.830816,-6.568241],[106.830601,-6.568446],[106.830386,-6.568651],[106.830175,-6.568834],[106.829969,-6.568994],[106.829767,-6.569132],[106.82957,-6.569248],[106.829373,-6.569363],[106.829176,-6.569479],[106.828978,-6.569595],[106.828781,-6.569711],[106.82857,-6.569815],[106.828346,-6.569909],[106.828109,-6.569991],[106.827858,-6.570062],[106.827607,-6.570134],[106.827356,-6.570205],[106.827105,-6.570276],[106.826854,-6.570347],[106.826609,-6.570404],[106.82637,-6.570445],[106.826137,-6.570472],[106.82591,-6.570484],[106.825683,-6.570496],[106.825456,-6.570508],[106.825229,-6.57052],[106.825002,-6.570531],[106.824775,-6.570543],[106.824547,-6.570555],[106.82432,-6.570567],[106.824093,-6.570579],[106.823868,-6.570579],[106.823645,-6.570567],[106.823423,-6.570543],[106.823204,-6.570508],[106.822984,-6.570472],[106.822764,-6.570436],[106.822545,-6.570401],[106.822325,-6.570365],[106.822106,-6.57033],[106.821886,-6.570294],[106.821666,-6.570258],[106.821447,-6.570223],[106.821227,-6.570187],[106.821008,-6.570151],[106.820788,-6.570116],[106.820568,-6.57008],[106.820342,-6.57004],[106.820109,-6.569996],[106.819869,-6.569947],[106.819623,-6.569893],[106.819376,-6.56984],[106.81913,-6.569786],[106.818883,-6.569733],[106.818637,-6.56968],[106.81839,-6.569626],[106.818144,-6.569573],[106.817897,-6.569519],[106.817651,-6.569466],[106.817404,-6.569412],[106.817158,-6.569359],[106.816911,-6.569306],[106.816665,-6.569252],[106.816433,-6.569176],[106.816216,-6.569079],[106.816013,-6.568958],[106.815825,-6.568816],[106.815636,-6.568673],[106.815448,-6.568531],[106.81526,-6.568388],[106.815072,-6.568246],[106.814883,-6.568103],[106.814695,-6.567961],[106.814507,-6.567819],[106.814319,-6.567676],[106.814131,-6.567534],[106.813942,-6.567391],[106.813754,-6.567249],[106.813566,-6.567106],[106.813374,-6.566964],[106.813178,-6.566821],[106.812979,-6.566679],[106.812776,-6.566536],[106.812572,-6.566394],[106.812369,-6.566251],[106.812166,-6.566109],[106.811963,-6.565966],[106.81176,-6.565824],[106.811557,-6.565681],[106.811353,-6.565539],[106.81115,-6.565396],[106.810951,-6.56525],[106.810755,-6.565098],[106.810563,-6.564942],[106.810375,-6.564782],[106.810187,-6.564622],[106.809998,-6.564462],[106.80981,-6.564301],[106.809622,-6.564141],[106.809439,-6.56399],[106.809261,-6.563847],[106.809089,-6.563714],[106.808921,-6.563589],[106.808754,-6.563464],[106.808587,-6.56334],[106.808419,-6.563215],[106.808252,-6.56309],[106.808085,-6.562966],[106.807917,-6.562841],[106.80775,-6.562716],[106.807583,-6.562592],[106.807386,-6.562462],[106.807159,-6.562329],[106.806902,-6.562191],[106.806615,-6.562048],[106.806355,-6.561937],[106.806122,-6.561857],[106.805916,-6.561808],[106.805736,-6.56179],[106.805508,-6.561781],[106.80523,-6.561781],[106.804903,-6.56179],[106.804526,-6.561808],[106.804179,-6.561839],[106.803861,-6.561884],[106.803572,-6.561942],[106.803312,-6.562013],[106.803052,-6.562084],[106.802792,-6.562155],[106.802532,-6.562226],[106.802272,-6.562298],[106.802017,-6.562367],[106.801766,-6.562433],[106.801519,-6.562498],[106.801277,-6.56256],[106.801035,-6.562623],[106.800793,-6.562685],[106.800551,-6.562747],[106.800309,-6.56281],[106.800067,-6.562872],[106.799825,-6.562934],[106.799583,-6.562997],[106.799341,-6.563059],[106.799099,-6.563121],[106.798857,-6.563184],[106.798615,-6.563246],[106.798373,-6.563308],[106.79814,-6.563348],[106.797916,-6.563366],[106.797701,-6.563362],[106.797495,-6.563335],[106.797288,-6.563308],[106.797082,-6.563282],[106.796876,-6.563255],[106.79667,-6.563228],[106.796464,-6.563202],[106.796258,-6.563175],[106.796052,-6.563148],[106.795845,-6.563121],[106.795639,-6.563095],[106.795433,-6.563068],[106.795227,-6.563041],[106.795021,-6.563015],[106.794816,-6.562977],[106.794613,-6.562929],[106.794412,-6.562871],[106.794213,-6.562802],[106.794013,-6.562733],[106.793814,-6.562664],[106.793615,-6.562595],[106.793415,-6.562526],[106.793216,-6.562457],[106.793016,-6.562388],[106.792817,-6.562319],[106.792617,-6.56225],[106.792418,-6.562181],[106.792219,-6.562112],[106.792019,-6.562043],[106.79182,-6.561974],[106.79162,-6.561905],[106.791421,-6.561836],[106.791221,-6.561767],[106.791022,-6.561698],[106.790823,-6.561629],[106.790623,-6.56156],[106.790424,-6.561491],[106.790224,-6.561422],[106.790025,-6.561353],[106.789825,-6.561284],[106.789626,-6.561215],[106.789426,-6.561146],[106.789227,-6.561077],[106.789028,-6.561008],[106.788828,-6.560939],[106.788629,-6.56087],[106.788424,-6.560799],[106.788213,-6.560727],[106.787996,-6.560654],[106.787774,-6.560579],[106.787552,-6.560504],[106.787329,-6.56043],[106.787107,-6.560355],[106.786885,-6.56028],[106.786662,-6.560205],[106.78644,-6.56013],[106.786218,-6.560056],[106.785996,-6.559981],[106.785773,-6.559906],[106.785551,-6.559831],[106.785329,-6.559756],[106.785106,-6.559682],[106.784884,-6.559607],[106.784662,-6.559532],[106.78444,-6.559457],[106.784217,-6.559382],[106.784002,-6.559295],[106.783795,-6.559195],[106.783595,-6.559083],[106.783402,-6.558958],[106.783209,-6.558834],[106.783017,-6.558709],[106.782824,-6.558584],[106.782631,-6.55846],[106.782438,-6.558335],[106.782246,-6.55821],[106.782053,-6.558086],[106.78186,-6.557961],[106.781668,-6.557836],[106.781475,-6.557712],[106.781282,-6.557587],[106.781089,-6.557462],[106.780887,-6.557351],[106.780674,-6.557253],[106.780451,-6.557169],[106.780218,-6.557097],[106.779985,-6.557026],[106.779752,-6.556955],[106.779519,-6.556884],[106.779286,-6.556812],[106.779044,-6.556766],[106.778793,-6.556743],[106.778533,-6.556746],[106.778264,-6.556772],[106.777995,-6.556799],[106.777726,-6.556826],[106.777457,-6.556852],[106.777188,-6.556879],[106.776924,-6.55691],[106.776664,-6.556944],[106.776408,-6.556982],[106.776157,-6.557023],[106.775906,-6.557065],[106.775655,-6.557106],[106.775404,-6.557148],[106.775153,-6.557189],[106.774903,-6.557231],[106.774652,-6.557273],[106.774401,-6.557314],[106.77415,-6.557356],[106.773909,-6.557394],[106.773679,-6.55743],[106.773459,-6.557462],[106.77325,-6.557492],[106.773041,-6.557522],[106.772832,-6.557552],[106.772623,-6.557581],[106.772414,-6.557611],[106.772205,-6.557641],[106.771995,-6.55767],[106.771786,-6.5577],[106.771577,-6.55773],[106.771358,-6.55781],[106.771127,-6.55794],[106.770887,-6.558121],[106.770636,-6.558353],[106.770398,-6.558561],[106.770174,-6.558745],[106.769964,-6.558905],[106.769767,-6.559042],[106.769569,-6.559178],[106.769372,-6.559315],[106.769175,-6.559451],[106.768978,-6.559588],[106.768781,-6.559724],[106.768583,-6.559861],[106.768386,-6.559997],[106.768189,-6.560134],[106.768002,-6.560273],[106.767825,-6.560415],[106.767658,-6.560559],[106.767501,-6.560706],[106.767344,-6.560853],[106.767187,-6.561],[106.76703,-6.561147],[106.766874,-6.561294],[106.766717,-6.561441],[106.76656,-6.561588],[106.766403,-6.561734],[106.766246,-6.561881],[106.766089,-6.562028],[106.765932,-6.562175],[106.765776,-6.562322],[106.765619,-6.562469],[106.765461,-6.562616],[106.765302,-6.562764],[106.765141,-6.562912],[106.76498,-6.563061],[106.764819,-6.563209],[106.764657,-6.563357],[106.764496,-6.563506],[106.764335,-6.563654],[106.764173,-6.563803],[106.764012,-6.563951],[106.763851,-6.564099],[106.763689,-6.564248],[106.763488,-6.564404],[106.763246,-6.564567],[106.762963,-6.564738],[106.762641,-6.564916],[106.76234,-6.565125],[106.762063,-6.565365],[106.761807,-6.565637],[106.761574,-6.56594],[106.761354,-6.566242],[106.761148,-6.566545],[106.760956,-6.566848],[106.760776,-6.567151],[106.760588,-6.567427],[106.760391,-6.567676],[106.760185,-6.567899],[106.75997,-6.568095],[106.759759,-6.568273],[106.759553,-6.568433],[106.759351,-6.568575],[106.759154,-6.5687],[106.758957,-6.568825],[106.75876,-6.568949],[106.758562,-6.569074],[106.758365,-6.569199],[106.758166,-6.569332],[106.757966,-6.569475],[106.757765,-6.569626],[106.757561,-6.569786],[106.757358,-6.569947],[106.757155,-6.570107],[106.756952,-6.570267],[106.756749,-6.570428],[106.756546,-6.570588],[106.756342,-6.570748],[106.756139,-6.570908],[106.755936,-6.571069],[106.755731,-6.571223],[106.755525,-6.571371],[106.755318,-6.571514],[106.755108,-6.57165],[106.754899,-6.571787],[106.75469,-6.571923],[106.754481,-6.57206],[106.754272,-6.572197],[106.754063,-6.572333],[106.753854,-6.57247],[106.753644,-6.572606],[106.753435,-6.572743],[106.753189,-6.57289],[106.752905,-6.573047],[106.752584,-6.573215],[106.752225,-6.573393],[106.751889,-6.573526],[106.751575,-6.573615],[106.751284,-6.57366],[106.751015,-6.57366],[106.750746,-6.573615],[106.750477,-6.573526],[106.750209,-6.573393],[106.74994,-6.573215],[106.749639,-6.573081],[106.749308,-6.572992],[106.748945,-6.572947],[106.74855,-6.572947],[106.748201,-6.572952],[106.747896,-6.572961],[106.747636,-6.572974],[106.747421,-6.572992],[106.747206,-6.57301],[106.746991,-6.573028],[106.746776,-6.573045],[106.74656,-6.573063],[106.746323,-6.573077],[106.746063,-6.573086],[106.745781,-6.57309],[106.745476,-6.57309],[106.745171,-6.57309],[106.744866,-6.57309],[106.744562,-6.57309],[106.744257,-6.57309],[106.74393,-6.57309],[106.74358,-6.57309],[106.743208,-6.57309],[106.742814,-6.57309],[106.74246,-6.573068],[106.742146,-6.573023],[106.741873,-6.572956],[106.74164,-6.572867],[106.741407,-6.572778],[106.741173,-6.572689],[106.74094,-6.5726],[106.740707,-6.572511],[106.740474,-6.572382],[106.740241,-6.572213],[106.740008,-6.572004],[106.739775,-6.571754],[106.739567,-6.571505],[106.739383,-6.571256],[106.739224,-6.571006],[106.73909,-6.570757],[106.738955,-6.570508],[106.738821,-6.570258],[106.738686,-6.570009],[106.738552,-6.56976],[106.738414,-6.569522],[106.738272,-6.569297],[106.738126,-6.569083],[106.737977,-6.568881],[106.737827,-6.568679],[106.737678,-6.568477],[106.737528,-6.568276],[106.737379,-6.568074],[106.73723,-6.567872],[106.73708,-6.56767],[106.736931,-6.567468],[106.736781,-6.567266],[106.736611,-6.567066],[106.73642,-6.566867],[106.736208,-6.56667],[106.735975,-6.566474],[106.735742,-6.566278],[106.735509,-6.566082],[106.735276,-6.565886],[106.735043,-6.56569],[106.734827,-6.565505],[106.73463,-6.56533],[106.734451,-6.565165],[106.73429,-6.565011],[106.734128,-6.564856],[106.733967,-6.564702],[106.733806,-6.564548],[106.733644,-6.564393],[106.733483,-6.564239],[106.733322,-6.564085],[106.73316,-6.56393],[106.732999,-6.563776],[106.732822,-6.563616],[106.732629,-6.563449],[106.732421,-6.563277],[106.732197,-6.563099],[106.731973,-6.562921],[106.731749,-6.562743],[106.731524,-6.562565],[106.7313,-6.562387],[106.731096,-6.562226],[106.730913,-6.562084],[106.730749,-6.561959],[106.730606,-6.561852],[106.730444,-6.56179],[106.730265,-6.561772],[106.730068,-6.561799],[106.729853,-6.56187],[106.72966,-6.561966],[106.72949,-6.562086],[106.729342,-6.562231],[106.729216,-6.5624],[106.729091,-6.562569],[106.728965,-6.562738],[106.72884,-6.562908],[106.728714,-6.563077],[106.728556,-6.56321],[106.728365,-6.563306],[106.728141,-6.563366],[106.727884,-6.56339],[106.727627,-6.563414],[106.72737,-6.563437],[106.727113,-6.563461],[106.726856,-6.563485],[106.726599,-6.563509],[106.726342,-6.563532],[106.726085,-6.563556],[106.725828,-6.56358],[106.725578,-6.563594],[106.725336,-6.5636],[106.7251,-6.563596],[106.724871,-6.563582],[106.724643,-6.563569],[106.724414,-6.563555],[106.724186,-6.563542],[106.723957,-6.563529],[106.723729,-6.563515],[106.7235,-6.563502],[106.723271,-6.563489],[106.723043,-6.563475],[106.722814,-6.563462],[106.722586,-6.563449],[106.722357,-6.563435],[106.722129,-6.563422],[106.721897,-6.563409],[106.721664,-6.563396],[106.721427,-6.563384],[106.721188,-6.563372],[106.720949,-6.56336],[106.72071,-6.563348],[106.720471,-6.563337],[106.720232,-6.563325],[106.719993,-6.563313],[106.719754,-6.563301],[106.719515,-6.563289],[106.719276,-6.563277],[106.718998,-6.563264],[106.718682,-6.563249],[106.718326,-6.563233],[106.717932,-6.563215],[106.717586,-6.563177],[106.717291,-6.563119],[106.717044,-6.563041],[106.716847,-6.562943],[106.71665,-6.562845],[106.716453,-6.562747],[106.716255,-6.562649],[106.716058,-6.562551],[106.715863,-6.562431],[106.715671,-6.562289],[106.71548,-6.562124],[106.715292,-6.561937],[106.715104,-6.56175],[106.714915,-6.561563],[106.714727,-6.561376],[106.714539,-6.561189],[106.714351,-6.561021],[106.714165,-6.560871],[106.713979,-6.560739],[106.713794,-6.560627],[106.713608,-6.560514],[106.713423,-6.560401],[106.713238,-6.560288],[106.713053,-6.560175],[106.712867,-6.560063],[106.712682,-6.55995],[106.712497,-6.559837],[106.712312,-6.559724],[106.712101,-6.559595],[106.711865,-6.55945],[106.711603,-6.559288],[106.711317,-6.55911],[106.711047,-6.558961],[106.710793,-6.55884],[106.710557,-6.558749],[106.710337,-6.558687],[106.710118,-6.558625],[106.709898,-6.558562],[106.709679,-6.5585],[106.709459,-6.558438],[106.709239,-6.558375],[106.70902,-6.558313],[106.7088,-6.558251],[106.708581,-6.558188],[106.708361,-6.558126],[106.708141,-6.558064],[106.707922,-6.558001],[106.707702,-6.557939],[106.707479,-6.557872],[106.707253,-6.557801],[106.707023,-6.557725],[106.70679,-6.557645],[106.706557,-6.557565],[106.706324,-6.557485],[106.706091,-6.557405],[106.705858,-6.557324],[106.705625,-6.557244],[106.705392,-6.557164],[106.705159,-6.557084],[106.704926,-6.557004],[106.704693,-6.556924],[106.70446,-6.556844],[106.704227,-6.556763],[106.703994,-6.556683],[106.70377,-6.556607],[106.703557,-6.556535],[106.703354,-6.556467],[106.70316,-6.556403],[106.702966,-6.556339],[106.702773,-6.556275],[106.702579,-6.55621],[106.702386,-6.556146],[106.702192,-6.556082],[106.701998,-6.556018],[106.701805,-6.555954],[106.701611,-6.55589],[106.701418,-6.555826],[106.701224,-6.555762],[106.70103,-6.555698],[106.700837,-6.555633],[106.700643,-6.555569],[106.700449,-6.555505],[106.700256,-6.555441],[106.700062,-6.555377],[106.69985,-6.555329],[106.699619,-6.555297],[106.699369,-6.555281],[106.6991,-6.555281],[106.698831,-6.555281],[106.698562,-6.555281],[106.698293,-6.555281],[106.698024,-6.555281],[106.697773,-6.555319],[106.69754,-6.555394],[106.697325,-6.555508],[106.697128,-6.555659],[106.69693,-6.555811],[106.696733,-6.555962],[106.696536,-6.556113],[106.696339,-6.556265],[106.696137,-6.556405],[106.695931,-6.556534],[106.69572,-6.556652],[106.695505,-6.556759],[106.69529,-6.556866],[106.695075,-6.556973],[106.69486,-6.55708],[106.694645,-6.557186],[106.694389,-6.557302],[106.694094,-6.557427],[106.693757,-6.55756],[106.693381,-6.557703],[106.693049,-6.557894],[106.692763,-6.558135],[106.692521,-6.558424],[106.692323,-6.558763],[106.692124,-6.559041],[106.691922,-6.559259],[106.691718,-6.559417],[106.691512,-6.559515],[106.691306,-6.559613],[106.6911,-6.559711],[106.690894,-6.559809],[106.690688,-6.559907],[106.690484,-6.560003],[106.690282,-6.560096],[106.690082,-6.560187],[106.689885,-6.560276],[106.689688,-6.560365],[106.689491,-6.560454],[106.689294,-6.560543],[106.689097,-6.560633],[106.688899,-6.560722],[106.688702,-6.560811],[106.688505,-6.5609],[106.688308,-6.560989],[106.688109,-6.56108],[106.68791,-6.561173],[106.687709,-6.561269],[106.687508,-6.561367],[106.687306,-6.561465],[106.687104,-6.561563],[106.686903,-6.561661],[106.686701,-6.561759],[106.686499,-6.561857],[106.686298,-6.561955],[106.686096,-6.562053],[106.685894,-6.562151],[106.685693,-6.562249],[106.685491,-6.562347],[106.685289,-6.562445],[106.685088,-6.562543],[106.684874,-6.562638],[106.684647,-6.562732],[106.684409,-6.562823],[106.684158,-6.562912],[106.683907,-6.563001],[106.683656,-6.56309],[106.683405,-6.563179],[106.683154,-6.563268],[106.682913,-6.563348],[106.682683,-6.56342],[106.682462,-6.563482],[106.682252,-6.563535],[106.682042,-6.563589],[106.681832,-6.563642],[106.681622,-6.563696],[106.681412,-6.563749],[106.681202,-6.563803],[106.680992,-6.563856],[106.680782,-6.563909],[106.680572,-6.563963],[106.680362,-6.564016],[106.680152,-6.56407],[106.679942,-6.564123],[106.679732,-6.564177],[106.679522,-6.56423],[106.679312,-6.564283],[106.679102,-6.564337],[106.678892,-6.56439],[106.678682,-6.564444],[106.678472,-6.564497],[106.678262,-6.564551],[106.678052,-6.564604],[106.677842,-6.564657],[106.677632,-6.564711],[106.677422,-6.564764],[106.677212,-6.564818],[106.677006,-6.564884],[106.676802,-6.564965],[106.676602,-6.565058],[106.676404,-6.565165],[106.676207,-6.565272],[106.67601,-6.565379],[106.675813,-6.565486],[106.675616,-6.565592],[106.675418,-6.565699],[106.675221,-6.565806],[106.675024,-6.565913],[106.674827,-6.56602],[106.67463,-6.566127],[106.674433,-6.566234],[106.674235,-6.56634],[106.674038,-6.566447],[106.673841,-6.566554],[106.673644,-6.566661],[106.673447,-6.566768],[106.673249,-6.566875],[106.673052,-6.566981],[106.672855,-6.567088],[106.672658,-6.567195],[106.672461,-6.567302],[106.672256,-6.567413],[106.672044,-6.567529],[106.671824,-6.567649],[106.671597,-6.567774],[106.67137,-6.567899],[106.671143,-6.568023],[106.670916,-6.568148],[106.670689,-6.568273],[106.670462,-6.568397],[106.670235,-6.568522],[106.670008,-6.568647],[106.669781,-6.568771],[106.669588,-6.56891],[106.669429,-6.569064],[106.669305,-6.569232],[106.669216,-6.569415],[106.669126,-6.569597],[106.669037,-6.56978],[106.668947,-6.569962],[106.668857,-6.570145],[106.668768,-6.570327],[106.668678,-6.57051],[106.668588,-6.570692],[106.668499,-6.570875],[106.668409,-6.571058],[106.66832,-6.57124],[106.66823,-6.571423],[106.66814,-6.571605],[106.668044,-6.571785],[106.667941,-6.571964],[106.667831,-6.572139],[106.667715,-6.572313],[106.667598,-6.572487],[106.667481,-6.57266],[106.667365,-6.572834],[106.667248,-6.573008],[106.667132,-6.573181],[106.667015,-6.573355],[106.666899,-6.573529],[106.666782,-6.573702],[106.666666,-6.573876],[106.666549,-6.574049],[106.666433,-6.574223],[106.666316,-6.574397],[106.666159,-6.574542],[106.665962,-6.57466],[106.665725,-6.574751],[106.665447,-6.574813],[106.665169,-6.574875],[106.664891,-6.574938],[106.664613,-6.575],[106.664335,-6.575062],[106.664073,-6.575119],[106.663827,-6.57517],[106.663596,-6.575216],[106.663381,-6.575256],[106.663166,-6.575296],[106.66295,-6.575336],[106.662735,-6.575376],[106.66252,-6.575416],[106.662305,-6.575456],[106.66209,-6.575496],[106.661875,-6.575536],[106.66166,-6.575577],[106.661445,-6.575617],[106.66123,-6.575657],[106.661014,-6.575697],[106.660799,-6.575737],[106.660589,-6.575807],[106.660382,-6.575907],[106.660181,-6.576037],[106.659984,-6.576198],[106.659786,-6.576358],[106.659589,-6.576518],[106.659392,-6.576678],[106.659195,-6.576839],[106.658989,-6.576986],[106.658774,-6.577119],[106.658549,-6.577239],[106.658316,-6.577346],[106.658083,-6.577453],[106.65785,-6.57756],[106.657617,-6.577667],[106.657384,-6.577774],[106.657151,-6.577881],[106.656918,-6.577987],[106.656685,-6.578094],[106.656452,-6.578201],[106.656219,-6.578273],[106.655986,-6.578311],[106.655753,-6.578315],[106.65552,-6.578283],[106.655287,-6.578252],[106.655054,-6.578221],[106.654821,-6.57819],[106.654588,-6.578159],[106.654355,-6.578128],[106.654122,-6.578096],[106.653889,-6.578065],[106.653656,-6.578034],[106.653422,-6.578003],[106.653189,-6.577972],[106.652956,-6.577941],[106.652723,-6.577909],[106.652495,-6.577868],[106.652271,-6.577817],[106.652051,-6.577756],[106.651836,-6.577685],[106.651621,-6.577613],[106.651406,-6.577542],[106.651191,-6.577471],[106.650975,-6.5774],[106.650765,-6.577331],[106.650559,-6.577264],[106.650357,-6.577199],[106.65016,-6.577137],[106.649963,-6.577075],[106.649765,-6.577012],[106.649568,-6.57695],[106.649371,-6.576888],[106.649174,-6.576825],[106.648977,-6.576763],[106.648779,-6.576701],[106.648582,-6.576638],[106.648385,-6.576576],[106.648188,-6.576514],[106.647991,-6.576451],[106.647793,-6.576389],[106.647586,-6.57633],[106.647369,-6.576274],[106.647141,-6.576222],[106.646904,-6.576173],[106.646666,-6.576124],[106.646429,-6.576075],[106.646191,-6.576026],[106.645954,-6.575977],[106.645716,-6.575928],[106.645479,-6.575879],[106.645241,-6.57583],[106.645004,-6.575781],[106.644766,-6.575732],[106.644529,-6.575683],[106.644291,-6.575634],[106.644054,-6.575585],[106.643801,-6.575533],[106.643535,-6.575477],[106.643254,-6.575418],[106.642958,-6.575356],[106.642662,-6.575294],[106.642366,-6.575231],[106.64207,-6.575169],[106.641775,-6.575107],[106.64149,-6.575038],[106.641217,-6.574962],[106.640954,-6.57488],[106.640703,-6.574791],[106.640453,-6.574702],[106.640202,-6.574613],[106.639951,-6.574524],[106.6397,-6.574435],[106.639464,-6.574341],[106.639242,-6.574243],[106.639036,-6.574141],[106.638845,-6.574034],[106.638654,-6.573927],[106.638463,-6.57382],[106.638271,-6.573713],[106.63808,-6.573606],[106.637889,-6.5735],[106.637698,-6.573393],[106.637507,-6.573286],[106.637315,-6.573179],[106.637124,-6.573066],[106.636933,-6.572947],[106.636742,-6.572823],[106.63655,-6.572692],[106.636359,-6.572562],[106.636168,-6.572431],[106.635977,-6.5723],[106.635786,-6.57217],[106.635594,-6.572039],[106.635403,-6.571909],[106.635212,-6.571778],[106.635021,-6.571647],[106.634824,-6.571515],[106.63462,-6.571382],[106.634411,-6.571247],[106.634196,-6.57111],[106.633981,-6.570974],[106.633766,-6.570837],[106.633551,-6.570701],[106.633336,-6.570564],[106.633121,-6.570428],[106.632905,-6.570291],[106.63269,-6.570154],[106.632475,-6.570018],[106.632274,-6.569881],[106.632088,-6.569743],[106.631916,-6.569605],[106.631758,-6.569466],[106.6316,-6.569327],[106.631443,-6.569188],[106.631285,-6.569049],[106.631127,-6.56891],[106.630969,-6.568771],[106.630812,-6.568632],[106.630654,-6.568493],[106.630496,-6.568355],[106.630338,-6.568216],[106.630181,-6.568077],[106.630023,-6.567938],[106.629865,-6.567799],[106.629707,-6.56766],[106.62955,-6.567521],[106.629392,-6.567382],[106.629234,-6.567243],[106.629107,-6.567125],[106.629011,-6.567027],[106.628946,-6.56695],[106.628912,-6.566894],[106.628836,-6.566835],[106.628718,-6.566772],[106.628558,-6.566707],[106.628357,-6.566638],[106.628155,-6.566569],[106.627953,-6.566501],[106.627751,-6.566432],[106.627549,-6.566364],[106.627347,-6.566295],[106.627145,-6.566226],[106.626943,-6.566158],[106.626742,-6.566089],[106.62654,-6.56602],[106.626338,-6.565952],[106.626136,-6.565883],[106.625934,-6.565815],[106.625732,-6.565746],[106.62553,-6.565677],[106.625329,-6.565609],[106.625127,-6.56554],[106.624924,-6.565474],[106.62472,-6.565409],[106.624516,-6.565347],[106.624311,-6.565287],[106.624105,-6.565227],[106.6239,-6.565167],[106.623695,-6.565107],[106.62349,-6.565047],[106.623284,-6.564988],[106.623079,-6.564928],[106.622874,-6.564868],[106.622669,-6.564808],[106.622463,-6.564748],[106.622258,-6.564688],[106.622053,-6.564628],[106.621848,-6.564568],[106.621642,-6.564508],[106.621437,-6.564448],[106.621232,-6.564388],[106.621027,-6.564328],[106.620821,-6.564268],[106.620616,-6.564208],[106.620411,-6.564148],[106.620206,-6.564088],[106.62,-6.564028],[106.619795,-6.563968],[106.61959,-6.563908],[106.619385,-6.563848],[106.619179,-6.563788],[106.618974,-6.563728],[106.618769,-6.563668],[106.618564,-6.563608],[106.618358,-6.563548],[106.618153,-6.563488],[106.617948,-6.563428],[106.617743,-6.563368],[106.617537,-6.563308],[106.617332,-6.563248],[106.617127,-6.563188],[106.616922,-6.563128],[106.616716,-6.563068],[106.616511,-6.563008],[106.616306,-6.562948],[106.616101,-6.562889],[106.615894,-6.56283],[106.615687,-6.562774],[106.615479,-6.562719],[106.61527,-6.562667],[106.615061,-6.562614],[106.614852,-6.562561],[106.614642,-6.562508],[106.614433,-6.562456],[106.614224,-6.562403],[106.614015,-6.56235],[106.613806,-6.562297],[106.613596,-6.562244],[106.613387,-6.562192],[106.613178,-6.562139],[106.612969,-6.562086],[106.61276,-6.562033],[106.612551,-6.561981],[106.612341,-6.561928],[106.612132,-6.561875],[106.611923,-6.561822],[106.611714,-6.561769],[106.611505,-6.561717],[106.611296,-6.561664],[106.611086,-6.561611],[106.610877,-6.561558],[106.610668,-6.561506],[106.610459,-6.561453],[106.61025,-6.5614],[106.610041,-6.561347],[106.609831,-6.561294],[106.609622,-6.561242],[106.609413,-6.561189],[106.609204,-6.561154],[106.608996,-6.561136],[106.608787,-6.561136],[106.608579,-6.561154],[106.608371,-6.561171],[106.608163,-6.561189],[106.607955,-6.561206],[106.607747,-6.561224],[106.607539,-6.561242],[106.607331,-6.561259],[106.607123,-6.561277],[106.606915,-6.561294],[106.606706,-6.561312],[106.606498,-6.56133],[106.60629,-6.561347],[106.606082,-6.561365],[106.605874,-6.561382],[106.605666,-6.5614],[106.605458,-6.561418],[106.60525,-6.561435],[106.605042,-6.561453],[106.604834,-6.56147],[106.604626,-6.561488],[106.604418,-6.561506],[106.604207,-6.561528],[106.603994,-6.561555],[106.603779,-6.561587],[106.603561,-6.561624],[106.603343,-6.561661],[106.603126,-6.561698],[106.602908,-6.561735],[106.60269,-6.561772],[106.602472,-6.561809],[106.602254,-6.561846],[106.602036,-6.561883],[106.601819,-6.56192],[106.601601,-6.561957],[106.601383,-6.561994],[106.601165,-6.562031],[106.600947,-6.562068],[106.60073,-6.562105],[106.600512,-6.562141],[106.600294,-6.562178],[106.600076,-6.562215],[106.599858,-6.562252],[106.599641,-6.562289],[106.599423,-6.562326],[106.599205,-6.562363],[106.598987,-6.5624],[106.598769,-6.562437],[106.598552,-6.562474],[106.598334,-6.562511],[106.598116,-6.562548],[106.597898,-6.562585],[106.59768,-6.562622],[106.597463,-6.562659],[106.597245,-6.562696],[106.597027,-6.562733],[106.596809,-6.56277],[106.596591,-6.562806],[106.596374,-6.562843],[106.596156,-6.56288],[106.595938,-6.562917],[106.59572,-6.562954],[106.595506,-6.562981],[106.595295,-6.562997],[106.595088,-6.563003],[106.594884,-6.562999],[106.594681,-6.562994],[106.594477,-6.56299],[106.594273,-6.562985],[106.59407,-6.562981],[106.593866,-6.562977],[106.593662,-6.562972],[106.593459,-6.562968],[106.593255,-6.562963],[106.593052,-6.562959],[106.592848,-6.562955],[106.592644,-6.56295],[106.592441,-6.562946],[106.592237,-6.562941],[106.592033,-6.562937],[106.59183,-6.562933],[106.591626,-6.562928],[106.591422,-6.562924],[106.591219,-6.562919],[106.591015,-6.562915],[106.590811,-6.562911],[106.590608,-6.562896],[106.590404,-6.562872],[106.590201,-6.562838],[106.589997,-6.562794],[106.589793,-6.56275],[106.58959,-6.562706],[106.589386,-6.562662],[106.589182,-6.562618],[106.588979,-6.562574],[106.588775,-6.56253],[106.588571,-6.562486],[106.588368,-6.562442],[106.588164,-6.562398],[106.587961,-6.562354],[106.587757,-6.56231],[106.587553,-6.562266],[106.58735,-6.562222],[106.587146,-6.562178],[106.586942,-6.562134],[106.586739,-6.56209],[106.586535,-6.562046],[106.586331,-6.562003],[106.586128,-6.561959],[106.585924,-6.561915],[106.58572,-6.561871],[106.585517,-6.561827],[106.585313,-6.561783],[106.58511,-6.561739],[106.584906,-6.561695],[106.584702,-6.561651],[106.584499,-6.561607],[106.584295,-6.561563],[106.584091,-6.561519],[106.583888,-6.561475],[106.583684,-6.561431],[106.58348,-6.561387],[106.583278,-6.561339],[106.583078,-6.561287],[106.582879,-6.56123],[106.582682,-6.56117],[106.582484,-6.56111],[106.582287,-6.561049],[106.58209,-6.560989],[106.581892,-6.560929],[106.581695,-6.560868],[106.581498,-6.560808],[106.5813,-6.560748],[106.581103,-6.560688],[106.580906,-6.560627],[106.580709,-6.560567],[106.580511,-6.560507],[106.580314,-6.560446],[106.580117,-6.560386],[106.579919,-6.560326],[106.579722,-6.560265],[106.579525,-6.560205],[106.579327,-6.560145],[106.57913,-6.560084],[106.578933,-6.560024],[106.578735,-6.559964],[106.578538,-6.559903],[106.578341,-6.559843],[106.578143,-6.559783],[106.577946,-6.559722],[106.577738,-6.559664],[106.57752,-6.559608],[106.577292,-6.559553],[106.577052,-6.5595],[106.576813,-6.559447],[106.576574,-6.559395],[106.576335,-6.559342],[106.576096,-6.559289],[106.575857,-6.559236],[106.575618,-6.559183],[106.575379,-6.559131],[106.57514,-6.559078],[106.574901,-6.559025],[106.574662,-6.558972],[106.574423,-6.55892],[106.574184,-6.558867],[106.573952,-6.558821],[106.573728,-6.558783],[106.573511,-6.558753],[106.573302,-6.55873],[106.573093,-6.558707],[106.572884,-6.558684],[106.572675,-6.558661],[106.572466,-6.558638],[106.572256,-6.558614],[106.572047,-6.558591],[106.571838,-6.558568],[106.571629,-6.558545],[106.57142,-6.558522],[106.571211,-6.558499],[106.571001,-6.558476],[106.570792,-6.558453],[106.570583,-6.55843],[106.570374,-6.558407],[106.570165,-6.558384],[106.569955,-6.55836],[106.569746,-6.558337],[106.569537,-6.558314],[106.569328,-6.558291],[106.569119,-6.558268],[106.56891,-6.558245],[106.5687,-6.558222],[106.568491,-6.558199],[106.568282,-6.558176],[106.568073,-6.558153],[106.567864,-6.55813],[106.567655,-6.558106],[106.567445,-6.558083],[106.567237,-6.55806],[106.567029,-6.558037],[106.566821,-6.558013],[106.566614,-6.557989],[106.566407,-6.557966],[106.566199,-6.557942],[106.565992,-6.557918],[106.565785,-6.557894],[106.565578,-6.557871],[106.565371,-6.557847],[106.565163,-6.557823],[106.564956,-6.557799],[106.564749,-6.557776],[106.564542,-6.557752],[106.564335,-6.557728],[106.564128,-6.557704],[106.56392,-6.557681],[106.563713,-6.557657],[106.563506,-6.557633],[106.563299,-6.557609],[106.563092,-6.557586],[106.562884,-6.557562],[106.562677,-6.557538],[106.56247,-6.557514],[106.562263,-6.557491],[106.562056,-6.557467],[106.561849,-6.557443],[106.561641,-6.557419],[106.561434,-6.557396],[106.561227,-6.557372],[106.56102,-6.557348],[106.560813,-6.557324],[106.560605,-6.557301],[106.560398,-6.557277],[106.560191,-6.557253],[106.559984,-6.557229],[106.559777,-6.557206],[106.55957,-6.557182],[106.559362,-6.557158],[106.559155,-6.557134],[106.558947,-6.55711],[106.558739,-6.557085],[106.55853,-6.557059],[106.55832,-6.557033],[106.55811,-6.557006],[106.5579,-6.55698],[106.55769,-6.556954],[106.55748,-6.556927],[106.557271,-6.556901],[106.557061,-6.556874],[106.556851,-6.556848],[106.556641,-6.556822],[106.556431,-6.556795],[106.556221,-6.556769],[106.556012,-6.556743],[106.555802,-6.556716],[106.555592,-6.55669],[106.555382,-6.556663],[106.555172,-6.556637],[106.554962,-6.556611],[106.554753,-6.556584],[106.554543,-6.556558],[106.554333,-6.556531],[106.554123,-6.556505],[106.553913,-6.556479],[106.553703,-6.556452],[106.553493,-6.556426],[106.553284,-6.556399],[106.553074,-6.556373],[106.552864,-6.556347],[106.552654,-6.55632],[106.552444,-6.556294],[106.552234,-6.556268],[106.552025,-6.556241],[106.551815,-6.556215],[106.551605,-6.556188],[106.551395,-6.556162],[106.551185,-6.556136],[106.550975,-6.556109],[106.550766,-6.556083],[106.550555,-6.556052],[106.550344,-6.556018],[106.550132,-6.55598],[106.54992,-6.555938],[106.549707,-6.555895],[106.549495,-6.555853],[106.549282,-6.555811],[106.54907,-6.555769],[106.548857,-6.555727],[106.548645,-6.555684],[106.548432,-6.555642],[106.54822,-6.5556],[106.548007,-6.555558],[106.547795,-6.555515],[106.547582,-6.555473],[106.54737,-6.555431],[106.547157,-6.555389],[106.546945,-6.555347],[106.546732,-6.555304],[106.54652,-6.555262],[106.546307,-6.55522],[106.546095,-6.555178],[106.545882,-6.555135],[106.54567,-6.555093],[106.545457,-6.555051],[106.545245,-6.555009],[106.545032,-6.554967],[106.54482,-6.554924],[106.544607,-6.554882],[106.544395,-6.55484],[106.544182,-6.554798],[106.54397,-6.554756],[106.543757,-6.554713],[106.543545,-6.554671],[106.543332,-6.554629],[106.54312,-6.554587],[106.542907,-6.554544],[106.542695,-6.554502],[106.542482,-6.55446],[106.54227,-6.554418],[106.542053,-6.554362],[106.541832,-6.554292],[106.541606,-6.554209],[106.541376,-6.554113],[106.541145,-6.554016],[106.540915,-6.553919],[106.540685,-6.553822],[106.540455,-6.553725],[106.540225,-6.553629],[106.539994,-6.553532],[106.539764,-6.553435],[106.539534,-6.553338],[106.539326,-6.553225],[106.539142,-6.553094],[106.538979,-6.552946],[106.53884,-6.552781],[106.538701,-6.552616],[106.538561,-6.552451],[106.538422,-6.552286],[106.538282,-6.552121],[106.538143,-6.551956],[106.538003,-6.551791],[106.537864,-6.551627],[106.537724,-6.551462],[106.537585,-6.551297],[106.537446,-6.551132],[106.537306,-6.550967],[106.537167,-6.550802],[106.537027,-6.550637],[106.536888,-6.550472],[106.536748,-6.550307],[106.536609,-6.550142],[106.536469,-6.549977],[106.53633,-6.549812],[106.53619,-6.549647],[106.536051,-6.549482],[106.535912,-6.549318],[106.535772,-6.549153],[106.535633,-6.548988],[106.535493,-6.548823],[106.535354,-6.548658],[106.535214,-6.548493],[106.535075,-6.548328],[106.534935,-6.548163],[106.534792,-6.548005],[106.534646,-6.547854],[106.534496,-6.547709],[106.534343,-6.547571],[106.534189,-6.547433],[106.534036,-6.547296],[106.533882,-6.547158],[106.533729,-6.54702],[106.533575,-6.546882],[106.533422,-6.546744],[106.533268,-6.546606],[106.533115,-6.546469],[106.532961,-6.546331],[106.532808,-6.546193],[106.532654,-6.546055],[106.532501,-6.545917],[106.532348,-6.54578],[106.532194,-6.545642],[106.532041,-6.545504],[106.531887,-6.545366],[106.531734,-6.545228],[106.53158,-6.545091],[106.531427,-6.544953],[106.531273,-6.544815],[106.53112,-6.544677],[106.530966,-6.544539],[106.530813,-6.544402],[106.530659,-6.544264],[106.530506,-6.544126],[106.530352,-6.543988],[106.530199,-6.54385],[106.530045,-6.543713],[106.529892,-6.543575],[106.529739,-6.543437],[106.529585,-6.543299],[106.529432,-6.543161],[106.529271,-6.543032],[106.529104,-6.54291],[106.52893,-6.542796],[106.52875,-6.542691],[106.528569,-6.542585],[106.528389,-6.54248],[106.528208,-6.542374],[106.528027,-6.542268],[106.527847,-6.542163],[106.527666,-6.542057],[106.527486,-6.541952],[106.527305,-6.541846],[106.527124,-6.541741],[106.526944,-6.541635],[106.526763,-6.54153],[106.526582,-6.541424],[106.526402,-6.541318],[106.526221,-6.541213],[106.526041,-6.541107],[106.52586,-6.541002],[106.525679,-6.540896],[106.525499,-6.540791],[106.525318,-6.540685],[106.525137,-6.54058],[106.524957,-6.540474],[106.524776,-6.540368],[106.524596,-6.540263],[106.524415,-6.540157],[106.524234,-6.540052],[106.524054,-6.539946],[106.523873,-6.539841],[106.523693,-6.539735],[106.523512,-6.53963],[106.523331,-6.539524],[106.523151,-6.539418],[106.52297,-6.539313],[106.522789,-6.539207],[106.522609,-6.539102],[106.522428,-6.538996],[106.522248,-6.538891],[106.522078,-6.538772],[106.52192,-6.53864],[106.521774,-6.538495],[106.521639,-6.538337],[106.521503,-6.538178],[106.521368,-6.53802],[106.521233,-6.537862],[106.521098,-6.537703],[106.520962,-6.537545],[106.520827,-6.537387],[106.520692,-6.537228],[106.520557,-6.53707],[106.520422,-6.536912],[106.520286,-6.536753],[106.520151,-6.536595],[106.520016,-6.536437],[106.519881,-6.536278],[106.519745,-6.53612],[106.51961,-6.535961],[106.519475,-6.535803],[106.51934,-6.535645],[106.519205,-6.535486],[106.519069,-6.535328],[106.518934,-6.53517],[106.518799,-6.535011],[106.518664,-6.534853],[106.518528,-6.534695],[106.518393,-6.534536],[106.518258,-6.534378],[106.518123,-6.53422],[106.517988,-6.534061],[106.517852,-6.533903],[106.517717,-6.533745],[106.517582,-6.533586],[106.517447,-6.533428],[106.517311,-6.53327],[106.517176,-6.533111],[106.517041,-6.532953],[106.516906,-6.532795],[106.516771,-6.532636],[106.516635,-6.532478],[106.5165,-6.53232],[106.516365,-6.532161],[106.51623,-6.532003],[106.516091,-6.531845],[106.515949,-6.531686],[106.515804,-6.531528],[106.515656,-6.53137],[106.515508,-6.531211],[106.515359,-6.531053],[106.515211,-6.530895],[106.515063,-6.530736],[106.514915,-6.530578],[106.514766,-6.53042],[106.514618,-6.530261],[106.51447,-6.530103],[106.514321,-6.529945],[106.514173,-6.529786],[106.514025,-6.529628],[106.513876,-6.52947],[106.513728,-6.529311],[106.51358,-6.529153],[106.513431,-6.528995],[106.513283,-6.528836],[106.513135,-6.528678],[106.512987,-6.52852],[106.512838,-6.528361],[106.51269,-6.528203],[106.512542,-6.528045],[106.512393,-6.527886],[106.512245,-6.527728],[106.512097,-6.52757],[106.511948,-6.527411],[106.5118,-6.527253],[106.511652,-6.527095],[106.511504,-6.526936],[106.511355,-6.526778],[106.511207,-6.52662],[106.511059,-6.526461],[106.51091,-6.526303],[106.510762,-6.526145],[106.510614,-6.525986],[106.510465,-6.525828],[106.510317,-6.52567],[106.510169,-6.525511],[106.51002,-6.525353],[106.509872,-6.525195],[106.509724,-6.525036],[106.509576,-6.524878],[106.509427,-6.52472],[106.509279,-6.524561],[106.509131,-6.524403],[106.508988,-6.524241],[106.508852,-6.524076],[106.508721,-6.523908],[106.508596,-6.523736],[106.508471,-6.523564],[106.508346,-6.523392],[106.508221,-6.523221],[106.508096,-6.523049],[106.507971,-6.522877],[106.507846,-6.522705],[106.507721,-6.522534],[106.507596,-6.522362],[106.507471,-6.52219],[106.507346,-6.522018],[106.507222,-6.521846],[106.507097,-6.521675],[106.506972,-6.521503],[106.506847,-6.521331],[106.506722,-6.521159],[106.506597,-6.520988],[106.506472,-6.520816],[106.506347,-6.520644],[106.506222,-6.520472],[106.506097,-6.520301],[106.505972,-6.520129],[106.505847,-6.519957],[106.505722,-6.519785],[106.505597,-6.519613],[106.505472,-6.519442],[106.505347,-6.51927],[106.505222,-6.519098],[106.505098,-6.518926],[106.504973,-6.518755],[106.504848,-6.518583],[106.504723,-6.518411],[106.504598,-6.518239],[106.504473,-6.518067],[106.504348,-6.517896],[106.504223,-6.517724],[106.504098,-6.517552],[106.503973,-6.51738],[106.503848,-6.517209],[106.503723,-6.517037],[106.503598,-6.516865],[106.503473,-6.516693],[106.503348,-6.516521],[106.503223,-6.51635],[106.503099,-6.516178],[106.502985,-6.516001],[106.502882,-6.51582],[106.502791,-6.515634],[106.502711,-6.515444],[106.502631,-6.515253],[106.502552,-6.515063],[106.502472,-6.514872],[106.502392,-6.514682],[106.502312,-6.514491],[106.502232,-6.514301],[106.502152,-6.51411],[106.502072,-6.51392],[106.501992,-6.513729],[106.501912,-6.513539],[106.501832,-6.513348],[106.501752,-6.513158],[106.501673,-6.512967],[106.501593,-6.512776],[106.501513,-6.512586],[106.501433,-6.512395],[106.501353,-6.512205],[106.501273,-6.512014],[106.501193,-6.511824],[106.501113,-6.511633],[106.501033,-6.511443],[106.500953,-6.511252],[106.500874,-6.511062],[106.500794,-6.510871],[106.500714,-6.510681],[106.500634,-6.51049],[106.500554,-6.5103],[106.500474,-6.510109],[106.500394,-6.509918],[106.500314,-6.509728],[106.500234,-6.509537],[106.500154,-6.509347],[106.500074,-6.509156],[106.499995,-6.508966],[106.499915,-6.508775],[106.499835,-6.508585],[106.499755,-6.508394],[106.499675,-6.508204],[106.499595,-6.508013],[106.499515,-6.507823],[106.499435,-6.507632],[106.499355,-6.507441],[106.499275,-6.507251],[106.499196,-6.50706],[106.49911,-6.506871],[106.49902,-6.506683],[106.498925,-6.506496],[106.498825,-6.50631],[106.498724,-6.506124],[106.498624,-6.505938],[106.498523,-6.505752],[106.498423,-6.505566],[106.498322,-6.50538],[106.498222,-6.505194],[106.498121,-6.505008],[106.498021,-6.504822],[106.49792,-6.504636],[106.49782,-6.50445],[106.49772,-6.504264],[106.497619,-6.504078],[106.497519,-6.503892],[106.497418,-6.503706],[106.497318,-6.50352],[106.497217,-6.503334],[106.497117,-6.503148],[106.497016,-6.502962],[106.496916,-6.502776],[106.496815,-6.50259],[106.496715,-6.502404],[106.496615,-6.502218],[106.496514,-6.502032],[106.496414,-6.501846],[106.496313,-6.50166],[106.496213,-6.501474],[106.496112,-6.501288],[106.496012,-6.501102],[106.495911,-6.500916],[106.495811,-6.50073],[106.495711,-6.500544],[106.49561,-6.500358],[106.49551,-6.500172],[106.495409,-6.499986],[106.495309,-6.4998],[106.495208,-6.499614],[106.495108,-6.499428],[106.495007,-6.499242],[106.494907,-6.499056],[106.494806,-6.49887],[106.494706,-6.498683],[106.494606,-6.498497],[106.494505,-6.498311],[106.494405,-6.498125],[106.494304,-6.497939],[106.494204,-6.497753],[106.494103,-6.497567],[106.494003,-6.497381],[106.493902,-6.497195],[106.493802,-6.497009],[106.493701,-6.496823],[106.493601,-6.496637],[106.493496,-6.496455],[106.493387,-6.496275],[106.493274,-6.496099],[106.493156,-6.495927],[106.493039,-6.495754],[106.492921,-6.495581],[106.492803,-6.495408],[106.492686,-6.495236],[106.492568,-6.495063],[106.492451,-6.49489],[106.492333,-6.494717],[106.492215,-6.494544],[106.492098,-6.494372],[106.49198,-6.494199],[106.491862,-6.494026],[106.491745,-6.493853],[106.491627,-6.493681],[106.49151,-6.493508],[106.491392,-6.493335],[106.491274,-6.493162],[106.491157,-6.49299],[106.491039,-6.492817],[106.490922,-6.492644],[106.490804,-6.492471],[106.490686,-6.492299],[106.490569,-6.492126],[106.490451,-6.491953],[106.490333,-6.49178],[106.490216,-6.491608],[106.490098,-6.491435],[106.489981,-6.491262],[106.489863,-6.491089],[106.489745,-6.490917],[106.489628,-6.490744],[106.48951,-6.490571],[106.489392,-6.490398],[106.489275,-6.490225],[106.489157,-6.490053],[106.48904,-6.48988],[106.488922,-6.489707],[106.488804,-6.489534],[106.488687,-6.489362],[106.488569,-6.489189],[106.488451,-6.489016],[106.488334,-6.488843],[106.488216,-6.488671],[106.488099,-6.488498],[106.487981,-6.488325],[106.487863,-6.488152],[106.487746,-6.48798],[106.487628,-6.487807],[106.487511,-6.487634],[106.487393,-6.487461],[106.487275,-6.487289],[106.487158,-6.487116],[106.48704,-6.486943],[106.486922,-6.48677],[106.486805,-6.486598],[106.486687,-6.486425],[106.48657,-6.486252],[106.486452,-6.486079],[106.486334,-6.485906],[106.486217,-6.485734],[106.486099,-6.485561],[106.485981,-6.485388],[106.485864,-6.485215],[106.485746,-6.485043],[106.485629,-6.48487],[106.485511,-6.484697],[106.485393,-6.484524],[106.485276,-6.484352],[106.485158,-6.484179],[106.48504,-6.484006],[106.484923,-6.483833],[106.484805,-6.483661],[106.484688,-6.483488],[106.48457,-6.483315],[106.484452,-6.483142],[106.484335,-6.48297],[106.484217,-6.482797],[106.4841,-6.482624],[106.483982,-6.482451],[106.483864,-6.482279],[106.483747,-6.482106],[106.483629,-6.481933],[106.483511,-6.48176],[106.483394,-6.481587],[106.483276,-6.481415],[106.483159,-6.481242],[106.483041,-6.481069],[106.482923,-6.480896],[106.482806,-6.480724],[106.482688,-6.480551],[106.48257,-6.480378],[106.482453,-6.480205],[106.482335,-6.480033],[106.482218,-6.47986],[106.4821,-6.479687],[106.481982,-6.479514],[106.481865,-6.479342],[106.48174,-6.479174],[106.481609,-6.47901],[106.481471,-6.478852],[106.481327,-6.478698],[106.481182,-6.478544],[106.481037,-6.47839],[106.480893,-6.478237],[106.480748,-6.478083],[106.480603,-6.477929],[106.480459,-6.477775],[106.480314,-6.477622],[106.480169,-6.477468],[106.480025,-6.477314],[106.47988,-6.47716],[106.479735,-6.477006],[106.479591,-6.476853],[106.479446,-6.476699],[106.479301,-6.476545],[106.479157,-6.476391],[106.479012,-6.476238],[106.478867,-6.476084],[106.478723,-6.47593],[106.478578,-6.475776],[106.478433,-6.475622],[106.478289,-6.475469],[106.478144,-6.475315],[106.477999,-6.475161],[106.477855,-6.475007],[106.47771,-6.474854],[106.477565,-6.4747],[106.477421,-6.474546],[106.477276,-6.474392],[106.477131,-6.474238],[106.476987,-6.474085],[106.476842,-6.473931],[106.476697,-6.473777],[106.476553,-6.473623],[106.476408,-6.47347],[106.476263,-6.473316],[106.476118,-6.473162],[106.475974,-6.473008],[106.475829,-6.472854],[106.475684,-6.472701],[106.47554,-6.472547],[106.475395,-6.472393],[106.47525,-6.472239],[106.475106,-6.472086],[106.474961,-6.471932],[106.474816,-6.471778],[106.474672,-6.471624],[106.474527,-6.471471],[106.474382,-6.471317],[106.474238,-6.471163],[106.474093,-6.471009],[106.473948,-6.470855],[106.473804,-6.470702],[106.473659,-6.470548],[106.473514,-6.470394],[106.47337,-6.47024],[106.473225,-6.470087],[106.47308,-6.469933],[106.472936,-6.469779],[106.472791,-6.469625],[106.472646,-6.469471],[106.472502,-6.469318],[106.472357,-6.469164],[106.472212,-6.46901],[106.472068,-6.468856],[106.471923,-6.468703],[106.471778,-6.468549],[106.471634,-6.468395],[106.471489,-6.468241],[106.471344,-6.468087],[106.4712,-6.467934],[106.471055,-6.46778],[106.47091,-6.467626],[106.470757,-6.467485],[106.470595,-6.467358],[106.470425,-6.467243],[106.470246,-6.467141],[106.470067,-6.46704],[106.469888,-6.466938],[106.469709,-6.466836],[106.46953,-6.466735],[106.469351,-6.466633],[106.469172,-6.466532],[106.468993,-6.46643],[106.468814,-6.466328],[106.468635,-6.466227],[106.468456,-6.466125],[106.468277,-6.466023],[106.468098,-6.465922],[106.467919,-6.46582],[106.46774,-6.465719],[106.467561,-6.465617],[106.467382,-6.465515],[106.467203,-6.465414],[106.467024,-6.465312],[106.466845,-6.46521],[106.466666,-6.465109],[106.466487,-6.465007],[106.466308,-6.464906],[106.466129,-6.464804],[106.46595,-6.464702],[106.465771,-6.464601],[106.465592,-6.464499],[106.465413,-6.464397],[106.465234,-6.464296],[106.465055,-6.464194],[106.464876,-6.464093],[106.464697,-6.463991],[106.464518,-6.463889],[106.464339,-6.463788],[106.46416,-6.463686],[106.463981,-6.463584],[106.463802,-6.463483],[106.463623,-6.463377],[106.463444,-6.463266],[106.463264,-6.463152],[106.463084,-6.463033],[106.462905,-6.462913],[106.462725,-6.462794],[106.462545,-6.462675],[106.462365,-6.462556],[106.462185,-6.462437],[106.462006,-6.462318],[106.461826,-6.462199],[106.461646,-6.46208],[106.461466,-6.461961],[106.461287,-6.461842],[106.461107,-6.461722],[106.460927,-6.461603],[106.460747,-6.461484],[106.460567,-6.461365],[106.460388,-6.461246],[106.460208,-6.461127],[106.460028,-6.461008],[106.459848,-6.460889],[106.459668,-6.46077],[106.459489,-6.460651],[106.459309,-6.460532],[106.459129,-6.460412],[106.458949,-6.460293],[106.45877,-6.460174],[106.45859,-6.460055],[106.45841,-6.459936],[106.45823,-6.459817],[106.45805,-6.459698],[106.457871,-6.459579],[106.457691,-6.45946],[106.457511,-6.459341],[106.457331,-6.459221],[106.457151,-6.459102],[106.456972,-6.458983],[106.456792,-6.458864],[106.456612,-6.458745],[106.456432,-6.458626],[106.456253,-6.458507],[106.456073,-6.458388],[106.455893,-6.458269],[106.455713,-6.45815],[106.455533,-6.45803],[106.455354,-6.457911],[106.455174,-6.457792],[106.454994,-6.457673],[106.454814,-6.457554],[106.454634,-6.457435],[106.454455,-6.457316],[106.454275,-6.457197],[106.454095,-6.457078],[106.453915,-6.456959],[106.453735,-6.45684],[106.453556,-6.45672],[106.453376,-6.456601],[106.453196,-6.456482],[106.453016,-6.456363],[106.452837,-6.456244],[106.452657,-6.456125],[106.452477,-6.456006],[106.452297,-6.455887],[106.452119,-6.45577],[106.451942,-6.455656],[106.451767,-6.455545],[106.451594,-6.455436],[106.45142,-6.455327],[106.451247,-6.455218],[106.451073,-6.455109],[106.4509,-6.455],[106.450726,-6.454891],[106.450553,-6.454783],[106.450379,-6.454674],[106.450206,-6.454565],[106.450032,-6.454456],[106.449859,-6.454347],[106.449685,-6.454238],[106.449512,-6.454129],[106.449338,-6.45402],[106.449165,-6.453911],[106.448991,-6.453803],[106.448818,-6.453694],[106.448644,-6.453585],[106.448471,-6.453476],[106.448297,-6.453367],[106.448124,-6.453258],[106.44795,-6.453149],[106.447777,-6.45304],[106.447603,-6.452931],[106.44743,-6.452823],[106.447256,-6.452714],[106.447083,-6.452605],[106.446909,-6.452496],[106.446736,-6.452387],[106.446562,-6.452278],[106.446389,-6.452169],[106.446215,-6.45206],[106.446041,-6.451951],[106.445868,-6.451843],[106.445694,-6.451734],[106.445521,-6.451625],[106.445347,-6.451516],[106.445174,-6.451407],[106.445,-6.451298],[106.444827,-6.451189],[106.444653,-6.45108],[106.44448,-6.450971],[106.444306,-6.450863],[106.444133,-6.450754],[106.443959,-6.450645],[106.443786,-6.450536],[106.443612,-6.450427],[106.443439,-6.450318],[106.443265,-6.450209],[106.443092,-6.4501],[106.442918,-6.449991],[106.442745,-6.449882],[106.442571,-6.449774],[106.4424,-6.449662],[106.44223,-6.449548],[106.442063,-6.449431],[106.441897,-6.449311],[106.441732,-6.449192],[106.441567,-6.449072],[106.441401,-6.448953],[106.441236,-6.448833],[106.44107,-6.448714],[106.440905,-6.448594],[106.440739,-6.448474],[106.440574,-6.448355],[106.440408,-6.448235],[106.440243,-6.448116],[106.440077,-6.447996],[106.439912,-6.447877],[106.439747,-6.447757],[106.439581,-6.447637],[106.439416,-6.447518],[106.43925,-6.447398],[106.439085,-6.447279],[106.438919,-6.447159],[106.438754,-6.44704],[106.438588,-6.44692],[106.438423,-6.4468],[106.438258,-6.446681],[106.438092,-6.446561],[106.437927,-6.446442],[106.437761,-6.446322],[106.437596,-6.446203],[106.43743,-6.446083],[106.437265,-6.445963],[106.437099,-6.445844],[106.436934,-6.445724],[106.436768,-6.445605],[106.436603,-6.445485],[106.436438,-6.445366],[106.436272,-6.445246],[106.436107,-6.445126],[106.435941,-6.445007],[106.435776,-6.444887],[106.43561,-6.444768],[106.435445,-6.444648],[106.435279,-6.444529],[106.435114,-6.444409],[106.434949,-6.44429],[106.434783,-6.44417],[106.434618,-6.44405],[106.434452,-6.443931],[106.434287,-6.443811],[106.434121,-6.443692],[106.433956,-6.443572],[106.43379,-6.443453],[106.433625,-6.443333],[106.433459,-6.443213],[106.433294,-6.443094],[106.433129,-6.442974],[106.432963,-6.442855],[106.432798,-6.442735],[106.432632,-6.442616],[106.432467,-6.442496],[106.432301,-6.442376],[106.432136,-6.442257],[106.43197,-6.442137],[106.431805,-6.442018],[106.43164,-6.441898],[106.431474,-6.441779],[106.431309,-6.441659],[106.431153,-6.441528],[106.431006,-6.441385],[106.430869,-6.44123],[106.430741,-6.441063],[106.430613,-6.440896],[106.430485,-6.440729],[106.430357,-6.440563],[106.430229,-6.440396],[106.430102,-6.440229],[106.429974,-6.440062],[106.429846,-6.439896],[106.429718,-6.439729],[106.42959,-6.439562],[106.429462,-6.439395],[106.429334,-6.439229],[106.429207,-6.439062],[106.429079,-6.438895],[106.428951,-6.438728],[106.428823,-6.438562],[106.428695,-6.438395],[106.428567,-6.438228],[106.42844,-6.438061],[106.428312,-6.437895],[106.428184,-6.437728],[106.428056,-6.437561],[106.427928,-6.437394],[106.4278,-6.437228],[106.427672,-6.437061],[106.427545,-6.436894],[106.427417,-6.436728],[106.427289,-6.436561],[106.427161,-6.436394],[106.427033,-6.436227],[106.426905,-6.436061],[106.426778,-6.435894],[106.42665,-6.435727],[106.426522,-6.43556],[106.426394,-6.435394],[106.426266,-6.435227],[106.426138,-6.43506],[106.42601,-6.434893],[106.425883,-6.434727],[106.425755,-6.43456],[106.425627,-6.434393],[106.425499,-6.434226],[106.425371,-6.43406],[106.425243,-6.433893],[106.425115,-6.433726],[106.424988,-6.433559],[106.42486,-6.433393],[106.424732,-6.433226],[106.424604,-6.433059],[106.424476,-6.432892],[106.424348,-6.432726],[106.424221,-6.432559],[106.424093,-6.432392],[106.423965,-6.432225],[106.423837,-6.432059],[106.423709,-6.431892],[106.423581,-6.431725],[106.423453,-6.431558],[106.423326,-6.431392],[106.423198,-6.431225],[106.42307,-6.431058],[106.422948,-6.430889],[106.422832,-6.430716],[106.422722,-6.43054],[106.422618,-6.430361],[106.422515,-6.430183],[106.422411,-6.430004],[106.422307,-6.429826],[106.422203,-6.429647],[106.422099,-6.429468],[106.421995,-6.42929],[106.421891,-6.429111],[106.421787,-6.428932],[106.421684,-6.428754],[106.42158,-6.428575],[106.421476,-6.428396],[106.421372,-6.428218],[106.421268,-6.428039],[106.421164,-6.42786],[106.42106,-6.427682],[106.420956,-6.427503],[106.420853,-6.427324],[106.420749,-6.427146],[106.420645,-6.426967],[106.420541,-6.426788],[106.420437,-6.42661],[106.420333,-6.426431],[106.420229,-6.426252],[106.420125,-6.426074],[106.420022,-6.425895],[106.419918,-6.425716],[106.419814,-6.425538],[106.41971,-6.425359],[106.419606,-6.42518],[106.419502,-6.425002],[106.419398,-6.424823],[106.419294,-6.424644],[106.419191,-6.424466],[106.419087,-6.424287],[106.418983,-6.424108],[106.418879,-6.42393],[106.418775,-6.423751],[106.418671,-6.423573],[106.418567,-6.423394],[106.418463,-6.423215],[106.41836,-6.423037],[106.418256,-6.422858],[106.418152,-6.422679],[106.418048,-6.422501],[106.417944,-6.422322],[106.41784,-6.422143],[106.417736,-6.421965],[106.417632,-6.421786],[106.417528,-6.421607],[106.417425,-6.421429],[106.417321,-6.42125],[106.417217,-6.421071],[106.417113,-6.420893],[106.417009,-6.420714],[106.416905,-6.420535],[106.416801,-6.420357],[106.416697,-6.420178],[106.416594,-6.419999],[106.41649,-6.419821],[106.416386,-6.419642],[106.416284,-6.419463],[106.416183,-6.419283],[106.416084,-6.419102],[106.415987,-6.41892],[106.415889,-6.418739],[106.415792,-6.418557],[106.415694,-6.418376],[106.415597,-6.418194],[106.415499,-6.418013],[106.415402,-6.417831],[106.415305,-6.41765],[106.415207,-6.417468],[106.41511,-6.417287],[106.415012,-6.417105],[106.414915,-6.416924],[106.414818,-6.416742],[106.41472,-6.416561],[106.414623,-6.416379],[106.414525,-6.416198],[106.414428,-6.416016],[106.414331,-6.415835],[106.414233,-6.415653],[106.414136,-6.415472],[106.414038,-6.41529],[106.413941,-6.415109],[106.413844,-6.414927],[106.413746,-6.414746],[106.413649,-6.414564],[106.413551,-6.414383],[106.413454,-6.414201],[106.413356,-6.41402],[106.413259,-6.413838],[106.413162,-6.413657],[106.413064,-6.413475],[106.412967,-6.413294],[106.412869,-6.413112],[106.412772,-6.412931],[106.412675,-6.412749],[106.412577,-6.412568],[106.41248,-6.412386],[106.412382,-6.412205],[106.412285,-6.412023],[106.412188,-6.411842],[106.41209,-6.41166],[106.411993,-6.411479],[106.411895,-6.411297],[106.411798,-6.411116],[106.411701,-6.410934],[106.411603,-6.410753],[106.411506,-6.410571],[106.411408,-6.41039],[106.411311,-6.410208],[106.411214,-6.410027],[106.411116,-6.409845],[106.411019,-6.409664],[106.410921,-6.409482],[106.410824,-6.409301],[106.410726,-6.409119],[106.410629,-6.408938],[106.410532,-6.408756],[106.410434,-6.408575],[106.410337,-6.408393],[106.410239,-6.408212],[106.410142,-6.40803],[106.410045,-6.407849],[106.409947,-6.407667],[106.40985,-6.407486],[106.409752,-6.407304],[106.409655,-6.407123],[106.409558,-6.406941],[106.40946,-6.40676],[106.409363,-6.406578],[106.409265,-6.406397],[106.409168,-6.406215],[106.409071,-6.406034],[106.408973,-6.405852],[106.408876,-6.405671],[106.408778,-6.405489],[106.408681,-6.405308],[106.408583,-6.405126],[106.408486,-6.404945],[106.408389,-6.404763],[106.408291,-6.404582],[106.408194,-6.404401],[106.408102,-6.404217],[106.408015,-6.404033],[106.407933,-6.403846],[106.407856,-6.403658],[106.407779,-6.40347],[106.407703,-6.403282],[106.407626,-6.403094],[106.407549,-6.402906],[106.407472,-6.402718],[106.407396,-6.40253],[106.407319,-6.402342],[106.407242,-6.402154],[106.407166,-6.401966],[106.407089,-6.401778],[106.407012,-6.40159],[106.406935,-6.401402],[106.406859,-6.401214],[106.406782,-6.401026],[106.406705,-6.400838],[106.406629,-6.40065],[106.406552,-6.400462],[106.406475,-6.400273],[106.406399,-6.400085],[106.406322,-6.399897],[106.406245,-6.399709],[106.406168,-6.399521],[106.406092,-6.399333],[106.406015,-6.399145],[106.405938,-6.398957],[106.405862,-6.398769],[106.405785,-6.398581],[106.405708,-6.398393],[106.405631,-6.398205],[106.405555,-6.398017],[106.405478,-6.397829],[106.405401,-6.397641],[106.405325,-6.397453],[106.405248,-6.397265],[106.405171,-6.397077],[106.405094,-6.396889],[106.405018,-6.396701],[106.404941,-6.396513],[106.404864,-6.396325],[106.404788,-6.396137],[106.404711,-6.395949],[106.404634,-6.395761],[106.404557,-6.395573],[106.404481,-6.395384],[106.404404,-6.395196],[106.404327,-6.395008],[106.404251,-6.39482],[106.404174,-6.394632],[106.404097,-6.394444],[106.404021,-6.394256],[106.403944,-6.394068],[106.403867,-6.39388],[106.40379,-6.393692],[106.403714,-6.393504],[106.403637,-6.393316],[106.40356,-6.393128],[106.403484,-6.39294],[106.403407,-6.392752],[106.40333,-6.392564],[106.403253,-6.392376],[106.403177,-6.392188],[106.4031,-6.392],[106.403023,-6.391812],[106.402947,-6.391624],[106.40287,-6.391436],[106.402793,-6.391248],[106.402716,-6.39106],[106.40264,-6.390872],[106.402563,-6.390684],[106.402486,-6.390495],[106.40241,-6.390307],[106.402333,-6.390119],[106.402256,-6.389931],[106.40218,-6.389743],[106.402103,-6.389555],[106.402026,-6.389367],[106.401949,-6.389179],[106.401873,-6.388991],[106.401796,-6.388803],[106.401719,-6.388615],[106.401643,-6.388427],[106.401566,-6.388239],[106.401489,-6.388051],[106.401412,-6.387863],[106.401336,-6.387675],[106.401259,-6.387487],[106.401182,-6.387299],[106.401106,-6.387111],[106.401029,-6.386923],[106.400952,-6.386735],[106.400875,-6.386547],[106.400799,-6.386359],[106.400722,-6.386171],[106.400645,-6.385983],[106.400569,-6.385795],[106.400492,-6.385607],[106.400435,-6.385413],[106.400397,-6.385214],[106.400378,-6.385009],[106.400379,-6.384798],[106.40038,-6.384588],[106.40038,-6.384377],[106.400381,-6.384167],[106.400382,-6.383956],[106.400383,-6.383746],[106.400384,-6.383535],[106.400384,-6.383325],[106.400385,-6.383115],[106.400386,-6.382904],[106.400387,-6.382694],[106.400387,-6.382483],[106.400388,-6.382273],[106.400389,-6.382062],[106.40039,-6.381852],[106.400391,-6.381641],[106.400391,-6.381431],[106.400392,-6.38122],[106.400393,-6.38101],[106.400394,-6.380799],[106.400394,-6.380589],[106.400395,-6.380379],[106.400396,-6.380168],[106.400397,-6.379958],[106.400398,-6.379747],[106.400398,-6.379537],[106.400399,-6.379326],[106.4004,-6.379116],[106.400401,-6.378905],[106.400401,-6.378695],[106.400402,-6.378484],[106.400403,-6.378274],[106.400404,-6.378063],[106.400405,-6.377853],[106.400405,-6.377642],[106.400406,-6.377432],[106.400407,-6.377222],[106.400408,-6.377011],[106.400409,-6.376801],[106.400409,-6.37659],[106.40041,-6.37638],[106.400411,-6.376169],[106.400412,-6.375959],[106.400412,-6.375748],[106.400413,-6.375538],[106.400414,-6.375327],[106.400415,-6.375117],[106.400416,-6.374906],[106.400416,-6.374696],[106.400417,-6.374485],[106.400418,-6.374275],[106.400419,-6.374065],[106.400419,-6.373854],[106.40042,-6.373644],[106.400421,-6.373433],[106.400422,-6.373223],[106.400423,-6.373012],[106.400423,-6.372802],[106.400424,-6.372591],[106.400425,-6.372381],[106.400426,-6.37217],[106.400427,-6.37196],[106.400427,-6.371749],[106.400428,-6.371539],[106.400429,-6.371329],[106.40043,-6.371118],[106.40043,-6.370908],[106.400431,-6.370697],[106.400432,-6.370487],[106.400433,-6.370276],[106.400434,-6.370066],[106.400434,-6.369855],[106.400435,-6.369645],[106.400436,-6.369434],[106.400437,-6.369224],[106.400437,-6.369013],[106.400438,-6.368803],[106.400439,-6.368592],[106.40044,-6.368382],[106.400441,-6.368172],[106.400441,-6.367961],[106.400437,-6.367751],[106.400427,-6.367541],[106.400411,-6.36733],[106.40039,-6.367121],[106.40037,-6.366911],[106.400349,-6.366701],[106.400328,-6.366491],[106.400307,-6.366281],[106.400286,-6.366071],[106.400265,-6.365861],[106.400244,-6.365651],[106.400223,-6.365441],[106.400203,-6.365231],[106.400182,-6.365021],[106.400161,-6.364811],[106.40014,-6.364601],[106.400119,-6.364392],[106.400098,-6.364182],[106.400077,-6.363972],[106.400057,-6.363762],[106.400036,-6.363552],[106.400015,-6.363342],[106.399994,-6.363132],[106.399973,-6.362922],[106.399952,-6.362712],[106.399931,-6.362502],[106.399911,-6.362292],[106.39989,-6.362082],[106.399869,-6.361872],[106.399848,-6.361663],[106.399827,-6.361453],[106.399806,-6.361243],[106.399785,-6.361033],[106.399765,-6.360823],[106.399744,-6.360613],[106.399723,-6.360403],[106.399702,-6.360193],[106.399681,-6.359983],[106.39966,-6.359773],[106.399639,-6.359563],[106.399618,-6.359353],[106.399598,-6.359143],[106.399577,-6.358934],[106.399556,-6.358724],[106.399535,-6.358514],[106.399514,-6.358304],[106.399493,-6.358094],[106.399472,-6.357884],[106.399452,-6.357674],[106.399431,-6.357464],[106.39941,-6.357254],[106.399389,-6.357044],[106.399378,-6.356832],[106.399377,-6.356619],[106.399385,-6.356403],[106.399404,-6.356186],[106.399422,-6.355968],[106.399441,-6.355751],[106.399459,-6.355533],[106.399478,-6.355316],[106.399496,-6.355098],[106.399515,-6.354881],[106.399533,-6.354663],[106.399552,-6.354446],[106.39957,-6.354228],[106.399589,-6.354011],[106.399607,-6.353794],[106.399626,-6.353576],[106.399644,-6.353359],[106.399663,-6.353141],[106.399681,-6.352924],[106.3997,-6.352706],[106.399718,-6.352489],[106.399737,-6.352271],[106.399755,-6.352054],[106.399774,-6.351836],[106.399792,-6.351619],[106.399811,-6.351401],[106.399829,-6.351184],[106.399848,-6.350966],[106.399866,-6.350749],[106.399885,-6.350531],[106.399903,-6.350314],[106.399922,-6.350097],[106.39994,-6.349879],[106.399959,-6.349662],[106.399977,-6.349444],[106.399996,-6.349227],[106.400014,-6.349009],[106.400033,-6.348792],[106.400051,-6.348574],[106.40007,-6.348357],[106.400088,-6.348139],[106.400107,-6.347922],[106.400125,-6.347704],[106.400144,-6.347487],[106.400174,-6.347273],[106.400218,-6.347063],[106.400273,-6.346858],[106.400341,-6.346655],[106.400409,-6.346453],[106.400476,-6.346251],[106.400544,-6.346049],[106.400612,-6.345847],[106.40068,-6.345645],[106.400748,-6.345442],[106.400815,-6.34524],[106.400883,-6.345038],[106.400951,-6.344836],[106.401019,-6.344634],[106.401087,-6.344432],[106.401154,-6.344229],[106.401222,-6.344027],[106.40129,-6.343825],[106.401358,-6.343623],[106.401426,-6.343421],[106.401478,-6.343216],[106.401514,-6.343009],[106.401535,-6.3428],[106.401539,-6.342588],[106.401544,-6.342376],[106.401549,-6.342165],[106.401554,-6.341953],[106.401559,-6.341741],[106.401564,-6.341529],[106.401569,-6.341317],[106.401573,-6.341106],[106.401578,-6.340894],[106.401583,-6.340682],[106.401588,-6.34047],[106.401593,-6.340259],[106.401598,-6.340047],[106.401602,-6.339835],[106.401607,-6.339623],[106.401612,-6.339411],[106.401617,-6.3392],[106.401622,-6.338988],[106.401627,-6.338776],[106.401631,-6.338564],[106.401636,-6.338352],[106.401641,-6.338141],[106.401646,-6.337929],[106.401651,-6.337717],[106.401656,-6.337505],[106.40163,-6.337296],[106.401573,-6.337089],[106.401485,-6.336884],[106.401366,-6.336682],[106.401248,-6.33648],[106.401129,-6.336278],[106.40101,-6.336076],[106.400892,-6.335874],[106.400758,-6.335688],[106.400608,-6.33552],[106.400443,-6.335368],[106.400262,-6.335233],[106.400081,-6.335099],[106.3999,-6.334964],[106.399719,-6.334829],[106.399539,-6.334694],[106.399358,-6.33456],[106.399177,-6.334425],[106.398996,-6.33429],[106.398815,-6.334155],[106.398635,-6.33402],[106.398454,-6.333886],[106.398273,-6.333751],[106.398092,-6.333616],[106.397911,-6.333481],[106.397731,-6.333347],[106.39755,-6.333212],[106.397369,-6.333077],[106.397188,-6.332942],[106.397007,-6.332808],[106.396826,-6.332673],[106.396646,-6.332538],[106.39651,-6.332437],[106.39642,-6.33237],[106.394932,-6.33183]]},"properties":{"id":"KRL-C04","route_id":"KRL-C04","corridor_id":"CAS-KRL-C04","corridor_name":"CASCADE KRL Sentul – Jasinga – Maja","branch_id":"","branch_name":"","name":"Sentul – Dramaga – Jasinga – Maja","short":"Sentul – Maja","from_name":"Sentul","to_name":"Maja","start_name":"Sentul","end_name":"Maja","direction":"Sentul → Maja","mode":"krl","status":"CASCADE_EXTENSION","status_label":"Usulan CASCADE · perpanjangan KRL","cascade_status":"CASCADE_EXTENSION","network_type":"TRUNK","plan_type":"EXTENSION","existing":"NO","parent_route":"","length_km":72.66,"stop_count":38,"geometry_confidence":"HIGH","road_alignment_confidence":"HIGH","alignment_confidence":"HIGH","alignment_type":"RAIL_CORRIDOR","rail_backbone":"Koridor baru Sentul–Dramaga IPB–Leuwiliang–Jasinga–Maja, menyambung KRL Rangkasbitung di Maja","color":"#D62F7F","crs":"EPSG:4326","source":"CASCADE KRL — trase user GeoJSON, stasiun desa per 2 km","source_type":"USER_GEOJSON","geometry_source":"User GeoJSON KRL_SENTUL_JASINGA_MAJA; Chaikin smooth clamped to path","planning_note":"KRL-C04 usulan CASCADE mengikuti GeoJSON user. Stasiun Dramaga wajib di depan IPB, stasiun lain tiap ±2 km memakai nama desa (termasuk Leuwiliang). Terminus Maja menumpang stasiun KRL existing. Bukan masterplan. Bukan DED.","disclaimer":"Usulan CASCADE. Bukan KRL existing. Bukan masterplan. Bukan DED.","updated_at":"2026-09-16","notes":"KRL-C04 usulan CASCADE mengikuti GeoJSON user. Stasiun Dramaga wajib di depan IPB, stasiun lain tiap ±2 km memakai nama desa (termasuk Leuwiliang). Terminus Maja menumpang stasiun KRL existing. Bukan masterplan. Bukan DED.","route_order":32,"vertex_count":2928,"digitization_level":"L3","endpoint":"Sentul – Maja","structure":"AT_GRADE","interchange_count":3,"bbox":[106.394932,-6.578315,106.854945,-6.33183]}},{"type":"Feature","id":"MRT-CASCADE-01","geometry":{"type":"LineString","coordinates":[[106.774932,-6.289296],[106.766929,-6.290638],[106.766844,-6.290859],[106.766929,-6.290638],[106.765905,-6.293285],[106.76599,-6.293064],[106.765905,-6.293489],[106.765905,-6.293896],[106.765905,-6.293285],[106.765905,-6.295728],[106.765905,-6.295118],[106.765905,-6.295525],[106.765828,-6.295919],[106.765674,-6.296301],[106.765905,-6.295728],[106.764676,-6.298783],[106.764906,-6.29821],[106.764752,-6.298592],[106.764522,-6.298943],[106.764676,-6.298783],[106.760374,-6.303262],[106.760527,-6.303102],[106.7602,-6.303425],[106.760374,-6.303262],[106.756891,-6.30652],[106.757065,-6.306357],[106.756823,-6.30674],[106.756891,-6.30652],[106.756072,-6.309167],[106.75614,-6.308946],[106.755969,-6.309345],[106.755765,-6.309701],[106.756072,-6.309167],[106.754433,-6.312017],[106.75474,-6.311483],[106.754535,-6.311839],[106.754228,-6.312009],[106.753819,-6.311992],[106.754433,-6.312017],[106.749517,-6.311814],[106.750131,-6.311839],[106.749722,-6.311822],[106.749286,-6.311814],[106.749517,-6.311814],[106.747673,-6.311814],[106.747903,-6.311814],[106.747622,-6.312038],[106.747673,-6.311814],[106.746649,-6.316293],[106.7467,-6.316069],[106.746662,-6.316503],[106.746649,-6.316293],[106.746751,-6.317973],[106.746751,-6.317973],[106.746738,-6.317763],[106.746683,-6.318193],[106.746751,-6.317973],[106.745112,-6.323266],[106.745181,-6.323046],[106.745061,-6.323496],[106.745112,-6.323266],[106.744703,-6.325099],[106.744754,-6.32487],[106.744421,-6.325201],[106.744703,-6.325099],[106.742449,-6.325913],[106.742731,-6.325812],[106.742219,-6.326015],[106.742449,-6.325913],[106.740606,-6.326728],[106.740836,-6.326626],[106.740597,-6.326948],[106.740606,-6.326728],[106.740401,-6.332021],[106.740409,-6.331801],[106.74035,-6.33225],[106.740401,-6.332021],[106.739172,-6.337518],[106.739223,-6.337289],[106.739108,-6.337735],[106.739172,-6.337518],[106.738148,-6.34098],[106.738212,-6.340763],[106.738045,-6.341171],[106.738148,-6.34098],[106.736509,-6.344034],[106.736611,-6.343843],[106.736265,-6.344046],[106.736509,-6.344034],[106.732617,-6.344237],[106.73286,-6.344224],[106.732422,-6.344176],[106.732033,-6.344054],[106.732617,-6.344237],[106.728724,-6.343016],[106.729308,-6.343199],[106.728919,-6.343077],[106.72852,-6.342985],[106.72811,-6.342924],[106.728724,-6.343016],[106.724627,-6.342405],[106.725242,-6.342496],[106.724832,-6.342435],[106.724397,-6.342494],[106.724627,-6.342405],[106.72094,-6.34383],[106.721171,-6.343741],[106.720723,-6.343932],[106.72094,-6.34383],[106.717458,-6.345459],[106.717675,-6.345357],[106.717253,-6.34551],[106.717458,-6.345459],[106.710903,-6.347087],[106.711107,-6.347037],[106.710684,-6.347078],[106.710903,-6.347087],[106.701275,-6.34668],[106.701493,-6.34669],[106.70107,-6.34669],[106.70066,-6.346708],[106.701275,-6.34668],[106.692261,-6.347087],[106.692876,-6.34706],[106.692466,-6.347078],[106.692046,-6.347087],[106.692261,-6.347087],[106.687959,-6.347087],[106.688175,-6.347087],[106.6879,-6.346867],[106.687959,-6.347087],[106.686526,-6.341794],[106.686585,-6.342015],[106.686533,-6.34159],[106.686547,-6.341183],[106.686526,-6.341794],[106.68673,-6.336093],[106.686708,-6.336704],[106.686723,-6.336297],[106.686718,-6.335852],[106.68673,-6.336093],[106.686526,-6.332225],[106.686538,-6.332467],[106.686438,-6.332014],[106.686526,-6.332225],[106.684067,-6.326321],[106.684155,-6.326531],[106.683991,-6.326117],[106.684067,-6.326321],[106.681609,-6.319805],[106.681686,-6.320009],[106.681476,-6.319637],[106.681609,-6.319805],[106.676283,-6.313086],[106.676416,-6.313254],[106.676152,-6.312911],[106.676283,-6.313086],[106.671572,-6.306774],[106.671702,-6.30695],[106.671426,-6.306588],[106.671572,-6.306774],[106.668089,-6.302295],[106.668234,-6.302482],[106.668038,-6.302057],[106.668089,-6.302295],[106.667475,-6.299444],[106.667526,-6.299682],[106.667257,-6.299457],[106.667475,-6.299444],[106.663992,-6.299648],[106.66421,-6.299635],[106.663777,-6.299628],[106.663992,-6.299648],[106.655388,-6.298834],[106.655604,-6.298854],[106.655169,-6.298863],[106.655388,-6.298834],[106.649243,-6.299648],[106.649462,-6.299619],[106.649023,-6.299626],[106.649243,-6.299648],[106.643097,-6.299037],[106.643317,-6.299059],[106.642961,-6.299258],[106.643097,-6.299037],[106.641459,-6.301684],[106.641595,-6.301464],[106.641459,-6.301684],[106.63657,-6.30068]]},"properties":{"id":"MRT-CASCADE-01","route_id":"MRT-CASCADE-01","corridor_id":"MRT-CASCADE-01","corridor_name":"Lebak Bulus – ICE BSD","name":"LEBAK BULUS – ICE BSD","short":"Lebak Bulus – ICE BSD","route_name":"LEBAK BULUS – ICE BSD","from_name":"Lebak Bulus","to_name":"ICE BSD","start_name":"Lebak Bulus","end_name":"ICE BSD","direction":"Lebak Bulus → ICE BSD","mode":"mrt","status":"CASCADE_PROPOSED","status_label":"Usulan CASCADE · MRT","network_type":"CASCADE","plan_type":"PROPOSED","existing":"NO","length_km":29.11,"stop_count":19,"geometry_confidence":"HIGH","alignment_confidence":"HIGH","alignment_type":"RAIL_CORRIDOR","color":"#7C3AED","crs":"EPSG:4326","source":"CASCADE MRT — trase user GeoJSON, 4 koridor logis, stasiun ~1,5 km","source_type":"USER_GEOJSON","geometry_source":"User GeoJSON TREK MRT (id=1 trunk + id=3 ICE BSD)","disclaimer":"Usulan CASCADE. Bukan MRT Jakarta existing. Bukan masterplan resmi. Bukan DED.","updated_at":"2026-09-16","notes":"Koridor CASCADE MRT Lebak Bulus–ICE BSD dari GeoJSON user. Node Lebak Bulus bersama MRT existing dan MRT-CASCADE-02.","route_order":10,"vertex_count":189,"digitization_level":"L3","endpoint":"Lebak Bulus – ICE BSD","structure":"ELEVATED","interchange_count":2,"operator_type":"CASCADE","bbox":[106.63657,-6.347087479165048,106.7749323,-6.2892957]}},{"type":"Feature","id":"MRT-CASCADE-02","geometry":{"type":"LineString","coordinates":[[106.774932,-6.289296],[106.766929,-6.290638],[106.766844,-6.290859],[106.766929,-6.290638],[106.765905,-6.293285],[106.76599,-6.293064],[106.765905,-6.293489],[106.765905,-6.293896],[106.765905,-6.293285],[106.765905,-6.295728],[106.765905,-6.295118],[106.765905,-6.295525],[106.765828,-6.295919],[106.765674,-6.296301],[106.765905,-6.295728],[106.764676,-6.298783],[106.764906,-6.29821],[106.764752,-6.298592],[106.764522,-6.298943],[106.764676,-6.298783],[106.760374,-6.303262],[106.760527,-6.303102],[106.7602,-6.303425],[106.760374,-6.303262],[106.756891,-6.30652],[106.757065,-6.306357],[106.756823,-6.30674],[106.756891,-6.30652],[106.756072,-6.309167],[106.75614,-6.308946],[106.755969,-6.309345],[106.755765,-6.309701],[106.756072,-6.309167],[106.754433,-6.312017],[106.75474,-6.311483],[106.754535,-6.311839],[106.754228,-6.312009],[106.753819,-6.311992],[106.754433,-6.312017],[106.749517,-6.311814],[106.750131,-6.311839],[106.749722,-6.311822],[106.749286,-6.311814],[106.749517,-6.311814],[106.747673,-6.311814],[106.747903,-6.311814],[106.747622,-6.312038],[106.747673,-6.311814],[106.746649,-6.316293],[106.7467,-6.316069],[106.746634,-6.316511],[106.746649,-6.316293],[106.746239,-6.322401],[106.746254,-6.322183],[106.74629,-6.322611],[106.746239,-6.322401],[106.747878,-6.32912],[106.747827,-6.32891],[106.747929,-6.329324],[106.747878,-6.32912],[106.749312,-6.334821],[106.749261,-6.334617],[106.749323,-6.335041],[106.749312,-6.334821],[106.749722,-6.342761],[106.74971,-6.342541],[106.749715,-6.342984],[106.749722,-6.342761],[106.749517,-6.349887],[106.749523,-6.349664],[106.749497,-6.350097],[106.749517,-6.349887],[106.748902,-6.356605],[106.748921,-6.356395],[106.748851,-6.356826],[106.748902,-6.356605],[106.747673,-6.361899],[106.747724,-6.361678],[106.747571,-6.362112],[106.747673,-6.361899],[106.745625,-6.366174],[106.745727,-6.36596],[106.745633,-6.366403],[106.745625,-6.366174],[106.745829,-6.371671],[106.745821,-6.371442],[106.74584,-6.371874],[106.74586,-6.372282],[106.745829,-6.371671],[106.746239,-6.379814],[106.746208,-6.379203],[106.746229,-6.379611],[106.74627,-6.380038],[106.746239,-6.379814],[106.746854,-6.384293],[106.746823,-6.384069],[106.746782,-6.384496],[106.746854,-6.384293],[106.74542,-6.388364],[106.745491,-6.388161],[106.745354,-6.388568],[106.74542,-6.388364],[106.743576,-6.394065],[106.743642,-6.393861],[106.743533,-6.394285],[106.743576,-6.394065],[106.742552,-6.399357],[106.742594,-6.399137],[106.742535,-6.399578],[106.742552,-6.399357],[106.742142,-6.40465],[106.742159,-6.40443],[106.742398,-6.404701],[106.742142,-6.40465],[106.744191,-6.405057],[106.743935,-6.405007],[106.744388,-6.405116],[106.744783,-6.405232],[106.744191,-6.405057],[106.749722,-6.406686],[106.749129,-6.406512],[106.749524,-6.406628],[106.749926,-6.406705],[106.750336,-6.406743],[106.749722,-6.406686],[106.756277,-6.407297],[106.755662,-6.40724],[106.756072,-6.407278],[106.756447,-6.40711],[106.756277,-6.407297],[106.758325,-6.405057],[106.758154,-6.405244],[106.758547,-6.405108],[106.758325,-6.405057],[106.760988,-6.405668],[106.760766,-6.405617],[106.761193,-6.405592],[106.760988,-6.405668],[106.765905,-6.403836],[106.7657,-6.403912],[106.766109,-6.403798],[106.766519,-6.403722],[106.765905,-6.403836],[106.769182,-6.403225],[106.768568,-6.40334],[106.768977,-6.403264],[106.769353,-6.403107],[106.769694,-6.402869],[106.769182,-6.403225],[106.771231,-6.4018],[106.770719,-6.402157],[106.77106,-6.401919],[106.771256,-6.401571],[106.771231,-6.4018],[106.77164,-6.398136],[106.771615,-6.398365],[106.771743,-6.397932],[106.77164,-6.398136],[106.773279,-6.394879],[106.773177,-6.395082],[106.773458,-6.394981],[106.773817,-6.395184],[106.773279,-6.394879],[106.776147,-6.396507],[106.775609,-6.396202],[106.775968,-6.396406],[106.776352,-6.396495],[106.776762,-6.396469],[106.776147,-6.396507],[106.779425,-6.396304],[106.77881,-6.396342],[106.77922,-6.396317],[106.779655,-6.396253],[106.779425,-6.396304],[106.783112,-6.39549],[106.782881,-6.39554],[106.783307,-6.395418],[106.783696,-6.395276],[106.783112,-6.39549],[106.787004,-6.394065],[106.78642,-6.394278],[106.786809,-6.394136],[106.787235,-6.394065],[106.787004,-6.394065],[106.788848,-6.394065],[106.788617,-6.394065],[106.789053,-6.394077],[106.789462,-6.394103],[106.788848,-6.394065],[106.795403,-6.394472],[106.794788,-6.394434],[106.795198,-6.394459],[106.795608,-6.394489],[106.796017,-6.394523],[106.795403,-6.394472],[106.800319,-6.394879],[106.799705,-6.394828],[106.800114,-6.394862],[106.800575,-6.39493],[106.800319,-6.394879],[106.802368,-6.395286],[106.802112,-6.395235],[106.802573,-6.395413],[106.802368,-6.395286],[106.805645,-6.397322],[106.805441,-6.397195],[106.805843,-6.397373],[106.806238,-6.397474],[106.805645,-6.397322],[106.811176,-6.398747],[106.810584,-6.398594],[106.810979,-6.398696],[106.811394,-6.398779],[106.811176,-6.398747],[106.818141,-6.399765],[106.817924,-6.399733],[106.818141,-6.399765],[106.821211,-6.392071]]},"properties":{"id":"MRT-CASCADE-02","route_id":"MRT-CASCADE-02","corridor_id":"MRT-CASCADE-02","corridor_name":"Lebak Bulus – Depok Baru","name":"LEBAK BULUS – DEPOK BARU","short":"Lebak Bulus – Depok Baru","route_name":"LEBAK BULUS – DEPOK BARU","from_name":"Lebak Bulus","to_name":"Depok Baru","start_name":"Lebak Bulus","end_name":"Depok Baru","direction":"Lebak Bulus → Depok Baru","mode":"mrt","status":"CASCADE_PROPOSED","status_label":"Usulan CASCADE · MRT","network_type":"CASCADE","plan_type":"PROPOSED","existing":"NO","length_km":32.52,"stop_count":22,"geometry_confidence":"HIGH","alignment_confidence":"HIGH","alignment_type":"RAIL_CORRIDOR","color":"#7C3AED","crs":"EPSG:4326","source":"CASCADE MRT — trase user GeoJSON, 4 koridor logis, stasiun ~1,5 km","source_type":"USER_GEOJSON","geometry_source":"User GeoJSON TREK MRT (id=1 Lebak Bulus–Depok Baru)","disclaimer":"Usulan CASCADE. Bukan MRT Jakarta existing. Bukan masterplan resmi. Bukan DED.","updated_at":"2026-09-16","notes":"Koridor CASCADE MRT Lebak Bulus–Depok Baru. Lebak Bulus = super-node MRT existing. Depok Baru = hub MRT-CASCADE-02/03/04 + KRL existing.","route_order":11,"vertex_count":218,"digitization_level":"L3","endpoint":"Lebak Bulus – Depok Baru","structure":"ELEVATED","interchange_count":2,"operator_type":"CASCADE","bbox":[106.74214209849646,-6.407296766810447,106.8212108,-6.2892957]}},{"type":"Feature","id":"MRT-CASCADE-03","geometry":{"type":"LineString","coordinates":[[106.821211,-6.392071],[106.818448,-6.40007],[106.818705,-6.400121],[106.819217,-6.400223],[106.819586,-6.400092],[106.819473,-6.400274],[106.825823,-6.390095],[106.82571,-6.390277],[106.825925,-6.389919],[106.82613,-6.389567],[106.825823,-6.390095],[106.83033,-6.382359],[106.830022,-6.382886],[106.830227,-6.382535],[106.830387,-6.382161],[106.8305,-6.381765],[106.83033,-6.382359],[106.832378,-6.375234],[106.832207,-6.375827],[106.832321,-6.375431],[106.832429,-6.37503],[106.832378,-6.375234],[106.834222,-6.367905],[106.834171,-6.368108],[106.834194,-6.367701],[106.834139,-6.367294],[106.834222,-6.367905],[106.832788,-6.357318],[106.832871,-6.357929],[106.832815,-6.357522],[106.83289,-6.357063],[106.832788,-6.357318],[106.833607,-6.355282],[106.833505,-6.355537],[106.833812,-6.355193],[106.833607,-6.355282],[106.836885,-6.353857],[106.83668,-6.353946],[106.837115,-6.353921],[106.836885,-6.353857],[106.840572,-6.354875],[106.840342,-6.354811],[106.840777,-6.354875],[106.841187,-6.354875],[106.840572,-6.354875],[106.842928,-6.354977],[106.842416,-6.354875],[106.842826,-6.354875],[106.843005,-6.3549],[106.842954,-6.354951],[106.843158,-6.354977],[106.843619,-6.354977],[106.84303,-6.354875],[106.846615,-6.354977],[106.846385,-6.354977],[106.84682,-6.355017],[106.84723,-6.355099],[106.846615,-6.354977],[106.850712,-6.355791],[106.850098,-6.355669],[106.850507,-6.35575],[106.850917,-6.355766],[106.851327,-6.355715],[106.850712,-6.355791],[106.85399,-6.355384],[106.853375,-6.35546],[106.853785,-6.355409],[106.85418,-6.355471],[106.85456,-6.355646],[106.85399,-6.355384],[106.859316,-6.357827],[106.858745,-6.357565],[106.859126,-6.35774],[106.859327,-6.358047],[106.859316,-6.357827],[106.859726,-6.365767],[106.859714,-6.365546],[106.859799,-6.365978],[106.859726,-6.365767],[106.861774,-6.371671],[106.861701,-6.37146],[106.862013,-6.371773],[106.861774,-6.371671],[106.864642,-6.372892],[106.864403,-6.372791],[106.864861,-6.372892],[106.864642,-6.372892],[106.870787,-6.372892],[106.870568,-6.372892],[106.870982,-6.372831],[106.871371,-6.372709],[106.870787,-6.372892],[106.87468,-6.371671],[106.874096,-6.371854],[106.874485,-6.371732],[106.874901,-6.371688],[106.87468,-6.371671],[106.877343,-6.371874],[106.877121,-6.371857],[106.87753,-6.371959],[106.877906,-6.372129],[106.877343,-6.371874],[106.879596,-6.372892],[106.879033,-6.372638],[106.879408,-6.372807],[106.879835,-6.372791],[106.879596,-6.372892],[106.882464,-6.371671],[106.882225,-6.371773],[106.882652,-6.371501],[106.882464,-6.371671],[106.884717,-6.369635],[106.884529,-6.369805],[106.884935,-6.36966],[106.884717,-6.369635],[106.8882,-6.370042],[106.887982,-6.370017],[106.888379,-6.369839],[106.8882,-6.370042],[106.889634,-6.368413],[106.889454,-6.368617],[106.889824,-6.368515],[106.889634,-6.368413],[106.89496,-6.371264],[106.894769,-6.371162],[106.895011,-6.371467],[106.89496,-6.371264],[106.895779,-6.374521],[106.895779,-6.374521],[106.895728,-6.374317],[106.895835,-6.374586],[106.895946,-6.374716],[106.896018,-6.375151],[106.896051,-6.375892],[106.896164,-6.376407],[106.896359,-6.376697],[106.896618,-6.376906],[106.896942,-6.377035],[106.897299,-6.377099],[106.897687,-6.377099],[106.898011,-6.377051],[106.898271,-6.376954],[106.89853,-6.376842],[106.898789,-6.376713],[106.899146,-6.3766],[106.899599,-6.376504],[106.900053,-6.376455],[106.900507,-6.376455],[106.901025,-6.376423],[106.900734,-6.376455],[106.903067,-6.376198],[106.902775,-6.37623],[106.903337,-6.376187],[106.903067,-6.376198],[106.906307,-6.376069],[106.906037,-6.37608],[106.906534,-6.376069],[106.906988,-6.376069],[106.907344,-6.376004],[106.907604,-6.375876],[106.907944,-6.375811],[106.908365,-6.375811],[106.908851,-6.375811],[106.909402,-6.375811],[106.909953,-6.375811],[106.909677,-6.375811],[106.911881,-6.375811],[106.911606,-6.375811],[106.912124,-6.375803],[106.911881,-6.375811],[106.913825,-6.375747],[106.913582,-6.375755],[106.914182,-6.375747],[106.914895,-6.375747],[106.915381,-6.375763],[106.91564,-6.375795],[106.915964,-6.375876],[106.916353,-6.376004],[106.916718,-6.376182],[106.917058,-6.376407],[106.917398,-6.376632],[106.917738,-6.376858],[106.918176,-6.377099],[106.917909,-6.376971],[106.920047,-6.378001],[106.91978,-6.377872],[106.920217,-6.378114],[106.920558,-6.378339],[106.920898,-6.378565],[106.921238,-6.37879],[106.921619,-6.379128],[106.92204,-6.379579],[106.922402,-6.379966],[106.922251,-6.379805],[106.924066,-6.381737],[106.923914,-6.381576],[106.92426,-6.381882],[106.924649,-6.382172],[106.925167,-6.382381],[106.925816,-6.38251],[106.926528,-6.38259],[106.927306,-6.382623],[106.928084,-6.382687],[106.928862,-6.382784],[106.929607,-6.382848],[106.93032,-6.38288],[106.930936,-6.382912],[106.931454,-6.382945],[106.931892,-6.383025],[106.932248,-6.383154],[106.932653,-6.383363],[106.933107,-6.383653],[106.933528,-6.383975],[106.933917,-6.384329],[106.934298,-6.384619],[106.934111,-6.384506],[106.935602,-6.385408],[106.935416,-6.385295],[106.935786,-6.385526],[106.935602,-6.385408],[106.937806,-6.386825],[106.937622,-6.386707],[106.938,-6.386922],[106.937806,-6.386825],[106.939361,-6.387598],[106.939167,-6.387502],[106.93958,-6.387671],[106.939361,-6.387598],[106.941111,-6.388178],[106.940892,-6.388105],[106.941332,-6.388269],[106.941111,-6.388178],[106.943768,-6.389273],[106.943547,-6.389182],[106.944157,-6.389353],[106.944935,-6.389514],[106.945559,-6.389675],[106.945324,-6.389595],[106.947203,-6.390239],[106.946968,-6.390158],[106.947576,-6.390335],[106.948321,-6.390529],[106.9489,-6.390725],[106.948694,-6.390625],[106.951986,-6.392214],[106.951781,-6.392115],[106.952341,-6.392292],[106.95305,-6.392449],[106.9537,-6.392547],[106.954291,-6.392586],[106.954822,-6.392625],[106.955295,-6.392664],[106.955728,-6.392703],[106.956122,-6.392742],[106.956398,-6.392762],[106.956556,-6.392762],[106.956713,-6.392821],[106.956871,-6.392938],[106.957068,-6.393114],[106.957304,-6.393349],[106.957521,-6.393584],[106.957718,-6.393819],[106.957836,-6.394093],[106.957875,-6.394406],[106.957895,-6.394719],[106.957895,-6.395032],[106.957915,-6.395502],[106.957954,-6.396128],[106.957974,-6.396598],[106.957974,-6.396911],[106.957993,-6.397283],[106.958033,-6.397714],[106.958092,-6.398086],[106.958171,-6.398399],[106.958249,-6.398673],[106.958328,-6.398908],[106.958525,-6.39926],[106.95884,-6.39973],[106.959076,-6.400219],[106.959234,-6.400728],[106.959372,-6.401217],[106.95949,-6.401687],[106.959628,-6.402196],[106.959785,-6.402744],[106.959864,-6.403135],[106.959864,-6.40337],[106.959923,-6.403566],[106.960042,-6.403722],[106.960278,-6.403918],[106.960632,-6.404153],[106.961066,-6.404349],[106.961578,-6.404505],[106.962188,-6.40474],[106.962897,-6.405053],[106.963459,-6.405308],[106.963252,-6.40521],[106.964906,-6.405993],[106.964699,-6.405895],[106.965136,-6.406084],[106.964906,-6.405993],[106.967663,-6.407089],[106.967434,-6.406997],[106.967913,-6.407147],[106.967663,-6.407089],[106.970657,-6.407793],[106.970407,-6.407734],[106.970903,-6.407793],[106.970657,-6.407793],[106.972626,-6.407793],[106.97238,-6.407793],[106.972843,-6.407764],[106.972626,-6.407793],[106.97436,-6.407558],[106.974143,-6.407588],[106.974596,-6.40748],[106.975069,-6.407323],[106.975561,-6.407167],[106.976073,-6.40701],[106.976585,-6.406971],[106.977097,-6.407049],[106.977589,-6.407304],[106.978062,-6.407734],[106.978476,-6.408087],[106.97883,-6.408361],[106.979283,-6.408654],[106.979835,-6.408967],[106.980347,-6.409192],[106.98011,-6.409124],[106.982001,-6.409672],[106.981765,-6.409603],[106.982257,-6.409721],[106.982001,-6.409672],[106.984049,-6.410063],[106.983793,-6.410014],[106.984276,-6.410103],[106.984049,-6.410063],[106.985861,-6.410377],[106.985635,-6.410337],[106.98589,-6.410366],[106.985947,-6.410344],[106.986239,-6.410344],[106.986765,-6.410366],[106.987292,-6.410366],[106.987818,-6.410344],[106.988334,-6.410322],[106.988838,-6.4103],[106.989364,-6.410278],[106.989913,-6.410257],[106.99034,-6.410213],[106.990648,-6.410148],[106.990988,-6.410082],[106.99136,-6.410017],[106.991656,-6.409941],[106.991876,-6.409853],[106.992106,-6.409701],[106.992347,-6.409483],[106.992523,-6.409309],[106.992633,-6.409178],[106.99283,-6.409069],[106.993115,-6.408982],[106.993389,-6.408851],[106.993652,-6.408676],[106.99397,-6.408557],[106.994343,-6.408491],[106.994694,-6.408371],[106.995023,-6.408197],[106.99533,-6.408033],[106.995615,-6.407881],[106.995835,-6.407739],[106.995988,-6.407608],[106.996131,-6.407499],[106.996263,-6.407412],[106.996482,-6.407347],[106.996789,-6.407303],[106.997063,-6.407303],[106.997304,-6.407347],[106.997637,-6.407423],[106.997425,-6.407369],[106.999969,-6.408023],[106.999757,-6.407968],[107.000203,-6.408077],[106.999969,-6.408023],[107.002777,-6.408676],[107.002543,-6.408622],[107.003023,-6.408715],[107.002777,-6.408676],[107.004751,-6.408982],[107.004504,-6.408943],[107.00492,-6.40886],[107.005258,-6.408617],[107.005657,-6.408567],[107.005428,-6.408495],[107.010025,-6.409938],[107.009795,-6.409866],[107.010146,-6.410138],[107.010025,-6.409938],[107.011477,-6.412343],[107.011356,-6.412142],[107.011688,-6.412433],[107.011477,-6.412343],[107.013171,-6.413064],[107.012959,-6.412974],[107.013388,-6.4131],[107.013171,-6.413064],[107.017526,-6.413785],[107.017308,-6.413749],[107.017708,-6.413665],[107.017526,-6.413785],[107.019704,-6.412343],[107.019522,-6.412463],[107.019946,-6.412343],[107.02043,-6.412343],[107.020914,-6.412523],[107.021398,-6.412884],[107.021821,-6.413304],[107.02164,-6.413064],[107.023091,-6.414988],[107.02291,-6.414747],[107.023333,-6.415063],[107.023091,-6.414988],[107.026963,-6.41619],[107.026721,-6.416115],[107.027165,-6.41627],[107.026963,-6.41619],[107.029383,-6.417152],[107.029181,-6.417072],[107.029579,-6.417272],[107.029383,-6.417152],[107.032528,-6.419075],[107.032332,-6.418955],[107.032689,-6.419226],[107.032528,-6.419075],[107.0364,-6.422682],[107.036238,-6.422532],[107.036521,-6.422849],[107.036763,-6.423183],[107.0364,-6.422682],[107.040755,-6.428693],[107.040392,-6.428192],[107.040634,-6.428526],[107.040861,-6.428874],[107.041073,-6.429234],[107.040755,-6.428693],[107.042449,-6.431579],[107.042131,-6.431038],[107.042343,-6.431398],[107.042449,-6.431939],[107.042449,-6.432661],[107.042449,-6.433142],[107.042449,-6.433382],[107.042671,-6.433502],[107.042449,-6.433502],[107.045111,-6.433502],[107.044889,-6.433502],[107.045373,-6.433542],[107.045111,-6.433502],[107.048256,-6.433983],[107.047994,-6.433943],[107.048559,-6.434013],[107.048256,-6.433983],[107.050676,-6.434224],[107.050373,-6.434194],[107.050898,-6.434264],[107.050676,-6.434224],[107.053338,-6.434705],[107.053116,-6.434665],[107.053519,-6.434915],[107.053338,-6.434705],[107.054789,-6.436388],[107.054608,-6.436177],[107.05491,-6.436608],[107.054789,-6.436388],[107.056241,-6.439033],[107.05612,-6.438812],[107.056423,-6.439243],[107.056241,-6.439033],[107.057693,-6.440716],[107.057512,-6.440505],[107.057799,-6.440926],[107.057693,-6.440716],[107.059387,-6.444082],[107.059281,-6.443872],[107.059447,-6.444322],[107.059387,-6.444082],[107.060355,-6.447929],[107.060294,-6.447689],[107.060385,-6.448139],[107.060355,-6.447929],[107.060597,-6.449612],[107.060566,-6.449402],[107.060657,-6.449812],[107.060778,-6.450213],[107.060597,-6.449612],[107.061323,-6.452016],[107.061141,-6.451415],[107.061262,-6.451816],[107.061363,-6.452277],[107.061323,-6.452016],[107.061807,-6.455142],[107.061766,-6.454882],[107.061807,-6.455443],[107.061807,-6.455142],[107.061807,-6.457546],[107.061807,-6.457246],[107.061807,-6.457847],[107.061807,-6.457546],[107.061807,-6.459951],[107.061807,-6.45965],[107.061897,-6.460191],[107.061807,-6.459951],[107.062532,-6.461874],[107.062442,-6.461634],[107.062613,-6.462115],[107.062532,-6.461874],[107.0635,-6.464759],[107.06342,-6.464519],[107.063652,-6.465],[107.0635,-6.464759],[107.06471,-6.466683],[107.064559,-6.466442],[107.06471,-6.466683]]},"properties":{"id":"MRT-CASCADE-03","route_id":"MRT-CASCADE-03","corridor_id":"MRT-CASCADE-03","corridor_name":"Depok Baru – Jonggol","name":"DEPOK BARU – JONGGOL","short":"Depok Baru – Jonggol","route_name":"DEPOK BARU – JONGGOL","from_name":"Depok Baru","to_name":"Jonggol","start_name":"Depok Baru","end_name":"Jonggol","direction":"Depok Baru → Jonggol","mode":"mrt","status":"CASCADE_PROPOSED","status_label":"Usulan CASCADE · MRT","network_type":"CASCADE","plan_type":"PROPOSED","existing":"NO","length_km":50.55,"stop_count":34,"geometry_confidence":"HIGH","alignment_confidence":"HIGH","alignment_type":"RAIL_CORRIDOR","color":"#7C3AED","crs":"EPSG:4326","source":"CASCADE MRT — trase user GeoJSON, 4 koridor logis, stasiun ~1,5 km","source_type":"USER_GEOJSON","geometry_source":"User GeoJSON TREK MRT (id=1+2+4 Depok Baru–Cibubur–Jonggol)","disclaimer":"Usulan CASCADE. Bukan MRT Jakarta existing. Bukan masterplan resmi. Bukan DED.","updated_at":"2026-09-16","notes":"Koridor CASCADE MRT Depok Baru–Jonggol. Depok Baru shared dengan MRT-CASCADE-02 dan MRT-CASCADE-04.","route_order":12,"vertex_count":521,"digitization_level":"L3","endpoint":"Depok Baru – Jonggol","structure":"ELEVATED","interchange_count":2,"operator_type":"CASCADE","bbox":[106.81844845261465,-6.466682897037776,107.0647102218888,-6.353856923070709]}},{"type":"Feature","id":"MRT-CASCADE-04","geometry":{"type":"LineString","coordinates":[[106.821211,-6.392071],[106.818448,-6.40007],[106.818705,-6.400121],[106.819217,-6.400223],[106.819586,-6.400092],[106.819473,-6.400274],[106.825823,-6.390095],[106.82571,-6.390277],[106.825925,-6.389919],[106.82613,-6.389567],[106.825823,-6.390095],[106.83033,-6.382359],[106.830022,-6.382886],[106.830227,-6.382535],[106.830387,-6.382161],[106.8305,-6.381765],[106.83033,-6.382359],[106.832378,-6.375234],[106.832207,-6.375827],[106.832321,-6.375431],[106.832429,-6.37503],[106.832378,-6.375234],[106.834222,-6.367905],[106.834171,-6.368108],[106.834194,-6.367701],[106.834139,-6.367294],[106.834222,-6.367905],[106.832788,-6.357318],[106.832871,-6.357929],[106.832815,-6.357522],[106.83289,-6.357063],[106.832788,-6.357318],[106.833607,-6.355282],[106.833505,-6.355537],[106.833812,-6.355193],[106.833607,-6.355282],[106.836885,-6.353857],[106.83668,-6.353946],[106.837115,-6.353921],[106.836885,-6.353857],[106.840572,-6.354875],[106.840342,-6.354811],[106.840777,-6.354875],[106.841187,-6.354875],[106.840572,-6.354875],[106.84303,-6.354875],[106.842416,-6.354875],[106.842826,-6.354875],[106.84303,-6.354663],[106.84303,-6.354875],[106.84303,-6.349785],[106.84303,-6.349997],[106.842928,-6.349683],[106.842723,-6.34948],[106.842493,-6.349174],[106.842621,-6.349378],[106.841596,-6.347749],[106.841724,-6.347953],[106.841596,-6.347495],[106.841596,-6.347749],[106.841596,-6.345713],[106.841596,-6.345968],[106.84175,-6.345527],[106.841596,-6.345713],[106.84344,-6.343474],[106.843286,-6.34366],[106.843478,-6.343257],[106.84344,-6.343474],[106.844055,-6.340013],[106.844016,-6.340229],[106.844003,-6.339758],[106.844055,-6.340013],[106.843645,-6.337977],[106.843696,-6.338231],[106.843799,-6.337773],[106.844106,-6.337366],[106.844336,-6.336933],[106.844259,-6.337162],[106.844874,-6.33533],[106.844797,-6.335559],[106.845028,-6.334974],[106.845335,-6.334261],[106.845506,-6.333667],[106.845489,-6.333905],[106.845693,-6.331054],[106.845676,-6.331292],[106.845659,-6.330851],[106.845591,-6.330443],[106.845693,-6.331054],[106.845284,-6.328611],[106.845386,-6.329222],[106.845318,-6.328815],[106.845267,-6.328407],[106.845232,-6.328],[106.845284,-6.328611],[106.845079,-6.326168],[106.84513,-6.326779],[106.845096,-6.326371],[106.845164,-6.325947],[106.845079,-6.326168],[106.846103,-6.323521],[106.846018,-6.323742],[106.846298,-6.323378],[106.846103,-6.323521],[106.849995,-6.320671],[106.849801,-6.320813],[106.850149,-6.320505],[106.849995,-6.320671],[106.852453,-6.318024],[106.8523,-6.318189],[106.852709,-6.31799],[106.852453,-6.318024],[106.855526,-6.317616],[106.85527,-6.31765],[106.855688,-6.317472],[106.855526,-6.317616],[106.859418,-6.314155],[106.859256,-6.314299],[106.859674,-6.313901],[106.860186,-6.313392],[106.860289,-6.312883],[106.860443,-6.313137],[106.859213,-6.311101],[106.859367,-6.311356],[106.859213,-6.310872],[106.859213,-6.311101],[106.859213,-6.309269],[106.859213,-6.309498],[106.859213,-6.309014],[106.859213,-6.309269],[106.859213,-6.307232],[106.859213,-6.307487],[106.859239,-6.307003],[106.859213,-6.307232],[106.859418,-6.3054],[106.859393,-6.305629],[106.859401,-6.305196],[106.859367,-6.304789],[106.859418,-6.3054],[106.859213,-6.302957],[106.859265,-6.303568],[106.859231,-6.30316],[106.859213,-6.302804],[106.859213,-6.302499],[106.85906,-6.302091],[106.858753,-6.301582],[106.858496,-6.301141],[106.858599,-6.301328],[106.85737,-6.299088],[106.857472,-6.299275],[106.857284,-6.298901],[106.857114,-6.298528],[106.85737,-6.299088],[106.856346,-6.296848],[106.856602,-6.297408],[106.856431,-6.297035],[106.856315,-6.296635],[106.856346,-6.296848],[106.855731,-6.292572],[106.855762,-6.292786],[106.855722,-6.292367],[106.855704,-6.291956],[106.855731,-6.292572],[106.855219,-6.281068],[106.855246,-6.281684],[106.855228,-6.281273],[106.855202,-6.280822],[106.855219,-6.281068],[106.855014,-6.278116],[106.855031,-6.278362],[106.855099,-6.277903],[106.855014,-6.278116],[106.856038,-6.27557],[106.855953,-6.275782],[106.856154,-6.275367],[106.856038,-6.27557],[106.858804,-6.270683],[106.858689,-6.270887],[106.858906,-6.270489],[106.858804,-6.270683],[106.862081,-6.264473],[106.861979,-6.264667],[106.862209,-6.264252],[106.862081,-6.264473],[106.863618,-6.261826],[106.86349,-6.262046],[106.86372,-6.261444],[106.863925,-6.26068],[106.864002,-6.260082],[106.864027,-6.260298],[106.863618,-6.256837],[106.863643,-6.257053],[106.863656,-6.256544],[106.863618,-6.256837],[106.863925,-6.254495],[106.863887,-6.254788],[106.864024,-6.254302],[106.863925,-6.254495],[106.86669,-6.249099],[106.866592,-6.249291],[106.86678,-6.248882],[106.86669,-6.249099],[106.868841,-6.243906],[106.868752,-6.244122],[106.868877,-6.243682],[106.868841,-6.243906],[106.869558,-6.239426],[106.869522,-6.23965],[106.869497,-6.239233],[106.869374,-6.238846],[106.869558,-6.239426],[106.868329,-6.235557],[106.868514,-6.236137],[106.868391,-6.235751],[106.868273,-6.235353],[106.868329,-6.235557],[106.867203,-6.231484],[106.867259,-6.231688],[106.867203,-6.23126],[106.867203,-6.231484],[106.867203,-6.227004],[106.867203,-6.227228],[106.8671,-6.226737],[106.867203,-6.227004],[106.866383,-6.224866],[106.866486,-6.225133],[106.866323,-6.224654],[106.866383,-6.224866],[106.864949,-6.219775],[106.865009,-6.219987],[106.86486,-6.21952],[106.864949,-6.219775],[106.864232,-6.217738],[106.864322,-6.217993],[106.864181,-6.217408],[106.864079,-6.216746],[106.863848,-6.216237],[106.864027,-6.216415],[106.862593,-6.214989],[106.862773,-6.215167],[106.862457,-6.214786],[106.862593,-6.214989],[106.860955,-6.212546],[106.861091,-6.212749],[106.860871,-6.212335],[106.860955,-6.212546],[106.858599,-6.20664],[106.858683,-6.206851],[106.858522,-6.206423],[106.858599,-6.20664],[106.85737,-6.203178],[106.857447,-6.203394],[106.857229,-6.203025],[106.856947,-6.20272],[106.85737,-6.203178],[106.85399,-6.199512],[106.854412,-6.19997],[106.854131,-6.199665],[106.85384,-6.199364],[106.85399,-6.199512],[106.850405,-6.195948],[106.850554,-6.196097],[106.850292,-6.195744],[106.850405,-6.195948],[106.848152,-6.191875],[106.848264,-6.192079],[106.848052,-6.191694],[106.847854,-6.191331],[106.848152,-6.191875],[106.844976,-6.186071],[106.845274,-6.186615],[106.845076,-6.186252],[106.844864,-6.185898],[106.844638,-6.185552],[106.844976,-6.186071],[106.842723,-6.182609],[106.843061,-6.183128],[106.842836,-6.182782],[106.842691,-6.182367],[106.842723,-6.182609],[106.842211,-6.178739],[106.842243,-6.178981],[106.842163,-6.178526],[106.842211,-6.178739],[106.840675,-6.171917],[106.840723,-6.17213],[106.840621,-6.171715],[106.840513,-6.171313],[106.840675,-6.171917],[106.838524,-6.163872],[106.838685,-6.164475],[106.838577,-6.164073],[106.838476,-6.163672],[106.838381,-6.163271],[106.838524,-6.163872],[106.834324,-6.146255],[106.834467,-6.146855],[106.834372,-6.146455],[106.834281,-6.146041],[106.834324,-6.146255],[106.832071,-6.135154],[106.832114,-6.135368],[106.832028,-6.134929],[106.832071,-6.135154],[106.831047,-6.129757],[106.831089,-6.129982],[106.831047,-6.129553],[106.831047,-6.129146],[106.831047,-6.129757],[106.831047,-6.127313],[106.831047,-6.127924],[106.831047,-6.127516],[106.831277,-6.127134],[106.831047,-6.127313],[106.83289,-6.125887],[106.83266,-6.126065],[106.833155,-6.125853],[106.83289,-6.125887],[106.836065,-6.12548],[106.835801,-6.125514],[106.836065,-6.12548],[106.846456,-6.127855]]},"properties":{"id":"MRT-CASCADE-04","route_id":"MRT-CASCADE-04","corridor_id":"MRT-CASCADE-04","corridor_name":"Depok Baru – Ancol","name":"DEPOK BARU – ANCOL","short":"Depok Baru – Ancol","route_name":"DEPOK BARU – ANCOL","from_name":"Depok Baru","to_name":"Ancol","start_name":"Depok Baru","end_name":"Ancol","direction":"Depok Baru → Ancol","mode":"mrt","status":"CASCADE_PROPOSED","status_label":"Usulan CASCADE · MRT","network_type":"CASCADE","plan_type":"PROPOSED","existing":"NO","length_km":46.86,"stop_count":31,"geometry_confidence":"HIGH","alignment_confidence":"HIGH","alignment_type":"RAIL_CORRIDOR","color":"#7C3AED","crs":"EPSG:4326","source":"CASCADE MRT — trase user GeoJSON, 4 koridor logis, stasiun ~1,5 km","source_type":"USER_GEOJSON","geometry_source":"User GeoJSON TREK MRT (id=1 Depok Baru–Ancol)","disclaimer":"Usulan CASCADE. Bukan MRT Jakarta existing. Bukan masterplan resmi. Bukan DED.","updated_at":"2026-09-16","notes":"Koridor CASCADE MRT Depok Baru–Ancol. Depok Baru shared hub. Ancol menumpang simpul KRL/TJ existing.","route_order":13,"vertex_count":322,"digitization_level":"L3","endpoint":"Depok Baru – Ancol","structure":"ELEVATED","interchange_count":2,"operator_type":"CASCADE","bbox":[106.81844845261465,-6.400273562946887,106.86955834617844,-6.125479599797174]}},{"type":"Feature","id":"LRT-CASCADE-NEW-01","geometry":{"type":"LineString","coordinates":[[106.822828,-6.200802],[106.822945,-6.204313],[106.822747,-6.204296],[106.82235,-6.20426],[106.82179,-6.204233],[106.821069,-6.204215],[106.820536,-6.204206],[106.820193,-6.204206],[106.819941,-6.204233],[106.819778,-6.204287],[106.819508,-6.204358],[106.819129,-6.204448],[106.818687,-6.204529],[106.818181,-6.2046],[106.817649,-6.204663],[106.81709,-6.204717],[106.816729,-6.204726],[106.816566,-6.20469],[106.816449,-6.204636],[106.816377,-6.204565],[106.816233,-6.20417],[106.816016,-6.203452],[106.815827,-6.20286],[106.815908,-6.203094],[106.815258,-6.201228],[106.815339,-6.201461],[106.815168,-6.200968],[106.815258,-6.201228],[106.814536,-6.199147],[106.814627,-6.199407],[106.814428,-6.198824],[106.814212,-6.198178],[106.814117,-6.197649],[106.814144,-6.197236],[106.814171,-6.196824],[106.814198,-6.196411],[106.814226,-6.19594],[106.814212,-6.196205],[106.814387,-6.193021],[106.814372,-6.193287],[106.814428,-6.192814],[106.814387,-6.193021],[106.815045,-6.189707],[106.815004,-6.189914],[106.815074,-6.189489],[106.815045,-6.189707],[106.815396,-6.18709],[106.815367,-6.187308],[106.815396,-6.186785],[106.815396,-6.186174],[106.81521,-6.185695],[106.814837,-6.185346],[106.814552,-6.184975],[106.814354,-6.184583],[106.814354,-6.184583],[106.814157,-6.184139],[106.814255,-6.184386],[106.813071,-6.181421],[106.81317,-6.181668],[106.813033,-6.181203],[106.813071,-6.181421],[106.812457,-6.177932],[106.812495,-6.17815],[106.812384,-6.177699],[106.812457,-6.177932],[106.81158,-6.175141],[106.811653,-6.175373],[106.811519,-6.174863],[106.81158,-6.175141],[106.811097,-6.172916],[106.811157,-6.173194],[106.810998,-6.172633],[106.810801,-6.172066],[106.810702,-6.171652],[106.810702,-6.17139],[106.810669,-6.171183],[106.810604,-6.17103],[106.810494,-6.170921],[106.81034,-6.170856],[106.809935,-6.17091],[106.809277,-6.171085],[106.808673,-6.171259],[106.808125,-6.171434],[106.807671,-6.171645],[106.807851,-6.171521],[106.802806,-6.17501],[106.802986,-6.174885],[106.802602,-6.175159],[106.802806,-6.17501],[106.80035,-6.176798],[106.800554,-6.176649],[106.800136,-6.17694],[106.80035,-6.176798],[106.798639,-6.177932],[106.798853,-6.17779],[106.798321,-6.178117],[106.797685,-6.178488],[106.797257,-6.178684],[106.797038,-6.178706],[106.796775,-6.178706],[106.796467,-6.178684],[106.796138,-6.178531],[106.795788,-6.178248],[106.795469,-6.177956],[106.795184,-6.177657],[106.795612,-6.178106],[106.793331,-6.175708],[106.793759,-6.176157],[106.793474,-6.175858],[106.793035,-6.175479],[106.792443,-6.175021],[106.791872,-6.174508],[106.791324,-6.173941],[106.790776,-6.173363],[106.790227,-6.172775],[106.789591,-6.172382],[106.788868,-6.172186],[106.788341,-6.171826],[106.788012,-6.171303],[106.787809,-6.170812],[106.787848,-6.171041],[106.787541,-6.169209],[106.787579,-6.169438],[106.787552,-6.168882],[106.787573,-6.168228],[106.787552,-6.167748],[106.787486,-6.167443],[106.787343,-6.167214],[106.787124,-6.167061],[106.786795,-6.166887],[106.786356,-6.166691],[106.785917,-6.166462],[106.785479,-6.1662],[106.785055,-6.166018],[106.784645,-6.165917],[106.785259,-6.166069],[106.782803,-6.165459],[106.783417,-6.165611],[106.783008,-6.165509],[106.782545,-6.16541],[106.782803,-6.165459],[106.780741,-6.165066],[106.780999,-6.165115],[106.780538,-6.165082],[106.780133,-6.165115],[106.779727,-6.165148],[106.779321,-6.165181],[106.778886,-6.165103],[106.779118,-6.165197],[106.776333,-6.164074],[106.776565,-6.164167],[106.776109,-6.163984],[106.776333,-6.164074],[106.772757,-6.162635],[106.772981,-6.162725],[106.772396,-6.162504],[106.771672,-6.162242],[106.770942,-6.161953],[106.770208,-6.161637],[106.769747,-6.161403],[106.769561,-6.16125],[106.769388,-6.160969],[106.769467,-6.161174],[106.768831,-6.159538],[106.768911,-6.159743],[106.768771,-6.159375],[106.76865,-6.159047],[106.768502,-6.158797],[106.768327,-6.158622],[106.767959,-6.158361],[106.7674,-6.158012],[106.76706,-6.157826],[106.76694,-6.157804],[106.766797,-6.157794],[106.766633,-6.157794],[106.766232,-6.157946],[106.765596,-6.158251],[106.765004,-6.158475],[106.764456,-6.158617],[106.763781,-6.158693],[106.762981,-6.158704],[106.762377,-6.158699],[106.761972,-6.158677],[106.761497,-6.158581],[106.761769,-6.158666],[106.759597,-6.15799],[106.759869,-6.158074],[106.75932,-6.157892],[106.759597,-6.15799],[106.757382,-6.157205],[106.757659,-6.157303],[106.757094,-6.157126],[106.757382,-6.157205],[106.755079,-6.156572],[106.755367,-6.156651],[106.754849,-6.156549],[106.755079,-6.156572],[106.748632,-6.155922],[106.748862,-6.155945],[106.748449,-6.155861],[106.748082,-6.155739],[106.747838,-6.155588],[106.747715,-6.155405],[106.747608,-6.155147],[106.747517,-6.154813],[106.747509,-6.154395],[106.747471,-6.154646],[106.747776,-6.152641],[106.747738,-6.152892],[106.747899,-6.152455],[106.747776,-6.152641],[106.749732,-6.149664],[106.74961,-6.14985],[106.749732,-6.149459],[106.749732,-6.149049],[106.749732,-6.149664],[106.749732,-6.146383],[106.749732,-6.146998],[106.749732,-6.146588],[106.749738,-6.146171],[106.749732,-6.146383],[106.749854,-6.14213],[106.749848,-6.142343],[106.749927,-6.141899],[106.749854,-6.14213],[106.751015,-6.138424],[106.750942,-6.138656],[106.751107,-6.138189],[106.751015,-6.138424],[106.751748,-6.136541],[106.751657,-6.136776],[106.751809,-6.136404],[106.751932,-6.136131],[106.752039,-6.135858],[106.75213,-6.135584],[106.752218,-6.135235],[106.752176,-6.135447],[106.752848,-6.132045],[106.752806,-6.132258],[106.752833,-6.13184],[106.752802,-6.13143],[106.752848,-6.132045],[106.752604,-6.128764],[106.75265,-6.129379],[106.752619,-6.128969],[106.752579,-6.128542],[106.752604,-6.128764],[106.752115,-6.124329],[106.752139,-6.124551],[106.752107,-6.12404],[106.752115,-6.124329],[106.752054,-6.12202],[106.752061,-6.122309],[106.752036,-6.121812],[106.752001,-6.121395],[106.752054,-6.12202],[106.751565,-6.116187],[106.751617,-6.116812],[106.751582,-6.116396],[106.751534,-6.115982],[106.751473,-6.115572],[106.751412,-6.115162],[106.751351,-6.114752],[106.751321,-6.114258],[106.751321,-6.113681],[106.751229,-6.113286],[106.751046,-6.113074],[106.750801,-6.112876],[106.750496,-6.112694],[106.750129,-6.112679],[106.749701,-6.112831],[106.749105,-6.112907],[106.748342,-6.112907],[106.747669,-6.112815],[106.747089,-6.112633],[106.746661,-6.112512],[106.746386,-6.112451],[106.746111,-6.11239],[106.745836,-6.112329],[106.745577,-6.112299],[106.745332,-6.112299],[106.745057,-6.112329],[106.744752,-6.11239],[106.744507,-6.11242],[106.744324,-6.11242],[106.744156,-6.11242],[106.744003,-6.11242],[106.743835,-6.112405],[106.743652,-6.112375],[106.743392,-6.112238],[106.743056,-6.111995],[106.742644,-6.111699],[106.742888,-6.111874],[106.740933,-6.110476],[106.741177,-6.110651],[106.74078,-6.11034],[106.740474,-6.110066],[106.740199,-6.109793],[106.739955,-6.109519],[106.739833,-6.109246],[106.739833,-6.108972],[106.739833,-6.108972],[106.739894,-6.108562],[106.740016,-6.108016],[106.740276,-6.107453],[106.740673,-6.106876],[106.740887,-6.106383],[106.740917,-6.105972],[106.740948,-6.105562],[106.740978,-6.105152],[106.741024,-6.104742],[106.741085,-6.104332],[106.740994,-6.104947],[106.741971,-6.098385],[106.74188,-6.099],[106.741941,-6.09859],[106.742017,-6.098112],[106.741971,-6.098385],[106.742338,-6.096198],[106.742292,-6.096471],[106.742491,-6.095947],[106.742338,-6.096198],[106.74356,-6.094193],[106.743407,-6.094443],[106.743682,-6.094003],[106.74356,-6.094193],[106.744538,-6.092674],[106.744416,-6.092864],[106.744752,-6.092552],[106.745179,-6.092309],[106.745485,-6.092066],[106.745668,-6.091823],[106.74576,-6.091595],[106.74576,-6.091383],[106.745684,-6.091139],[106.745531,-6.090866],[106.745302,-6.090669],[106.744996,-6.090547],[106.744675,-6.090501],[106.744339,-6.090532],[106.743988,-6.090448],[106.743621,-6.090251],[106.743255,-6.090053],[106.742888,-6.089856],[106.742674,-6.089755],[106.742613,-6.08975],[106.742397,-6.089621],[106.742582,-6.089747],[106.739617,-6.087738],[106.739802,-6.087863],[106.739454,-6.08759],[106.739617,-6.087738],[106.73701,-6.085372],[106.737173,-6.08552],[106.736806,-6.085267],[106.736399,-6.085056],[106.735942,-6.084943],[106.735437,-6.084927],[106.734989,-6.085105],[106.734598,-6.085478],[106.734215,-6.085842],[106.73384,-6.086199],[106.733433,-6.086604],[106.732993,-6.087057],[106.732561,-6.087438],[106.732137,-6.087746],[106.731722,-6.087916],[106.731315,-6.087949],[106.730842,-6.088034],[106.731111,-6.087965],[106.72896,-6.088516],[106.729229,-6.088447],[106.728759,-6.088549],[106.728356,-6.088615],[106.72896,-6.088516],[106.725741,-6.089046],[106.726345,-6.088946],[106.725942,-6.089013],[106.725544,-6.089168],[106.725741,-6.089046],[106.723375,-6.090516],[106.723572,-6.090394],[106.723171,-6.090645],[106.723375,-6.090516],[106.721748,-6.091546],[106.721951,-6.091417],[106.721545,-6.091649],[106.721748,-6.091546],[106.717681,-6.093605],[106.717884,-6.093502],[106.71744,-6.093696],[106.717681,-6.093605],[106.714797,-6.094707],[106.715037,-6.094616],[106.71455,-6.094799],[106.714797,-6.094707],[106.711839,-6.09581],[106.712085,-6.095719],[106.711599,-6.095921],[106.711839,-6.09581],[106.708955,-6.097134],[106.709195,-6.097024],[106.708781,-6.097255],[106.708955,-6.097134],[106.70548,-6.09956],[106.705653,-6.099439],[106.705302,-6.099671],[106.704946,-6.099891],[106.70548,-6.09956],[106.696236,-6.105296],[106.69677,-6.104965],[106.696414,-6.105185],[106.696064,-6.105414],[106.695719,-6.105651],[106.696236,-6.105296],[106.690025,-6.10956],[106.690542,-6.109205],[106.690197,-6.109442],[106.68984,-6.109716],[106.690025,-6.10956],[106.687067,-6.11206],[106.687252,-6.111904],[106.686878,-6.112178],[106.687067,-6.11206],[106.683296,-6.114413],[106.683484,-6.114295],[106.68309,-6.114502],[106.683296,-6.114413],[106.676714,-6.11728],[106.67692,-6.117191],[106.676506,-6.117363],[106.676714,-6.11728],[106.670059,-6.119927],[106.670267,-6.119845],[106.669858,-6.120021],[106.670059,-6.119927],[106.662812,-6.123309],[106.663014,-6.123215],[106.662591,-6.12339],[106.662812,-6.123309],[106.658376,-6.124927],[106.658597,-6.124846],[106.65817,-6.125008],[106.658376,-6.124927],[106.652608,-6.127206],[106.652814,-6.127125],[106.652608,-6.127206],[106.6554,-6.1256]]},"properties":{"id":"LRT-CASCADE-NEW-01","route_id":"LRT-CASCADE-NEW-01","corridor_id":"LRT-CASCADE-NEW-01","corridor_name":"Dukuh Atas – Tanah Abang – PIK 2 – Bandara Soekarno-Hatta","name":"DUKUH ATAS – TANAH ABANG – PIK 2 – BANDARA SOEKARNO-HATTA","short":"Dukuh Atas – Tanah Abang – PIK 2 – Bandara Soekarno-Hatta","route_name":"DUKUH ATAS – TANAH ABANG – PIK 2 – BANDARA SOEKARNO-HATTA","from_name":"Dukuh Atas","to_name":"Bandara Soekarno-Hatta","start_name":"Dukuh Atas","end_name":"Bandara Soekarno-Hatta","direction":"Dukuh Atas → Tanah Abang → PIK 2 → Bandara Soekarno-Hatta","mode":"lrt","status":"CASCADE_PROPOSED","status_label":"Usulan CASCADE · LRT","network_type":"CASCADE","plan_type":"PROPOSED","existing":"NO","length_km":41.83,"stop_count":28,"geometry_confidence":"HIGH","alignment_confidence":"HIGH","alignment_type":"ELEVATED","color":"#7C3AED","crs":"EPSG:4326","source":"CASCADE LRT — trase user GeoJSON Dukuh Atas–Bandara, stasiun ~1,5 km","source_type":"USER_GEOJSON","geometry_source":"User GeoJSON LRT DUKUH ATAS BANDARA","disclaimer":"Usulan CASCADE. Bukan LRT Jabodebek existing. Bukan masterplan. Bukan DED.","updated_at":"2026-09-16","notes":"LRT CASCADE mengikuti GeoJSON user: Dukuh Atas–Tanah Abang–PIK 2–Bandara Soekarno-Hatta. Bukan LRT Jabodebek existing.","route_order":21,"vertex_count":448,"digitization_level":"L3","endpoint":"Dukuh Atas – Tanah Abang – PIK 2 – Bandara Soekarno-Hatta","structure":"ELEVATED","interchange_count":3,"operator_type":"CASCADE","bbox":[106.65260770847652,-6.204726058144406,106.82294523208695,-6.084926655633428]}},{"type":"Feature","id":"CASTJ15","geometry":{"type":"LineString","coordinates":[[106.816959,-6.170069],[106.816376,-6.170158],[106.815793,-6.170247],[106.815209,-6.170335],[106.814626,-6.170424],[106.814043,-6.170513],[106.813459,-6.170602],[106.812876,-6.170714],[106.812293,-6.170827],[106.811709,-6.170939],[106.811258,-6.171051],[106.811116,-6.171219],[106.811229,-6.171865],[106.811342,-6.17251],[106.811465,-6.173062],[106.811587,-6.173614],[106.811709,-6.174166],[106.81186,-6.174699],[106.81201,-6.175233],[106.812161,-6.175766],[106.81233,-6.176369],[106.8125,-6.176972],[106.812645,-6.177557],[106.812791,-6.178142],[106.812937,-6.178726],[106.813083,-6.179311],[106.813229,-6.179896],[106.813375,-6.18048],[106.813487,-6.18128],[106.8136,-6.18208],[106.813787,-6.182591],[106.813973,-6.183101],[106.814159,-6.183612],[106.814346,-6.184123],[106.814532,-6.184634],[106.815054,-6.185195],[106.815576,-6.185756],[106.815689,-6.186373],[106.815652,-6.186953],[106.815614,-6.187533],[106.815576,-6.188113],[106.815435,-6.188787],[106.815294,-6.18946],[106.815186,-6.19004],[106.815078,-6.19062],[106.814969,-6.1912],[106.814861,-6.19178],[106.814753,-6.19236],[106.814645,-6.19294],[106.814602,-6.193515],[106.81456,-6.194091],[106.814518,-6.194666],[106.814475,-6.195241],[106.814447,-6.195823],[106.814419,-6.196406],[106.814391,-6.196988],[106.814362,-6.19757],[106.814391,-6.198216],[106.814659,-6.198819],[106.814927,-6.199422],[106.815125,-6.199984],[106.815322,-6.200545],[106.81552,-6.201106],[106.815703,-6.201744],[106.815887,-6.202383],[106.81607,-6.203021],[106.816254,-6.20366],[106.816376,-6.204212],[106.816498,-6.204763],[106.816621,-6.205315],[106.816762,-6.205848],[106.816903,-6.206382],[106.817044,-6.206915],[106.817185,-6.207448],[106.817397,-6.208009],[106.817609,-6.20857],[106.817707,-6.209272],[106.817806,-6.209973],[106.817797,-6.210581],[106.817787,-6.211189],[106.817778,-6.211797],[106.817881,-6.212331],[106.817985,-6.212864],[106.818088,-6.213397],[106.818258,-6.21408],[106.818427,-6.214763],[106.818597,-6.215445],[106.818766,-6.215964],[106.818935,-6.216484],[106.819105,-6.217003],[106.819274,-6.217522],[106.819434,-6.218111],[106.819594,-6.2187],[106.819754,-6.21929],[106.820064,-6.219963],[106.820375,-6.220637],[106.82077,-6.221338],[106.821165,-6.22204],[106.821659,-6.222418],[106.822153,-6.222797],[106.822746,-6.223012],[106.823339,-6.223228],[106.823931,-6.223443],[106.824524,-6.223658],[106.825117,-6.223873],[106.82571,-6.224088],[106.82623,-6.224241],[106.826751,-6.224394],[106.827272,-6.224546],[106.827792,-6.224699],[106.828313,-6.224852],[106.828833,-6.225005],[106.829354,-6.225157],[106.829875,-6.22531],[106.830395,-6.225463],[106.831129,-6.225659],[106.831863,-6.225856],[106.832456,-6.225865],[106.833049,-6.225875],[106.833641,-6.225884],[106.834347,-6.225772],[106.835053,-6.225659],[106.835758,-6.225547],[106.836344,-6.225484],[106.83693,-6.225421],[106.837516,-6.225358],[106.838101,-6.225295],[106.838687,-6.225232],[106.839273,-6.225168],[106.839858,-6.225105],[106.840444,-6.225042],[106.84102,-6.224986],[106.841596,-6.22493],[106.842172,-6.224874],[106.842747,-6.224818],[106.843323,-6.224761],[106.843888,-6.224635],[106.844452,-6.224509],[106.845059,-6.224186],[106.845666,-6.223864],[106.846372,-6.223583],[106.846993,-6.223583],[106.847614,-6.223583],[106.848235,-6.223583],[106.848856,-6.223639],[106.849477,-6.223695],[106.850098,-6.223751],[106.851086,-6.223976],[106.851735,-6.224165],[106.852384,-6.224355],[106.853033,-6.224544],[106.853682,-6.224733],[106.854303,-6.224874],[106.854924,-6.225014],[106.855545,-6.225154],[106.856166,-6.225295],[106.856787,-6.225435],[106.857408,-6.225449],[106.858029,-6.225463],[106.85865,-6.225477],[106.859271,-6.225491],[106.859921,-6.225421],[106.86057,-6.225351],[106.861219,-6.225281],[106.861868,-6.22521],[106.862419,-6.225168],[106.862969,-6.225126],[106.86352,-6.225084],[106.86407,-6.225042],[106.864698,-6.224944],[106.865326,-6.224846],[106.865954,-6.224747],[106.866582,-6.224649],[106.867288,-6.224621],[106.867993,-6.224593],[106.86869,-6.224612],[106.869386,-6.224631],[106.870082,-6.224649],[106.87075,-6.224631],[106.871418,-6.224612],[106.872086,-6.224593],[106.872736,-6.224705],[106.873385,-6.224818],[106.874119,-6.224818],[106.87473,-6.224771],[106.875342,-6.224724],[106.875953,-6.224677],[106.876546,-6.224649],[106.877139,-6.224621],[106.877718,-6.224902],[106.878296,-6.225182],[106.878767,-6.225458],[106.879237,-6.225734],[106.879708,-6.22601],[106.880178,-6.226286],[106.880649,-6.226562],[106.881119,-6.226838],[106.881712,-6.227189],[106.882305,-6.227539],[106.882356,-6.227617],[106.883066,-6.227793],[106.883776,-6.22797],[106.884298,-6.228121],[106.88482,-6.228272],[106.885342,-6.228424],[106.885864,-6.228575],[106.886386,-6.228726],[106.886907,-6.228878],[106.887429,-6.229029],[106.887987,-6.229104],[106.888545,-6.22918],[106.889103,-6.229256],[106.889662,-6.229331],[106.890262,-6.229365],[106.890862,-6.229399],[106.891463,-6.229432],[106.892063,-6.229466],[106.892663,-6.2295],[106.893264,-6.229533],[106.893839,-6.229561],[106.894414,-6.229589],[106.894989,-6.229617],[106.895564,-6.229645],[106.896139,-6.229673],[106.896714,-6.229701],[106.897288,-6.229729],[106.897863,-6.229757],[106.898438,-6.229785],[106.898982,-6.229749],[106.899526,-6.229713],[106.900069,-6.229677],[106.900613,-6.229641],[106.901156,-6.229605],[106.9017,-6.229569],[106.902243,-6.229533],[106.902808,-6.229546],[106.903372,-6.229558],[106.903937,-6.229571],[106.904501,-6.229584],[106.905065,-6.229596],[106.90563,-6.229609],[106.906194,-6.229621],[106.906759,-6.229634],[106.907376,-6.229651],[106.907993,-6.229668],[106.90861,-6.229684],[106.909228,-6.229701],[106.909845,-6.229718],[106.910462,-6.229735],[106.911156,-6.229701],[106.911849,-6.229668],[106.912542,-6.229634],[106.913081,-6.229502],[106.91362,-6.229369],[106.914159,-6.229237],[106.914698,-6.229104],[106.915238,-6.228972],[106.915777,-6.22884],[106.916316,-6.228707],[106.916855,-6.228575],[106.917382,-6.228434],[106.91791,-6.228292],[106.918438,-6.228151],[106.918965,-6.22801],[106.919493,-6.227869],[106.920142,-6.227828],[106.920792,-6.227788],[106.921441,-6.227748],[106.92209,-6.227707],[106.92274,-6.227667],[106.923298,-6.227701],[106.923856,-6.227734],[106.924414,-6.227768],[106.924972,-6.227802],[106.92553,-6.227835],[106.926088,-6.227869],[106.926663,-6.227886],[106.927238,-6.227902],[106.927813,-6.227919],[106.928388,-6.227936],[106.928963,-6.227953],[106.929538,-6.22797],[106.930136,-6.227925],[106.930733,-6.22788],[106.931331,-6.227835],[106.931928,-6.22779],[106.932526,-6.227746],[106.933123,-6.227701],[106.933721,-6.227656],[106.934318,-6.227611],[106.934916,-6.227566],[106.935459,-6.227494],[106.936003,-6.227422],[106.936546,-6.22735],[106.93709,-6.227278],[106.937634,-6.227206],[106.938177,-6.227134],[106.938721,-6.227062],[106.939342,-6.22681],[106.939964,-6.226558],[106.940585,-6.226305],[106.941207,-6.226053],[106.941663,-6.225675],[106.94212,-6.225297],[106.942576,-6.224918],[106.943033,-6.22454],[106.943557,-6.224103],[106.944082,-6.223666],[106.944606,-6.223229],[106.945052,-6.222856],[106.945499,-6.222482],[106.945945,-6.222109],[106.946392,-6.221736],[106.946838,-6.221363],[106.947219,-6.220934],[106.947599,-6.220505],[106.948005,-6.21985],[106.948411,-6.219194],[106.948631,-6.21869],[106.948851,-6.218185],[106.94907,-6.217681],[106.94951,-6.217194],[106.94995,-6.216706],[106.950389,-6.216218],[106.950846,-6.215664],[106.951303,-6.215109],[106.951658,-6.214453],[106.951404,-6.213445],[106.951176,-6.21294],[106.950947,-6.212436],[106.950643,-6.211629],[106.950237,-6.211427],[106.950034,-6.210973],[106.950694,-6.210368],[106.951252,-6.210091],[106.95181,-6.209813],[106.952216,-6.209914],[106.95252,-6.210519],[106.952469,-6.211377]]},"properties":{"id":"CASTJ15","route_id":"CASTJ15","corridor_id":"CASTJ15","corridor_name":"Petojo – Pulo Gebang","name":"Petojo – Pulo Gebang","short":"Petojo – Pulo Gebang","route_name":"Petojo – Pulo Gebang","from_name":"Petojo","to_name":"Pulo Gebang","start_name":"Petojo","end_name":"Pulo Gebang","mode":"transjakarta","status":"CASCADE_PROPOSED","status_label":"Usulan CASCADE · TransJakarta","network_type":"CASCADE","plan_type":"PROPOSED","parent_corridor":"","parent_route":"","existing":"NO","length_km":22.79,"stop_count":16,"interchange_count":2,"geometry_confidence":"HIGH","alignment_confidence":"HIGH","alignment_type":"ROAD_CORRIDOR","color":"#D62F7F","crs":"EPSG:4326","source":"CASCADE TJ — trase user GeoJSON, halte ±1,5 km","source_type":"USER_GEOJSON","geometry_source":"CASTJ15_Petojo-Pulogebang Via BKT.geojson","original_length_km":22.79,"geometry_role":"display_from_geojson","disclaimer":"Usulan CASCADE. Bukan rute resmi TransJakarta. Bukan DED. Estimasi biaya bersifat indikatif.","updated_at":"2026-09-16","notes":"Koridor timur–barat Petojo–Pulo Gebang mengikuti GeoJSON user via BKT.","planning_note":"Koridor timur–barat Petojo–Pulo Gebang mengikuti GeoJSON user via BKT.","insight":"Menghubungkan pusat kota ke Pulo Gebang sebagai simpul timur. Bottleneck di Jatinegara/Otista. Pelebaran sedang, bukan koridor elevated.","route_order":40,"vertex_count":339,"endpoint":"Petojo – Pulo Gebang","structure":"AT_GRADE","elevated_km":0,"elevated_note":"","widening_level":"MODERATE","widening_reason":"Ruas padat Otista–Cakung, penyesuaian lajur BRT terbatas.","widening_km":6,"widening_cost_label":"Rp 0,18–0,45 T","cost_label":"Rp 0,9–1,8 T","cost_confidence":"medium","cost_basis":"Indicative planning estimate. Bukan RAB/DED.","cost_source":"Benchmark BRT/pelebaran jalan urban Indonesia 2024–2026","bbox":[106.81111640107511,-6.229785334378017,106.95252023234426,-6.170068878841215],"operator_type":"CASCADE"}},{"type":"Feature","id":"CASTJ16","geometry":{"type":"LineString","coordinates":[[106.886015,-6.291552],[106.885472,-6.291089],[106.884913,-6.290966],[106.884354,-6.290842],[106.883795,-6.290719],[106.883237,-6.290595],[106.882678,-6.290472],[106.881979,-6.290395],[106.881281,-6.290317],[106.880815,-6.29024],[106.880841,-6.290806],[106.880867,-6.291372],[106.880892,-6.291938],[106.881048,-6.292465],[106.881203,-6.292992],[106.881358,-6.293519],[106.881513,-6.294047],[106.881669,-6.294574],[106.881824,-6.295101],[106.882046,-6.295663],[106.882267,-6.296225],[106.882489,-6.296787],[106.882711,-6.297349],[106.882933,-6.297912],[106.883155,-6.298474],[106.883376,-6.299036],[106.88352,-6.29962],[106.883665,-6.300204],[106.883809,-6.300788],[106.883953,-6.301372],[106.884097,-6.301957],[106.884241,-6.302541],[106.884385,-6.303125],[106.884903,-6.303459],[106.88542,-6.303793],[106.885938,-6.304128],[106.886455,-6.304462],[106.886973,-6.304796],[106.88749,-6.305131],[106.888034,-6.305237],[106.888577,-6.305343],[106.88912,-6.305449],[106.889664,-6.305555],[106.890207,-6.305661],[106.89075,-6.305767],[106.891294,-6.305873],[106.891837,-6.305979],[106.892403,-6.306134],[106.892968,-6.306288],[106.893534,-6.306442],[106.894099,-6.306597],[106.894665,-6.306751],[106.89523,-6.306905],[106.895796,-6.30706],[106.896295,-6.30728],[106.896794,-6.3075],[106.897293,-6.307721],[106.897792,-6.307941],[106.898291,-6.308162],[106.89879,-6.308382],[106.899289,-6.308603],[106.899708,-6.308957],[106.900127,-6.309312],[106.900546,-6.309667],[106.900965,-6.310022],[106.901384,-6.310377],[106.901908,-6.31057],[106.902432,-6.310763],[106.902956,-6.310956],[106.90348,-6.311149],[106.903558,-6.31192],[106.902859,-6.311843],[106.902161,-6.311766],[106.901639,-6.311446],[106.901118,-6.311127],[106.900597,-6.310807],[106.900076,-6.310487],[106.899555,-6.310168],[106.899034,-6.309848],[106.898512,-6.309528],[106.898066,-6.309181],[106.89762,-6.308834],[106.897173,-6.308487],[106.896727,-6.30814],[106.896153,-6.307993],[106.895578,-6.307847],[106.895004,-6.3077],[106.89443,-6.307553],[106.893855,-6.307407],[106.893281,-6.30726],[106.892706,-6.307114],[106.892132,-6.306967],[106.891558,-6.30682],[106.890983,-6.306674],[106.89044,-6.306597],[106.889896,-6.30652],[106.889353,-6.306442],[106.88881,-6.306365],[106.888266,-6.306288],[106.887723,-6.306211],[106.887102,-6.306288],[106.886662,-6.306674],[106.886222,-6.30706],[106.885783,-6.307445],[106.88522,-6.307561],[106.884657,-6.307677],[106.884094,-6.307792],[106.883532,-6.307908],[106.883014,-6.307548],[106.882497,-6.307188],[106.881979,-6.306828],[106.881358,-6.306712],[106.880737,-6.306597],[106.880194,-6.306738],[106.87965,-6.30688],[106.879107,-6.307021],[106.878564,-6.307162],[106.87802,-6.307304],[106.877477,-6.307445],[106.876908,-6.307591],[106.876339,-6.307737],[106.875769,-6.307883],[106.8752,-6.308028],[106.874631,-6.308174],[106.874062,-6.30832],[106.873493,-6.308465],[106.872923,-6.308611],[106.872354,-6.308757],[106.871764,-6.308803],[106.871174,-6.308849],[106.870584,-6.308896],[106.869994,-6.308942],[106.869404,-6.308988],[106.868861,-6.308718],[106.868318,-6.308448],[106.867774,-6.308178],[106.867231,-6.307908],[106.866688,-6.307638],[106.866144,-6.307368],[106.865601,-6.307098],[106.865058,-6.306828],[106.865058,-6.306828],[106.864592,-6.306473],[106.864126,-6.306118],[106.863661,-6.305763],[106.863195,-6.305409],[106.862729,-6.305054],[106.862217,-6.304791],[106.861704,-6.304529],[106.861192,-6.304267],[106.86068,-6.304004],[106.860168,-6.303742],[106.859779,-6.303202],[106.859391,-6.302662],[106.858693,-6.302636],[106.857994,-6.30261],[106.857296,-6.302585],[106.856743,-6.302604],[106.856189,-6.302623],[106.855636,-6.302643],[106.855083,-6.302662],[106.85453,-6.302681],[106.853977,-6.3027],[106.853424,-6.30272],[106.852871,-6.302739],[106.852444,-6.303163],[106.852017,-6.303588],[106.85159,-6.304012],[106.851164,-6.304436],[106.850491,-6.304539],[106.849818,-6.304642],[106.849145,-6.304745],[106.848584,-6.304692],[106.848023,-6.304638],[106.847462,-6.304585],[106.8469,-6.304531],[106.846339,-6.304478],[106.845778,-6.304425],[106.845217,-6.304371],[106.844655,-6.304318],[106.844094,-6.304264],[106.843533,-6.304211],[106.842971,-6.304157],[106.84241,-6.304104],[106.841849,-6.304051],[106.841321,-6.303881],[106.840793,-6.303711],[106.840265,-6.303541],[106.839738,-6.303372],[106.83921,-6.303202],[106.838682,-6.303032],[106.838154,-6.302863],[106.837626,-6.302693],[106.837099,-6.302523],[106.836571,-6.302353],[106.836097,-6.302037],[106.835624,-6.301721],[106.83515,-6.301404],[106.834677,-6.301088],[106.834203,-6.300772],[106.83373,-6.300455],[106.833256,-6.300139],[106.832783,-6.299823],[106.832309,-6.299506],[106.831836,-6.29919],[106.831305,-6.298881],[106.830775,-6.298573],[106.830245,-6.298264],[106.829714,-6.297956],[106.829184,-6.297647],[106.828653,-6.297338],[106.828171,-6.29709],[106.827689,-6.296842],[106.827206,-6.296594],[106.826724,-6.296346],[106.826242,-6.296098],[106.825759,-6.29585],[106.825277,-6.295602],[106.824794,-6.295354],[106.824312,-6.295106],[106.82383,-6.294858],[106.823347,-6.29461],[106.822865,-6.294362],[106.822383,-6.294115],[106.8219,-6.293867],[106.821331,-6.293699],[106.820762,-6.293532],[106.820193,-6.293365],[106.819623,-6.293198],[106.819054,-6.293031],[106.818485,-6.292864],[106.817936,-6.292856],[106.817388,-6.292848],[106.816839,-6.29284],[106.81629,-6.292832],[106.815741,-6.292824],[106.815193,-6.292816],[106.814644,-6.292808],[106.814095,-6.2928],[106.813547,-6.292792],[106.812998,-6.292784],[106.812449,-6.292776],[106.811901,-6.292768],[106.811352,-6.29276],[106.810803,-6.292752],[106.810254,-6.292744],[106.809706,-6.292736],[106.809157,-6.292728],[106.808608,-6.29272],[106.80806,-6.292712],[106.807511,-6.292704],[106.806962,-6.292696],[106.806414,-6.292688],[106.805865,-6.29268],[106.805316,-6.292672],[106.804767,-6.292664],[106.804219,-6.292656],[106.80367,-6.292648],[106.803121,-6.29264],[106.802573,-6.292632],[106.802009,-6.292636],[106.801445,-6.29264],[106.800881,-6.292644],[106.800318,-6.292648],[106.799754,-6.292652],[106.79919,-6.292656],[106.798626,-6.29266],[106.798062,-6.292665],[106.797499,-6.292669],[106.796935,-6.292673],[106.796371,-6.292677],[106.795807,-6.292681],[106.795244,-6.292685],[106.79468,-6.292689],[106.794116,-6.292693],[106.793552,-6.292697],[106.792988,-6.292701],[106.792425,-6.292705],[106.791861,-6.292709],[106.791298,-6.292709],[106.790735,-6.292709],[106.790173,-6.292709],[106.78961,-6.292709],[106.788989,-6.292683],[106.788368,-6.292658],[106.787747,-6.292632],[106.787126,-6.292606],[106.786505,-6.292581],[106.785884,-6.292555],[106.785332,-6.292383],[106.78478,-6.292212],[106.784228,-6.292041],[106.783676,-6.291869],[106.783124,-6.291698],[106.782572,-6.291526],[106.78202,-6.291355],[106.781468,-6.291183],[106.780916,-6.291012],[106.780451,-6.290734],[106.779985,-6.290456],[106.779519,-6.290179],[106.779053,-6.289901],[106.778588,-6.289623],[106.778018,-6.289546],[106.777449,-6.289469],[106.77688,-6.289392],[106.776337,-6.289411],[106.775793,-6.28943],[106.77525,-6.289449],[106.774707,-6.289469]]},"properties":{"id":"CASTJ16","route_id":"CASTJ16","corridor_id":"CASTJ16","corridor_name":"Pinang Ranti – Lebak Bulus via Pasar Rebo","name":"Pinang Ranti – Lebak Bulus via Pasar Rebo","short":"Pinang Ranti – Lebak Bulus via Pasar Rebo","route_name":"Pinang Ranti – Lebak Bulus via Pasar Rebo","from_name":"Pinang Ranti","to_name":"Lebak Bulus","start_name":"Pinang Ranti","end_name":"Lebak Bulus","mode":"transjakarta","status":"CASCADE_PROPOSED","status_label":"Usulan CASCADE · TransJakarta","network_type":"CASCADE","plan_type":"PROPOSED","parent_corridor":"","parent_route":"","existing":"NO","length_km":19.71,"stop_count":14,"interchange_count":2,"geometry_confidence":"HIGH","alignment_confidence":"HIGH","alignment_type":"ROAD_CORRIDOR","color":"#D62F7F","crs":"EPSG:4326","source":"CASCADE TJ — trase user GeoJSON, halte ±1,5 km","source_type":"USER_GEOJSON","geometry_source":"CASTJ16_Pinang Ranti -Lebak Bulus via Pasar Rebo.geojson","original_length_km":19.71,"geometry_role":"display_from_geojson","disclaimer":"Usulan CASCADE. Bukan rute resmi TransJakarta. Bukan DED. Estimasi biaya bersifat indikatif.","updated_at":"2026-09-16","notes":"TJ CASCADE Pinang Ranti–Lebak Bulus via Pasar Rebo. Bukan trase MRT.","planning_note":"TJ CASCADE Pinang Ranti–Lebak Bulus via Pasar Rebo. Bukan trase MRT.","insight":"Menyambungkan Pinang Ranti ke Lebak Bulus (MRT) lewat Pasar Rebo. Celah transit selatan-timur. Interchange MRT di Lebak Bulus.","route_order":41,"vertex_count":310,"endpoint":"Pinang Ranti – Lebak Bulus via Pasar Rebo","structure":"AT_GRADE","elevated_km":0,"elevated_note":"","widening_level":"MODERATE","widening_reason":"Pasar Rebo–Cijantung padat, lajur bus perlu pengamanan.","widening_km":5,"widening_cost_label":"Rp 0,12–0,32 T","cost_label":"Rp 0,7–1,5 T","cost_confidence":"medium","cost_basis":"Indicative planning estimate. Bukan RAB/DED.","cost_source":"Benchmark BRT/pelebaran jalan urban Indonesia 2024–2026","bbox":[106.77470665883725,-6.311920073970136,106.9035577865467,-6.289391600732607],"operator_type":"CASCADE"}},{"type":"Feature","id":"CASTJ07-EXT","geometry":{"type":"LineString","coordinates":[[106.86551,-6.26219],[106.864586,-6.262419],[106.865048,-6.263017],[106.865695,-6.263201],[106.865926,-6.263844],[106.865903,-6.264579],[106.86588,-6.265315],[106.865926,-6.265924],[106.865973,-6.266533],[106.866019,-6.267141],[106.866065,-6.26775],[106.866389,-6.268348],[106.866712,-6.268945],[106.867036,-6.269543],[106.867452,-6.270002],[106.867375,-6.270569],[106.867298,-6.271136],[106.867221,-6.271703],[106.867198,-6.272369],[106.867175,-6.273035],[106.867313,-6.273817],[106.867452,-6.274598],[106.867822,-6.275287],[106.868192,-6.275976],[106.868562,-6.276513],[106.868932,-6.277049],[106.869301,-6.277585],[106.869607,-6.278054],[106.869912,-6.278522],[106.870217,-6.278991],[106.870522,-6.27946],[106.870827,-6.279929],[106.871243,-6.280549],[106.871659,-6.281169],[106.872075,-6.281813],[106.87189,-6.282426],[106.871705,-6.283038],[106.871521,-6.283651],[106.871417,-6.284202],[106.871313,-6.284754],[106.871208,-6.285305],[106.871104,-6.285857],[106.870989,-6.286592],[106.870873,-6.287327],[106.870935,-6.287971],[106.870997,-6.288614],[106.871058,-6.289257],[106.871274,-6.289855],[106.87149,-6.290452],[106.871705,-6.29105],[106.87186,-6.291662],[106.872014,-6.292275],[106.872168,-6.292888],[106.872085,-6.293476],[106.872001,-6.294064],[106.871918,-6.294653],[106.871835,-6.295241],[106.871752,-6.295829],[106.871551,-6.296365],[106.871351,-6.296901],[106.871151,-6.297437],[106.87095,-6.297973],[106.87075,-6.29851],[106.87055,-6.299046],[106.87018,-6.299459],[106.86981,-6.299873],[106.86944,-6.300286],[106.86907,-6.3007],[106.868694,-6.301173],[106.868317,-6.301645],[106.867941,-6.302118],[106.867564,-6.302591],[106.867188,-6.303063],[106.866811,-6.303536],[106.866435,-6.304009],[106.866167,-6.304523],[106.865899,-6.305038],[106.865631,-6.305553],[106.865362,-6.306067],[106.865094,-6.306582],[106.864755,-6.307103],[106.864416,-6.307624],[106.864077,-6.308144],[106.863781,-6.308641],[106.863485,-6.309137],[106.863189,-6.309633],[106.862894,-6.31013],[106.862598,-6.310626],[106.862567,-6.311239],[106.862536,-6.311851],[106.862505,-6.312464],[106.862681,-6.313043],[106.862857,-6.313622],[106.863032,-6.314201],[106.863208,-6.31478],[106.863384,-6.315359],[106.863603,-6.315945],[106.863823,-6.316531],[106.864042,-6.317117],[106.864262,-6.317703],[106.86447,-6.318254],[106.864678,-6.318805],[106.864886,-6.319357],[106.865094,-6.319908],[106.865117,-6.320643],[106.86514,-6.321379],[106.864986,-6.321991],[106.864832,-6.322604],[106.864678,-6.323217],[106.864502,-6.323768],[106.864327,-6.32432],[106.864151,-6.324871],[106.863975,-6.325422],[106.8638,-6.325974],[106.863846,-6.326617],[106.863892,-6.32726],[106.864308,-6.32772],[106.864724,-6.328179],[106.86514,-6.328639],[106.865557,-6.329098],[106.865973,-6.329558],[106.866404,-6.330079],[106.866836,-6.3306],[106.867267,-6.33112],[106.867371,-6.331718],[106.867475,-6.332315],[106.867579,-6.332912],[106.867683,-6.33351],[106.867757,-6.334153],[106.867831,-6.334796],[106.867905,-6.33544],[106.867979,-6.336083],[106.868053,-6.336726],[106.868261,-6.337347],[106.868469,-6.337967],[106.868677,-6.338587],[106.868885,-6.339208],[106.86907,-6.339989],[106.869255,-6.34077],[106.869232,-6.341344],[106.869209,-6.341919],[106.869047,-6.342493],[106.868885,-6.343067],[106.868723,-6.343642],[106.868562,-6.344216],[106.86833,-6.344706],[106.868099,-6.345196],[106.867868,-6.345686],[106.867637,-6.346177],[106.867406,-6.346667],[106.867175,-6.347157],[106.866944,-6.347647],[106.866712,-6.348137],[106.866481,-6.348627],[106.866167,-6.349078],[106.865852,-6.349528],[106.865538,-6.349978],[106.865224,-6.350428],[106.864909,-6.350879],[106.864364,-6.3512],[106.863818,-6.351522],[106.863273,-6.351844],[106.862727,-6.352165],[106.862182,-6.352487],[106.861688,-6.352809],[106.861195,-6.35313],[106.860702,-6.353452],[106.859916,-6.354141],[106.859801,-6.354692],[106.859685,-6.355244],[106.859593,-6.355795],[106.8595,-6.356347],[106.859431,-6.357105],[106.859361,-6.357863],[106.85839,-6.357495],[106.8579,-6.357201],[106.85741,-6.356907],[106.85692,-6.356613],[106.85643,-6.356319],[106.85594,-6.356025],[106.855339,-6.355906],[106.854738,-6.355786],[106.854137,-6.355667],[106.853536,-6.355547],[106.852935,-6.355428],[106.852392,-6.355428],[106.851849,-6.355428],[106.851305,-6.355428],[106.850762,-6.355428],[106.850217,-6.355373],[106.849671,-6.355317],[106.849125,-6.355262],[106.84858,-6.355207],[106.848034,-6.355152],[106.847318,-6.355014],[106.846601,-6.354876],[106.846046,-6.354884],[106.845492,-6.354892],[106.844937,-6.354899],[106.844382,-6.354907],[106.843827,-6.354915],[106.843272,-6.354922],[106.843272,-6.354922],[106.842662,-6.354913],[106.842052,-6.354904],[106.841442,-6.354895],[106.840831,-6.354885],[106.840221,-6.354876],[106.839655,-6.35467],[106.839088,-6.354463],[106.838522,-6.354256],[106.837956,-6.354049],[106.837308,-6.353865],[106.836777,-6.354095],[106.836245,-6.354325],[106.835675,-6.354631],[106.835105,-6.354938],[106.834534,-6.355244],[106.833872,-6.355336],[106.833209,-6.355428],[106.832546,-6.35552],[106.831922,-6.355634],[106.831298,-6.355749],[106.830743,-6.355795],[106.83042,-6.356209],[106.830373,-6.356668],[106.830882,-6.356898],[106.831344,-6.356714],[106.831344,-6.356714],[106.831437,-6.356174],[106.831529,-6.355634],[106.831622,-6.355095],[106.831714,-6.354555],[106.831807,-6.353636]]},"properties":{"id":"CASTJ07-EXT","route_id":"CASTJ07-EXT","corridor_id":"CASTJ07-EXT","corridor_name":"Perpanjangan Koridor 7: Trikora – UI via Kelapa Dua Depok","name":"Perpanjangan Koridor 7: Trikora – UI via Kelapa Dua Depok","short":"Perpanjangan Koridor 7: Trikora – UI via Kelapa Dua Depok","route_name":"Perpanjangan Koridor 7: Trikora – UI via Kelapa Dua Depok","from_name":"Trikora","to_name":"UI","start_name":"Trikora","end_name":"UI","mode":"transjakarta","status":"CASCADE_PROPOSED","status_label":"Usulan CASCADE · perpanjangan Koridor 7","network_type":"CASCADE","plan_type":"EXTENSION","parent_corridor":"TJ-07","parent_route":"TJ-07","existing":"NO","length_km":15.85,"stop_count":12,"interchange_count":2,"geometry_confidence":"HIGH","alignment_confidence":"HIGH","alignment_type":"ROAD_CORRIDOR","color":"#D62F7F","crs":"EPSG:4326","source":"CASCADE TJ — trase user GeoJSON, halte ±1,5 km","source_type":"USER_GEOJSON","geometry_source":"CASTJ07_PERPANJANGAN KORIDOR 7 HALTE TRIKORA - UI VIA KELAPA DUA DEPOK,.geojson","original_length_km":15.85,"geometry_role":"display_from_geojson","disclaimer":"Usulan CASCADE. Bukan rute resmi TransJakarta. Bukan DED. Estimasi biaya bersifat indikatif.","updated_at":"2026-09-16","notes":"Ekstensi Koridor 7 Trikora–UI via Kelapa Dua Depok. Geometry 100% dari GeoJSON user.","planning_note":"Ekstensi Koridor 7 Trikora–UI via Kelapa Dua Depok. Geometry 100% dari GeoJSON user.","insight":"Perpanjangan Koridor 7 dari Trikora/PGC ke UI lewat Kelapa Dua. Interchange KRL di UI. Pelebaran tinggi di ruas Condet–Cimanggis.","route_order":42,"vertex_count":234,"endpoint":"Perpanjangan Koridor 7: Trikora – UI via Kelapa Dua Depok","structure":"AT_GRADE","elevated_km":0,"elevated_note":"","widening_level":"HIGH","widening_reason":"Cililitan–Condet–Kelapa Dua mixed traffic, ROW terbatas di ruas kampung.","widening_km":5,"widening_cost_label":"Rp 0,18–0,48 T","cost_label":"Rp 0,6–1,3 T","cost_confidence":"medium","cost_basis":"Indicative planning estimate. Bukan RAB/DED.","cost_source":"Benchmark BRT/pelebaran jalan urban Indonesia 2024–2026","bbox":[106.83037345099807,-6.357862936783452,106.87216781037048,-6.262189617054657],"operator_type":"CASCADE"}},{"type":"Feature","id":"CASTJ17","geometry":{"type":"LineString","coordinates":[[106.886058,-6.291607],[106.886714,-6.291156],[106.886714,-6.291156],[106.887243,-6.291018],[106.887773,-6.29088],[106.888302,-6.290742],[106.888832,-6.290604],[106.889399,-6.290529],[106.889967,-6.290454],[106.890534,-6.290379],[106.891102,-6.290303],[106.891669,-6.290228],[106.892236,-6.290153],[106.892804,-6.290078],[106.893371,-6.290003],[106.893909,-6.289919],[106.894447,-6.289836],[106.894985,-6.289752],[106.895523,-6.289668],[106.896061,-6.289585],[106.896599,-6.289501],[106.897002,-6.28905],[106.897406,-6.288599],[106.897809,-6.288148],[106.898213,-6.287697],[106.898616,-6.287246],[106.899037,-6.286661],[106.899457,-6.286076],[106.899877,-6.285491],[106.900449,-6.285424],[106.90102,-6.285357],[106.901592,-6.28529],[106.902163,-6.285224],[106.902735,-6.285157],[106.903307,-6.28509],[106.903878,-6.285023],[106.90445,-6.284956],[106.905021,-6.284889],[106.90561,-6.284823],[106.906198,-6.284756],[106.906787,-6.284689],[106.907375,-6.284622],[106.907963,-6.284555],[106.908552,-6.284488],[106.90914,-6.284421],[106.909729,-6.284355],[106.910317,-6.284288],[106.910544,-6.283736],[106.910771,-6.283185],[106.911527,-6.282884],[106.912486,-6.282684],[106.913116,-6.282659],[106.913746,-6.282633],[106.913948,-6.282934],[106.913948,-6.283511],[106.913948,-6.284087],[106.914755,-6.284689],[106.915293,-6.284797],[106.915831,-6.284906],[106.916369,-6.285015],[106.916907,-6.285123],[106.917445,-6.285232],[106.917983,-6.285341],[106.918571,-6.285675],[106.91916,-6.286009],[106.919748,-6.286343],[106.920656,-6.286844],[106.921244,-6.286627],[106.921833,-6.28641],[106.922421,-6.286193],[106.9229,-6.285829],[106.923379,-6.285466],[106.923859,-6.285102],[106.924338,-6.284739],[106.925019,-6.284438],[106.925699,-6.284137],[106.92633,-6.284162],[106.92696,-6.284188],[106.927641,-6.283786],[106.928322,-6.283385],[106.928877,-6.28331],[106.929432,-6.283235],[106.929795,-6.282814],[106.930158,-6.282393],[106.930521,-6.281972],[106.930884,-6.281551],[106.931247,-6.28113],[106.9316,-6.280657],[106.931953,-6.280184],[106.932306,-6.279712],[106.932659,-6.279239],[106.933012,-6.278766],[106.933365,-6.278293],[106.933718,-6.277821],[106.934001,-6.277279],[106.934283,-6.276738],[106.934566,-6.276197],[106.934848,-6.275655],[106.935131,-6.275114],[106.935476,-6.274663],[106.935822,-6.274211],[106.936168,-6.27376],[106.936514,-6.273309],[106.93686,-6.272858],[106.937206,-6.272407],[106.937551,-6.271955],[106.937904,-6.271533],[106.938257,-6.27111],[106.938611,-6.270688],[106.938964,-6.270265],[106.939317,-6.269843],[106.93967,-6.26942],[106.940023,-6.268998],[106.940493,-6.268647],[106.940964,-6.268296],[106.941435,-6.267945],[106.942166,-6.267995],[106.942897,-6.268045],[106.943402,-6.267744],[106.943573,-6.267163],[106.943745,-6.266581],[106.943916,-6.266],[106.944088,-6.265418],[106.944259,-6.264837],[106.944713,-6.264373],[106.945167,-6.263909],[106.945621,-6.263445],[106.946075,-6.262982],[106.946428,-6.26253],[106.946781,-6.262079],[106.947134,-6.261628],[106.947487,-6.261177],[106.94784,-6.260726],[106.948264,-6.260234],[106.948687,-6.259743],[106.949111,-6.259252],[106.949535,-6.25876],[106.949958,-6.258269],[106.950538,-6.257793],[106.951118,-6.257317],[106.951269,-6.25669],[106.951421,-6.256063],[106.951572,-6.255437],[106.951723,-6.25481],[106.951905,-6.254188],[106.952087,-6.253567],[106.952268,-6.252945],[106.95245,-6.252323],[106.952631,-6.251702],[106.952799,-6.25105],[106.952967,-6.250398],[106.953136,-6.249746],[106.953917,-6.249646],[106.954699,-6.249546],[106.955249,-6.249541],[106.955799,-6.249537],[106.95635,-6.249532],[106.9569,-6.249528],[106.95745,-6.249523],[106.958,-6.249518],[106.95855,-6.249514],[106.959101,-6.249509],[106.959651,-6.249505],[106.960201,-6.2495],[106.960751,-6.249496],[106.961316,-6.249415],[106.961881,-6.249335],[106.962446,-6.249255],[106.963011,-6.249175],[106.963575,-6.249095],[106.963939,-6.248673],[106.964302,-6.248252],[106.964665,-6.247831],[106.965028,-6.24741],[106.965391,-6.246989],[106.965714,-6.246488],[106.966037,-6.245986],[106.966359,-6.245485],[106.966682,-6.244984],[106.967005,-6.244482],[106.967459,-6.243931],[106.967913,-6.243379],[106.968211,-6.242907],[106.96851,-6.242435],[106.968808,-6.241963],[106.969106,-6.241491],[106.969405,-6.241019],[106.969703,-6.240547],[106.970002,-6.240074],[106.9703,-6.239602],[106.970598,-6.23913],[106.970897,-6.238658],[106.971195,-6.238186],[106.971494,-6.237714],[106.97179,-6.237219],[106.972086,-6.236724],[106.972382,-6.236229],[106.972679,-6.235734],[106.972975,-6.235238],[106.973271,-6.234743],[106.973568,-6.234248],[106.973864,-6.233753],[106.974123,-6.233266],[106.974383,-6.232779],[106.974642,-6.232292],[106.974902,-6.231805],[106.975161,-6.231318],[106.97542,-6.230831],[106.97568,-6.230344],[106.976108,-6.229868],[106.976537,-6.229391],[106.976966,-6.228915],[106.977394,-6.228439],[106.977966,-6.228138],[106.978538,-6.227837],[106.979109,-6.227536],[106.979487,-6.226935],[106.979866,-6.226333],[106.979664,-6.225631],[106.979084,-6.22518],[106.978504,-6.224729],[106.978025,-6.224227],[106.977546,-6.223726],[106.977025,-6.223275],[106.976503,-6.222823],[106.975982,-6.222372],[106.975444,-6.222264],[106.974906,-6.222155],[106.974368,-6.222046],[106.97383,-6.221938],[106.973292,-6.221829],[106.972754,-6.22172],[106.972196,-6.221664],[106.971638,-6.221607],[106.97108,-6.22155],[106.970522,-6.221493],[106.969964,-6.221436],[106.969406,-6.221379],[106.968847,-6.221323],[106.968289,-6.221266],[106.967731,-6.221209],[106.967173,-6.221152],[106.966615,-6.221095],[106.966057,-6.221039],[106.965499,-6.220982],[106.964941,-6.220925],[106.964382,-6.220868],[106.963818,-6.220798],[106.963253,-6.220728],[106.962688,-6.220658],[106.962123,-6.220587],[106.961558,-6.220517],[106.960993,-6.220447],[106.960428,-6.220377],[106.959863,-6.220307],[106.959299,-6.220236],[106.958734,-6.220166],[106.958169,-6.220096],[106.957604,-6.220026],[106.957039,-6.219956],[106.956474,-6.219885],[106.955909,-6.219815],[106.955314,-6.219775],[106.954719,-6.219735],[106.954124,-6.219695],[106.953529,-6.219655],[106.952934,-6.219615],[106.952707,-6.219088],[106.95248,-6.218562],[106.952404,-6.21796],[106.952329,-6.217358],[106.952253,-6.216757],[106.952177,-6.216155],[106.952102,-6.215554],[106.952026,-6.214952],[106.951782,-6.214434],[106.951538,-6.213916],[106.951295,-6.213398],[106.951295,-6.213398],[106.951051,-6.21288],[106.950807,-6.212361],[106.950563,-6.211843],[106.950273,-6.211329],[106.949983,-6.210815],[106.949693,-6.210302],[106.949403,-6.209788],[106.949148,-6.209296],[106.948892,-6.208805],[106.948637,-6.208314],[106.948381,-6.207822],[106.948126,-6.207331],[106.94787,-6.20684],[106.947615,-6.206348],[106.947359,-6.205857],[106.947104,-6.205365],[106.946848,-6.204874],[106.946593,-6.204383],[106.946337,-6.203891],[106.946082,-6.2034],[106.945826,-6.202909],[106.94557,-6.202417],[106.945346,-6.201882],[106.945122,-6.201348],[106.944898,-6.200813],[106.944674,-6.200278],[106.94445,-6.199743],[106.944226,-6.199208],[106.944001,-6.198674],[106.943777,-6.198139],[106.943553,-6.197604],[106.943515,-6.197059],[106.943477,-6.196513],[106.94344,-6.195968],[106.943402,-6.195423],[106.943364,-6.194878],[106.943326,-6.194332],[106.943288,-6.193787],[106.94325,-6.193242],[106.9432,-6.192653],[106.94315,-6.192063],[106.943099,-6.191474],[106.943049,-6.190885],[106.94299,-6.190275],[106.942931,-6.189665],[106.942872,-6.189055],[106.942813,-6.188445],[106.942755,-6.187835],[106.942696,-6.187225],[106.942686,-6.186683],[106.942676,-6.186142],[106.942665,-6.1856],[106.942655,-6.185059],[106.942645,-6.184517],[106.942635,-6.183976],[106.942625,-6.183434],[106.942615,-6.182893],[106.942605,-6.182351],[106.942595,-6.18181],[106.942578,-6.181258],[106.942561,-6.180707],[106.942544,-6.180155],[106.942107,-6.179687],[106.94167,-6.179219],[106.941233,-6.178751],[106.940804,-6.178292],[106.940376,-6.177832],[106.939947,-6.177372],[106.939518,-6.176913],[106.93909,-6.176453],[106.938661,-6.175993],[106.938094,-6.175693],[106.937526,-6.175392],[106.936959,-6.175091],[106.936391,-6.17479],[106.936316,-6.174188],[106.93624,-6.173587],[106.936164,-6.172985],[106.936089,-6.172383],[106.935748,-6.171832],[106.935408,-6.17128],[106.935068,-6.170729],[106.934727,-6.170177],[106.934576,-6.16945],[106.934424,-6.168723],[106.934416,-6.16813],[106.934408,-6.167536],[106.934399,-6.166943],[106.934391,-6.166349],[106.934382,-6.165756],[106.934374,-6.165163],[106.934092,-6.164601],[106.933809,-6.16404],[106.933527,-6.163478],[106.933244,-6.162916],[106.932962,-6.162355],[106.932626,-6.161853],[106.932289,-6.161352],[106.931953,-6.16085],[106.931715,-6.160349],[106.931478,-6.159848],[106.93124,-6.159346],[106.931002,-6.158845],[106.930764,-6.158343],[106.930527,-6.157842],[106.930289,-6.15734],[106.929993,-6.156882],[106.929698,-6.156424],[106.929403,-6.155965],[106.929107,-6.155507],[106.928812,-6.155048],[106.928516,-6.15459],[106.928221,-6.154131],[106.927848,-6.15373],[106.927475,-6.153329],[106.927101,-6.152928],[106.926728,-6.152527],[106.926355,-6.152126],[106.925989,-6.151674],[106.925624,-6.151223],[106.925258,-6.150772],[106.924892,-6.15032],[106.924741,-6.149699],[106.92459,-6.149077],[106.924439,-6.148455],[106.924287,-6.147833],[106.924136,-6.147211],[106.923808,-6.14671],[106.92348,-6.146209],[106.923152,-6.145707],[106.922825,-6.145206],[106.922497,-6.144704],[106.922169,-6.144203],[106.922068,-6.1432],[106.92203,-6.142573],[106.921992,-6.141946],[106.921955,-6.141319],[106.921917,-6.140693],[106.922169,-6.13969],[106.922056,-6.139063],[106.921942,-6.138436],[106.921829,-6.137809],[106.921715,-6.137183],[106.921766,-6.13643],[106.921816,-6.135678],[106.921665,-6.135157],[106.921513,-6.134635],[106.921362,-6.134114],[106.921211,-6.133592],[106.921059,-6.133071],[106.920656,-6.132669],[106.920252,-6.132268],[106.920026,-6.131729],[106.919799,-6.13119],[106.919572,-6.130651],[106.919345,-6.130112],[106.91884,-6.129636],[106.918336,-6.129159],[106.917832,-6.128808],[106.918033,-6.127755],[106.918134,-6.127153],[106.918538,-6.126577],[106.918941,-6.126],[106.919479,-6.125883],[106.920017,-6.125766],[106.920555,-6.125649],[106.921097,-6.125411],[106.921639,-6.125173],[106.922182,-6.124934],[106.922724,-6.124696],[106.923077,-6.124257],[106.92343,-6.123819],[106.923783,-6.12338],[106.924136,-6.122941],[106.924439,-6.122465],[106.924741,-6.121988],[106.925346,-6.121713],[106.925952,-6.121437],[106.925901,-6.120584],[106.925735,-6.120004],[106.92557,-6.119424],[106.925404,-6.118843],[106.925238,-6.118263],[106.925073,-6.117683],[106.924907,-6.117103],[106.924741,-6.116522],[106.924607,-6.115937],[106.924472,-6.115352],[106.924338,-6.114767],[106.924892,-6.114684],[106.925447,-6.1146],[106.926002,-6.114516],[106.926547,-6.114436],[106.927091,-6.114356],[106.927636,-6.114276],[106.928181,-6.114196],[106.928725,-6.114115],[106.92928,-6.113839],[106.929835,-6.113564],[106.93039,-6.113288],[106.930945,-6.113012],[106.931499,-6.112736],[106.932054,-6.11246],[106.932626,-6.112143],[106.933197,-6.111825],[106.933769,-6.111508],[106.934374,-6.111347],[106.934979,-6.111187],[106.935584,-6.111026],[106.93619,-6.110866],[106.936795,-6.110705],[106.937375,-6.110622],[106.937955,-6.110538],[106.938535,-6.110455],[106.939115,-6.110371],[106.939695,-6.110287],[106.940275,-6.110204],[106.940852,-6.110209],[106.941429,-6.110215],[106.942006,-6.11022],[106.942584,-6.110226],[106.943161,-6.110232],[106.943738,-6.110237],[106.944315,-6.110243],[106.944892,-6.110248],[106.94547,-6.110254],[106.94606,-6.110249],[106.94665,-6.110244],[106.94724,-6.110239],[106.94783,-6.110234],[106.94842,-6.110229],[106.94901,-6.110224],[106.9496,-6.110219],[106.95019,-6.110214],[106.95078,-6.110209],[106.95137,-6.110204],[106.951959,-6.110087],[106.952547,-6.10997],[106.953136,-6.109853],[106.953724,-6.109736],[106.954312,-6.109619],[106.954901,-6.109502],[106.955489,-6.109385],[106.956078,-6.109268],[106.956666,-6.109151],[106.957241,-6.10898],[106.957816,-6.10881],[106.958391,-6.108639],[106.958966,-6.108469],[106.959541,-6.108298],[106.960045,-6.107964],[106.960549,-6.10763],[106.961054,-6.107295],[106.9616,-6.107237],[106.962146,-6.107178],[106.962146,-6.107178],[106.962693,-6.10712],[106.963239,-6.107061],[106.963786,-6.107003],[106.964332,-6.106944],[106.964867,-6.106754],[106.965401,-6.106563],[106.965936,-6.106372],[106.96647,-6.106182],[106.967005,-6.105991],[106.967661,-6.105774],[106.968316,-6.105557],[106.968972,-6.105339],[106.969602,-6.105151],[106.970233,-6.104963],[106.970863,-6.104775],[106.971494,-6.104587],[106.971889,-6.104215],[106.972285,-6.103842],[106.972861,-6.103436],[106.973437,-6.103029],[106.97371,-6.10255],[106.973752,-6.102217],[106.974045,-6.102258],[106.97415,-6.102446],[106.973961,-6.102633],[106.973626,-6.1028]]},"properties":{"id":"CASTJ17","route_id":"CASTJ17","corridor_id":"CASTJ17","corridor_name":"Pinang Ranti – Marunda Center via Pulo Gebang","name":"Pinang Ranti – Marunda Center via Pulo Gebang","short":"Pinang Ranti – Marunda Center via Pulo Gebang","route_name":"Pinang Ranti – Marunda Center via Pulo Gebang","from_name":"Pinang Ranti","to_name":"Marunda Center","start_name":"Pinang Ranti","end_name":"Marunda Center","mode":"transjakarta","status":"CASCADE_PROPOSED","status_label":"Usulan CASCADE · TransJakarta","network_type":"CASCADE","plan_type":"PROPOSED","parent_corridor":"","parent_route":"","existing":"NO","length_km":36.93,"stop_count":25,"interchange_count":2,"geometry_confidence":"HIGH","alignment_confidence":"HIGH","alignment_type":"ROAD_CORRIDOR","color":"#D62F7F","crs":"EPSG:4326","source":"CASCADE TJ — trase user GeoJSON, halte ±1,5 km","source_type":"USER_GEOJSON","geometry_source":"CASTJ17_Pinang Ranti - Marunda Center (Via Pulo Gebang).geojson","original_length_km":36.93,"geometry_role":"display_from_geojson","disclaimer":"Usulan CASCADE. Bukan rute resmi TransJakarta. Bukan DED. Estimasi biaya bersifat indikatif.","updated_at":"2026-09-16","notes":"Pinang Ranti–Marunda via Pulo Gebang mengikuti GeoJSON.","planning_note":"Pinang Ranti–Marunda via Pulo Gebang mengikuti GeoJSON.","insight":"Mengikat Pinang Ranti ke Marunda/Pulo Gebang. Akses kawasan kerja timur-utara lemah. Pelebaran tinggi di Cakung–Cilincing.","route_order":43,"vertex_count":561,"endpoint":"Pinang Ranti – Marunda Center via Pulo Gebang","structure":"AT_GRADE","elevated_km":0,"elevated_note":"","widening_level":"HIGH","widening_reason":"Koridor panjang timur-utara, ruas Cakung–Marunda perlu kapasitas BRT.","widening_km":10,"widening_cost_label":"Rp 0,35–0,80 T","cost_label":"Rp 1,4–2,8 T","cost_confidence":"medium","cost_basis":"Indicative planning estimate. Bukan RAB/DED.","cost_source":"Benchmark BRT/pelebaran jalan urban Indonesia 2024–2026","bbox":[106.88605814165402,-6.291606866038264,106.97986566217185,-6.102216744342733],"operator_type":"CASCADE"}},{"type":"Feature","id":"CASTJ18","geometry":{"type":"LineString","coordinates":[[106.885852,-6.29174],[106.886202,-6.291044],[106.886202,-6.291044],[106.886757,-6.290935],[106.887311,-6.290826],[106.887866,-6.290717],[106.88842,-6.290608],[106.888975,-6.2905],[106.88953,-6.290391],[106.890084,-6.290282],[106.890639,-6.290173],[106.891252,-6.290115],[106.891865,-6.290057],[106.892478,-6.289999],[106.893091,-6.289941],[106.893704,-6.289883],[106.894317,-6.289825],[106.894886,-6.289738],[106.895456,-6.289651],[106.896025,-6.289564],[106.896594,-6.289477],[106.896983,-6.289022],[106.897373,-6.288568],[106.897762,-6.288113],[106.898151,-6.287658],[106.89854,-6.287204],[106.89893,-6.286749],[106.899358,-6.286324],[106.899786,-6.285898],[106.900214,-6.285473],[106.900777,-6.285404],[106.901339,-6.285335],[106.901902,-6.285267],[106.902464,-6.285198],[106.903027,-6.28513],[106.90359,-6.285061],[106.904152,-6.284992],[106.904715,-6.284924],[106.905277,-6.284855],[106.90584,-6.284787],[106.906403,-6.284718],[106.906967,-6.28465],[106.907531,-6.284583],[106.908096,-6.284515],[106.90866,-6.284447],[106.909225,-6.28438],[106.909789,-6.284312],[106.910314,-6.283732],[106.91084,-6.283151],[106.911599,-6.282948],[106.912358,-6.282745],[106.913088,-6.2826],[106.913817,-6.282455],[106.91374,-6.28192],[106.913662,-6.281384],[106.913584,-6.280849],[106.913506,-6.280314],[106.913428,-6.279779],[106.91335,-6.279244],[106.913273,-6.278708],[106.913195,-6.278173],[106.913117,-6.277638],[106.913027,-6.277073],[106.912938,-6.276508],[106.912848,-6.275943],[106.912759,-6.275379],[106.912669,-6.274814],[106.91258,-6.274249],[106.91249,-6.273684],[106.912401,-6.273119],[106.912311,-6.272554],[106.912222,-6.271989],[106.912132,-6.271424],[106.912043,-6.27086],[106.911953,-6.270295],[106.911864,-6.26973],[106.911774,-6.269165],[106.911696,-6.268594],[106.911618,-6.268024],[106.91154,-6.267453],[106.911463,-6.266882],[106.911385,-6.266312],[106.911307,-6.265741],[106.91119,-6.265064],[106.911073,-6.264387],[106.910957,-6.26371],[106.910882,-6.263158],[106.910806,-6.262607],[106.910731,-6.262056],[106.910656,-6.261504],[106.910581,-6.260953],[106.910506,-6.260402],[106.910431,-6.25985],[106.910356,-6.259299],[106.910281,-6.258748],[106.910206,-6.258196],[106.910131,-6.257645],[106.910056,-6.257094],[106.909981,-6.256542],[106.909906,-6.255991],[106.909906,-6.255991],[106.909811,-6.25544],[106.909716,-6.254888],[106.909621,-6.254337],[106.909526,-6.253786],[106.909431,-6.253234],[106.909336,-6.252683],[106.909242,-6.252132],[106.909147,-6.25158],[106.909015,-6.250971],[106.908884,-6.250361],[106.908753,-6.249752],[106.908621,-6.249143],[106.908271,-6.248659],[106.907921,-6.248175],[106.90757,-6.247692],[106.90722,-6.247208],[106.90687,-6.246724],[106.906519,-6.246241],[106.905916,-6.245912],[106.905313,-6.245583],[106.90471,-6.245254],[106.904184,-6.244935],[106.903659,-6.244616],[106.903133,-6.244297],[106.902608,-6.243977],[106.902316,-6.243378],[106.902024,-6.242778],[106.901732,-6.242178],[106.901396,-6.241699],[106.901061,-6.241221],[106.900725,-6.240742],[106.900389,-6.240263],[106.900097,-6.239774],[106.899805,-6.239285],[106.899513,-6.238795],[106.899221,-6.238306],[106.89893,-6.237817],[106.898638,-6.237328],[106.898346,-6.236839],[106.898019,-6.236374],[106.897692,-6.23591],[106.897365,-6.235446],[106.897038,-6.234981],[106.896711,-6.234517],[106.896594,-6.233879],[106.896477,-6.23324],[106.896769,-6.232776],[106.897061,-6.232312],[106.897353,-6.231847],[106.897563,-6.231244],[106.897774,-6.23064],[106.897984,-6.230037],[106.898194,-6.229433],[106.898404,-6.228829],[106.898498,-6.228226],[106.898591,-6.227622],[106.898684,-6.227019],[106.898778,-6.226415],[106.898871,-6.225811],[106.898971,-6.225239],[106.899071,-6.224667],[106.899171,-6.224095],[106.899272,-6.223523],[106.899372,-6.222951],[106.899472,-6.222379],[106.899572,-6.221807],[106.899572,-6.221139],[106.899572,-6.220472],[106.899664,-6.219929],[106.899755,-6.219385],[106.899847,-6.218842],[106.899939,-6.218299],[106.900031,-6.217756],[106.900122,-6.217213],[106.900214,-6.21667],[106.900306,-6.216127],[106.900397,-6.215584],[106.900489,-6.215041],[106.900581,-6.214498],[106.900673,-6.213955],[106.900764,-6.213411],[106.900856,-6.212868],[106.900985,-6.212329],[106.901113,-6.211789],[106.901242,-6.211249],[106.90137,-6.210709],[106.901498,-6.210169],[106.901627,-6.20963],[106.901755,-6.20909],[106.901884,-6.20855],[106.902012,-6.20801],[106.902141,-6.207471],[106.902374,-6.206948],[106.902608,-6.206426],[106.902841,-6.205903],[106.903075,-6.205381],[106.903308,-6.204859],[106.903542,-6.204336],[106.903775,-6.203814],[106.904009,-6.203291],[106.904242,-6.202769],[106.904476,-6.202247],[106.904622,-6.201608],[106.904768,-6.20097],[106.904826,-6.200273],[106.904885,-6.199577],[106.904959,-6.198996],[106.905033,-6.198416],[106.905108,-6.197836],[106.905182,-6.197255],[106.905256,-6.196675],[106.905331,-6.196094],[106.905405,-6.195514],[106.905479,-6.194933],[106.905553,-6.194353],[106.905628,-6.193773],[106.905702,-6.193192],[106.905799,-6.192612],[106.905897,-6.192031],[106.905994,-6.191451],[106.906091,-6.19087],[106.906189,-6.19029],[106.906286,-6.18971],[106.906184,-6.189086],[106.906082,-6.188462],[106.905979,-6.187838],[106.905877,-6.187214],[106.905994,-6.186169],[106.906414,-6.185786],[106.906835,-6.185403],[106.907255,-6.18502],[106.907675,-6.184636],[106.908096,-6.184253],[106.908534,-6.183934],[106.908972,-6.183615],[106.909409,-6.183296],[106.909847,-6.182976],[106.91025,-6.182463],[106.910458,-6.181904],[106.910665,-6.181344],[106.910873,-6.180784],[106.91108,-6.180225],[106.911288,-6.179665],[106.911495,-6.179106],[106.911736,-6.178511],[106.911976,-6.177916],[106.912217,-6.177322],[106.912458,-6.176727],[106.912698,-6.176132],[106.912919,-6.175583],[106.91314,-6.175033],[106.913361,-6.174484],[106.913582,-6.173934],[106.913803,-6.173385],[106.914039,-6.172827],[106.914275,-6.17227],[106.914511,-6.171712],[106.914746,-6.171155],[106.915071,-6.170444],[106.915396,-6.169733],[106.915634,-6.169103],[106.915871,-6.168473],[106.916108,-6.167843],[106.916345,-6.167213],[106.916581,-6.166724],[106.916816,-6.166235],[106.917052,-6.165747],[106.916979,-6.164955],[106.916905,-6.164164],[106.916852,-6.163536],[106.916799,-6.162909],[106.916746,-6.162282],[106.916693,-6.161654],[106.91664,-6.161027],[106.916581,-6.16046],[106.916522,-6.159893],[106.916463,-6.159326],[106.916418,-6.158776],[106.916374,-6.158225],[106.91633,-6.157674],[106.916286,-6.157124],[106.916241,-6.156573],[106.916197,-6.156022],[106.916153,-6.155471],[106.916109,-6.154921],[106.916064,-6.15437],[106.91602,-6.153819],[106.915976,-6.153269],[106.915932,-6.152718],[106.915887,-6.152167],[106.915843,-6.151617],[106.915799,-6.151066],[106.915767,-6.150507],[106.915734,-6.149947],[106.915702,-6.149388],[106.91567,-6.148829],[106.915638,-6.148269],[106.915605,-6.14771],[106.915478,-6.147104],[106.91535,-6.146498],[106.915222,-6.145892],[106.915053,-6.145365],[106.914883,-6.144837],[106.914713,-6.144309],[106.914544,-6.143781],[106.91447,-6.143019],[106.914396,-6.142257],[106.914409,-6.141671],[106.914422,-6.141084],[106.914434,-6.140498],[106.914447,-6.139911],[106.91446,-6.139325],[106.914472,-6.138739],[106.914485,-6.138152],[106.914654,-6.137522],[106.914824,-6.136892],[106.914994,-6.136261],[106.915163,-6.135631],[106.915429,-6.135113],[106.915694,-6.134595],[106.915959,-6.134077],[106.916387,-6.133681],[106.916814,-6.133285],[106.917242,-6.13289],[106.91767,-6.132494],[106.917935,-6.131937],[106.9182,-6.13138],[106.918218,-6.130709],[106.918235,-6.130038],[106.918253,-6.129368],[106.917859,-6.128798],[106.917966,-6.128067],[106.918074,-6.127336],[106.918432,-6.126766],[106.918791,-6.126196],[106.91931,-6.125964],[106.91983,-6.125733],[106.920511,-6.12559],[106.921192,-6.125448],[106.921754,-6.125067],[106.922315,-6.124687],[106.922877,-6.124307],[106.923253,-6.123897],[106.923629,-6.123488],[106.924006,-6.123078],[106.924382,-6.122668],[106.924741,-6.121991],[106.925368,-6.121688],[106.925995,-6.121385],[106.925905,-6.12085],[106.925816,-6.120316],[106.925637,-6.119757],[106.925457,-6.119199],[106.925278,-6.118641],[106.92514,-6.118106],[106.925002,-6.117572],[106.924863,-6.117037],[106.924725,-6.116502],[106.924587,-6.115968],[106.924449,-6.115433],[106.92431,-6.114899],[106.924107,-6.114222],[106.923904,-6.113544],[106.923701,-6.112867],[106.923567,-6.112324],[106.923432,-6.11178],[106.923298,-6.111237],[106.923163,-6.110693],[106.923008,-6.110123],[106.922853,-6.109553],[106.922697,-6.108983],[106.92216,-6.10827],[106.921539,-6.108258],[106.920917,-6.108246],[106.920296,-6.108234],[106.91968,-6.108234],[106.919063,-6.108234],[106.918447,-6.108234],[106.91783,-6.108234],[106.917214,-6.108234],[106.916616,-6.1083],[106.916019,-6.108365],[106.915421,-6.10843],[106.914824,-6.108496],[106.914227,-6.108561],[106.913629,-6.108626],[106.913056,-6.108667],[106.912482,-6.108708],[106.911909,-6.108748],[106.911335,-6.108789],[106.910762,-6.10883],[106.910188,-6.108871],[106.909615,-6.108911],[106.909038,-6.108872],[106.908461,-6.108833],[106.907884,-6.108794],[106.907307,-6.108755],[106.90673,-6.108715],[106.906153,-6.108676],[106.905575,-6.108637],[106.904998,-6.108598],[106.904421,-6.108558],[106.903844,-6.108519],[106.903844,-6.108519],[106.903266,-6.108448],[106.902687,-6.108377],[106.902108,-6.108305],[106.90153,-6.108234],[106.900951,-6.108163],[106.900373,-6.108092],[106.899794,-6.10802],[106.899163,-6.107935],[106.898532,-6.107849],[106.897902,-6.107764],[106.897271,-6.107678],[106.89664,-6.107593],[106.895971,-6.107605],[106.895302,-6.107616],[106.894633,-6.107628],[106.893629,-6.107913],[106.893342,-6.108573],[106.893056,-6.109232],[106.893127,-6.110159],[106.892339,-6.110159],[106.891909,-6.110159],[106.891341,-6.110147],[106.890774,-6.110135],[106.890206,-6.110123],[106.889639,-6.110111],[106.889071,-6.110099],[106.888504,-6.110087],[106.88796,-6.110058],[106.887416,-6.110028],[106.886873,-6.109998],[106.886329,-6.109969],[106.885786,-6.109939],[106.885242,-6.109909],[106.884585,-6.109897],[106.883928,-6.109885],[106.883271,-6.109874],[106.882769,-6.110016],[106.882446,-6.110408],[106.882016,-6.110337],[106.881694,-6.110159],[106.881228,-6.110266],[106.880582,-6.109838],[106.880905,-6.109553],[106.880905,-6.109553],[106.881944,-6.109482],[106.882303,-6.109731]]},"properties":{"id":"CASTJ18","route_id":"CASTJ18","corridor_id":"CASTJ18","corridor_name":"Pinang Ranti – Tanjung Priok via Jatiwaringin & Koja","name":"Pinang Ranti – Tanjung Priok via Jatiwaringin & Koja","short":"Pinang Ranti – Tanjung Priok via Jatiwaringin & Koja","route_name":"Pinang Ranti – Tanjung Priok via Jatiwaringin & Koja","from_name":"Pinang Ranti","to_name":"Tanjung Priok","start_name":"Pinang Ranti","end_name":"Tanjung Priok","mode":"transjakarta","status":"CASCADE_PROPOSED","status_label":"Usulan CASCADE · TransJakarta","network_type":"CASCADE","plan_type":"PROPOSED","parent_corridor":"","parent_route":"","existing":"NO","length_km":29.67,"stop_count":20,"interchange_count":2,"geometry_confidence":"HIGH","alignment_confidence":"HIGH","alignment_type":"ROAD_CORRIDOR","color":"#D62F7F","crs":"EPSG:4326","source":"CASCADE TJ — trase user GeoJSON, halte ±1,5 km","source_type":"USER_GEOJSON","geometry_source":"CASTJ18_Pinang Ranti - Tanjung Priok Via Jatiwaringin & Koja.geojson","original_length_km":29.67,"geometry_role":"display_from_geojson","disclaimer":"Usulan CASCADE. Bukan rute resmi TransJakarta. Bukan DED. Estimasi biaya bersifat indikatif.","updated_at":"2026-09-16","notes":"Pinang Ranti–Tanjung Priok via Jatiwaringin dan Koja.","planning_note":"Pinang Ranti–Tanjung Priok via Jatiwaringin dan Koja.","insight":"Mengisi celah timur–utara lewat Jatiwaringin dan Koja ke Tanjung Priok. Interchange KRL/TJ di Priok. Bottleneck Kelapa Gading–Koja.","route_order":44,"vertex_count":451,"endpoint":"Pinang Ranti – Tanjung Priok via Jatiwaringin & Koja","structure":"AT_GRADE","elevated_km":0,"elevated_note":"","widening_level":"MODERATE","widening_reason":"Jatiwaringin–Kelapa Gading campuran arterial, Koja padat.","widening_km":7,"widening_cost_label":"Rp 0,20–0,50 T","cost_label":"Rp 1,1–2,2 T","cost_confidence":"medium","cost_basis":"Indicative planning estimate. Bukan RAB/DED.","cost_source":"Benchmark BRT/pelebaran jalan urban Indonesia 2024–2026","bbox":[106.88058242957129,-6.291740023837766,106.92599501566328,-6.107592676702861],"operator_type":"CASCADE"}},{"type":"Feature","id":"CASTJ19","geometry":{"type":"LineString","coordinates":[[106.832013,-6.353723],[106.832085,-6.353155],[106.832156,-6.352586],[106.832228,-6.352017],[106.8323,-6.351449],[106.832371,-6.35088],[106.832443,-6.350311],[106.832514,-6.349743],[106.832586,-6.349174],[106.832657,-6.348605],[106.832729,-6.348036],[106.8328,-6.347468],[106.832872,-6.346899],[106.832943,-6.34633],[106.833015,-6.345762],[106.83307,-6.345209],[106.833126,-6.344656],[106.833182,-6.344103],[106.833237,-6.34355],[106.833293,-6.342997],[106.833349,-6.342444],[106.833404,-6.341891],[106.83346,-6.341338],[106.833515,-6.340785],[106.833571,-6.340232],[106.833692,-6.339698],[106.833812,-6.339163],[106.833933,-6.338629],[106.834053,-6.338094],[106.834174,-6.33756],[106.834294,-6.337025],[106.834415,-6.336491],[106.834535,-6.335956],[106.834656,-6.335422],[106.834776,-6.334887],[106.834897,-6.334353],[106.835018,-6.333819],[106.835018,-6.333229],[106.835018,-6.332639],[106.835018,-6.332049],[106.834684,-6.331533],[106.83435,-6.331017],[106.834016,-6.330501],[106.833816,-6.329992],[106.833616,-6.329484],[106.833415,-6.328975],[106.833215,-6.328466],[106.833015,-6.327957],[106.833015,-6.327368],[106.833015,-6.326778],[106.833015,-6.326188],[106.833349,-6.325679],[106.833682,-6.325171],[106.834016,-6.324662],[106.83435,-6.324153],[106.834684,-6.323645],[106.835018,-6.323119],[106.835351,-6.322594],[106.835685,-6.322069],[106.836019,-6.321543],[106.836241,-6.32099],[106.836464,-6.320438],[106.836687,-6.319885],[106.836909,-6.319332],[106.837002,-6.31876],[106.837094,-6.318189],[106.837187,-6.317617],[106.83728,-6.317046],[106.837373,-6.316475],[106.837465,-6.315903],[106.837558,-6.315332],[106.837651,-6.314761],[106.837744,-6.314189],[106.837836,-6.313618],[106.837929,-6.313046],[106.838022,-6.312475],[106.838101,-6.311875],[106.838181,-6.311274],[106.83826,-6.310674],[106.83834,-6.310074],[106.838419,-6.309473],[106.838499,-6.308873],[106.838578,-6.308273],[106.838689,-6.307744],[106.838801,-6.307216],[106.838912,-6.306688],[106.839023,-6.306159],[106.839134,-6.305631],[106.839246,-6.305102],[106.839357,-6.304574],[106.839468,-6.304046],[106.839579,-6.303517],[106.839668,-6.302876],[106.839757,-6.302234],[106.839846,-6.301593],[106.839935,-6.300951],[106.840024,-6.30031],[106.84004,-6.299741],[106.840056,-6.299173],[106.840072,-6.298604],[106.840088,-6.298035],[106.840104,-6.297466],[106.84012,-6.296897],[106.840136,-6.296329],[106.840303,-6.295803],[106.84047,-6.295278],[106.840636,-6.294753],[106.840803,-6.294227],[106.84097,-6.293702],[106.841137,-6.293177],[106.841304,-6.292651],[106.841471,-6.292126],[106.841693,-6.291592],[106.841916,-6.291057],[106.842138,-6.290523],[106.842361,-6.289988],[106.842584,-6.289453],[106.842806,-6.288919],[106.84296,-6.288366],[106.843114,-6.287813],[106.843268,-6.28726],[106.843422,-6.286707],[106.843576,-6.286154],[106.84373,-6.285601],[106.843884,-6.285048],[106.844039,-6.284495],[106.844193,-6.283942],[106.844347,-6.283389],[106.844501,-6.282836],[106.844655,-6.282283],[106.844809,-6.28173],[106.844809,-6.28173],[106.844911,-6.281168],[106.845013,-6.280606],[106.845115,-6.280044],[106.845217,-6.279481],[106.845319,-6.278919],[106.845421,-6.278357],[106.845523,-6.277795],[106.845625,-6.277233],[106.845727,-6.27667],[106.845829,-6.276108],[106.845931,-6.275546],[106.846033,-6.274984],[106.846095,-6.274431],[106.846156,-6.273878],[106.846218,-6.273325],[106.84628,-6.272772],[106.846342,-6.272219],[106.846404,-6.271666],[106.846465,-6.271113],[106.846527,-6.27056],[106.846589,-6.270007],[106.846255,-6.269481],[106.845921,-6.268956],[106.845588,-6.268431],[106.845254,-6.267905],[106.844898,-6.267441],[106.844542,-6.266976],[106.844186,-6.266512],[106.84383,-6.266047],[106.843474,-6.265583],[106.843437,-6.265011],[106.843399,-6.26444],[106.843362,-6.263869],[106.843325,-6.263297],[106.843288,-6.262726],[106.843251,-6.262154],[106.843276,-6.261564],[106.843301,-6.260975],[106.843325,-6.260385],[106.84335,-6.259795],[106.843375,-6.259205],[106.843399,-6.258615],[106.843424,-6.258025],[106.843449,-6.257435],[106.843474,-6.256845],[106.843299,-6.256261],[106.843124,-6.255676],[106.842949,-6.255092],[106.842774,-6.254507],[106.842599,-6.253922],[106.842425,-6.253338],[106.84225,-6.252753],[106.842361,-6.252145],[106.842472,-6.251536],[106.842584,-6.250928],[106.842695,-6.25032],[106.84272,-6.249742],[106.842744,-6.249165],[106.842769,-6.248587],[106.842794,-6.248009],[106.842818,-6.247432],[106.842843,-6.246854],[106.842868,-6.246277],[106.842893,-6.245699],[106.842917,-6.245121],[106.843177,-6.244581],[106.843437,-6.24404],[106.843696,-6.243499],[106.843956,-6.242959],[106.844215,-6.242418],[106.844475,-6.241877],[106.844735,-6.241336],[106.844994,-6.240796],[106.845254,-6.240255],[106.845365,-6.239647],[106.845476,-6.239038],[106.84517,-6.238485],[106.844864,-6.237932],[106.844558,-6.237379],[106.844253,-6.236826],[106.844253,-6.236273],[106.844253,-6.23572],[106.844253,-6.235167],[106.844253,-6.234614],[106.844253,-6.234061],[106.844253,-6.233508],[106.8446,-6.23301],[106.844948,-6.232512],[106.845296,-6.232015],[106.845643,-6.231517],[106.845991,-6.231019],[106.846339,-6.230522],[106.846686,-6.230024],[106.847034,-6.229526],[106.847212,-6.228973],[106.84739,-6.22842],[106.847568,-6.227867],[106.847746,-6.227314],[106.847924,-6.226761],[106.847813,-6.226171],[106.847702,-6.225581],[106.84759,-6.224991],[106.847479,-6.224401],[106.847368,-6.223811],[106.847257,-6.223221],[106.847006,-6.222668],[106.846756,-6.222115],[106.846506,-6.221562],[106.846255,-6.221009],[106.845996,-6.220505],[106.845736,-6.220001],[106.845476,-6.219498],[106.845217,-6.218994],[106.844957,-6.21849],[106.844698,-6.217986],[106.844438,-6.217482],[106.844178,-6.216978],[106.843919,-6.216474],[106.843807,-6.215884],[106.843696,-6.215294],[106.843585,-6.214704],[106.843728,-6.214183],[106.843871,-6.213662],[106.844014,-6.21314],[106.844157,-6.212619],[106.8443,-6.212097],[106.844443,-6.211576],[106.844586,-6.211054],[106.84492,-6.210501],[106.845254,-6.209948],[106.845588,-6.209395],[106.845031,-6.209137],[106.844475,-6.208879],[106.843919,-6.208621],[106.843387,-6.208375],[106.842856,-6.208129],[106.842324,-6.207883],[106.841792,-6.207638],[106.841261,-6.207392],[106.840729,-6.207146],[106.840198,-6.2069],[106.839666,-6.206654],[106.839134,-6.206409],[106.838578,-6.206306],[106.838022,-6.206203],[106.837465,-6.2061],[106.836909,-6.205998],[106.836353,-6.205895],[106.835796,-6.205792],[106.83524,-6.20569],[106.834684,-6.205587],[106.834127,-6.205484],[106.833571,-6.205381],[106.833015,-6.205279],[106.832458,-6.205176],[106.831902,-6.205073],[106.831346,-6.204971],[106.830805,-6.204844],[106.830265,-6.204718],[106.829725,-6.204591],[106.829184,-6.204465],[106.828644,-6.204339],[106.828103,-6.204212],[106.827563,-6.204086],[106.827026,-6.203969],[106.826489,-6.203851],[106.825953,-6.203734],[106.825416,-6.203617],[106.824879,-6.2035],[106.824343,-6.203383],[106.823806,-6.203266],[106.823269,-6.203149],[106.822733,-6.203032],[106.822196,-6.202915],[106.821659,-6.202797],[106.821123,-6.20268],[106.820586,-6.202563],[106.820049,-6.202446],[106.819513,-6.202329],[106.818976,-6.202212],[106.818439,-6.202095],[106.817994,-6.202648],[106.816993,-6.202648],[106.816103,-6.202537],[106.816297,-6.203118],[106.816492,-6.203699],[106.816687,-6.204279],[106.816881,-6.20486],[106.817549,-6.204749],[106.818217,-6.204639],[106.818884,-6.204528],[106.819107,-6.204639],[106.819685,-6.204572],[106.820264,-6.204506],[106.820842,-6.20444],[106.821421,-6.204373],[106.822,-6.204307],[106.822778,-6.204418],[106.823557,-6.204528]]},"properties":{"id":"CASTJ19","route_id":"CASTJ19","corridor_id":"CASTJ19","corridor_name":"UI – Galunggung via Pasar Minggu","name":"UI – Galunggung via Pasar Minggu","short":"UI – Galunggung via Pasar Minggu","route_name":"UI – Galunggung via Pasar Minggu","from_name":"UI","to_name":"Galunggung","start_name":"UI","end_name":"Galunggung","mode":"transjakarta","status":"CASCADE_PROPOSED","status_label":"Usulan CASCADE · TransJakarta","network_type":"CASCADE","plan_type":"PROPOSED","parent_corridor":"","parent_route":"","existing":"NO","length_km":21.29,"stop_count":15,"interchange_count":2,"geometry_confidence":"HIGH","alignment_confidence":"HIGH","alignment_type":"ROAD_CORRIDOR","color":"#D62F7F","crs":"EPSG:4326","source":"CASCADE TJ — trase user GeoJSON, halte ±1,5 km","source_type":"USER_GEOJSON","geometry_source":"CASTJ19_UI-Galunggung Via Pasar Minggu.geojson","original_length_km":21.29,"geometry_role":"display_from_geojson","disclaimer":"Usulan CASCADE. Bukan rute resmi TransJakarta. Bukan DED. Estimasi biaya bersifat indikatif.","updated_at":"2026-09-16","notes":"UI–Galunggung via Pasar Minggu dari GeoJSON user.","planning_note":"UI–Galunggung via Pasar Minggu dari GeoJSON user.","insight":"Menyambungkan UI ke Galunggung/Dukuh Atas lewat Pasar Minggu. Tumpang tindih KRL Bogor di UI. Properti Margonda–Pasar Minggu aktif.","route_order":45,"vertex_count":331,"endpoint":"UI – Galunggung via Pasar Minggu","structure":"AT_GRADE","elevated_km":0,"elevated_note":"","widening_level":"MODERATE","widening_reason":"Pasar Minggu–Pejaten arterial sudah lebar sebagian, perlu lajur khusus.","widening_km":4,"widening_cost_label":"Rp 0,10–0,28 T","cost_label":"Rp 0,8–1,6 T","cost_confidence":"medium","cost_basis":"Indicative planning estimate. Bukan RAB/DED.","cost_source":"Benchmark BRT/pelebaran jalan urban Indonesia 2024–2026","bbox":[106.81610258371295,-6.353723485447164,106.84792423106897,-6.202094674631563],"operator_type":"CASCADE"}},{"type":"Feature","id":"CASTJ06-EXT","geometry":{"type":"LineString","coordinates":[[106.818961,-6.305764],[106.818044,-6.30541],[106.817332,-6.305258],[106.816619,-6.305107],[106.816314,-6.305157],[106.816441,-6.305891],[106.816568,-6.306624],[106.816874,-6.306928],[106.816823,-6.307788],[106.815957,-6.308142],[106.815907,-6.308395],[106.815907,-6.308901],[106.815907,-6.309053],[106.815754,-6.309407],[106.815703,-6.309812],[106.815805,-6.310115],[106.815856,-6.310217],[106.816059,-6.31052],[106.81611,-6.310621],[106.816212,-6.311127],[106.816212,-6.311228],[106.816212,-6.311481],[106.816212,-6.312038],[106.816212,-6.312797],[106.816314,-6.313454],[106.816314,-6.314112],[106.816314,-6.314365],[106.816517,-6.31482],[106.816517,-6.314972],[106.816466,-6.315276],[106.816466,-6.315681],[106.816314,-6.315883],[106.816314,-6.315984],[106.816365,-6.316136],[106.816517,-6.316186],[106.816517,-6.316288],[106.816365,-6.316844],[106.816212,-6.316945],[106.816008,-6.317502],[106.816008,-6.317755],[106.816008,-6.31821],[106.815805,-6.318564],[106.815398,-6.318969],[106.814787,-6.319475],[106.814329,-6.319829],[106.814176,-6.320183],[106.814125,-6.320689],[106.814074,-6.321296],[106.814278,-6.322156],[106.814685,-6.322865],[106.815092,-6.323219],[106.815398,-6.323775],[106.815703,-6.324332],[106.815907,-6.324989],[106.81611,-6.325647],[106.816187,-6.326305],[106.816263,-6.326962],[106.815245,-6.327064],[106.81457,-6.327102],[106.813896,-6.32714],[106.813222,-6.327178],[106.812547,-6.327215],[106.811885,-6.327114],[106.811224,-6.327013],[106.810664,-6.32719],[106.810104,-6.327367],[106.809798,-6.327873],[106.809493,-6.328379],[106.809269,-6.328976],[106.809045,-6.329573],[106.808821,-6.33017],[106.808597,-6.330767],[106.808373,-6.331364],[106.808068,-6.3319],[106.807762,-6.332436],[106.807457,-6.332973],[106.807152,-6.333509],[106.806846,-6.334045],[106.806714,-6.334612],[106.806581,-6.335178],[106.806449,-6.335745],[106.806317,-6.336312],[106.806184,-6.336878],[106.805896,-6.337485],[106.805608,-6.338092],[106.805319,-6.3387],[106.805319,-6.3387],[106.805099,-6.33934],[106.804878,-6.339981],[106.804657,-6.340622],[106.804566,-6.341259],[106.804474,-6.341897],[106.804383,-6.342534],[106.804291,-6.343172],[106.804199,-6.343809],[106.804047,-6.34434],[106.803894,-6.344871],[106.803741,-6.345403],[106.803588,-6.345934],[106.803181,-6.34649],[106.802774,-6.347047],[106.802367,-6.347603],[106.802236,-6.348145],[106.802105,-6.348687],[106.801974,-6.349229],[106.801843,-6.349771],[106.801712,-6.350313],[106.801582,-6.350855],[106.801451,-6.351397],[106.801393,-6.351935],[106.801336,-6.352472],[106.801279,-6.35301],[106.801222,-6.353547],[106.801164,-6.354085],[106.801107,-6.354622],[106.80105,-6.35516],[106.800993,-6.355697],[106.800901,-6.356254],[106.800809,-6.35681],[106.800718,-6.357367],[106.800626,-6.357923],[106.800534,-6.35848],[106.80067,-6.359104],[106.800806,-6.359728],[106.800942,-6.360352],[106.801158,-6.360908],[106.801374,-6.361465],[106.801591,-6.362021],[106.801807,-6.362577],[106.802231,-6.362948],[106.802655,-6.363319],[106.803079,-6.36369],[106.80368,-6.36365],[106.804281,-6.363609],[106.804881,-6.363569],[106.805482,-6.363529],[106.806083,-6.363488],[106.806643,-6.363488],[106.807202,-6.363488],[106.807284,-6.362891],[106.807365,-6.362294],[106.807447,-6.361697],[106.807528,-6.3611],[106.80761,-6.360503],[106.807101,-6.36025]]},"properties":{"id":"CASTJ06-EXT","route_id":"CASTJ06-EXT","corridor_id":"CASTJ06-EXT","corridor_name":"Perpanjangan Koridor 6: Ragunan – Jagakarsa","name":"Perpanjangan Koridor 6: Ragunan – Jagakarsa","short":"Perpanjangan Koridor 6: Ragunan – Jagakarsa","route_name":"Perpanjangan Koridor 6: Ragunan – Jagakarsa","from_name":"Ragunan","to_name":"Cinere","start_name":"Ragunan","end_name":"Cinere","mode":"transjakarta","status":"CASCADE_PROPOSED","status_label":"Usulan CASCADE · perpanjangan Koridor 6","network_type":"CASCADE","plan_type":"EXTENSION","parent_corridor":"TJ-06","parent_route":"TJ-06","existing":"NO","length_km":8.88,"stop_count":7,"interchange_count":2,"geometry_confidence":"HIGH","alignment_confidence":"HIGH","alignment_type":"ROAD_CORRIDOR","color":"#D62F7F","crs":"EPSG:4326","source":"CASCADE TJ — trase user GeoJSON, halte ±1,5 km","source_type":"USER_GEOJSON","geometry_source":"KORIDOR 20/21 GeoJSON feat0 (Ragunan–Moh Kahfi–Jagakarsa, penuh sampai endpoint)","original_length_km":8.88,"geometry_role":"display_from_geojson","disclaimer":"Usulan CASCADE. Bukan rute resmi TransJakarta. Bukan DED. Estimasi biaya bersifat indikatif.","updated_at":"2026-09-16","notes":"Ekstensi Koridor 6 Ragunan → Moh Kahfi → Jagakarsa. Geometry feat0 utuh, tidak dipotong.","planning_note":"Ekstensi Koridor 6 Ragunan → Moh Kahfi → Jagakarsa. Geometry feat0 utuh, tidak dipotong.","insight":"Mengikuti Jl. Moh Kahfi sesuai GeoJSON sampai endpoint selatan. Bukan Jagakarsa–Galunggung dan bukan shortcut Ragunan–Jagakarsa.","route_order":46,"vertex_count":145,"endpoint":"Perpanjangan Koridor 6: Ragunan – Jagakarsa","structure":"AT_GRADE","elevated_km":0,"elevated_note":"","widening_level":"HIGH","widening_reason":"Jl. Moh Kahfi sempit, mixed traffic tinggi sampai pangkalan selatan.","widening_km":5,"widening_cost_label":"Rp 0,12–0,32 T","cost_label":"Rp 0,35–0,80 T","cost_confidence":"medium","cost_basis":"Indicative planning estimate. Bukan RAB/DED.","cost_source":"Benchmark BRT/pelebaran jalan urban Indonesia 2024–2026","bbox":[106.80053441430806,-6.363690385252156,106.81896065182457,-6.305106645136766],"operator_type":"CASCADE"}},{"type":"Feature","id":"CASTJ20","geometry":{"type":"LineString","coordinates":[[106.82433,-6.294724],[106.823744,-6.294526],[106.823159,-6.294329],[106.823159,-6.294329],[106.822573,-6.294132],[106.821987,-6.293934],[106.821402,-6.293737],[106.820816,-6.29354],[106.821054,-6.293421],[106.820478,-6.293342],[106.819903,-6.293263],[106.819327,-6.293184],[106.818751,-6.293106],[106.818176,-6.293027],[106.8176,-6.292948],[106.817064,-6.292652],[106.816528,-6.292356],[106.816528,-6.292356],[106.816826,-6.291843],[106.817123,-6.29133],[106.817421,-6.290816],[106.817647,-6.290224],[106.817874,-6.289632],[106.8181,-6.28904],[106.818326,-6.288448],[106.818553,-6.287856],[106.818655,-6.287264],[106.818757,-6.286672],[106.818859,-6.28608],[106.818961,-6.285488],[106.819063,-6.284896],[106.819165,-6.284304],[106.819267,-6.283712],[106.819351,-6.283132],[106.819434,-6.282552],[106.819518,-6.281972],[106.819601,-6.281392],[106.819684,-6.280812],[106.819863,-6.279923],[106.819148,-6.279805],[106.818583,-6.27979],[106.818017,-6.279775],[106.817451,-6.279761],[106.816885,-6.279746],[106.81629,-6.279775],[106.815694,-6.279805],[106.815158,-6.27945],[106.815634,-6.279035],[106.815783,-6.278473],[106.815932,-6.277911],[106.815992,-6.277361],[106.816051,-6.276811],[106.816111,-6.276261],[106.81617,-6.275712],[106.81623,-6.275162],[106.81629,-6.274612],[106.816349,-6.274063],[106.816587,-6.273293],[106.816022,-6.273174],[106.815456,-6.273056],[106.815039,-6.272582],[106.815128,-6.27203],[106.815217,-6.271477],[106.815307,-6.270925],[106.815396,-6.270372],[106.815485,-6.26982],[106.815575,-6.269267],[106.815664,-6.268715],[106.815753,-6.268162],[106.815843,-6.267609],[106.815932,-6.267057],[106.816022,-6.266504],[106.816111,-6.265952],[106.816111,-6.265383],[106.816111,-6.264815],[106.816111,-6.264247],[106.816111,-6.263678],[106.816111,-6.26311],[106.816005,-6.262557],[106.815899,-6.262005],[106.815793,-6.261452],[106.815687,-6.2609],[106.815581,-6.260347],[106.815581,-6.260347],[106.815476,-6.259795],[106.81537,-6.259242],[106.815264,-6.258689],[106.815158,-6.258137],[106.815078,-6.257466],[106.814999,-6.256795],[106.81492,-6.256124],[106.814853,-6.255569],[106.814786,-6.255014],[106.814719,-6.254459],[106.814652,-6.253904],[106.814585,-6.253349],[106.814518,-6.252794],[106.814451,-6.252239],[106.814384,-6.251684],[106.814477,-6.2511],[106.814571,-6.250516],[106.814664,-6.249933],[106.814758,-6.249349],[106.814852,-6.248766],[106.814945,-6.248182],[106.815039,-6.247598],[106.815225,-6.247021],[106.815411,-6.246444],[106.815597,-6.245867],[106.815783,-6.245289],[106.815969,-6.244712],[106.816156,-6.244135],[106.816342,-6.243558],[106.816528,-6.24298],[106.817034,-6.242388],[106.81754,-6.241796],[106.817778,-6.241165],[106.818017,-6.240533],[106.818255,-6.239902],[106.818255,-6.23925],[106.817302,-6.238895],[106.816667,-6.238875],[106.816031,-6.238856],[106.815396,-6.238836],[106.814848,-6.23886],[106.8143,-6.238883],[106.813752,-6.238907],[106.813204,-6.238931],[106.812656,-6.238954],[106.812061,-6.238984],[106.811465,-6.239014],[106.81087,-6.239043],[106.810274,-6.239073],[106.809678,-6.239102],[106.809083,-6.239132],[106.808487,-6.239162],[106.807892,-6.239191],[106.807336,-6.23931],[106.80678,-6.239428],[106.806224,-6.239546],[106.805628,-6.239724],[106.805033,-6.239902],[106.804437,-6.240079],[106.803884,-6.240054],[106.803331,-6.240029],[106.802778,-6.240003],[106.802225,-6.239978],[106.801672,-6.239952],[106.801119,-6.239927],[106.800566,-6.239902],[106.799881,-6.239931],[106.799196,-6.239961],[106.798362,-6.239783],[106.798333,-6.239191],[106.798303,-6.238599],[106.798273,-6.238007],[106.798243,-6.237415],[106.798283,-6.236833],[106.798323,-6.236251],[106.798362,-6.235668],[106.798402,-6.235086],[106.798442,-6.234504],[106.798481,-6.233922],[106.798529,-6.233306],[106.798577,-6.23269],[106.798624,-6.232075],[106.798672,-6.231459],[106.79872,-6.230843],[106.798918,-6.23031],[106.799117,-6.229777],[106.799315,-6.229245],[106.798839,-6.228771],[106.798362,-6.228771],[106.798351,-6.228222],[106.798341,-6.227673],[106.79833,-6.227124],[106.79833,-6.227124],[106.798319,-6.226575],[106.798308,-6.226026],[106.798297,-6.225477],[106.798286,-6.224928],[106.798276,-6.224379],[106.798265,-6.22383],[106.798254,-6.223281],[106.798243,-6.222732],[106.798243,-6.222156],[106.798243,-6.22158],[106.798243,-6.221004],[106.798243,-6.220428],[106.798243,-6.219852],[106.798243,-6.219276],[106.798243,-6.2187],[106.798243,-6.218124],[106.798243,-6.217548],[106.798243,-6.216972],[106.798243,-6.216396],[106.798184,-6.215775],[106.798124,-6.215153],[106.798064,-6.214531],[106.798005,-6.21391],[106.797707,-6.213278],[106.797409,-6.212646],[106.797112,-6.212015],[106.796959,-6.211486],[106.796806,-6.210957],[106.796654,-6.210427],[106.796501,-6.209898],[106.796435,-6.209136],[106.79637,-6.208373],[106.796082,-6.207563],[106.795531,-6.207635],[106.794979,-6.207706],[106.794428,-6.20773],[106.793877,-6.207754],[106.793325,-6.207778],[106.792774,-6.207801],[106.792183,-6.20777],[106.791592,-6.207738],[106.791,-6.207706],[106.790281,-6.207611],[106.789706,-6.208087],[106.789035,-6.208469],[106.788268,-6.208278],[106.787932,-6.207849],[106.787596,-6.20742],[106.787357,-6.207086],[106.786566,-6.206943],[106.785775,-6.2068],[106.785183,-6.206785],[106.784592,-6.206769],[106.784001,-6.206753],[106.783234,-6.206753],[106.783138,-6.206181],[106.783042,-6.205609],[106.783002,-6.205062],[106.782963,-6.204516],[106.782924,-6.203969],[106.782884,-6.203422],[106.782845,-6.202876],[106.782806,-6.202329],[106.782766,-6.201782],[106.782727,-6.201236],[106.782688,-6.200689],[106.782648,-6.200142],[106.782609,-6.199596],[106.78257,-6.199049],[106.78253,-6.198502],[106.782491,-6.197956],[106.782455,-6.197399],[106.782418,-6.196841],[106.782382,-6.196284],[106.782346,-6.195727],[106.78231,-6.19517],[106.782274,-6.194613],[106.782238,-6.194055],[106.782202,-6.193498],[106.782165,-6.192941],[106.782129,-6.192384],[106.78231,-6.191857],[106.782491,-6.191331],[106.782672,-6.190804],[106.782852,-6.190278],[106.783033,-6.189752],[106.783214,-6.189225],[106.783395,-6.188699],[106.783395,-6.188144],[106.783395,-6.18759],[106.783395,-6.187036],[106.783395,-6.186482],[106.783395,-6.185928],[106.783395,-6.185373],[106.783455,-6.184774],[106.783515,-6.184175],[106.783576,-6.183576],[106.783576,-6.183576],[106.783636,-6.182977],[106.783696,-6.182377],[106.783756,-6.181778],[106.783738,-6.181212],[106.78372,-6.180646],[106.783702,-6.18008],[106.783684,-6.179513],[106.783666,-6.178947],[106.783648,-6.178381],[106.78363,-6.177815],[106.783612,-6.177248],[106.783594,-6.176682],[106.783576,-6.176116],[106.783576,-6.175427],[106.783576,-6.174738],[106.783576,-6.174049],[106.784178,-6.173974],[106.784781,-6.173899],[106.785384,-6.173824],[106.785986,-6.173749],[106.786589,-6.173674],[106.787192,-6.173599],[106.787802,-6.173622],[106.788412,-6.173644],[106.789022,-6.173667],[106.789633,-6.173689],[106.789339,-6.173217],[106.789045,-6.172746],[106.788751,-6.172274],[106.788457,-6.171802],[106.788337,-6.171263],[106.788216,-6.170723],[106.788096,-6.170184],[106.787975,-6.169645],[106.787855,-6.169105],[106.787734,-6.168566],[106.787825,-6.168027],[106.787915,-6.167488],[106.788638,-6.167128]]},"properties":{"id":"CASTJ20","route_id":"CASTJ20","corridor_id":"CASTJ20","corridor_name":"Jagakarsa – Grogol Reformasi via Kemang & Senayan City","name":"Jagakarsa – Grogol Reformasi via Kemang & Senayan City","short":"Jagakarsa – Grogol Reformasi via Kemang & Senayan City","route_name":"Jagakarsa – Grogol Reformasi via Kemang & Senayan City","from_name":"Jagakarsa","to_name":"Grogol Reformasi","start_name":"Jagakarsa","end_name":"Grogol Reformasi","mode":"transjakarta","status":"CASCADE_PROPOSED","status_label":"Usulan CASCADE · TransJakarta","network_type":"CASCADE","plan_type":"PROPOSED","parent_corridor":"","parent_route":"","existing":"NO","length_km":20.3,"stop_count":16,"interchange_count":2,"geometry_confidence":"HIGH","alignment_confidence":"HIGH","alignment_type":"ROAD_CORRIDOR","color":"#D62F7F","crs":"EPSG:4326","source":"CASCADE TJ — trase user GeoJSON, halte ±1,5 km","source_type":"USER_GEOJSON","geometry_source":"KORIDOR 20/21 GeoJSON feat1 subset Jagakarsa–Andara–Kemang–Senayan–Petamburan–Grogol","original_length_km":20.3,"geometry_role":"display_from_geojson","disclaimer":"Usulan CASCADE. Bukan rute resmi TransJakarta. Bukan DED. Estimasi biaya bersifat indikatif.","updated_at":"2026-09-16","notes":"CAS20 GeoJSON: Jagakarsa–Andara–Kemang–Senayan City–Petamburan–Grogol. Bukan Blok M. Terpisah dari CASTJ21.","planning_note":"CAS20 GeoJSON: Jagakarsa–Andara–Kemang–Senayan City–Petamburan–Grogol. Bukan Blok M. Terpisah dari CASTJ21.","insight":"Tidak berhenti di Senayan/Blok M. Terpisah dari CASTJ21 meski sama-sama lewat Kemang. Pelebaran VERY HIGH di Jagakarsa–Kemang.","route_order":47,"vertex_count":314,"endpoint":"Jagakarsa – Grogol Reformasi via Kemang & Senayan City","structure":"AT_GRADE","elevated_km":0,"elevated_note":"","widening_level":"VERY HIGH","widening_reason":"Jagakarsa–Kemang ROW sempit, kepadatan bangunan tinggi, bottleneck persimpangan rapat.","widening_km":8,"widening_cost_label":"Rp 0,45–1,10 T","cost_label":"Rp 1,6–3,2 T","cost_confidence":"medium","cost_basis":"Indicative planning estimate. Bukan RAB/DED.","cost_source":"Benchmark BRT/pelebaran jalan urban Indonesia 2024–2026","bbox":[106.782129184461,-6.294723670186773,106.82432997412342,-6.16712808872617],"operator_type":"CASCADE"}},{"type":"Feature","id":"CASTJ21","geometry":{"type":"LineString","coordinates":[[106.897181,-6.357528],[106.897721,-6.357367],[106.898207,-6.356884],[106.898802,-6.357045],[106.899396,-6.357206],[106.900098,-6.357098],[106.900584,-6.356884],[106.901233,-6.356916],[106.901881,-6.356948],[106.902529,-6.35698],[106.903177,-6.357013],[106.903826,-6.357045],[106.904447,-6.357125],[106.905068,-6.357206],[106.905338,-6.356991],[106.905635,-6.356481],[106.905932,-6.355971],[106.906365,-6.355917],[106.906815,-6.356221],[106.907265,-6.356526],[106.907715,-6.35683],[106.908282,-6.356937],[106.90885,-6.357045],[106.90912,-6.357206],[106.909444,-6.356991],[106.909768,-6.35683],[106.910092,-6.356937],[106.910308,-6.356937],[106.910578,-6.356562],[106.910781,-6.355998],[106.910984,-6.355434],[106.911186,-6.35487],[106.911389,-6.354307],[106.911281,-6.353662],[106.911173,-6.352911],[106.911421,-6.352417],[106.91167,-6.351923],[106.911918,-6.351429],[106.912167,-6.350935],[106.912415,-6.350441],[106.91273,-6.34994],[106.913045,-6.349439],[106.91336,-6.348938],[106.913676,-6.348436],[106.913991,-6.347935],[106.914306,-6.347434],[106.914036,-6.347112],[106.913306,-6.346924],[106.912577,-6.346736],[106.912307,-6.345931],[106.911929,-6.345233],[106.911011,-6.344964],[106.910416,-6.344642],[106.909876,-6.344105],[106.909417,-6.34381],[106.908958,-6.343515],[106.909444,-6.343085],[106.908796,-6.342924],[106.908147,-6.342763],[106.907638,-6.342533],[106.907129,-6.342303],[106.906619,-6.342073],[106.90611,-6.341843],[106.905601,-6.341613],[106.905091,-6.341382],[106.904582,-6.341152],[106.903974,-6.340897],[106.903366,-6.340642],[106.902759,-6.340387],[106.902151,-6.340132],[106.901575,-6.3399],[106.900998,-6.339667],[106.900422,-6.339434],[106.899882,-6.338629],[106.899378,-6.338414],[106.898874,-6.338199],[106.898369,-6.337985],[106.898135,-6.337466],[106.897901,-6.336947],[106.897667,-6.336428],[106.897613,-6.335891],[106.897559,-6.335354],[106.897505,-6.334817],[106.897127,-6.334065],[106.896155,-6.333743],[106.895398,-6.333609],[106.894642,-6.333474],[106.89412,-6.333313],[106.893598,-6.333152],[106.893075,-6.332991],[106.892513,-6.332905],[106.891952,-6.332819],[106.89139,-6.332734],[106.890828,-6.332648],[106.890266,-6.332562],[106.889762,-6.332329],[106.889258,-6.332096],[106.888754,-6.331864],[106.888123,-6.331828],[106.887493,-6.331792],[106.886863,-6.331756],[106.886782,-6.331193],[106.886701,-6.330629],[106.88662,-6.330038],[106.886539,-6.329448],[106.885674,-6.329072],[106.885094,-6.328991],[106.884513,-6.328911],[106.883932,-6.32883],[106.883351,-6.32875],[106.882649,-6.328374],[106.882051,-6.328342],[106.881453,-6.32831],[106.880856,-6.328278],[106.880258,-6.328247],[106.879724,-6.328415],[106.87919,-6.328584],[106.878657,-6.328753],[106.878123,-6.328922],[106.877396,-6.329114],[106.876668,-6.329307],[106.876668,-6.329307],[106.876571,-6.329886],[106.875924,-6.329982],[106.875278,-6.330079],[106.874631,-6.330175],[106.874024,-6.330175],[106.873418,-6.330175],[106.872812,-6.330175],[106.872205,-6.330175],[106.871599,-6.330175],[106.870993,-6.330175],[106.870386,-6.330175],[106.86978,-6.330175],[106.869198,-6.330247],[106.868616,-6.33032],[106.868034,-6.330392],[106.867452,-6.330464],[106.866676,-6.330368],[106.866255,-6.329934],[106.865835,-6.3295],[106.865414,-6.329066],[106.864994,-6.328632],[106.864574,-6.328198],[106.864153,-6.327765],[106.864134,-6.327205],[106.864114,-6.326646],[106.864095,-6.326087],[106.864076,-6.325527],[106.864056,-6.324968],[106.864264,-6.324417],[106.864472,-6.323866],[106.86468,-6.323315],[106.864888,-6.322764],[106.865096,-6.322213],[106.865303,-6.321662],[106.865511,-6.321111],[106.865317,-6.320581],[106.865123,-6.320051],[106.864929,-6.31952],[106.864735,-6.31899],[106.864541,-6.318459],[106.864347,-6.317929],[106.864192,-6.317408],[106.864037,-6.316888],[106.863881,-6.316367],[106.863726,-6.315846],[106.863571,-6.315326],[106.863416,-6.314805],[106.863261,-6.314284],[106.863105,-6.313764],[106.86295,-6.313243],[106.862795,-6.312722],[106.862746,-6.312095],[106.862698,-6.311469],[106.862649,-6.310842],[106.862601,-6.310215],[106.86292,-6.309719],[106.863238,-6.309223],[106.863557,-6.308727],[106.863876,-6.308231],[106.864195,-6.307735],[106.864513,-6.30724],[106.864832,-6.306744],[106.864299,-6.306358],[106.863765,-6.305972],[106.863037,-6.305779],[106.86231,-6.305586],[106.861739,-6.305608],[106.861167,-6.305629],[106.860596,-6.305651],[106.860025,-6.305672],[106.859453,-6.305694],[106.858882,-6.305715],[106.858311,-6.305736],[106.857739,-6.305758],[106.857168,-6.305779],[106.856614,-6.305628],[106.856059,-6.305476],[106.855505,-6.305325],[106.854951,-6.305173],[106.854396,-6.305022],[106.853842,-6.30487],[106.853287,-6.304719],[106.852681,-6.304598],[106.852075,-6.304478],[106.851468,-6.304357],[106.850862,-6.304236],[106.850314,-6.304213],[106.849765,-6.30419],[106.849217,-6.304167],[106.848669,-6.304144],[106.84812,-6.304121],[106.847572,-6.304098],[106.847024,-6.304074],[106.846475,-6.304051],[106.845927,-6.304028],[106.845379,-6.304005],[106.844831,-6.303982],[106.844282,-6.303959],[106.843732,-6.303827],[106.843183,-6.303695],[106.842633,-6.303563],[106.842083,-6.303431],[106.841533,-6.303298],[106.840984,-6.303166],[106.840434,-6.303034],[106.839884,-6.302902],[106.839334,-6.30277],[106.838784,-6.302638],[106.838235,-6.302506],[106.837685,-6.302374],[106.837135,-6.302242],[106.836667,-6.301938],[106.836198,-6.301634],[106.83573,-6.30133],[106.835261,-6.301026],[106.834792,-6.300723],[106.834324,-6.300419],[106.833855,-6.300115],[106.833387,-6.299811],[106.832918,-6.299507],[106.83245,-6.299203],[106.831981,-6.298899],[106.831513,-6.298595],[106.831044,-6.298291],[106.830576,-6.297988],[106.830107,-6.297684],[106.829582,-6.297415],[106.829057,-6.297145],[106.828532,-6.296876],[106.828006,-6.296607],[106.827481,-6.296338],[106.826956,-6.296069],[106.826431,-6.2958],[106.825906,-6.295531],[106.82538,-6.295262],[106.824855,-6.294993],[106.82433,-6.294724],[106.823744,-6.294526],[106.823159,-6.294329],[106.822573,-6.294132],[106.821987,-6.293934],[106.821402,-6.293737],[106.820816,-6.29354],[106.821054,-6.293421],[106.820478,-6.293342],[106.819903,-6.293263],[106.819327,-6.293184],[106.818751,-6.293106],[106.818176,-6.293027],[106.8176,-6.292948],[106.817064,-6.292652],[106.816528,-6.292356],[106.816826,-6.291843],[106.817123,-6.29133],[106.817421,-6.290816],[106.817647,-6.290224],[106.817874,-6.289632],[106.8181,-6.28904],[106.818326,-6.288448],[106.818553,-6.287856],[106.818655,-6.287264],[106.818757,-6.286672],[106.818859,-6.28608],[106.818961,-6.285488],[106.819063,-6.284896],[106.819165,-6.284304],[106.819267,-6.283712],[106.819351,-6.283132],[106.819434,-6.282552],[106.819518,-6.281972],[106.819601,-6.281392],[106.819684,-6.280812],[106.819863,-6.279923],[106.819148,-6.279805],[106.818583,-6.27979],[106.818017,-6.279775],[106.817451,-6.279761],[106.816885,-6.279746],[106.81629,-6.279775],[106.815694,-6.279805],[106.815158,-6.27945],[106.815634,-6.279035],[106.815783,-6.278473],[106.815932,-6.277911],[106.815992,-6.277361],[106.816051,-6.276811],[106.816111,-6.276261],[106.81617,-6.275712],[106.81623,-6.275162],[106.81629,-6.274612],[106.816349,-6.274063],[106.816587,-6.273293],[106.816022,-6.273174],[106.815456,-6.273056],[106.815039,-6.272582],[106.815128,-6.27203],[106.815217,-6.271477],[106.815307,-6.270925],[106.815396,-6.270372],[106.815485,-6.26982],[106.815575,-6.269267],[106.815664,-6.268715],[106.815753,-6.268162],[106.815843,-6.267609],[106.815932,-6.267057],[106.816022,-6.266504],[106.816111,-6.265952],[106.816111,-6.265383],[106.816111,-6.264815],[106.816111,-6.264247],[106.816111,-6.263678],[106.816111,-6.26311],[106.816005,-6.262557],[106.815899,-6.262005],[106.815793,-6.261452],[106.815687,-6.2609],[106.815581,-6.260347],[106.815581,-6.260347],[106.815476,-6.259795],[106.81537,-6.259242],[106.815264,-6.258689],[106.815158,-6.258137],[106.815078,-6.257466],[106.814999,-6.256795],[106.81492,-6.256124],[106.814853,-6.255569],[106.814786,-6.255014],[106.814719,-6.254459],[106.814652,-6.253904],[106.814585,-6.253349],[106.814518,-6.252794],[106.814451,-6.252239],[106.814384,-6.251684],[106.814477,-6.2511],[106.814571,-6.250516],[106.814664,-6.249933],[106.814758,-6.249349],[106.814852,-6.248766],[106.814945,-6.248182],[106.815039,-6.247598],[106.815225,-6.247021],[106.815411,-6.246444],[106.815597,-6.245867],[106.815783,-6.245289],[106.815969,-6.244712],[106.816156,-6.244135],[106.816342,-6.243558],[106.816528,-6.24298],[106.817034,-6.242388],[106.81754,-6.241796],[106.817778,-6.241165],[106.818017,-6.240533],[106.818255,-6.239902],[106.818255,-6.23925],[106.818255,-6.23925],[106.817302,-6.238895],[106.816667,-6.238875],[106.816031,-6.238856],[106.815396,-6.238836],[106.814848,-6.23886],[106.8143,-6.238883],[106.813752,-6.238907],[106.813204,-6.238931],[106.812656,-6.238954],[106.812061,-6.238984],[106.811465,-6.239014],[106.81087,-6.239043],[106.810274,-6.239073],[106.809678,-6.239102],[106.809083,-6.239132],[106.808487,-6.239162],[106.807892,-6.239191],[106.807336,-6.23931],[106.80678,-6.239428],[106.806224,-6.239546],[106.805628,-6.239724],[106.805033,-6.239902],[106.804437,-6.240079],[106.803884,-6.240054],[106.803331,-6.240029],[106.802778,-6.240003],[106.802225,-6.239978],[106.801672,-6.239952],[106.801119,-6.239927],[106.800566,-6.239902],[106.799881,-6.239931],[106.799196,-6.239961]]},"properties":{"id":"CASTJ21","route_id":"CASTJ21","corridor_id":"CASTJ21","corridor_name":"Bumi Perkemahan Cibubur – Blok M via Ciracas & Kemang","name":"Bumi Perkemahan Cibubur – Blok M via Ciracas & Kemang","short":"Bumi Perkemahan Cibubur – Blok M via Ciracas & Kemang","route_name":"Bumi Perkemahan Cibubur – Blok M via Ciracas & Kemang","from_name":"Bumi Perkemahan Cibubur","to_name":"ASEAN","start_name":"Bumi Perkemahan Cibubur","end_name":"ASEAN","mode":"transjakarta","status":"CASCADE_PROPOSED","status_label":"Usulan CASCADE · TransJakarta","network_type":"CASCADE","plan_type":"PROPOSED","parent_corridor":"","parent_route":"","existing":"NO","length_km":26.68,"stop_count":19,"interchange_count":2,"geometry_confidence":"HIGH","alignment_confidence":"HIGH","alignment_type":"ROAD_CORRIDOR","color":"#D62F7F","crs":"EPSG:4326","source":"CASCADE TJ — trase user GeoJSON, halte ±1,5 km","source_type":"USER_GEOJSON","geometry_source":"KORIDOR 20/21 GeoJSON feat1 Cibubur–Ciracas–Kemang–Kejaksaan Agung–ASEAN","original_length_km":26.68,"geometry_role":"display_from_geojson","disclaimer":"Usulan CASCADE. Bukan rute resmi TransJakarta. Bukan DED. Estimasi biaya bersifat indikatif.","updated_at":"2026-09-16","notes":"CAS21 sampai ASEAN/Kejaksaan Agung sesuai GeoJSON. Shared stop Koridor 1, geometry tidak disalin dari TJ existing.","planning_note":"CAS21 sampai ASEAN/Kejaksaan Agung sesuai GeoJSON. Shared stop Koridor 1, geometry tidak disalin dari TJ existing.","insight":"Approach Blok M mengikuti Kejaksaan Agung/ASEAN. Simpul Koridor 1 dipakai bersama, linestring CASTJ21 tetap terpisah.","route_order":48,"vertex_count":409,"endpoint":"Bumi Perkemahan Cibubur – Blok M via Ciracas & Kemang","structure":"MIXED","elevated_km":9.0,"elevated_note":"Skenario elevated konseptual ±9 km Cibubur–Ciracas. Bukan proyek resmi. Acuan pendekatan Koridor 13, bukan klaim DED.","widening_level":"HIGH","widening_reason":"Ciracas–Kemang padat; Cibubur lebih sesuai skenario elevated konseptual.","widening_km":6,"widening_cost_label":"Rp 0,25–0,65 T","cost_label":"Rp 4,5–9,5 T","cost_confidence":"low","cost_basis":"Indicative planning estimate. Bukan RAB/DED.","cost_source":"Benchmark elevated BRT/struktur layang urban ID 2024–2026 ±Rp 0,4–0,8 T/km; halte+pendukung terpisah.","bbox":[106.79919610874161,-6.357527923307059,106.91430584218114,-6.238836018603148],"operator_type":"CASCADE"}}]}