{"type": "FeatureCollection", "features": [{"type": "Feature", "properties": {"name": "Jalan Joglo Raya", "query": "Jalan Joglo Raya, Jakarta Barat", "osm_id": 253917855, "osm_type": "way"}, "geometry": {"type": "LineString", "coordinates": [[106.7478249, -6.2175666], [106.7475485, -6.2176152], [106.7473143, -6.2176578], [106.7468356, -6.2177421], [106.746421, -6.21782], [106.7462699, -6.217852], [106.7461796, -6.2178712], [106.7458194, -6.2179928], [106.745622, -6.2180844], [106.7454655, -6.2181725], [106.7451607, -6.2183445], [106.7448707, -6.2185178], [106.7444671, -6.2187697], [106.7443774, -6.2188227], [106.7442515, -6.218897], [106.7436616, -6.2192454], [106.7435495, -6.2193054], [106.7421367, -6.2200051], [106.7414179, -6.2203215], [106.7412635, -6.2203757]]}}, {"type": "Feature", "properties": {"name": "Jalan Joglo Raya", "query": "Jalan Joglo Raya, Jakarta Barat", "osm_id": 254281027, "osm_type": "way"}, "geometry": {"type": "LineString", "coordinates": [[106.7416592, -6.220056], [106.7421385, -6.2198338], [106.7428634, -6.2194873], [106.7431882, -6.2193055], [106.7435164, -6.2191185], [106.7441337, -6.2187615], [106.7442297, -6.2187039], [106.7442885, -6.2186686], [106.7443662, -6.218622], [106.7447783, -6.2183803], [106.7450736, -6.2181863], [106.7453611, -6.2180291], [106.7455325, -6.2179463], [106.7457936, -6.2178296], [106.7460864, -6.2177067]]}}, {"type": "Feature", "properties": {"name": "Jalan Joglo Raya", "query": "Jalan Joglo Raya, Jakarta Barat", "osm_id": 356824945, "osm_type": "way"}, "geometry": {"type": "LineString", "coordinates": [[106.7297418, -6.2190292], [106.7298045, -6.2190291], [106.7300385, -6.2190179], [106.7306087, -6.2189818], [106.7306492, -6.2189786], [106.7306852, -6.2189789], [106.7308035, -6.2189763], [106.7308327, -6.2189736], [106.731047, -6.2189668], [106.7311139, -6.2189632], [106.7317498, -6.2189258], [106.731865, -6.2189272], [106.7319857, -6.2189393], [106.7321676, -6.2189788], [106.7323894, -6.21904], [106.7326079, -6.2191277], [106.7328046, -6.219222], [106.7330552, -6.2193514], [106.7334916, -6.2195979], [106.7335847, -6.2196517], [106.7337113, -6.2197223], [106.7340511, -6.2198954], [106.7341921, -6.2199382], [106.7343284, -6.2199626], [106.7345458, -6.2199862], [106.7348471, -6.2200053], [106.7349054, -6.2200119], [106.7354786, -6.2200524], [106.7355359, -6.2200528], [106.7360454, -6.2200562], [106.7369713, -6.2200486], [106.7374215, -6.2200673], [106.7374634, -6.220069]]}}, {"type": "Feature", "properties": {"name": "Jalan Joglo Raya", "query": "Jalan Joglo Raya, Jakarta Barat", "osm_id": 254281024, "osm_type": "way"}, "geometry": {"type": "LineString", "coordinates": [[106.7508469, -6.2178921], [106.7513089, -6.2180559], [106.7517717, -6.2181988], [106.7519368, -6.2182442], [106.752065, -6.2182748], [106.752466, -6.2183655], [106.7526186, -6.2184021], [106.7528547, -6.2184306], [106.7529783, -6.2184268], [106.7531486, -6.2183988], [106.7532794, -6.2183794], [106.7534127, -6.2183695], [106.7535214, -6.2183588], [106.753772, -6.218344], [106.7539267, -6.218344], [106.7541503, -6.218344], [106.7543218, -6.2183622], [106.7544983, -6.2183893], [106.7551132, -6.2184886], [106.7552339, -6.2185081]]}}, {"type": "Feature", "properties": {"name": "Jalan Joglo Raya", "query": "Jalan Joglo Raya, Jakarta Barat", "osm_id": 668595022, "osm_type": "way"}, "geometry": {"type": "LineString", "coordinates": [[106.7241111, -6.2203785], [106.7245774, -6.2203557], [106.7246434, -6.2203494], [106.7247091, -6.2203327], [106.7247708, -6.2203107], [106.7248231, -6.2202864], [106.7248734, -6.2202573], [106.7249103, -6.220228], [106.7249609, -6.2201868], [106.7250019, -6.2201537], [106.7250531, -6.2201174], [106.7251071, -6.2200927], [106.7259775, -6.2198153]]}}, {"type": "Feature", "properties": {"name": "Jalan Joglo Raya", "query": "Jalan Joglo Raya, Jakarta Barat", "osm_id": 684720770, "osm_type": "way"}, "geometry": {"type": "LineString", "coordinates": [[106.7602968, -6.2174893], [106.7599741, -6.2175017], [106.7598005, -6.2175083], [106.7595202, -6.2175336], [106.7591621, -6.2175842], [106.7588842, -6.2176434], [106.7585398, -6.2177443], [106.7582714, -6.2178257], [106.7579167, -6.2179273]]}}, {"type": "Feature", "properties": {"name": "Jalan Joglo Raya", "query": "Jalan Joglo Raya, Jakarta Barat", "osm_id": 749660069, "osm_type": "way"}, "geometry": {"type": "LineString", "coordinates": [[106.7465007, -6.2176256], [106.746804, -6.2175765], [106.7477502, -6.217435], [106.747827, -6.2174229]]}}, {"type": "Feature", "properties": {"name": "Jalan Joglo Raya", "query": "Jalan Joglo Raya, Jakarta Barat", "osm_id": 749703407, "osm_type": "way"}, "geometry": {"type": "LineString", "coordinates": [[106.7578089, -6.2179588], [106.7577117, -6.2179854], [106.7574754, -6.2180499]]}}, {"type": "Feature", "properties": {"name": "Jalan Meruya Selatan", "query": "Jalan Meruya Selatan, Jakarta", "osm_id": 30880218, "osm_type": "way"}, "geometry": {"type": "LineString", "coordinates": [[106.7418461, -6.198897], [106.7417479, -6.1991256], [106.7415474, -6.1995789], [106.7414518, -6.1997773], [106.7412456, -6.200197], [106.7410459, -6.2005303], [106.7409205, -6.2007378], [106.7407276, -6.2010035], [106.7405159, -6.2012391], [106.7400106, -6.2018273], [106.7393916, -6.2025885], [106.7389064, -6.2032904], [106.7387822, -6.2034736], [106.7387106, -6.2035675], [106.7385753, -6.2037448], [106.7380645, -6.2041646]]}}, {"type": "Feature", "properties": {"name": "Jalan Meruya Selatan", "query": "Jalan Meruya Selatan, Jakarta", "osm_id": 28819261, "osm_type": "way"}, "geometry": {"type": "LineString", "coordinates": [[106.7380363, -6.2093404], [106.7380662, -6.209529], [106.7380706, -6.2095729], [106.7380682, -6.2096497], [106.7380611, -6.2096767], [106.7379539, -6.2100833], [106.7378742, -6.2104522], [106.737838, -6.2106581], [106.7378238, -6.2107395], [106.7378145, -6.2108597], [106.7377756, -6.2112675], [106.7377488, -6.2116812], [106.7377379, -6.2117775], [106.7377261, -6.2118825], [106.7377036, -6.2124598], [106.7377281, -6.2143006], [106.7377185, -6.2147885], [106.7377157, -6.2148129], [106.7377031, -6.2152591], [106.737695, -6.2153365], [106.7376841, -6.2154037], [106.737603, -6.215763], [106.7375974, -6.215797], [106.7375414, -6.216195], [106.7375344, -6.2162415], [106.7375163, -6.216361], [106.737489, -6.21655], [106.7373305, -6.2176466], [106.7373792, -6.2187067], [106.7373828, -6.2187751], [106.7374158, -6.2192215], [106.7374495, -6.2196779]]}}, {"type": "Feature", "properties": {"name": "Jalan Meruya Selatan", "query": "Jalan Meruya Selatan, Jakarta", "osm_id": 254282286, "osm_type": "way"}, "geometry": {"type": "LineString", "coordinates": [[106.7376877, -6.2049446], [106.7375822, -6.2048679], [106.7374898, -6.2047639], [106.7373088, -6.2044419], [106.7372833, -6.2043906], [106.7372313, -6.2042778], [106.7371197, -6.2040613], [106.7370128, -6.2038028], [106.7369159, -6.2035461], [106.7368767, -6.2034734], [106.7367306, -6.2031815], [106.7367281, -6.203138], [106.7367413, -6.2030929]]}}, {"type": "Feature", "properties": {"name": "Jalan Meruya Selatan", "query": "Jalan Meruya Selatan, Jakarta", "osm_id": 496254103, "osm_type": "way"}, "geometry": {"type": "LineString", "coordinates": [[106.7384279, -6.2067496], [106.7383554, -6.2068074], [106.7380468, -6.2071247], [106.7379901, -6.2072158], [106.7379391, -6.2073277], [106.7379033, -6.2074411], [106.7377939, -6.2079501], [106.7378517, -6.2083999], [106.7379578, -6.2088623], [106.7379821, -6.2090104], [106.7380102, -6.2091801], [106.7380363, -6.2093404]]}}, {"type": "Feature", "properties": {"name": "Jalan Meruya Selatan", "query": "Jalan Meruya Selatan, Jakarta", "osm_id": 589733010, "osm_type": "way"}, "geometry": {"type": "LineString", "coordinates": [[106.7385065, -6.2064102], [106.7383726, -6.2061357], [106.7380357, -6.2055039], [106.7379719, -6.2053926], [106.7376877, -6.2049446]]}}, {"type": "Feature", "properties": {"name": "Jalan Meruya Selatan", "query": "Jalan Meruya Selatan, Jakarta", "osm_id": 589733008, "osm_type": "way"}, "geometry": {"type": "LineString", "coordinates": [[106.7382153, -6.2051059], [106.7388965, -6.2063573], [106.7389438, -6.2064482]]}}, {"type": "Feature", "properties": {"name": "Jalan Meruya Selatan", "query": "Jalan Meruya Selatan, Jakarta", "osm_id": 530440847, "osm_type": "way"}, "geometry": {"type": "LineString", "coordinates": [[106.7389438, -6.2064482], [106.7386107, -6.2066348]]}}, {"type": "Feature", "properties": {"name": "Jalan Meruya Selatan", "query": "Jalan Meruya Selatan, Jakarta", "osm_id": 185526818, "osm_type": "way"}, "geometry": {"type": "LineString", "coordinates": [[106.7419437, -6.1987824], [106.7418588, -6.1988639]]}}, {"type": "Feature", "properties": {"name": "Jalan Ancol Timur", "query": "Jalan Ancol Timur, Jakarta Utara", "osm_id": 164113876, "osm_type": "way"}, "geometry": {"type": "LineString", "coordinates": [[106.8467405, -6.1257405], [106.8467844, -6.1259426], [106.846896, -6.1264567], [106.8468998, -6.1264742], [106.8468948, -6.1266425]]}}, {"type": "Feature", "properties": {"name": "Jalan Ancol Timur", "query": "Jalan Ancol Timur, Jakarta Utara", "osm_id": 164113869, "osm_type": "way"}, "geometry": {"type": "LineString", "coordinates": [[106.8467939, -6.1264768], [106.8466461, -6.1257783]]}}, {"type": "Feature", "properties": {"name": "Jalan Ancol Timur", "query": "Jalan Ancol Timur, Jakarta Utara", "osm_id": 676077149, "osm_type": "way"}, "geometry": {"type": "LineString", "coordinates": [[106.8469419, -6.1269153], [106.847019, -6.1275127]]}}, {"type": "Feature", "properties": {"name": "Jalan Ancol Timur", "query": "Jalan Ancol Timur, Jakarta Utara", "osm_id": 760728742, "osm_type": "way"}, "geometry": {"type": "LineString", "coordinates": [[106.847019, -6.1275127], [106.8470244, -6.12755]]}}, {"type": "Feature", "properties": {"name": "Jalan Lodan", "query": "Jalan Lodan, Ancol, Jakarta", "osm_id": 28793176, "osm_type": "way"}, "geometry": {"type": "LineString", "coordinates": [[106.8335142, -6.1294324], [106.8352105, -6.1291507], [106.8352533, -6.1291427], [106.8369636, -6.1288449], [106.8379934, -6.1286555], [106.8398577, -6.1283126]]}}, {"type": "Feature", "properties": {"name": "Jalan Lodan", "query": "Jalan Lodan, Ancol, Jakarta", "osm_id": 1495305804, "osm_type": "way"}, "geometry": {"type": "LineString", "coordinates": [[106.8302056, -6.1299944], [106.830682, -6.1299092]]}}, {"type": "Feature", "properties": {"name": "Jalan Profesor Doktor Satrio", "query": "Jalan Profesor Doktor Satrio, Setiabudi, Jakarta", "osm_id": 495447738, "osm_type": "way", "display": "Jalan Profesor Doktor Satrio, RW 04, Karet Kuningan, Setiabudi, Jakarta Selatan, Daerah Khusus Ibukota Jakarta, 12930, Indonesia", "source": "nominatim"}, "geometry": {"type": "LineString", "coordinates": [[106.8202, -6.2199321], [106.82022, -6.2199646], [106.8203418, -6.2201719], [106.820426, -6.2203169], [106.8205548, -6.2205319], [106.8205664, -6.2205544], [106.8207331, -6.2208624], [106.8208102, -6.2210177], [106.820943, -6.2213069], [106.8209511, -6.2213191], [106.8209972, -6.2214233], [106.821044, -6.221512], [106.8211013, -6.2216185], [106.8211895, -6.2217569], [106.8213803, -6.2219983], [106.8215179, -6.2221325], [106.8218463, -6.2224021], [106.822084, -6.2225971], [106.8221349, -6.2226332], [106.8221666, -6.2226586], [106.8224283, -6.2227925], [106.8227995, -6.2229414], [106.8229345, -6.2229938], [106.8231247, -6.2230479], [106.8232479, -6.2230858], [106.8237155, -6.2232485], [106.8239888, -6.2233436], [106.8240947, -6.2233796], [106.8251018, -6.2236974], [106.825378, -6.2237845], [106.8257279, -6.2238994], [106.8260997, -6.2240146], [106.8261397, -6.224027], [106.8265429, -6.2241679], [106.8266437, -6.224198], [106.8269922, -6.2243019], [106.8274851, -6.224449], [106.8277069, -6.2245207], [106.8279171, -6.2245886], [106.8280509, -6.2246318]]}}, {"type": "Feature", "properties": {"name": "Jalan Profesor Doktor Satrio", "query": "Jalan Profesor Doktor Satrio, Setiabudi, Jakarta", "osm_id": 1090935689, "osm_type": "way", "display": "Jalan Profesor Doktor Satrio, RW 06, Karet Kuningan, Setiabudi, Jakarta Selatan, Daerah Khusus Ibukota Jakarta, 12930, Indonesia", "source": "nominatim"}, "geometry": {"type": "LineString", "coordinates": [[106.8198865, -6.2193165], [106.8199661, -6.2195008], [106.8200654, -6.2196969], [106.8201194, -6.2197858], [106.8202, -6.2199321]]}}, {"type": "Feature", "properties": {"name": "Jalan Profesor Doktor Satrio", "query": "Jalan Profesor Doktor Satrio, Setiabudi, Jakarta", "osm_id": 1090935278, "osm_type": "way", "display": "Jalan Profesor Doktor Satrio, RW 01, Karet Kuningan, Setiabudi, Jakarta Selatan, Daerah Khusus Ibukota Jakarta, 12930, Indonesia", "source": "nominatim"}, "geometry": {"type": "LineString", "coordinates": [[106.8197676, -6.2188921], [106.8198184, -6.2190734], [106.8198865, -6.2193165]]}}, {"type": "Feature", "properties": {"name": "Jalan Profesor Doktor Satrio", "query": "Jalan Profesor Doktor Satrio, Setiabudi, Jakarta", "osm_id": 685535069, "osm_type": "way", "display": "Jalan Profesor Doktor Satrio, RW 10, Menteng Atas, Setiabudi, Jakarta Selatan, Daerah Khusus Ibukota Jakarta, 15920, Indonesia", "source": "nominatim"}, "geometry": {"type": "LineString", "coordinates": [[106.8356519, -6.2254309], [106.8367301, -6.2253127], [106.8367676, -6.2253078], [106.8368154, -6.225302], [106.8380382, -6.2251533], [106.8381031, -6.2251454], [106.8381227, -6.225144], [106.8382367, -6.2251351], [106.8383881, -6.2251244], [106.838453, -6.225119], [106.8385534, -6.2251107], [106.8387153, -6.2251008], [106.8388214, -6.2250884], [106.8391113, -6.2250527], [106.8393508, -6.2250249], [106.8395037, -6.2250289]]}}, {"type": "Feature", "properties": {"name": "Jalan Profesor Doktor Satrio", "query": "Jalan Profesor Doktor Satrio, Setiabudi, Jakarta", "osm_id": 1090935277, "osm_type": "way", "display": "Jalan Profesor Doktor Satrio, RW 04, Karet Semanggi, Setiabudi, Jakarta Selatan, Daerah Khusus Ibukota Jakarta, 12930, Indonesia", "source": "nominatim"}, "geometry": {"type": "LineString", "coordinates": [[106.8204215, -6.2207985], [106.8203606, -6.2206776], [106.8202205, -6.2204213], [106.8201355, -6.2202659], [106.8199966, -6.2200121], [106.8199275, -6.2198921], [106.8198315, -6.219694], [106.8197374, -6.2194821], [106.8197085, -6.2194074], [106.8196595, -6.2192809]]}}, {"type": "Feature", "properties": {"name": "Jalan Profesor Doktor Satrio", "query": "Jalan Profesor Doktor Satrio, Setiabudi, Jakarta", "osm_id": 698405411, "osm_type": "way", "display": "Jalan Profesor Doktor Satrio, RW 01, Karet, Setiabudi, Jakarta Selatan, Daerah Khusus Ibukota Jakarta, 10220, Indonesia", "source": "nominatim"}, "geometry": {"type": "LineString", "coordinates": [[106.8186378, -6.2152408], [106.8188571, -6.21606], [106.8189343, -6.2162755], [106.8192504, -6.2171202]]}}, {"type": "Feature", "properties": {"name": "Jalan Profesor Doktor Satrio", "query": "Jalan Profesor Doktor Satrio, Setiabudi, Jakarta", "osm_id": 524568142, "osm_type": "way", "display": "Jalan Profesor Doktor Satrio, RW 04, Karet Semanggi, Setiabudi, Jakarta Selatan, Daerah Khusus Ibukota Jakarta, 10220, Indonesia", "source": "nominatim"}, "geometry": {"type": "LineString", "coordinates": [[106.818746, -6.2163607], [106.81866, -6.2161255], [106.8186041, -6.2159331], [106.8185341, -6.2156788], [106.8184844, -6.2154823], [106.8183493, -6.2149038], [106.8182733, -6.2145879]]}}, {"type": "Feature", "properties": {"name": "Jalan Profesor Doktor Satrio", "query": "Jalan Profesor Doktor Satrio, Setiabudi, Jakarta", "osm_id": 1090935690, "osm_type": "way", "display": "Jalan Profesor Doktor Satrio, RW 03, Karet Semanggi, Setiabudi, Jakarta Selatan, Daerah Khusus Ibukota Jakarta, 12930, Indonesia", "source": "nominatim"}, "geometry": {"type": "LineString", "coordinates": [[106.8207691, -6.2216079], [106.820706, -6.2214706], [106.8206611, -6.2213613], [106.8206494, -6.2213358], [106.8204215, -6.2207985]]}}, {"type": "Feature", "properties": {"name": "Jalan Raya Casablanca", "query": "Jalan Raya Casablanca, Jakarta Selatan", "osm_id": 28847137, "osm_type": "way", "display": "Jalan Raya Casablanca, RW 11, Menteng Dalam, Tebet, Jakarta Selatan, Daerah Khusus Ibukota Jakarta, 12960, Indonesia", "source": "nominatim"}, "geometry": {"type": "LineString", "coordinates": [[106.8447163, -6.2244263], [106.8445715, -6.224494], [106.8444496, -6.2245463], [106.8443381, -6.2245881], [106.8440982, -6.2246522], [106.8440601, -6.2246636], [106.8438293, -6.2247163], [106.8437812, -6.2247267], [106.8437602, -6.224731], [106.8432504, -6.2248313], [106.8432211, -6.2248355], [106.8425197, -6.224935], [106.8422334, -6.224976], [106.8420755, -6.2249926], [106.8418921, -6.2250036], [106.8415939, -6.2250245], [106.8414019, -6.2250348], [106.8413201, -6.2250392], [106.8412315, -6.225044], [106.8410563, -6.2250513], [106.8404216, -6.2250835], [106.8403851, -6.2250853], [106.8399227, -6.2251256], [106.8395232, -6.2251768], [106.8389668, -6.2252607]]}}, {"type": "Feature", "properties": {"name": "Jalan Raya Casablanca", "query": "Jalan Raya Casablanca, Jakarta Selatan", "osm_id": 495447742, "osm_type": "way", "display": "Jalan Raya Casablanca, RW 05, Menteng Dalam, Tebet, Jakarta Selatan, Daerah Khusus Ibukota Jakarta, 12960, Indonesia", "source": "nominatim"}, "geometry": {"type": "LineString", "coordinates": [[106.8395037, -6.2250289], [106.8400127, -6.2249456], [106.8400268, -6.2249431], [106.8401924, -6.2249142], [106.8403111, -6.224904], [106.8406577, -6.2248771], [106.8406782, -6.2248756], [106.8407487, -6.2248723], [106.8412135, -6.2248546], [106.841248, -6.2248524], [106.8413021, -6.2248489], [106.8413734, -6.2248442], [106.84143, -6.224841], [106.8414633, -6.2248377], [106.8415943, -6.2248247], [106.8419935, -6.2247865], [106.8425127, -6.2247317], [106.8426635, -6.2247161], [106.842745, -6.2247125], [106.8428834, -6.2247011], [106.8432661, -6.2246673], [106.843383, -6.2246504], [106.8436545, -6.2245952], [106.8439907, -6.2245048], [106.8440076, -6.2244993], [106.8441964, -6.224444], [106.8443104, -6.2244068], [106.8443911, -6.2243805], [106.8444674, -6.2243549], [106.8444892, -6.2243464], [106.8445668, -6.2243159], [106.8446178, -6.2242942], [106.8446735, -6.2242709]]}}, {"type": "Feature", "properties": {"name": "Jalan Raya Casablanca", "query": "Jalan Raya Casablanca, Jakarta Selatan", "osm_id": 685535069, "osm_type": "way", "display": "Jalan Profesor Doktor Satrio, RW 10, Menteng Atas, Setiabudi, Jakarta Selatan, Daerah Khusus Ibukota Jakarta, 15920, Indonesia", "source": "nominatim"}, "geometry": {"type": "LineString", "coordinates": [[106.8356519, -6.2254309], [106.8367301, -6.2253127], [106.8367676, -6.2253078], [106.8368154, -6.225302], [106.8380382, -6.2251533], [106.8381031, -6.2251454], [106.8381227, -6.225144], [106.8382367, -6.2251351], [106.8383881, -6.2251244], [106.838453, -6.225119], [106.8385534, -6.2251107], [106.8387153, -6.2251008], [106.8388214, -6.2250884], [106.8391113, -6.2250527], [106.8393508, -6.2250249], [106.8395037, -6.2250289]]}}, {"type": "Feature", "properties": {"name": "Jalan Raya Casablanca", "query": "Jalan Raya Casablanca, Jakarta Selatan", "osm_id": 685535068, "osm_type": "way", "display": "Jalan Profesor Doktor Satrio, RW 05, Menteng Dalam, Tebet, Jakarta Selatan, Daerah Khusus Ibukota Jakarta, 12860, Indonesia", "source": "nominatim"}, "geometry": {"type": "LineString", "coordinates": [[106.8446735, -6.2242709], [106.8448237, -6.2242237], [106.8449265, -6.2241776], [106.8450434, -6.2241251], [106.8458886, -6.2237144], [106.8460039, -6.2236657]]}}, {"type": "Feature", "properties": {"name": "Jalan Raya Casablanca", "query": "Jalan Raya Casablanca, Jakarta Selatan", "osm_id": 537638712, "osm_type": "way", "display": "Jalan Profesor Doktor Satrio, RW 04, Kuningan Timur, Setiabudi, Jakarta Selatan, Daerah Khusus Ibukota Jakarta, 15920, Indonesia", "source": "nominatim"}, "geometry": {"type": "LineString", "coordinates": [[106.8333143, -6.2257665], [106.8339803, -6.2256899], [106.8342319, -6.2256604], [106.8345276, -6.225618], [106.8348107, -6.2255278]]}}, {"type": "Feature", "properties": {"name": "Jalan Raya Casablanca", "query": "Jalan Raya Casablanca, Jakarta Selatan", "osm_id": 486490658, "osm_type": "way", "display": "Jalan Profesor Doktor Satrio, RW 04, Menteng Dalam, Tebet, Jakarta Selatan, Daerah Khusus Ibukota Jakarta, 12860, Indonesia", "source": "nominatim"}, "geometry": {"type": "LineString", "coordinates": [[106.8482269, -6.2236203], [106.8481077, -6.2236153], [106.8479105, -6.2236069], [106.8478192, -6.2236016], [106.8476152, -6.2235987], [106.8470058, -6.2235983], [106.846751, -6.2235982], [106.8465224, -6.223619], [106.8463608, -6.2236363], [106.8462105, -6.2236637], [106.8461126, -6.223687], [106.8460158, -6.223721]]}}, {"type": "Feature", "properties": {"name": "Jalan Raya Casablanca", "query": "Jalan Raya Casablanca, Jakarta Selatan", "osm_id": 727668686, "osm_type": "way", "display": "Jalan Profesor Doktor Satrio, RW 10, Menteng Dalam, Tebet, Jakarta Selatan, Daerah Khusus Ibukota Jakarta, 15920, Indonesia", "source": "nominatim"}, "geometry": {"type": "LineString", "coordinates": [[106.8348107, -6.2255278], [106.8349531, -6.225515], [106.8356519, -6.2254309]]}}, {"type": "Feature", "properties": {"name": "Jalan Kyai Haji Mas Mansyur", "query": "Jalan Kyai Haji Mas Mansyur, Tanah Abang, Jakarta", "osm_id": 508304346, "osm_type": "way", "display": "Jalan Kyai Haji Mas Mansyur, RW 07, Karet Tengsin, Tanah Abang, Jakarta Pusat, Daerah Khusus Ibukota Jakarta, 10220, Indonesia", "source": "nominatim"}, "geometry": {"type": "LineString", "coordinates": [[106.816043, -6.203156], [106.8158006, -6.2022057], [106.8155211, -6.2012555], [106.8154763, -6.201111], [106.8153468, -6.2007079], [106.8152388, -6.2003958], [106.8147759, -6.1991251]]}}, {"type": "Feature", "properties": {"name": "Jalan Kyai Haji Mas Mansyur", "query": "Jalan Kyai Haji Mas Mansyur, Tanah Abang, Jakarta", "osm_id": 508304349, "osm_type": "way", "display": "Jalan Kyai Haji Mas Mansyur, RW 09, Kebon Melati, Tanah Abang, Jakarta Pusat, Daerah Khusus Ibukota Jakarta, 10230, Indonesia", "source": "nominatim"}, "geometry": {"type": "LineString", "coordinates": [[106.8145845, -6.1935439], [106.8145284, -6.1941457], [106.8145189, -6.1943351], [106.8145155, -6.1944068], [106.8145094, -6.1945384], [106.8145001, -6.1947178], [106.8144829, -6.1950588], [106.8144773, -6.1951704], [106.8144631, -6.1954364], [106.814459, -6.1956114], [106.814416, -6.1967082], [106.8144095, -6.1969709], [106.8144065, -6.1970904], [106.8144041, -6.1971857], [106.8143989, -6.1973371], [106.8143902, -6.1975879], [106.8143884, -6.1976402], [106.8143845, -6.1977597], [106.8143839, -6.1978377]]}}, {"type": "Feature", "properties": {"name": "Jalan Kyai Haji Mas Mansyur", "query": "Jalan Kyai Haji Mas Mansyur, Tanah Abang, Jakarta", "osm_id": 742767568, "osm_type": "way", "display": "Jalan Kyai Haji Mas Mansyur, RW 07, Kebon Kacang, Tanah Abang, Jakarta Pusat, Daerah Khusus Ibukota Jakarta, 10240, Indonesia", "source": "nominatim"}, "geometry": {"type": "LineString", "coordinates": [[106.8155815, -6.188469], [106.8155114, -6.1889197], [106.8155002, -6.1889953], [106.8154618, -6.1892493], [106.8153691, -6.189766], [106.8152987, -6.1901826], [106.8152055, -6.1903673]]}}, {"type": "Feature", "properties": {"name": "Jalan Kyai Haji Mas Mansyur", "query": "Jalan Kyai Haji Mas Mansyur, Tanah Abang, Jakarta", "osm_id": 691960993, "osm_type": "way", "display": "Jalan Kyai Haji Mas Mansyur, RW 03, Karet Tengsin, Tanah Abang, Jakarta Pusat, Daerah Khusus Ibukota Jakarta, 10220, Indonesia", "source": "nominatim"}, "geometry": {"type": "LineString", "coordinates": [[106.8177753, -6.2124699], [106.8177265, -6.2122181], [106.8176946, -6.2119663], [106.8176922, -6.2119487], [106.8176857, -6.2118525], [106.8176795, -6.2117112], [106.8176756, -6.2114328], [106.8176761, -6.2113528], [106.8176914, -6.2108638], [106.8176851, -6.2102925], [106.8176729, -6.2100491], [106.8176542, -6.2097582], [106.8176401, -6.2095379], [106.8176135, -6.2092603], [106.8176031, -6.2091774], [106.8175878, -6.2090622]]}}, {"type": "Feature", "properties": {"name": "Jalan Kyai Haji Mas Mansyur", "query": "Jalan Kyai Haji Mas Mansyur, Tanah Abang, Jakarta", "osm_id": 691960990, "osm_type": "way", "display": "Jalan Kyai Haji Mas Mansyur, RW 09, Karet Tengsin, Tanah Abang, Jakarta Pusat, Daerah Khusus Ibukota Jakarta, 10220, Indonesia", "source": "nominatim"}, "geometry": {"type": "LineString", "coordinates": [[106.8161982, -6.203786], [106.816043, -6.203156]]}}, {"type": "Feature", "properties": {"name": "Jalan Kyai Haji Mas Mansyur", "query": "Jalan Kyai Haji Mas Mansyur, Tanah Abang, Jakarta", "osm_id": 765626989, "osm_type": "way", "display": "Jalan Kyai Haji Mas Mansyur, RW 17, Kebon Melati, Tanah Abang, Jakarta Pusat, Daerah Khusus Ibukota Jakarta, 10230, Indonesia", "source": "nominatim"}, "geometry": {"type": "LineString", "coordinates": [[106.814881, -6.1997149], [106.8147045, -6.1992535]]}}, {"type": "Feature", "properties": {"name": "Jalan Kyai Haji Mas Mansyur", "query": "Jalan Kyai Haji Mas Mansyur, Tanah Abang, Jakarta", "osm_id": 761799875, "osm_type": "way", "display": "Jalan Kyai Haji Mas Mansyur, RW 05, Karet Tengsin, Tanah Abang, Jakarta Pusat, Daerah Khusus Ibukota Jakarta, 10220, Indonesia", "source": "nominatim"}, "geometry": {"type": "LineString", "coordinates": [[106.8173281, -6.2077334], [106.8172125, -6.2074534]]}}, {"type": "Feature", "properties": {"name": "Jalan Kyai Haji Mas Mansyur", "query": "Jalan Kyai Haji Mas Mansyur, Tanah Abang, Jakarta", "osm_id": 770555523, "osm_type": "way", "display": "Jalan Kyai Haji Mas Mansyur, RW 06, Kebon Melati, Tanah Abang, Jakarta Pusat, Daerah Khusus Ibukota Jakarta, 10230, Indonesia", "source": "nominatim"}, "geometry": {"type": "LineString", "coordinates": [[106.8143335, -6.1981716], [106.8143281, -6.1981581], [106.8142877, -6.1980494]]}}, {"type": "Feature", "properties": {"name": "Jalan Jatibaru", "query": "Jalan Jatibaru, Tanah Abang, Jakarta", "osm_id": 28799324, "osm_type": "way", "display": "Jalan Jatibaru, RW 01, Kampung Bali, Tanah Abang, Jakarta Pusat, Daerah Khusus Ibukota Jakarta, 10250, Indonesia", "source": "nominatim"}, "geometry": {"type": "LineString", "coordinates": [[106.8110917, -6.1849518], [106.811167, -6.1856758], [106.8112035, -6.1860286], [106.8112698, -6.1866542], [106.8113119, -6.1870433], [106.811384, -6.1877627], [106.811469, -6.1884785]]}}, {"type": "Feature", "properties": {"name": "Jalan Jatibaru", "query": "Jalan Jatibaru, Tanah Abang, Jakarta", "osm_id": 633262597, "osm_type": "way", "display": "Jalan Jatibaru, RW 03, Kampung Bali, Tanah Abang, Jakarta Pusat, Daerah Khusus Ibukota Jakarta, 10250, Indonesia", "source": "nominatim"}, "geometry": {"type": "LineString", "coordinates": [[106.8127693, -6.1831411], [106.8127668, -6.1831682], [106.8127407, -6.1832218], [106.8126876, -6.1832782], [106.8120262, -6.1838669], [106.8116975, -6.1841389]]}}, {"type": "Feature", "properties": {"name": "Jalan Jatibaru", "query": "Jalan Jatibaru, Tanah Abang, Jakarta", "osm_id": 636067319, "osm_type": "way", "display": "Jalan Jatibaru, RW 04, Kampung Bali, Tanah Abang, Jakarta Pusat, Daerah Khusus Ibukota Jakarta, 10250, Indonesia", "source": "nominatim"}, "geometry": {"type": "LineString", "coordinates": [[106.8114495, -6.1843548], [106.8112781, -6.1845048], [106.8112084, -6.1845868], [106.8111497, -6.1846813], [106.8110936, -6.1848292], [106.811087, -6.1848901], [106.8110917, -6.1849518]]}}, {"type": "Feature", "properties": {"name": "Jalan Jatibaru", "query": "Jalan Jatibaru, Tanah Abang, Jakarta", "osm_id": 776898790, "osm_type": "way", "display": "Jalan Jatibaru, RW 01, Kota Bambu Selatan, Palmerah, Jakarta Barat, Daerah Khusus Ibukota Jakarta, 10250, Indonesia", "source": "nominatim"}, "geometry": {"type": "LineString", "coordinates": [[106.81172, -6.1840388], [106.8104414, -6.1850147], [106.8089459, -6.1861035]]}}, {"type": "Feature", "properties": {"name": "Jalan Jatibaru", "query": "Jalan Jatibaru, Tanah Abang, Jakarta", "osm_id": 802327287, "osm_type": "way", "display": "Jalan Jatibaru, RW 01, Cideng, Gambir, Jakarta Pusat, Daerah Khusus Ibukota Jakarta, 10150, Indonesia", "source": "nominatim"}, "geometry": {"type": "LineString", "coordinates": [[106.8137122, -6.1822229], [106.8138409, -6.1821415], [106.8140213, -6.1820255], [106.8140739, -6.1819916], [106.8143982, -6.1817939], [106.814419, -6.1817792]]}}, {"type": "Feature", "properties": {"name": "Jalan Sungai Landak", "query": "Jalan Sungai Landak, Cilincing, Jakarta", "osm_id": 367488733, "osm_type": "way", "display": "Jalan Sungai Landak, Kawasan Industri dan Peti Kemas, Cilincing, Jakarta Utara, Daerah Khusus Ibukota Jakarta, 14120, Indonesia", "source": "nominatim"}, "geometry": {"type": "LineString", "coordinates": [[106.9400496, -6.1049593], [106.9402058, -6.1051422], [106.9403635, -6.1052947], [106.9407812, -6.1056716], [106.9411868, -6.1060461], [106.9413531, -6.1062195], [106.9413914, -6.1062744], [106.9414336, -6.1063688], [106.9414584, -6.1064744], [106.9414658, -6.1066129], [106.9414484, -6.1067802]]}}, {"type": "Feature", "properties": {"name": "Jalan Sungai Landak", "query": "Jalan Sungai Landak, Cilincing, Jakarta", "osm_id": 679640108, "osm_type": "way", "display": "Jalan Sungai Landak, RW 08, Cilincing, Jakarta Utara, Daerah Khusus Ibukota Jakarta, 14120, Indonesia", "source": "nominatim"}, "geometry": {"type": "LineString", "coordinates": [[106.9393884, -6.1037174], [106.9393261, -6.1036702], [106.9392501, -6.1035262], [106.939197, -6.1034168], [106.9388773, -6.1027581], [106.9388312, -6.1026633], [106.9387696, -6.1025316], [106.9387166, -6.1024147], [106.9387011, -6.1023824], [106.9384812, -6.1019072], [106.938395, -6.1017206], [106.9382811, -6.1014847]]}}, {"type": "Feature", "properties": {"name": "Jalan Cilincing Landak", "query": "Jalan Cilincing Landak, Jakarta Utara", "osm_id": 528114344, "osm_type": "way", "display": "Jalan Cilincing Landak I, RW 08, Cilincing, Jakarta Utara, Daerah Khusus Ibukota Jakarta, 14120, Indonesia", "source": "nominatim"}, "geometry": {"type": "LineString", "coordinates": [[106.9393272, -6.1035341], [106.9395667, -6.1034228], [106.939973, -6.1032321], [106.9401272, -6.1031614], [106.9403351, -6.1030747]]}}, {"type": "Feature", "properties": {"name": "Jalan Kelapa Dua Raya", "query": "Jalan Kelapa Dua Raya, Jakarta Barat", "osm_id": 140793222, "osm_type": "way", "display": "Jalan Kelapa Dua Raya, RW 04, Kelapa Dua, Kebon Jeruk, Jakarta Barat, Daerah Khusus Ibukota Jakarta, 11550, Indonesia", "source": "nominatim"}, "geometry": {"type": "LineString", "coordinates": [[106.7692924, -6.2085152], [106.7692921, -6.2087117], [106.7692884, -6.208753], [106.7692774, -6.208803], [106.7691667, -6.2090436], [106.7691552, -6.209077], [106.7691486, -6.2091076], [106.7691447, -6.2093136], [106.7691426, -6.2094055], [106.7691465, -6.209913], [106.7691536, -6.210038], [106.7691847, -6.2103543], [106.769191, -6.2104179], [106.7692095, -6.2105909], [106.7692578, -6.2110433], [106.7692982, -6.2114021], [106.7693203, -6.2116114], [106.7693297, -6.2117323], [106.7693408, -6.2118376], [106.7693473, -6.2119285], [106.7693832, -6.2124438], [106.7693965, -6.2126349], [106.7693938, -6.2129006], [106.7693617, -6.2131316], [106.7693465, -6.2132412], [106.7692975, -6.2134702], [106.7692846, -6.2137191], [106.7693028, -6.2138762], [106.7693155, -6.2139881], [106.7693746, -6.2142312], [106.7693846, -6.2143184], [106.7694871, -6.2152754], [106.7695096, -6.2154859], [106.7695285, -6.2156501], [106.7695605, -6.2160258], [106.7696093, -6.2165804]]}}, {"type": "Feature", "properties": {"name": "Jalan Kelapa Dua Raya", "query": "Jalan Kelapa Dua Raya, Jakarta Barat", "osm_id": 1109061411, "osm_type": "way", "display": "Jalan Kelapa Dua Raya, RW 08, Kelapa Dua, Kebon Jeruk, Jakarta Barat, Daerah Khusus Ibukota Jakarta, 11550, Indonesia", "source": "nominatim"}, "geometry": {"type": "LineString", "coordinates": [[106.7692924, -6.2085152], [106.7692987, -6.2074419], [106.7692976, -6.2071899], [106.7692936, -6.2067373], [106.7693276, -6.2058525], [106.7693198, -6.2056606], [106.7693152, -6.2053627]]}}, {"type": "Feature", "properties": {"name": "Jalan Kelapa Dua Raya", "query": "Jalan Kelapa Dua Raya, Jakarta Barat", "osm_id": 795533863, "osm_type": "way", "display": "Jalan Kelapa Dua Raya, RW 03, Kelapa Dua, Kebon Jeruk, Jakarta Barat, Daerah Khusus Ibukota Jakarta, 11540, Indonesia", "source": "nominatim"}, "geometry": {"type": "LineString", "coordinates": [[106.7693152, -6.2053627], [106.7693443, -6.2050581], [106.7693585, -6.2049356], [106.7693802, -6.2048203]]}}, {"type": "Feature", "properties": {"name": "Jalan Raya Penggilingan", "query": "Jalan Raya Penggilingan, Cakung, Jakarta", "osm_id": 754050694, "osm_type": "way", "display": "Jalan Raya Penggilingan, RW 06, Penggilingan, Cakung, Jakarta Timur, Daerah Khusus Ibukota Jakarta, 13940, Indonesia", "source": "nominatim"}, "geometry": {"type": "LineString", "coordinates": [[106.9351094, -6.204068], [106.9351036, -6.2041849], [106.9351041, -6.2042664], [106.9350896, -6.2044907], [106.9350874, -6.2045415], [106.9350782, -6.2046926], [106.9350773, -6.2047465], [106.9350555, -6.2050054], [106.9350228, -6.2053621], [106.9350141, -6.2055013], [106.9350082, -6.2056261], [106.9350055, -6.2059691], [106.9350074, -6.2060415], [106.9350069, -6.2061021], [106.9350087, -6.2061619], [106.9350238, -6.2062665], [106.9350463, -6.2063549], [106.9351075, -6.2065596], [106.9351335, -6.2066387], [106.9351432, -6.2066705], [106.9351807, -6.2068024], [106.9352245, -6.2069088], [106.9353238, -6.20715], [106.9353631, -6.2072624], [106.9354235, -6.2074091], [106.935514, -6.2076414], [106.9355324, -6.2076886], [106.9355643, -6.207773], [106.9356099, -6.2079077], [106.9356434, -6.2080175], [106.9356805, -6.2081705], [106.9357574, -6.208456], [106.9357618, -6.208475], [106.9357829, -6.208567], [106.9358204, -6.208641], [106.9358394, -6.2086701], [106.9358563, -6.208696], [106.9359002, -6.2087403], [106.9359844, -6.2087893], [106.9361342, -6.20886], [106.9363767, -6.2089708], [106.936554, -6.2090636], [106.9366972, -6.2091501], [106.9373226, -6.2095848], [106.937536, -6.2097151], [106.9378361, -6.2098982], [106.9380473, -6.2100186], [106.9380687, -6.2100308], [106.9380835, -6.2100397], [106.9381102, -6.2100557], [106.9381269, -6.2100706], [106.9386505, -6.2103813], [106.9388975, -6.2105417], [106.9390552, -6.2106622], [106.939141, -6.2107368], [106.9392132, -6.2108077]]}}, {"type": "Feature", "properties": {"name": "Jalan Raya Penggilingan", "query": "Jalan Raya Penggilingan, Cakung, Jakarta", "osm_id": 29683204, "osm_type": "way", "display": "Jalan Raya Penggilingan, RW 07, Penggilingan, Cakung, Jakarta Timur, Daerah Khusus Ibukota Jakarta, 13940, Indonesia", "source": "nominatim"}, "geometry": {"type": "LineString", "coordinates": [[106.9340871, -6.1884322], [106.9341046, -6.1884577], [106.9341685, -6.188542], [106.9342065, -6.1885941], [106.9342445, -6.1886462], [106.934484, -6.1889773], [106.9345614, -6.1890755], [106.9346302, -6.1891767], [106.9347128, -6.1892837], [106.9347486, -6.1893375], [106.9348214, -6.1894403], [106.9348668, -6.1895097], [106.9349152, -6.1895847], [106.9349393, -6.189622], [106.9349727, -6.1896782], [106.934999, -6.189732], [106.9350288, -6.1898139], [106.9350417, -6.189914], [106.9350148, -6.1900816], [106.9348884, -6.1903806], [106.9347557, -6.1906752], [106.9347029, -6.1907962], [106.9346898, -6.1908242], [106.9346638, -6.1908801], [106.9345973, -6.1910226], [106.9345277, -6.1911772], [106.9345115, -6.1912233], [106.9344939, -6.1912865], [106.9344874, -6.1913319], [106.9344886, -6.1913871], [106.9344947, -6.1914379], [106.9345082, -6.1915046], [106.9345336, -6.1915799], [106.9345679, -6.1916425], [106.9345967, -6.1916779], [106.9346311, -6.1917044], [106.9347024, -6.1917432], [106.93481, -6.1917958], [106.9349253, -6.1918451], [106.935056, -6.1918999], [106.9351747, -6.1919466], [106.9353376, -6.1920126], [106.9354714, -6.1920711], [106.9355924, -6.1921359], [106.9356646, -6.1921955], [106.9356729, -6.1922826], [106.935663, -6.1923792], [106.9356239, -6.1925279], [106.9356005, -6.1925885], [106.9355636, -6.1926779], [106.9355415, -6.1927479], [106.9355319, -6.1927918], [106.9355167, -6.1929126], [106.9355166, -6.1930211], [106.9355392, -6.193202], [106.9355555, -6.1933126], [106.9355767, -6.1934721], [106.9356096, -6.1938147], [106.9355971, -6.1939938], [106.9355711, -6.1941782], [106.9355506, -6.1942998], [106.9354637, -6.1948171], [106.9354094, -6.1950904], [106.9353663, -6.1953439], [106.9352846, -6.1956857], [106.9352726, -6.1957357], [106.9352664, -6.1957717], [106.9352397, -6.1959257], [106.9352176, -6.1961224], [106.9352022, -6.1962971], [106.9351847, -6.196529], [106.9351787, -6.1966757], [106.9351736, -6.1966994], [106.9351653, -6.197109], [106.9351553, -6.1973023], [106.9351542, -6.1973548], [106.9351539, -6.197367], [106.9351447, -6.1974707], [106.9351271, -6.197669], [106.9351204, -6.1977537], [106.9351165, -6.197821], [106.9350815, -6.1981403], [106.9350547, -6.1983803], [106.9350399, -6.1985583], [106.9350366, -6.1987436], [106.9350446, -6.1989623], [106.9350538, -6.1990314], [106.9350551, -6.1991759], [106.9350559, -6.1992663], [106.9350679, -6.1993401], [106.9350809, -6.1994668], [106.9350817, -6.1995026], [106.9350903, -6.1996752], [106.9350946, -6.1998341], [106.9350952, -6.1998569], [106.9351088, -6.1999958], [106.9351345, -6.2002977], [106.9351365, -6.2003353], [106.9351385, -6.2003728], [106.9351397, -6.2003944], [106.935141, -6.2004193], [106.9351425, -6.2004293], [106.9351537, -6.2006962], [106.9351556, -6.2008049], [106.9351562, -6.2009066], [106.9351586, -6.2010854], [106.9351549, -6.2014468], [106.9351652, -6.2016321], [106.9351671, -6.2016663], [106.9351689, -6.2017284], [106.9351736, -6.2018845], [106.9351847, -6.2021201], [106.9351884, -6.2022176], [106.9352123, -6.2023174], [106.9352186, -6.2023429], [106.9352305, -6.2026437], [106.935228, -6.2026837], [106.9352258, -6.2027899]]}}, {"type": "Feature", "properties": {"name": "Jalan Raya Penggilingan", "query": "Jalan Raya Penggilingan, Cakung, Jakarta", "osm_id": 493548446, "osm_type": "way", "display": "Jalan Raya Penggilingan, RW 01, Cakung Barat, Cakung, Jakarta Timur, Daerah Khusus Ibukota Jakarta, 13920, Indonesia", "source": "nominatim"}, "geometry": {"type": "LineString", "coordinates": [[106.9324711, -6.1831516], [106.9324541, -6.1833193], [106.9324493, -6.1833512], [106.932426, -6.1834768], [106.9323866, -6.1836235], [106.9323497, -6.1837522], [106.9323376, -6.1838035], [106.9323286, -6.1838596], [106.9323094, -6.1840668], [106.9323094, -6.1841762], [106.9323168, -6.1843222], [106.9323275, -6.1844162], [106.9323356, -6.1844655], [106.9323473, -6.1845165], [106.932358, -6.1845535], [106.9323763, -6.1845992], [106.9324055, -6.1846896], [106.9327545, -6.1853673], [106.932876, -6.1858051], [106.9328985, -6.1858862], [106.9329386, -6.1860553], [106.9330756, -6.1866334], [106.933153, -6.1868941], [106.9332421, -6.1871343], [106.9332856, -6.1872214], [106.9334139, -6.1874755], [106.9335812, -6.1877044], [106.9337283, -6.1879274], [106.9338936, -6.1881572]]}}, {"type": "Feature", "properties": {"name": "Jalan Raya Penggilingan", "query": "Jalan Raya Penggilingan, Cakung, Jakarta", "osm_id": 29687796, "osm_type": "way", "display": "Jalan Raya Penggilingan, RW 04, Penggilingan, Cakung, Jakarta Timur, Daerah Khusus Ibukota Jakarta, 13460, Indonesia", "source": "nominatim"}, "geometry": {"type": "LineString", "coordinates": [[106.9394863, -6.2116101], [106.9396151, -6.2117361], [106.9399068, -6.2119967], [106.9399587, -6.2120439], [106.9401053, -6.2121772], [106.9401542, -6.2122127], [106.9402096, -6.2122476], [106.9402685, -6.21228]]}}, {"type": "Feature", "properties": {"name": "Jalan Raya Penggilingan", "query": "Jalan Raya Penggilingan, Cakung, Jakarta", "osm_id": 1300876840, "osm_type": "way", "display": "Jalan Raya Penggilingan, RW 04, Penggilingan, Cakung, Jakarta Timur, Daerah Khusus Ibukota Jakarta, 13940, Indonesia", "source": "nominatim"}, "geometry": {"type": "LineString", "coordinates": [[106.9392132, -6.2108077], [106.9392955, -6.2109452], [106.939308, -6.2109661], [106.9393421, -6.2110381], [106.9393981, -6.2111803], [106.9394863, -6.2116101]]}}, {"type": "Feature", "properties": {"name": "Jalan Raya Penggilingan", "query": "Jalan Raya Penggilingan, Cakung, Jakarta", "osm_id": 592022007, "osm_type": "way", "display": "Jalan Raya Penggilingan, RW 11, Penggilingan, Cakung, Jakarta Timur, Daerah Khusus Ibukota Jakarta, 13460, Indonesia", "source": "nominatim"}, "geometry": {"type": "LineString", "coordinates": [[106.9396721, -6.21239], [106.9396577, -6.2123092], [106.9396546, -6.2122921], [106.9396318, -6.2121727], [106.9395135, -6.2117011], [106.9394863, -6.2116101]]}}, {"type": "Feature", "properties": {"name": "Jalan Raya Penggilingan", "query": "Jalan Raya Penggilingan, Cakung, Jakarta", "osm_id": 493548445, "osm_type": "way", "display": "Jalan Raya Penggilingan, RW 08, Penggilingan, Cakung, Jakarta Timur, Daerah Khusus Ibukota Jakarta, 13910, Indonesia", "source": "nominatim"}, "geometry": {"type": "LineString", "coordinates": [[106.9338936, -6.1881572], [106.9340871, -6.1884322]]}}, {"type": "Feature", "properties": {"name": "Jalan Joglo Raya", "query": "Jalan Joglo Raya, Jakarta Barat", "osm_id": 590912074, "osm_type": "way", "display": "Jalan Joglo Raya, RW 03, Joglo, Kembangan, Jakarta Barat, Daerah Khusus Ibukota Jakarta, 11640, Indonesia", "source": "nominatim"}, "geometry": {"type": "LineString", "coordinates": [[106.7552339, -6.2185081], [106.7554483, -6.218527], [106.7556431, -6.2185275], [106.7558633, -6.218495], [106.7559641, -6.2184771], [106.7561111, -6.2184335], [106.7563257, -6.2183521], [106.7564317, -6.2183126], [106.7571129, -6.2180589], [106.7572288, -6.2180251], [106.7573447, -6.2179914], [106.7574656, -6.2179562], [106.7577357, -6.2178824], [106.7577776, -6.2178717]]}}, {"type": "Feature", "properties": {"name": "Jalan Joglo Raya", "query": "Jalan Joglo Raya, Jakarta Barat", "osm_id": 1298669825, "osm_type": "way", "display": "Jalan Joglo Raya, RW 01, Joglo, Kembangan, Jakarta Barat, Daerah Khusus Ibukota Jakarta, 11640, Indonesia", "source": "nominatim"}, "geometry": {"type": "LineString", "coordinates": [[106.7394372, -6.2201756], [106.7396007, -6.2201864], [106.7400085, -6.2202304], [106.740453, -6.2202823], [106.7406702, -6.2203039], [106.7409405, -6.2203105], [106.7410612, -6.2203], [106.7411847, -6.2202718], [106.7412462, -6.2202448], [106.7413593, -6.2201951], [106.7416592, -6.220056]]}}, {"type": "Feature", "properties": {"name": "Jalan Joglo Raya", "query": "Jalan Joglo Raya, Jakarta Barat", "osm_id": 1298669822, "osm_type": "way", "display": "Jalan Joglo Raya, RW 08, Joglo, Kembangan, Jakarta Barat, Daerah Khusus Ibukota Jakarta, 11640, Indonesia", "source": "nominatim"}, "geometry": {"type": "LineString", "coordinates": [[106.7407084, -6.2204283], [106.7405286, -6.2204084], [106.7400316, -6.2203426], [106.7395988, -6.220295], [106.7394423, -6.2202806]]}}, {"type": "Feature", "properties": {"name": "Jalan Joglo Raya", "query": "Jalan Joglo Raya, Jakarta Barat", "osm_id": 668590182, "osm_type": "way", "display": "Jalan Joglo Raya, RW 02, Joglo, Kembangan, Jakarta Barat, Daerah Khusus Ibukota Jakarta, 11650, Indonesia", "source": "nominatim"}, "geometry": {"type": "LineString", "coordinates": [[106.725922, -6.2192553], [106.725943, -6.2192345], [106.7260082, -6.2192092], [106.7261371, -6.2191918], [106.7262782, -6.2191748], [106.7264675, -6.2191573], [106.7265561, -6.2191498]]}}, {"type": "Feature", "properties": {"name": "Jalan Joglo Raya", "query": "Jalan Joglo Raya, Jakarta Barat", "osm_id": 668588727, "osm_type": "way", "display": "Jalan Joglo Raya, RW 06, Joglo, Kembangan, Jakarta Barat, Daerah Khusus Ibukota Jakarta, 15151, Indonesia", "source": "nominatim"}, "geometry": {"type": "LineString", "coordinates": [[106.7234878, -6.220409], [106.7238739, -6.2203901]]}}, {"type": "Feature", "properties": {"name": "Jalan Marunda Makmur", "query": "Jalan Marunda Makmur, Cilincing, Jakarta", "osm_id": 594421267, "osm_type": "way", "display": "Jalan Marunda Makmur, RW 01, Marunda, Cilincing, Jakarta Utara, Daerah Khusus Ibukota Jakarta, 14150, Indonesia", "source": "nominatim"}, "geometry": {"type": "LineString", "coordinates": [[106.9600368, -6.1078124], [106.9601515, -6.1077444]]}}, {"type": "Feature", "properties": {"name": "Jalan Marunda Makmur", "query": "Jalan Marunda Makmur, Cilincing, Jakarta", "osm_id": 376781757, "osm_type": "way", "display": "Jalan Marunda Makmur, RW 01, Marunda, Cilincing, Jakarta Utara, Segaramakmur, Kab Bekasi, Jawa Barat, 17211, Indonesia", "source": "nominatim"}, "geometry": {"type": "LineString", "coordinates": [[106.969733, -6.1052027], [106.9691985, -6.1053427], [106.9689752, -6.1054053]]}}, {"type": "Feature", "properties": {"name": "Jalan Ancol Timur Tanjung Priok", "query": "Jalan Ancol Timur, Tanjung Priok, Jakarta Utara", "osm_id": 524305371, "osm_type": "way", "display": "Jalan Tol Pelabuhan II, RW 04, Ancol, Pademangan, Jakarta Utara, Daerah Khusus Ibukota Jakarta, 14430, Indonesia", "source": "nominatim"}, "geometry": {"type": "LineString", "coordinates": [[106.8578858, -6.124011], [106.8578292, -6.1240367], [106.8575678, -6.1241554], [106.8559322, -6.1248977], [106.8536604, -6.1259581], [106.8530166, -6.1262658], [106.8522334, -6.1265458], [106.8514127, -6.1267858], [106.8507394, -6.1269538], [106.849739, -6.1271432], [106.8473706, -6.1275539], [106.8360222, -6.1296911], [106.832116, -6.1304485], [106.8248703, -6.1315513], [106.8210372, -6.1322238], [106.8202693, -6.1322784], [106.8196051, -6.1321632], [106.8186849, -6.1318421], [106.8162451, -6.13037], [106.8160598, -6.1302752], [106.81585, -6.1301783], [106.815315, -6.1299695], [106.8150464, -6.1298835], [106.814732, -6.1298168], [106.8141875, -6.1297396], [106.8137377, -6.1297191], [106.8132856, -6.129776], [106.8123898, -6.1300062], [106.8095074, -6.1307272], [106.8058698, -6.1316922], [106.804811, -6.1319274], [106.8028187, -6.1322127]]}}, {"type": "Feature", "properties": {"name": "Jalan Ketel Ancol", "query": "Jalan Ketel, Ancol, Jakarta Utara", "osm_id": 623363105, "osm_type": "way", "display": "Jalan Ketel, RW 10, Ancol, Pademangan, Jakarta Utara, Daerah Khusus Ibukota Jakarta, 14430, Indonesia", "source": "nominatim"}, "geometry": {"type": "LineString", "coordinates": [[106.8598152, -6.1221993], [106.8610135, -6.1216035], [106.8611687, -6.1215018], [106.8613604, -6.1212861], [106.8615521, -6.1211248], [106.8617272, -6.1210262], [106.8618615, -6.120986], [106.861966, -6.1209615], [106.8620708, -6.1209385], [106.8626322, -6.1208496]]}}, {"type": "Feature", "properties": {"name": "Jalan Ketel Ancol", "query": "Jalan Ketel, Ancol, Jakarta Utara", "osm_id": 591720748, "osm_type": "way", "display": "Jalan Ketel, RW 10, Ancol, Pademangan, Jakarta Utara, Daerah Khusus Ibukota Jakarta, 14430, Indonesia", "source": "nominatim"}, "geometry": {"type": "LineString", "coordinates": [[106.8622682, -6.117875], [106.8629626, -6.1175523], [106.8638061, -6.1171603], [106.8641334, -6.1170127]]}}, {"type": "Feature", "properties": {"name": "Jalan Syech Nawawi Al Bantani", "query": "Jalan Syech Nawawi Al Bantani, Cilincing, Jakarta", "osm_id": 369909420, "osm_type": "way", "display": "Jalan Syech Nawawi Al Bantani, RW 01, Rorotan, Cilincing, Jakarta Utara, Daerah Khusus Ibukota Jakarta, 14140, Indonesia", "source": "nominatim"}, "geometry": {"type": "LineString", "coordinates": [[106.9405683, -6.1516145], [106.9406479, -6.1523996], [106.9406945, -6.1527379], [106.9407174, -6.1529697], [106.9408425, -6.1543538], [106.940844, -6.154485], [106.940871, -6.1548594], [106.940903, -6.1552323], [106.9409172, -6.1554185], [106.9409336, -6.1556723], [106.9409508, -6.1560369], [106.9409755, -6.1564564], [106.9409991, -6.1569551], [106.9410088, -6.1574539], [106.9410098, -6.1575364], [106.9410161, -6.1576785], [106.9410502, -6.1578816]]}}, {"type": "Feature", "properties": {"name": "Jalan Syech Nawawi Al Bantani", "query": "Jalan Syech Nawawi Al Bantani, Cilincing, Jakarta", "osm_id": 760202541, "osm_type": "way", "display": "Jalan Syech Nawawi Al Bantani, RW 01, Sukapura, Cilincing, Jakarta Utara, Daerah Khusus Ibukota Jakarta, 14140, Indonesia", "source": "nominatim"}, "geometry": {"type": "LineString", "coordinates": [[106.9400795, -6.1501404], [106.9400437, -6.1494882], [106.9399447, -6.1486426], [106.9398929, -6.147867], [106.9398785, -6.1476706], [106.9398759, -6.1473125], [106.9398766, -6.1472505], [106.9398849, -6.1470834]]}}, {"type": "Feature", "properties": {"name": "Jalan Syech Nawawi Al Bantani", "query": "Jalan Syech Nawawi Al Bantani, Cilincing, Jakarta", "osm_id": 1103014439, "osm_type": "way", "display": "Jalan Syech Nawawi Al Bantani, RW 03, Rorotan, Cilincing, Jakarta Utara, Daerah Khusus Ibukota Jakarta, 14140, Indonesia", "source": "nominatim"}, "geometry": {"type": "LineString", "coordinates": [[106.9404114, -6.1466773], [106.9404372, -6.1481586], [106.9404434, -6.1491032], [106.9404451, -6.1493678], [106.9404775, -6.1499476], [106.9404866, -6.150119]]}}, {"type": "Feature", "properties": {"name": "Jalan Syech Nawawi Al Bantani", "query": "Jalan Syech Nawawi Al Bantani, Cilincing, Jakarta", "osm_id": 369909417, "osm_type": "way", "display": "Jalan Syech Nawawi Al Bantani, RW 03, Sukapura, Cilincing, Jakarta Utara, Daerah Khusus Ibukota Jakarta, 14140, Indonesia", "source": "nominatim"}, "geometry": {"type": "LineString", "coordinates": [[106.9401911, -6.1517237], [106.9400795, -6.1501404]]}}, {"type": "Feature", "properties": {"name": "Jalan Syech Nawawi Al Bantani", "query": "Jalan Syech Nawawi Al Bantani, Cilincing, Jakarta", "osm_id": 369909419, "osm_type": "way", "display": "Jalan Syech Nawawi Al Bantani, RW 02, Rorotan, Cilincing, Jakarta Utara, Daerah Khusus Ibukota Jakarta, 14140, Indonesia", "source": "nominatim"}, "geometry": {"type": "LineString", "coordinates": [[106.9404866, -6.150119], [106.9405683, -6.1516145]]}}, {"type": "Feature", "properties": {"name": "Jalan Harapan Indah Bulevar", "query": "Jalan Harapan Indah Bulevar, Bekasi", "source": "nominatim", "osm_id": 162826905}, "geometry": {"type": "LineString", "coordinates": [[106.975565, -6.1912648], [106.9755453, -6.1910913], [106.9755064, -6.1909753], [106.9754407, -6.1907913], [106.9753763, -6.190654], [106.975288, -6.1904738], [106.9751734, -6.1902905], [106.9751417, -6.1902398], [106.9751066, -6.1901754], [106.9750397, -6.1900327], [106.9749793, -6.1897873], [106.9749712, -6.189608], [106.9749686, -6.1895513], [106.9749792, -6.1890459], [106.974988, -6.1886287], [106.974989, -6.188579], [106.9749856, -6.1881554], [106.9749832, -6.1878661], [106.9749883, -6.1876948], [106.97499, -6.18764], [106.9750042, -6.1872541], [106.9750176, -6.1868784], [106.9750361, -6.1863588], [106.9750397, -6.1862968], [106.9750402, -6.186283], [106.9750458, -6.1861494], [106.9750463, -6.1861278], [106.9750497, -6.1859921], [106.9750508, -6.1859579], [106.9750543, -6.1858485], [106.9750551, -6.1858227], [106.9750567, -6.1854701], [106.9750577, -6.1854011], [106.9750638, -6.1852544], [106.9750658, -6.1851607], [106.9750765, -6.1844742], [106.9750799, -6.1841222], [106.9750735, -6.1839758], [106.9750652, -6.1839308], [106.9750471, -6.1838948], [106.9748967, -6.1837242], [106.9745824, -6.1833808], [106.9744781, -6.1832678], [106.9743039, -6.1830779], [106.9742686, -6.1830394], [106.9741036, -6.1828595], [106.9738166, -6.1825356], [106.9737157, -6.1824304], [106.9735521, -6.1822637], [106.9734391, -6.1821189], [106.9733988, -6.1820295], [106.9733868, -6.1819375], [106.9733844, -6.181884], [106.9733781, -6.1814569], [106.9733771, -6.1813162]]}}, {"type": "Feature", "properties": {"name": "Jalan Harapan Indah Bulevar", "query": "Jalan Harapan Indah Bulevar, Bekasi", "source": "nominatim", "osm_id": 1101536972}, "geometry": {"type": "LineString", "coordinates": [[106.9747281, -6.1702317], [106.9747296, -6.170315], [106.9747274, -6.1704259], [106.9747236, -6.1706881], [106.9747181, -6.1708956], [106.9747122, -6.1711142], [106.9747058, -6.1713534], [106.9746998, -6.1715803], [106.9746937, -6.1718086], [106.9746879, -6.1720239], [106.974681, -6.1722813], [106.974675, -6.172508], [106.9746707, -6.172747], [106.9746516, -6.1730786], [106.9746459, -6.1733347], [106.9746367, -6.1736119], [106.9746297, -6.1738242], [106.974622, -6.1740572], [106.9746141, -6.1742983], [106.974607, -6.1745114], [106.9745983, -6.1747757], [106.9745947, -6.1748559], [106.9745941, -6.1748772], [106.9745931, -6.1749144], [106.9745895, -6.1750423], [106.9745849, -6.1751742], [106.9745848, -6.1751915], [106.9745134, -6.1783406], [106.9744878, -6.1784419], [106.9744596, -6.1784736], [106.9740266, -6.1788899], [106.9737981, -6.1791216], [106.973723, -6.1792096], [106.9736865, -6.1793031], [106.9736628, -6.1798969], [106.9736555, -6.1802855], [106.9736535, -6.1803889], [106.9736502, -6.1804531], [106.9736438, -6.1805779], [106.9736419, -6.1806713], [106.9736382, -6.1808549], [106.9736334, -6.1810633], [106.9736397, -6.1814616]]}}, {"type": "Feature", "properties": {"name": "Jalan Harapan Indah Bulevar", "query": "Jalan Harapan Indah Bulevar, Bekasi", "source": "nominatim", "osm_id": 1285505945}, "geometry": {"type": "LineString", "coordinates": [[106.9736397, -6.1814616], [106.9736208, -6.1817249], [106.9736275, -6.1818488], [106.9736476, -6.1819548], [106.9736838, -6.1820382], [106.973771, -6.1821515], [106.9738235, -6.1822218]]}}, {"type": "Feature", "properties": {"name": "Jalan Harapan Indah Bulevar", "query": "Jalan Harapan Indah Bulevar, Bekasi", "source": "nominatim", "osm_id": 1285505954}, "geometry": {"type": "LineString", "coordinates": [[106.9747692, -6.1598122], [106.9747909, -6.1596643], [106.9748471, -6.1593664], [106.9748916, -6.1591303], [106.9750361, -6.158593], [106.9751135, -6.1583368], [106.9752151, -6.1580662], [106.9754191, -6.1576255], [106.9755915, -6.157282], [106.9758061, -6.156934], [106.9760535, -6.1565669], [106.9762165, -6.1563057]]}}, {"type": "Feature", "properties": {"name": "Jalan Harapan Indah Bulevar", "query": "Jalan Harapan Indah Bulevar, Bekasi", "source": "nominatim", "osm_id": 704437206}, "geometry": {"type": "LineString", "coordinates": [[106.9767136, -6.156139], [106.9765113, -6.1563677], [106.9764379, -6.1564478]]}}, {"type": "Feature", "properties": {"name": "Jalan Harapan Indah Raya", "query": "Jalan Harapan Indah Raya, Bekasi", "source": "nominatim", "osm_id": 319106826}, "geometry": {"type": "LineString", "coordinates": [[106.9772896, -6.183376], [106.9772606, -6.1835888], [106.9772562, -6.1836566], [106.9772263, -6.184113], [106.9772188, -6.1842284], [106.9772109, -6.1843986], [106.9772068, -6.1844849], [106.9772055, -6.1845182], [106.9772035, -6.1845834], [106.9771957, -6.1848312], [106.9771889, -6.1849804], [106.9771836, -6.1850971], [106.9771737, -6.1853168], [106.9771634, -6.1855421], [106.9771449, -6.186021], [106.9771397, -6.1862781], [106.9771352, -6.186423], [106.9771337, -6.1865687], [106.9771328, -6.1866002], [106.9771105, -6.1873969], [106.9771081, -6.187454], [106.977086, -6.1879323], [106.9770167, -6.1894286], [106.9770125, -6.1895184], [106.9769454, -6.1909684], [106.9769401, -6.1910977], [106.976932, -6.191296], [106.9769288, -6.1913885], [106.9768837, -6.1925361]]}}, {"type": "Feature", "properties": {"name": "Jalan Harapan Indah Raya", "query": "Jalan Harapan Indah Raya, Bekasi", "source": "nominatim", "osm_id": 328292980}, "geometry": {"type": "LineString", "coordinates": [[106.9773418, -6.1808701], [106.9778477, -6.1808721], [106.9786109, -6.1808752], [106.9790546, -6.1808783], [106.9795072, -6.1808939], [106.9800592, -6.1809052], [106.9804284, -6.1809132], [106.9812423, -6.1809207]]}}, {"type": "Feature", "properties": {"name": "Jalan Tanafit", "query": "Jalan Tanafit, Kota Harapan Indah, Bekasi", "source": "nominatim", "osm_id": 435483050}, "geometry": {"type": "LineString", "coordinates": [[106.977396, -6.1749316], [106.9773806, -6.175109], [106.9773829, -6.1751489], [106.9773817, -6.175297], [106.9773848, -6.1758389], [106.9773774, -6.176862], [106.9773754, -6.176933], [106.9773247, -6.1786919], [106.9773076, -6.1790934], [106.9773081, -6.1791316], [106.9773048, -6.1794636], [106.9773036, -6.1798129], [106.9772996, -6.1804172], [106.9773137, -6.1807338]]}}, {"type": "Feature", "properties": {"name": "Jalan Tanafit", "query": "Jalan Tanafit, Kota Harapan Indah, Bekasi", "source": "nominatim", "osm_id": 566527775}, "geometry": {"type": "LineString", "coordinates": [[106.9771021, -6.1831009], [106.9771707, -6.1830169], [106.9771895, -6.1829729], [106.977204, -6.1829053], [106.9772188, -6.1824173], [106.977229, -6.1820824], [106.9772295, -6.1819595], [106.9772364, -6.1817428], [106.9772384, -6.181637], [106.9772507, -6.1813995], [106.9772783, -6.180868], [106.9772899, -6.1808111], [106.9773137, -6.1807338]]}}, {"type": "Feature", "properties": {"name": "Jalan Tanafit", "query": "Jalan Tanafit, Kota Harapan Indah, Bekasi", "source": "nominatim", "osm_id": 1117757316}, "geometry": {"type": "LineString", "coordinates": [[106.9775055, -6.1701555], [106.9775087, -6.1706637], [106.9774885, -6.170961], [106.977481, -6.1712757], [106.9774377, -6.1741223], [106.9774111, -6.1744996], [106.977396, -6.1749316]]}}, {"type": "Feature", "properties": {"name": "Jalan Pusaka Rakyat", "query": "Jalan Pusaka Rakyat, Kota Harapan Indah", "source": "nominatim", "osm_id": 435482170}, "geometry": {"type": "LineString", "coordinates": [[106.9805502, -6.1589746], [106.9804324, -6.1589466], [106.9802379, -6.1589025], [106.9795594, -6.1587375], [106.979292, -6.1586724], [106.9776538, -6.1582759], [106.977458, -6.1582567], [106.9774545, -6.1579593], [106.9774545, -6.1577556], [106.9774617, -6.1563794], [106.977462, -6.1563315], [106.977463, -6.1562793], [106.9774936, -6.1547085], [106.9774936, -6.1538633], [106.9775197, -6.1518274], [106.9775544, -6.1511951], [106.9775529, -6.1510799], [106.9775332, -6.150982], [106.9774711, -6.1508612], [106.9774, -6.1507806], [106.9772822, -6.1506749]]}}, {"type": "Feature", "properties": {"name": "Jalan Pusaka Rakyat", "query": "Jalan Pusaka Rakyat, Kota Harapan Indah", "source": "nominatim", "osm_id": 421450883}, "geometry": {"type": "LineString", "coordinates": [[106.9881342, -6.1603129], [106.9872538, -6.1602469], [106.9861574, -6.1601742], [106.9857343, -6.1601475], [106.9856076, -6.1601575], [106.9854705, -6.1602139], [106.9854215, -6.1602289], [106.9853739, -6.1602309], [106.9853273, -6.1602209], [106.9852981, -6.1602022], [106.9852532, -6.1601675], [106.985211, -6.1601412], [106.9851369, -6.1601075], [106.9835222, -6.1597262], [106.983376, -6.1596902]]}}, {"type": "Feature", "properties": {"name": "Jalan Pusaka Rakyat", "query": "Jalan Pusaka Rakyat, Kota Harapan Indah", "source": "nominatim", "osm_id": 1101518312}, "geometry": {"type": "LineString", "coordinates": [[106.9901647, -6.1604742], [106.988497, -6.1603476], [106.9882187, -6.160321], [106.9881342, -6.1603129]]}}, {"type": "Feature", "properties": {"name": "Jalan Harapan Indah Bulevar", "query": "osrm-trace", "source": "osrm", "length_km": 9.57}, "geometry": {"coordinates": [[106.969628, -6.182277], [106.969755, -6.182177], [106.969281, -6.181636], [106.968505, -6.181641], [106.968214, -6.181643], [106.968185, -6.181617], [106.968163, -6.18159], [106.968146, -6.181592], [106.968128, -6.181585], [106.968118, -6.181574], [106.968112, -6.181558], [106.96811, -6.181472], [106.968108, -6.181361], [106.968105, -6.181306], [106.968101, -6.181247], [106.967843, -6.181242], [106.967461, -6.181233], [106.967434, -6.181289], [106.967392, -6.181335], [106.967338, -6.181368], [106.967278, -6.181385], [106.967185, -6.18161], [106.967167, -6.181664], [106.967077, -6.181924], [106.966519, -6.183535], [106.965758, -6.185732], [106.96575, -6.185746], [106.965688, -6.185888], [106.965682, -6.185904], [106.965151, -6.187253], [106.965072, -6.187455], [106.964917, -6.187848], [106.964462, -6.189004], [106.964533, -6.189028], [106.964601, -6.18905], [106.964781, -6.189114], [106.964891, -6.189158], [106.964969, -6.18919], [106.965491, -6.189397], [106.96562, -6.189453], [106.965776, -6.189509], [106.965985, -6.189588], [106.966315, -6.189723], [106.966374, -6.189745], [106.966498, -6.189797], [106.966531, -6.189811], [106.966742, -6.189898], [106.966958, -6.189987], [106.9672, -6.190089], [106.967236, -6.190102], [106.967419, -6.190169], [106.9675, -6.190204], [106.967608, -6.190258], [106.96786, -6.190354], [106.968175, -6.190485], [106.968742, -6.190723], [106.968918, -6.190791], [106.969024, -6.190839], [106.969052, -6.190851], [106.969589, -6.191105], [106.969645, -6.191131], [106.969887, -6.191273], [106.970073, -6.191395], [106.970298, -6.19155], [106.97031, -6.191558], [106.970452, -6.191665], [106.970578, -6.191759], [106.970834, -6.191992], [106.97136, -6.192497], [106.971786, -6.192951], [106.972377, -6.193618], [106.97265, -6.193909], [106.972667, -6.193929], [106.972744, -6.193951], [106.972825, -6.193943], [106.972917, -6.193918], [106.97293, -6.193909], [106.972991, -6.193867], [106.973212, -6.193746], [106.973276, -6.193711], [106.973422, -6.193631], [106.973584, -6.193541], [106.97376, -6.193409], [106.974178, -6.193134], [106.974538, -6.192912], [106.974771, -6.19278], [106.97495, -6.192705], [106.975147, -6.192548], [106.975273, -6.192399], [106.975376, -6.192293], [106.975382, -6.192209], [106.975409, -6.192129], [106.975454, -6.192058], [106.975516, -6.192], [106.975605, -6.191953], [106.975705, -6.191934], [106.975805, -6.191944], [106.975899, -6.191982], [106.975986, -6.192056], [106.976044, -6.192154], [106.976108, -6.19224], [106.976227, -6.192363], [106.976322, -6.192399], [106.976457, -6.19243], [106.976485, -6.19243], [106.976535, -6.192417], [106.976599, -6.192383], [106.976652, -6.192327], [106.976681, -6.191401], [106.976683, -6.191361], [106.976697, -6.19109], [106.976711, -6.190765], [106.976713, -6.190714], [106.976741, -6.190226], [106.976743, -6.190182], [106.976771, -6.189565], [106.9768, -6.188928], [106.976811, -6.188683], [106.976827, -6.188354], [106.976851, -6.187844], [106.976866, -6.187481], [106.976868, -6.187408], [106.976873, -6.187266], [106.976899, -6.186598], [106.976912, -6.186191], [106.976916, -6.186058], [106.97695, -6.185033], [106.976966, -6.184514], [106.97699, -6.183733], [106.977015, -6.18354], [106.977049, -6.183493], [106.97707, -6.183474], [106.97711, -6.18346], [106.977161, -6.183464], [106.977191, -6.183477], [106.97722, -6.183492], [106.977246, -6.183528], [106.977261, -6.183589], [106.977258, -6.183627], [106.977256, -6.183657], [106.977226, -6.184113], [106.977219, -6.184228], [106.977211, -6.184399], [106.977382, -6.184408], [106.977925, -6.184437], [106.977958, -6.184439], [106.978535, -6.184475], [106.978666, -6.184483], [106.978724, -6.183735], [106.978426, -6.183732], [106.978411, -6.183338], [106.978409, -6.183292], [106.978405, -6.183222], [106.977913, -6.183217], [106.977534, -6.18322], [106.97734, -6.18324], [106.977339, -6.183277], [106.97733, -6.183314], [106.977313, -6.183347], [106.97729, -6.183376], [106.97726, -6.183399], [106.977226, -6.183415], [106.977189, -6.183423], [106.977151, -6.183423], [106.977114, -6.183415], [106.97708, -6.183399], [106.977051, -6.183375], [106.977029, -6.183349], [106.977013, -6.183319], [106.977004, -6.183286], [106.977001, -6.183252], [106.97681, -6.183264], [106.97657, -6.183276], [106.976401, -6.18327], [106.976306, -6.183251], [106.976233, -6.183215], [106.976194, -6.183188], [106.976134, -6.183132], [106.976074, -6.183052], [106.97602, -6.182959], [106.975893, -6.182708], [106.975845, -6.18262], [106.975777, -6.182536], [106.975697, -6.182466], [106.975594, -6.182407], [106.975106, -6.182222], [106.974271, -6.181967], [106.974215, -6.18195], [106.974102, -6.181965], [106.974008, -6.182036], [106.97396, -6.182094], [106.973942, -6.182131], [106.973935, -6.18216], [106.97394, -6.182199], [106.973966, -6.182272], [106.973995, -6.18241], [106.974489, -6.182916], [106.975026, -6.1835], [106.97526, -6.18376], [106.975318, -6.18383], [106.975345, -6.183895], [106.975363, -6.184132], [106.975365, -6.184239], [106.975317, -6.185827], [106.975316, -6.185853], [106.975313, -6.185998], [106.975312, -6.186132], [106.975046, -6.186128], [106.97505, -6.185992], [106.975051, -6.185958], [106.975054, -6.185849], [106.975055, -6.185823], [106.975057, -6.18547], [106.975058, -6.185401], [106.975064, -6.185254], [106.975066, -6.185161], [106.975077, -6.184474], [106.97501, -6.184475], [106.97501, -6.184475], [106.974912, -6.184477], [106.974925, -6.184106], [106.97492, -6.184065], [106.974913, -6.184034], [106.974895, -6.184006], [106.974837, -6.183933], [106.974802, -6.183878], [106.974793, -6.183855], [106.974797, -6.183832], [106.974812, -6.183804], [106.974858, -6.183761], [106.974897, -6.183724], [106.974582, -6.183381], [106.974478, -6.183268], [106.974304, -6.183078], [106.974269, -6.183039], [106.974104, -6.18286], [106.973817, -6.182536], [106.973716, -6.18243], [106.973552, -6.182264], [106.973439, -6.182119], [106.973399, -6.18203], [106.973387, -6.181938], [106.973384, -6.181884], [106.973378, -6.181457], [106.973377, -6.181316], [106.973376, -6.18111], [106.973373, -6.180672], [106.973372, -6.180573], [106.973379, -6.180438], [106.973433, -6.17939], [106.973437, -6.179318], [106.973451, -6.179147], [106.973457, -6.179112], [106.973506, -6.179006], [106.97354, -6.178967], [106.973845, -6.17869], [106.973905, -6.178635], [106.974218, -6.17835], [106.97424, -6.178309], [106.97425, -6.178261], [106.974251, -6.178202], [106.974269, -6.177337], [106.974288, -6.176425], [106.974294, -6.176305], [106.974313, -6.17589], [106.974322, -6.175729], [106.974339, -6.175449], [106.974342, -6.175348], [106.974343, -6.175188], [106.974344, -6.175168], [106.974351, -6.174914], [106.974353, -6.174844], [106.974357, -6.174718], [106.974413, -6.172793], [106.974418, -6.172615], [106.974428, -6.172233], [106.974513, -6.170354], [106.974514, -6.170309], [106.974516, -6.170227], [106.974463, -6.170186], [106.974425, -6.17013], [106.974408, -6.170081], [106.974402, -6.17003], [106.974409, -6.169978], [106.974432, -6.169923], [106.974469, -6.169875], [106.974517, -6.169839], [106.974527, -6.169726], [106.974533, -6.169657], [106.974535, -6.169512], [106.974539, -6.169437], [106.974543, -6.169365], [106.974555, -6.168767], [106.974556, -6.168742], [106.974554, -6.16848], [106.974553, -6.168311], [106.974548, -6.168138], [106.974556, -6.167922], [106.974551, -6.167716], [106.974609, -6.166256], [106.974621, -6.166093], [106.974627, -6.165945], [106.974627, -6.16585], [106.974626, -6.165662], [106.974638, -6.165232], [106.974672, -6.163696], [106.974675, -6.163586], [106.974673, -6.163282], [106.974671, -6.16256], [106.974704, -6.161768], [106.974735, -6.160788], [106.97475, -6.160602], [106.974749, -6.160285], [106.974763, -6.159942], [106.974769, -6.159812], [106.974791, -6.159664], [106.974847, -6.159366], [106.974892, -6.15913], [106.975036, -6.158593], [106.975114, -6.158337], [106.975215, -6.158066], [106.975419, -6.157626], [106.975592, -6.157282], [106.975806, -6.156934], [106.976054, -6.156567], [106.976217, -6.156306], [106.976417, -6.156106], [106.97646, -6.156062], [106.976504, -6.156027], [106.976492, -6.156004], [106.976494, -6.155909], [106.976196, -6.155669], [106.975387, -6.155183], [106.974991, -6.154971], [106.974543, -6.154804], [106.974552, -6.154669], [106.974556, -6.154551], [106.97456, -6.154443], [106.974604, -6.152622], [106.97471, -6.152629], [106.974725, -6.152614], [106.974733, -6.152573], [106.974753, -6.152523], [106.974778, -6.15249], [106.974852, -6.152483], [106.97554, -6.152483]], "type": "LineString"}}, {"type": "Feature", "properties": {"name": "Jalan Akses Rusun Marunda", "query": "osrm-trace", "source": "osrm", "length_km": 1.26}, "geometry": {"coordinates": [[106.96004, -6.10781], [106.960037, -6.107812], [106.959893, -6.107297], [106.959675, -6.106675], [106.959475, -6.106106], [106.959404, -6.105903], [106.959284, -6.105487], [106.959173, -6.105139], [106.958976, -6.104495], [106.958989, -6.104457], [106.959019, -6.104436], [106.959529, -6.10426], [106.959613, -6.104229], [106.959687, -6.104203], [106.959761, -6.104172], [106.959833, -6.104132], [106.960469, -6.103617], [106.960684, -6.103435], [106.960737, -6.103366], [106.960775, -6.103282], [106.960811, -6.103175], [106.960829, -6.103068], [106.960825, -6.102986], [106.960689, -6.102066], [106.960681, -6.102005], [106.960647, -6.10148], [106.960601, -6.101097], [106.960596, -6.101059], [106.960565, -6.100799], [106.96054, -6.100613], [106.960529, -6.100546], [106.960526, -6.100511], [106.960475, -6.100206], [106.960465, -6.100136], [106.960463, -6.100125], [106.960346, -6.099396], [106.960302, -6.099223], [106.9602, -6.098939], [106.960173, -6.098865], [106.961095, -6.098585], [106.961139, -6.098572], [106.961208, -6.098553], [106.961218, -6.098557], [106.961223, -6.098564], [106.961244, -6.098619], [106.961256, -6.098625], [106.961272, -6.098623], [106.961277, -6.098621]], "type": "LineString"}}, {"type": "Feature", "properties": {"name": "JORR W2 Ciledug–Rawa Buaya", "query": "osrm Joglo-Ciledug-RawaBuaya", "source": "osrm", "length_km": 15.778, "alignment_type": "MIXED_TOLL", "notes": "OSRM trace of JORR W2 via Ciledug gate then north to Exit Rawa Buaya. Dataset Jalan Tol Lingkar Luar Jakarta is truncated south of Joglo."}, "geometry": {"coordinates": [[106.744239, -6.218905], [106.743662, -6.219245], [106.74355, -6.219305], [106.742137, -6.220005], [106.741418, -6.220322], [106.741264, -6.220376], [106.741084, -6.220423], [106.740994, -6.220429], [106.740953, -6.220432], [106.740708, -6.220428], [106.740529, -6.220408], [106.740032, -6.220343], [106.739599, -6.220295], [106.739442, -6.220281], [106.738939, -6.220253], [106.737511, -6.220075], [106.737463, -6.220069], [106.737458, -6.220118], [106.737303, -6.221509], [106.737296, -6.221717], [106.737291, -6.221974], [106.737294, -6.222443], [106.7373, -6.22266], [106.737314, -6.222881], [106.737472, -6.223793], [106.737489, -6.223934], [106.737593, -6.224438], [106.73766, -6.224699], [106.737668, -6.224728], [106.737753, -6.225129], [106.737777, -6.225273], [106.737812, -6.225342], [106.737867, -6.225399], [106.737884, -6.225717], [106.737883, -6.225817], [106.737889, -6.226066], [106.73787, -6.226403], [106.737852, -6.226698], [106.73782, -6.226918], [106.737753, -6.227247], [106.737711, -6.22743], [106.737699, -6.227478], [106.737669, -6.227636], [106.737628, -6.227876], [106.737593, -6.228051], [106.737578, -6.228142], [106.737526, -6.228446], [106.737516, -6.22853], [106.73752, -6.228598], [106.737549, -6.228679], [106.737582, -6.228845], [106.737586, -6.228903], [106.737588, -6.228933], [106.737586, -6.229015], [106.737552, -6.229317], [106.737555, -6.229348], [106.737577, -6.229362], [106.737653, -6.229371], [106.737674, -6.229386], [106.737682, -6.229409], [106.737681, -6.229606], [106.73768, -6.229807], [106.737637, -6.230126], [106.737627, -6.230241], [106.737599, -6.230551], [106.737574, -6.230817], [106.73757, -6.230932], [106.737565, -6.231155], [106.737597, -6.231509], [106.737601, -6.231552], [106.737632, -6.231754], [106.737668, -6.232079], [106.73767, -6.232141], [106.737678, -6.232165], [106.737664, -6.232312], [106.737663, -6.232347], [106.737648, -6.232709], [106.737642, -6.232789], [106.737617, -6.233159], [106.737596, -6.233468], [106.737575, -6.233783], [106.738249, -6.23394], [106.738337, -6.233968], [106.738446, -6.23401], [106.738534, -6.234056], [106.738612, -6.234109], [106.738631, -6.234127], [106.738676, -6.234171], [106.738713, -6.234222], [106.738735, -6.234265], [106.738875, -6.234598], [106.738924, -6.234698], [106.738959, -6.234763], [106.738995, -6.234819], [106.739031, -6.234863], [106.739073, -6.234902], [106.73919, -6.234987], [106.739256, -6.235026], [106.739337, -6.235066], [106.739415, -6.235094], [106.7395, -6.235121], [106.739574, -6.235136], [106.739813, -6.235157], [106.739865, -6.235161], [106.73994, -6.235169], [106.73993, -6.235247], [106.73958, -6.235184], [106.739469, -6.235154], [106.739391, -6.23513], [106.739276, -6.235079], [106.73917, -6.235024], [106.739104, -6.234981], [106.739066, -6.234956], [106.738956, -6.234853], [106.738957, -6.235406], [106.738928, -6.235879], [106.738916, -6.236307], [106.738905, -6.236508], [106.738865, -6.237334], [106.738608, -6.237312], [106.738535, -6.237305], [106.738453, -6.237297], [106.738156, -6.237308], [106.73808, -6.23731], [106.737845, -6.2373], [106.737802, -6.237314], [106.737752, -6.237339], [106.737711, -6.237339], [106.73767, -6.237345], [106.737591, -6.237344], [106.737486, -6.237337], [106.737388, -6.23733], [106.73728, -6.237322], [106.737175, -6.237322], [106.737057, -6.237329], [106.736835, -6.23738], [106.736688, -6.237395], [106.736529, -6.237411], [106.736319, -6.237423], [106.73629, -6.237425], [106.736147, -6.237442], [106.735881, -6.237488], [106.735773, -6.237499], [106.73572, -6.23749], [106.735699, -6.237479], [106.735686, -6.237455], [106.735651, -6.237027], [106.735648, -6.237023], [106.735641, -6.23702], [106.735383, -6.237006], [106.735328, -6.237003], [106.735256, -6.237002], [106.735256, -6.237002], [106.735328, -6.237003], [106.735383, -6.237006], [106.735641, -6.23702], [106.735648, -6.237023], [106.735651, -6.237027], [106.735686, -6.237455], [106.735699, -6.237479], [106.73572, -6.23749], [106.735773, -6.237499], [106.735881, -6.237488], [106.736147, -6.237442], [106.73629, -6.237425], [106.736319, -6.237423], [106.736529, -6.237411], [106.736688, -6.237395], [106.736835, -6.23738], [106.737057, -6.237329], [106.737175, -6.237322], [106.73728, -6.237322], [106.737388, -6.23733], [106.737486, -6.237337], [106.737591, -6.237344], [106.73767, -6.237345], [106.737711, -6.237339], [106.737752, -6.237339], [106.737802, -6.237314], [106.737845, -6.2373], [106.73808, -6.23731], [106.738156, -6.237308], [106.738453, -6.237297], [106.738535, -6.237305], [106.738608, -6.237312], [106.738865, -6.237334], [106.738905, -6.236508], [106.738916, -6.236307], [106.738928, -6.235879], [106.738957, -6.235406], [106.738956, -6.234853], [106.738881, -6.234766], [106.738702, -6.234343], [106.738675, -6.234289], [106.738648, -6.234246], [106.738612, -6.234205], [106.738558, -6.234152], [106.738491, -6.234109], [106.738397, -6.234065], [106.738311, -6.234033], [106.738239, -6.234011], [106.736699, -6.233665], [106.736385, -6.233597], [106.735634, -6.233401], [106.735663, -6.233309], [106.736358, -6.233504], [106.736525, -6.233543], [106.737575, -6.233783], [106.738249, -6.23394], [106.738337, -6.233968], [106.738446, -6.23401], [106.738534, -6.234056], [106.738612, -6.234109], [106.738631, -6.234127], [106.738676, -6.234171], [106.738713, -6.234222], [106.738735, -6.234265], [106.738875, -6.234598], [106.738924, -6.234698], [106.738959, -6.234763], [106.738995, -6.234819], [106.739031, -6.234863], [106.739073, -6.234902], [106.73919, -6.234987], [106.739256, -6.235026], [106.739337, -6.235066], [106.739415, -6.235094], [106.7395, -6.235121], [106.739574, -6.235136], [106.739813, -6.235157], [106.739865, -6.235161], [106.73994, -6.235169], [106.740037, -6.235181], [106.740836, -6.235277], [106.740941, -6.235293], [106.741098, -6.235325], [106.741792, -6.235468], [106.741844, -6.235489], [106.741916, -6.235518], [106.742038, -6.23558], [106.742291, -6.235758], [106.742314, -6.235773], [106.742665, -6.236004], [106.742767, -6.236076], [106.742909, -6.23617], [106.742991, -6.236225], [106.743069, -6.236271], [106.743099, -6.236283], [106.743162, -6.23631], [106.743273, -6.236337], [106.743395, -6.236357], [106.743538, -6.236373], [106.743646, -6.236386], [106.744037, -6.236418], [106.744548, -6.236434], [106.744706, -6.236435], [106.745097, -6.236445], [106.745125, -6.236446], [106.745168, -6.236443], [106.745513, -6.236384], [106.745606, -6.23637], [106.745773, -6.236344], [106.746115, -6.236289], [106.746361, -6.236285], [106.746533, -6.236286], [106.746573, -6.236288], [106.746783, -6.236298], [106.746811, -6.2363], [106.746918, -6.236305], [106.746966, -6.236312], [106.747086, -6.236323], [106.747236, -6.236327], [106.747311, -6.236336], [106.747486, -6.236358], [106.747721, -6.236387], [106.747784, -6.236395], [106.747813, -6.236399], [106.747979, -6.236426], [106.748156, -6.236453], [106.748417, -6.23648], [106.748524, -6.236475], [106.748926, -6.236479], [106.749449, -6.236487], [106.749919, -6.236494], [106.751266, -6.236552], [106.751677, -6.236578], [106.751775, -6.236583], [106.752596, -6.236633], [106.752835, -6.236639], [106.753124, -6.236632], [106.75344, -6.236611], [106.753721, -6.236551], [106.753936, -6.236488], [106.754156, -6.236419], [106.754361, -6.236355], [106.754466, -6.236312], [106.754641, -6.23623], [106.754982, -6.236034], [106.755151, -6.235928], [106.755343, -6.235809], [106.755411, -6.235762], [106.755599, -6.235665], [106.755686, -6.23563], [106.755741, -6.235617], [106.755789, -6.235612], [106.755874, -6.235548], [106.755939, -6.235477], [106.755962, -6.235386], [106.755959, -6.235258], [106.755298, -6.234242], [106.75522, -6.234142], [106.755158, -6.234065], [106.754842, -6.233594], [106.754605, -6.233246], [106.754156, -6.232555], [106.753818, -6.231988], [106.753607, -6.231641], [106.753471, -6.23138], [106.753337, -6.231108], [106.753051, -6.230648], [106.752841, -6.23033], [106.752383, -6.229598], [106.751808, -6.228754], [106.75179, -6.228727], [106.75082, -6.227264], [106.750307, -6.226511], [106.74932, -6.225039], [106.748561, -6.22381], [106.747915, -6.222802], [106.747596, -6.22229], [106.747202, -6.221629], [106.745439, -6.218667], [106.744838, -6.217608], [106.743304, -6.214783], [106.742864, -6.21401], [106.74268, -6.213679], [106.7423, -6.21299], [106.74208, -6.212579], [106.741684, -6.211868], [106.741362, -6.211296], [106.741214, -6.211051], [106.741121, -6.210894], [106.740535, -6.209861], [106.740271, -6.209415], [106.739261, -6.207533], [106.737931, -6.205], [106.737148, -6.20349], [106.73686, -6.202977], [106.736802, -6.202883], [106.73665, -6.202606], [106.735185, -6.199646], [106.734251, -6.197732], [106.734174, -6.19758], [106.734101, -6.197433], [106.733782, -6.196763], [106.73317, -6.195514], [106.732513, -6.193982], [106.732297, -6.193327], [106.732221, -6.193095], [106.731559, -6.191101], [106.731373, -6.190417], [106.731093, -6.189368], [106.731069, -6.189278], [106.730623, -6.187387], [106.73043, -6.186626], [106.729975, -6.184787], [106.729857, -6.184343], [106.729296, -6.182203], [106.728908, -6.180646], [106.728739, -6.179868], [106.728609, -6.179078], [106.728452, -6.177905], [106.728333, -6.176545], [106.728289, -6.176032], [106.728119, -6.173667], [106.728101, -6.173427], [106.72798, -6.17139], [106.727953, -6.170939], [106.727881, -6.17013], [106.72765, -6.16845], [106.727406, -6.166927], [106.72723, -6.165563], [106.727135, -6.163745], [106.727119, -6.163404], [106.727119, -6.1634]], "type": "LineString"}}, {"type": "Feature", "properties": {"name": "Jalan Sakti Raya", "query": "Jalan Sakti Raya, Palmerah, Jakarta", "source": "nominatim", "osm_id": 30176774, "display": "Jalan Sakti I, RW 09, Kemanggisan, Palmerah, Jakarta Barat, Daerah Khusus Ibukota Jakarta, 11480, Indonesia"}, "geometry": {"type": "LineString", "coordinates": [[106.7860671, -6.1885559], [106.7862574, -6.1881388], [106.7863557, -6.187858], [106.7864661, -6.1872897], [106.7865431, -6.1867337], [106.7865905, -6.1862194]]}}, {"type": "Feature", "properties": {"name": "Jalan Sakti Raya", "query": "Jalan Sakti Raya, Palmerah, Jakarta", "source": "nominatim", "osm_id": 30176779, "display": "Jalan Sakti VII, RW 09, Kemanggisan, Palmerah, Jakarta Barat, Daerah Khusus Ibukota Jakarta, 11430, Indonesia"}, "geometry": {"type": "LineString", "coordinates": [[106.7848762, -6.1868653], [106.7848612, -6.1871297], [106.7848125, -6.1873991], [106.7847561, -6.1877714]]}}, {"type": "Feature", "properties": {"name": "Jalan Sakti Raya", "query": "Jalan Sakti Raya, Palmerah, Jakarta", "source": "nominatim", "osm_id": 30176781, "display": "Jalan Sakti VIII, RW 09, Kemanggisan, Palmerah, Jakarta Barat, Daerah Khusus Ibukota Jakarta, 11430, Indonesia"}, "geometry": {"type": "LineString", "coordinates": [[106.7840596, -6.1872627], [106.7848125, -6.1873991]]}}, {"type": "Feature", "properties": {"name": "Jalan Sakti Raya", "query": "Jalan Sakti Raya, Palmerah, Jakarta", "source": "nominatim", "osm_id": 30176776, "display": "Jalan Sakti IX, RW 09, Kemanggisan, Palmerah, Jakarta Barat, Daerah Khusus Ibukota Jakarta, 11430, Indonesia"}, "geometry": {"type": "LineString", "coordinates": [[106.7840705, -6.1862748], [106.7841147, -6.1866552], [106.7841149, -6.1868311], [106.7840971, -6.1869881], [106.7840596, -6.1872627]]}}, {"type": "Feature", "properties": {"name": "Jalan Sakti Raya", "query": "Jalan Sakti Raya, Palmerah, Jakarta", "source": "nominatim", "osm_id": 756633072, "display": "Jalan Sakti II, RW 09, Kemanggisan, Palmerah, Jakarta Barat, Daerah Khusus Ibukota Jakarta, 11430, Indonesia"}, "geometry": {"type": "LineString", "coordinates": [[106.7848914, -6.1862418], [106.7865905, -6.1862194]]}}, {"type": "Feature", "properties": {"name": "Jalan Sakti Raya", "query": "Jalan Sakti Raya, Palmerah, Jakarta", "source": "nominatim", "osm_id": 745542048, "display": "Jalan Sakti VI, RW 09, Kemanggisan, Palmerah, Jakarta Barat, Daerah Khusus Ibukota Jakarta, 11430, Indonesia"}, "geometry": {"type": "LineString", "coordinates": [[106.7848612, -6.1871297], [106.7854384, -6.1871934]]}}, {"type": "Feature", "properties": {"name": "Jalan Sakti Raya", "query": "Jalan Sakti Raya, Palmerah, Jakarta", "source": "nominatim", "osm_id": 30176777, "display": "Jalan Sakti III, RW 09, Kemanggisan, Palmerah, Jakarta Barat, Daerah Khusus Ibukota Jakarta, 11430, Indonesia"}, "geometry": {"type": "LineString", "coordinates": [[106.7841147, -6.1866552], [106.7851455, -6.1866226]]}}, {"type": "Feature", "properties": {"name": "Jalan Sakti Raya", "query": "Jalan Sakti Raya, Palmerah, Jakarta", "source": "nominatim", "osm_id": 756628944, "display": "Jalan Sakti IV, RW 09, Kemanggisan, Palmerah, Jakarta Barat, Daerah Khusus Ibukota Jakarta, 11430, Indonesia"}, "geometry": {"type": "LineString", "coordinates": [[106.7834944, -6.1875397], [106.7837492, -6.1875951], [106.7837731, -6.1876007]]}}, {"type": "Feature", "properties": {"name": "Jalan Bang Pitung", "query": "Jalan Bang Pitung, Jakarta Barat", "source": "nominatim", "osm_id": 537080467, "display": "Jalan Raya Kebayoran Lama, RW 01, Sukabumi Utara, Kebon Jeruk, Jakarta Barat, Daerah Khusus Ibukota Jakarta, 12210, Indo"}, "geometry": {"type": "LineString", "coordinates": [[106.777668, -6.2136711], [106.7777098, -6.2135935], [106.777778, -6.2135393], [106.7778311, -6.2135169], [106.7779249, -6.2134911], [106.7780639, -6.2134778], [106.7781915, -6.2134656], [106.7788301, -6.2134266], [106.7788608, -6.2134251], [106.7791244, -6.2134126], [106.7792251, -6.2134079], [106.7801584, -6.213362], [106.7803275, -6.2133526], [106.7808571, -6.2133233], [106.7810429, -6.213318], [106.7813639, -6.2133107], [106.7816869, -6.2133039], [106.7822076, -6.2132847], [106.7824289, -6.2132766], [106.7825717, -6.213256], [106.7826784, -6.2132226], [106.7828105, -6.2131646], [106.7830324, -6.2130307], [106.7831424, -6.2129407], [106.7832838, -6.212772], [106.7833983, -6.2125967], [106.7834944, -6.2123634], [106.7835347, -6.2122554], [106.7835561, -6.2121667], [106.7835642, -6.2120924], [106.7835648, -6.2120001], [106.78356, -6.2118625], [106.7835483, -6.2115265], [106.7835458, -6.2114768], [106.7835286, -6.2110724], [106.7835253, -6.2109988], [106.7835115, -6.2108409], [106.7834762, -6.2105178], [106.7834528, -6.2103033], [106.7834233, -6.2100302], [106.7833774, -6.2096299], [106.783369, -6.2095626], [106.7833281, -6.2091524], [106.7833125, -6.2090293], [106.7833048, -6.2089741], [106.7832945, -6.2088734], [106.7832664, -6.2085757], [106.7832221, -6.2080246], [106.7832148, -6.2079604], [106.7831887, -6.2077311], [106.7831551, -6.2074011], [106.7831391, -6.2070574], [106.783135, -6.2069698], [106.7831458, -6.2068418], [106.7831563, -6.2067373]]}}, {"type": "Feature", "properties": {"name": "Jalan Bang Pitung", "query": "Jalan Bang Pitung, Jakarta Barat", "source": "nominatim", "osm_id": 761825397, "display": "Jalan Raya Kebayoran Lama, RW 08, Sukabumi Selatan, Kebon Jeruk, Jakarta Barat, Daerah Khusus Ibukota Jakarta, 12210, In"}, "geometry": {"type": "LineString", "coordinates": [[106.777148, -6.2161244], [106.7771322, -6.2161584], [106.7771161, -6.2162067], [106.7771064, -6.2162627], [106.7771007, -6.2164464], [106.7770994, -6.216555], [106.7771128, -6.216635], [106.7771282, -6.2166997], [106.7771557, -6.2167617], [106.7771785, -6.2168157], [106.7772026, -6.2168543], [106.7772302, -6.2168898], [106.7773848, -6.2170094], [106.7775661, -6.2171163], [106.7777927, -6.2172063], [106.7781559, -6.2173387], [106.7782621, -6.2173963], [106.7783879, -6.2175254], [106.7784318, -6.2176254], [106.7784512, -6.2176696], [106.7784829, -6.2177743], [106.7784968, -6.2178116], [106.7785048, -6.2178576], [106.7785102, -6.2179182], [106.778526, -6.2181472], [106.7785278, -6.2184138], [106.7785363, -6.2186016], [106.7785411, -6.2187668], [106.7785444, -6.2189207]]}}, {"type": "Feature", "properties": {"name": "Jalan Bang Pitung", "query": "Jalan Bang Pitung, Jakarta Barat", "source": "nominatim", "osm_id": 1299926387, "display": "Jalan Raya Kebayoran Lama, RW 04, Sukabumi Utara, Kebon Jeruk, Jakarta Barat, Daerah Khusus Ibukota Jakarta, 12210, Indo"}, "geometry": {"type": "LineString", "coordinates": [[106.7777301, -6.2136757], [106.7777134, -6.2137617], [106.7776963, -6.214274], [106.7776895, -6.2144765], [106.7776876, -6.2145347], [106.7776794, -6.214781], [106.7776758, -6.214859], [106.7776495, -6.2150505], [106.7776347, -6.2151254], [106.7775949, -6.2153405], [106.7775487, -6.2155182], [106.7775064, -6.2156038], [106.777468, -6.2156637], [106.7772606, -6.215969], [106.777148, -6.2161244]]}}, {"type": "Feature", "properties": {"name": "Jalan Bang Pitung", "query": "Jalan Bang Pitung, Jakarta Barat", "source": "nominatim", "osm_id": 1294793534, "display": "Jalan Raya Kebayoran Lama, RW 03, Sukabumi Utara, Kebon Jeruk, Jakarta Barat, Daerah Khusus Ibukota Jakarta, 11540, Indo"}, "geometry": {"type": "LineString", "coordinates": [[106.7831977, -6.2066639], [106.7831953, -6.2067364]]}}, {"type": "Feature", "properties": {"name": "Jalan Bang Pitung", "query": "Jalan Bang Pitung, Jakarta Barat", "source": "nominatim", "osm_id": 681049896, "display": "Jalan Raya Kebayoran Lama, RW 11, Grogol Utara, Kebayoran Lama, Jakarta Selatan, Daerah Khusus Ibukota Jakarta, 12210, I"}, "geometry": {"type": "LineString", "coordinates": [[106.7831953, -6.2067364], [106.783185, -6.206894], [106.7831791, -6.2069788], [106.7832483, -6.2077344], [106.7832571, -6.2078224], [106.7833013, -6.2082557], [106.7833261, -6.208571], [106.7833517, -6.2088419], [106.7833661, -6.2089691], [106.783373, -6.2090224], [106.7834247, -6.2095603], [106.7834321, -6.2096243], [106.783481, -6.2100202], [106.783517, -6.2102952], [106.7835266, -6.2103681], [106.7835382, -6.2105079], [106.7835655, -6.2108357], [106.7835788, -6.2109961], [106.7835863, -6.2110703], [106.7836225, -6.2115224], [106.7836327, -6.2118626], [106.783636, -6.2119982], [106.7836386, -6.2120781], [106.7836319, -6.2121794], [106.7836178, -6.2122594], [106.7835793, -6.212377], [106.7834569, -6.2126267], [106.7834026, -6.2127087], [106.7833308, -6.212796], [106.7831773, -6.2129774], [106.7830667, -6.2130795], [106.7829278, -6.2131733], [106.7828349, -6.2132226], [106.7827166, -6.213274], [106.7825838, -6.213306], [106.7824475, -6.2133297], [106.7822138, -6.2133392], [106.781694, -6.2133563], [106.7813688, -6.2133677], [106.7810489, -6.2133753], [106.7808545, -6.2133846], [106.7803325, -6.2134191], [106.7801685, -6.21343], [106.779221, -6.2134679], [106.7791226, -6.2134739], [106.7788656, -6.2134896], [106.7788338, -6.2134908], [106.7784301, -6.2135088], [106.7781227, -6.2135224], [106.7779336, -6.2135393], [106.7778517, -6.2135606], [106.7777954, -6.2135899], [106.7777495, -6.2136337], [106.7777301, -6.2136757]]}}, {"type": "Feature", "properties": {"name": "Jalan Arteri Kelapa Gading", "query": "Jalan Arteri Kelapa Gading, Jakarta Utara", "source": "nominatim", "osm_id": 525520355, "display": "Jalan Arteri Kelapa Gading, RW 26, Pegangsaan Dua, Kelapa Gading, Jakarta Utara, Daerah Khusus Ibukota Jakarta, 14250, I"}, "geometry": {"type": "LineString", "coordinates": [[106.9122129, -6.1773033], [106.9122872, -6.1771504], [106.9127552, -6.1760833], [106.9128216, -6.1759098], [106.9129347, -6.1756095], [106.913331, -6.1745444], [106.9137683, -6.1733622], [106.9139028, -6.1729986], [106.9139373, -6.1729194]]}}, {"type": "Feature", "properties": {"name": "Jalan Arteri Kelapa Gading", "query": "Jalan Arteri Kelapa Gading, Jakarta Utara", "source": "nominatim", "osm_id": 492009334, "display": "Jalan Arteri Kelapa Gading, RW 16, Pegangsaan Dua, Kelapa Gading, Jakarta Utara, Daerah Khusus Ibukota Jakarta, 14250, I"}, "geometry": {"type": "LineString", "coordinates": [[106.9156509, -6.1694217], [106.9153652, -6.1701179], [106.9151661, -6.1706017], [106.9149991, -6.1709856], [106.9147023, -6.1717141], [106.9146766, -6.1717843]]}}, {"type": "Feature", "properties": {"name": "Jalan Arteri Kelapa Gading", "query": "Jalan Arteri Kelapa Gading, Jakarta Utara", "source": "nominatim", "osm_id": 1306304093, "display": "Jalan Arteri Kelapa Gading, RW 13, Pegangsaan Dua, Kelapa Gading, Jakarta Utara, Daerah Khusus Ibukota Jakarta, 14250, I"}, "geometry": {"type": "LineString", "coordinates": [[106.910618, -6.1816445], [106.9105963, -6.1817176], [106.9106164, -6.1817709], [106.9107974, -6.1819396], [106.9109838, -6.1821229], [106.911116, -6.1822903]]}}, {"type": "Feature", "properties": {"name": "Jalan Arteri Kelapa Gading", "query": "Jalan Arteri Kelapa Gading, Jakarta Utara", "source": "nominatim", "osm_id": 690355015, "display": "Jalan Arteri Kelapa Gading, RW 21, Pegangsaan Dua, Kelapa Gading, Jakarta Utara, Daerah Khusus Ibukota Jakarta, 14250, I"}, "geometry": {"type": "LineString", "coordinates": [[106.9160204, -6.168525], [106.9158954, -6.1687913], [106.9156509, -6.1694217]]}}, {"type": "Feature", "properties": {"name": "Jalan Arteri Kelapa Gading", "query": "Jalan Arteri Kelapa Gading, Jakarta Utara", "source": "nominatim", "osm_id": 525520383, "display": "Jalan Arteri Kelapa Gading, RW 02, Pegangsaan Dua, Kelapa Gading, Jakarta Utara, Daerah Khusus Ibukota Jakarta, 14250, I"}, "geometry": {"type": "LineString", "coordinates": [[106.9161773, -6.1679747], [106.9158366, -6.1687702]]}}, {"type": "Feature", "properties": {"name": "Jalan Arteri Kelapa Gading", "query": "Jalan Arteri Kelapa Gading, Jakarta Utara", "source": "nominatim", "osm_id": 525578366, "display": "Jalan Arteri Kelapa Gading, RW 02, Pegangsaan Dua, Kelapa Gading, Jakarta Utara, Daerah Khusus Ibukota Jakarta, 14250, I"}, "geometry": {"type": "LineString", "coordinates": [[106.9165018, -6.1667396], [106.9167459, -6.1661236]]}}, {"type": "Feature", "properties": {"name": "Jalan Pegangsaan Dua", "query": "Jalan Pegangsaan Dua, Kelapa Gading, Jakarta", "source": "nominatim", "osm_id": 453909144, "display": "Jalan Pegangsaan Dua, RW 03, Pegangsaan Dua, Kelapa Gading, Jakarta Utara, Daerah Khusus Ibukota Jakarta, 14250, Indones"}, "geometry": {"type": "LineString", "coordinates": [[106.915719, -6.1485098], [106.9157074, -6.1484018], [106.915675, -6.1481105], [106.9156511, -6.1479923], [106.9155676, -6.147558], [106.9155296, -6.1473103], [106.9154964, -6.1471153], [106.9154819, -6.1470325], [106.9154058, -6.1466592], [106.9153516, -6.1463955], [106.9152777, -6.1461723], [106.9151685, -6.1458322], [106.9151044, -6.1456324], [106.9150326, -6.1454133], [106.9147913, -6.1446764], [106.9146537, -6.1442563], [106.9146332, -6.1441434], [106.9145966, -6.1439419], [106.9145858, -6.1438825], [106.9145574, -6.1437265], [106.9145278, -6.1435635], [106.9144928, -6.1433709], [106.9144826, -6.1431052], [106.9144512, -6.1422761], [106.914447, -6.1419204], [106.9144433, -6.1417442], [106.9144258, -6.1409114], [106.9144071, -6.1400271], [106.9143975, -6.1398448], [106.9143887, -6.1392148], [106.9143866, -6.1390619], [106.9143855, -6.139008], [106.9144005, -6.1387413], [106.9144086, -6.138597], [106.9144533, -6.1378023], [106.9144942, -6.1375041], [106.9144961, -6.1374502]]}}, {"type": "Feature", "properties": {"name": "Jalan Pegangsaan Dua", "query": "Jalan Pegangsaan Dua, Kelapa Gading, Jakarta", "source": "nominatim", "osm_id": 525578423, "display": "Jalan Pegangsaan Dua, RW 02, Pegangsaan Dua, Kelapa Gading, Jakarta Utara, Daerah Khusus Ibukota Jakarta, 14250, Indones"}, "geometry": {"type": "LineString", "coordinates": [[106.9185625, -6.182645], [106.918543, -6.1823796], [106.918488, -6.1817349], [106.9184665, -6.1813134], [106.9184408, -6.1806834], [106.9184213, -6.1803259], [106.918372, -6.1793586], [106.9182614, -6.1780448], [106.9181914, -6.1768348], [106.9181798, -6.1767596], [106.9181667, -6.1766414], [106.9181407, -6.1762138], [106.9181006, -6.1755543], [106.9180473, -6.1749132], [106.9180133, -6.1745045], [106.9179858, -6.1741889], [106.917952, -6.1737669], [106.9179388, -6.1736077], [106.917901, -6.1731532], [106.917888, -6.1728489], [106.9178344, -6.1719794], [106.917747, -6.1707942], [106.9177097, -6.1702776], [106.9176568, -6.1695619], [106.9176024, -6.1689295], [106.9175693, -6.168504], [106.9175672, -6.1684899], [106.9175485, -6.1683687]]}}, {"type": "Feature", "properties": {"name": "Jalan Pegangsaan Dua", "query": "Jalan Pegangsaan Dua, Kelapa Gading, Jakarta", "source": "nominatim", "osm_id": 570188288, "display": "Jalan Pegangsaan Dua, RW 25, Pegangsaan Dua, Kelapa Gading, Jakarta Utara, Daerah Khusus Ibukota Jakarta, 14250, Indones"}, "geometry": {"type": "LineString", "coordinates": [[106.9165964, -6.1607843], [106.9165811, -6.1605635]]}}, {"type": "Feature", "properties": {"name": "Jalan Pegangsaan Dua", "query": "Jalan Pegangsaan Dua, Kelapa Gading, Jakarta", "source": "nominatim", "osm_id": 897321789, "display": "Jalan Pegangsaan Dua, Summarecon Kelapa Gading, Pegangsaan Dua, Kelapa Gading, Jakarta Utara, Daerah Khusus Ibukota Jaka"}, "geometry": {"type": "LineString", "coordinates": [[106.9157276, -6.1486635], [106.915719, -6.1485098]]}}, {"type": "Feature", "properties": {"name": "Jalan Pegangsaan Dua", "query": "Jalan Pegangsaan Dua, Kelapa Gading, Jakarta", "source": "nominatim", "osm_id": 1052560324, "display": "Jalan Pegangsaan Dua, RW 04, Pegangsaan Dua, Kelapa Gading, Jakarta Utara, Daerah Khusus Ibukota Jakarta, 14250, Indones"}, "geometry": {"type": "LineString", "coordinates": [[106.9185625, -6.182645], [106.9185731, -6.182744]]}}, {"type": "Feature", "properties": {"name": "Jalan Pegangsaan Dua", "query": "Jalan Pegangsaan Dua, Kelapa Gading, Jakarta", "source": "nominatim", "osm_id": 511615298, "display": "Jalan Logistik, RW 04, Tugu Selatan, Koja, Jakarta Utara, Daerah Khusus Ibukota Jakarta, 14260, Indonesia"}, "geometry": {"type": "LineString", "coordinates": [[106.9144961, -6.1374502], [106.9144949, -6.1373742]]}}, {"type": "Feature", "properties": {"name": "Jalan Logistik", "query": "Jalan Logistik, Tugu, Jakarta Utara", "source": "nominatim", "osm_id": 511615297, "display": "Jalan Logistik, RW 04, Tugu Selatan, Koja, Jakarta Utara, Daerah Khusus Ibukota Jakarta, 14260, Indonesia"}, "geometry": {"type": "LineString", "coordinates": [[106.9144949, -6.1373742], [106.9145018, -6.1373321], [106.9145215, -6.1372812], [106.9145568, -6.1371903], [106.9147235, -6.1367519], [106.914922, -6.136256], [106.914997, -6.1360514], [106.9151221, -6.1357097], [106.9151687, -6.1355825], [106.9153202, -6.1352255], [106.9153593, -6.1351295], [106.9154363, -6.1349744], [106.9155563, -6.1347143], [106.9157308, -6.1344145], [106.9158068, -6.1343006], [106.9158458, -6.1342422], [106.9159193, -6.1341478], [106.9160635, -6.134007], [106.9163086, -6.1337396], [106.9164697, -6.1335773], [106.9165594, -6.1334901], [106.9167132, -6.1333406], [106.9169646, -6.1331216], [106.9170398, -6.1330561], [106.9172046, -6.132893], [106.9174057, -6.1326929], [106.9174441, -6.1326514], [106.917572, -6.1324769], [106.9176634, -6.1323224], [106.9179372, -6.1318902], [106.9179561, -6.1318556], [106.9180679, -6.1316507], [106.9181533, -6.1314642], [106.9181938, -6.1313596], [106.9182143, -6.1312831], [106.9182285, -6.1311342], [106.918244, -6.1307186], [106.9181727, -6.1295503], [106.9181621, -6.1294387], [106.9181467, -6.1293654], [106.9180822, -6.1292107]]}}, {"type": "Feature", "properties": {"name": "Jalan Mohammad Husni Thamrin", "source": "osrm_forced_waypoints", "kind": "gap_fill"}, "geometry": {"type": "LineString", "coordinates": [[106.822785, -6.180945], [106.822743, -6.180931], [106.82269, -6.180903], [106.822672, -6.180889], [106.822634, -6.180858], [106.822589, -6.180798], [106.82256, -6.180737], [106.822544, -6.180667], [106.822545, -6.180596], [106.822562, -6.180526], [106.822594, -6.180462], [106.822608, -6.180293], [106.822613, -6.180205], [106.822618, -6.180105], [106.822621, -6.180047], [106.822627, -6.179865], [106.822627, -6.179813], [106.822633, -6.179554], [106.822643, -6.179147], [106.822654, -6.178853], [106.822657, -6.178758], [106.82266, -6.178499], [106.822662, -6.178275], [106.822671, -6.177961], [106.822708, -6.176925], [106.822712, -6.176702], [106.822717, -6.17641]]}}, {"type": "Feature", "properties": {"name": "Jalan Raya Pos Pengumben", "source": "osrm_forced_waypoints", "kind": "gap_fill"}, "geometry": {"type": "LineString", "coordinates": [[106.777706, -6.213987], [106.777696, -6.214274], [106.77769, -6.214477], [106.777688, -6.214535], [106.777679, -6.214781], [106.777676, -6.214859], [106.77765, -6.215051], [106.777635, -6.215125], [106.777595, -6.215341], [106.777549, -6.215518], [106.777506, -6.215604], [106.777468, -6.215664], [106.777261, -6.215969], [106.777148, -6.216124], [106.777062, -6.216118], [106.776776, -6.216135], [106.776707, -6.216138], [106.776557, -6.216147], [106.776375, -6.216157], [106.776156, -6.216169], [106.775854, -6.216186], [106.775736, -6.21619], [106.775465, -6.2162], [106.775387, -6.216204], [106.775119, -6.216214], [106.775079, -6.216234], [106.775047, -6.216247], [106.775012, -6.21625], [106.774975, -6.216262], [106.774903, -6.216272], [106.774847, -6.216287], [106.774793, -6.216301], [106.774712, -6.216241], [106.774685, -6.216222], [106.77463, -6.216183], [106.774307, -6.215904], [106.774003, -6.215601], [106.773814, -6.215396], [106.773555, -6.215114], [106.773134, -6.214652], [106.773001, -6.214478], [106.772674, -6.213942], [106.772618, -6.213839], [106.772372, -6.213345], [106.77217, -6.212944], [106.772085, -6.212774], [106.771974, -6.212549], [106.771694, -6.211951], [106.771476, -6.211506], [106.77141, -6.211375], [106.771275, -6.211077], [106.771315, -6.211064], [106.771364, -6.211045], [106.771415, -6.211032], [106.771553, -6.211305], [106.771628, -6.211462], [106.771742, -6.211688], [106.771861, -6.211927], [106.772016, -6.212258], [106.772168, -6.212575], [106.772207, -6.21266], [106.772327, -6.2129], [106.772331, -6.212909], [106.772418, -6.213105], [106.772512, -6.213308], [106.772714, -6.213711], [106.772811, -6.213885], [106.773218, -6.214535], [106.77329, -6.214615], [106.774129, -6.21551], [106.77442, -6.215782], [106.774799, -6.216136], [106.774842, -6.216168], [106.774886, -6.216202], [106.774975, -6.216262], [106.774903, -6.216272], [106.774847, -6.216287], [106.774793, -6.216301], [106.774608, -6.216334], [106.774405, -6.216355], [106.774212, -6.216377], [106.774007, -6.216394], [106.773801, -6.216411], [106.773759, -6.216413], [106.773652, -6.21642], [106.773192, -6.21641], [106.771894, -6.216496], [106.77179, -6.2165], [106.770717, -6.216577], [106.770635, -6.216583], [106.769615, -6.21666], [106.76935, -6.216676], [106.768653, -6.216727], [106.768058, -6.216733], [106.767935, -6.216736], [106.767708, -6.216742], [106.767698, -6.216742], [106.767531, -6.216752], [106.767531, -6.216678], [106.767711, -6.216668], [106.768075, -6.216654], [106.76865, -6.216646], [106.769423, -6.216592], [106.769416, -6.216523], [106.769396, -6.21634], [106.769413, -6.216499], [106.769416, -6.216523], [106.769423, -6.216592], [106.769609, -6.21658], [106.769939, -6.216555], [106.769993, -6.216551], [106.770629, -6.216502], [106.770635, -6.216583], [106.769615, -6.21666], [106.76935, -6.216676], [106.768653, -6.216727], [106.768058, -6.216733], [106.767935, -6.216736], [106.767708, -6.216742], [106.767698, -6.216742], [106.767531, -6.216752], [106.767518, -6.216753], [106.767455, -6.216758], [106.767423, -6.216761], [106.767235, -6.216777], [106.766826, -6.2168], [106.766284, -6.21683], [106.765826, -6.216854], [106.765619, -6.216864], [106.765406, -6.216873], [106.765103, -6.216887], [106.764537, -6.216921], [106.764521, -6.216922], [106.764499, -6.216923], [106.76445, -6.216938], [106.764105, -6.217067], [106.764038, -6.217087], [106.763849, -6.217137], [106.763723, -6.21717], [106.76333, -6.21721], [106.762396, -6.217275], [106.762105, -6.217263], [106.762053, -6.217268], [106.762023, -6.217271], [106.761956, -6.217291], [106.76164, -6.217399], [106.761575, -6.217411], [106.761299, -6.217445], [106.760827, -6.21747], [106.760297, -6.217489], [106.760292, -6.217421], [106.760291, -6.217409], [106.760632, -6.2174], [106.760827, -6.217394], [106.761295, -6.217372], [106.761299, -6.217445], [106.760827, -6.21747], [106.760297, -6.217489], [106.759974, -6.217502], [106.759801, -6.217508], [106.75952, -6.217534], [106.759162, -6.217584], [106.758884, -6.217643], [106.75854, -6.217744], [106.758271, -6.217826], [106.757917, -6.217927], [106.757809, -6.217959], [106.757712, -6.217985], [106.757475, -6.21805], [106.757384, -6.218077], [106.757293, -6.218104], [106.757154, -6.21815], [106.757015, -6.218196], [106.75694, -6.21822], [106.756661, -6.218319], [106.756357, -6.218437], [106.756136, -6.218531], [106.755956, -6.218585], [106.755837, -6.218602], [106.755625, -6.21862], [106.755453, -6.218619], [106.75523, -6.218605], [106.754937, -6.218571], [106.754702, -6.218528], [106.754493, -6.218493], [106.754313, -6.218464], [106.754118, -6.218446], [106.754037, -6.218444], [106.753956, -6.218442], [106.753775, -6.218445], [106.75336, -6.218484], [106.753189, -6.21851], [106.753018, -6.218531], [106.752844, -6.218534], [106.752615, -6.218516], [106.752373, -6.218467], [106.752053, -6.218395], [106.751751, -6.218317], [106.751494, -6.218243], [106.751252, -6.218164], [106.751035, -6.21809], [106.750812, -6.218004], [106.750312, -6.217852], [106.750162, -6.217809], [106.749685, -6.21766], [106.749265, -6.217529], [106.749069, -6.217465], [106.748983, -6.217442], [106.748924, -6.217432], [106.748779, -6.217436], [106.748556, -6.217455], [106.748435, -6.217464], [106.748014, -6.217535], [106.747825, -6.217567], [106.747549, -6.217615], [106.747314, -6.217658], [106.746836, -6.217742], [106.746421, -6.21782], [106.74627, -6.217852], [106.74618, -6.217871], [106.745819, -6.217993], [106.745622, -6.218084], [106.745466, -6.218173], [106.745161, -6.218345], [106.744871, -6.218518], [106.744467, -6.21877], [106.744377, -6.218823], [106.744252, -6.218897], [106.743662, -6.219245], [106.74355, -6.219305], [106.742137, -6.220005], [106.741418, -6.220322], [106.741264, -6.220376], [106.741084, -6.220423], [106.740994, -6.220429], [106.740953, -6.220432], [106.740708, -6.220428], [106.740529, -6.220408], [106.740032, -6.220343], [106.739599, -6.220295], [106.739442, -6.220281], [106.738939, -6.220253], [106.737511, -6.220075], [106.737463, -6.220069], [106.737464, -6.219883], [106.73745, -6.219678], [106.737416, -6.219222], [106.737383, -6.218775], [106.737379, -6.218707], [106.737331, -6.217647], [106.737489, -6.21655], [106.737516, -6.216361], [106.737534, -6.216242], [106.737798, -6.216276], [106.738251, -6.216319], [106.738463, -6.216318], [106.739512, -6.216216], [106.739525, -6.216175], [106.739553, -6.216142], [106.739592, -6.216122], [106.739635, -6.216118], [106.739676, -6.216131], [106.739709, -6.216158], [106.739723, -6.21618], [106.739735, -6.21622], [106.73973, -6.216263], [106.739709, -6.216301], [106.739665, -6.216332], [106.739611, -6.21634], [106.73956, -6.216321], [106.739525, -6.216537], [106.739453, -6.216983], [106.739429, -6.217216], [106.739432, -6.217763], [106.738809, -6.217706]]}}, {"type": "Feature", "properties": {"name": "Jalan Raya Tugu", "source": "osrm_forced_waypoints", "kind": "gap_fill"}, "geometry": {"type": "LineString", "coordinates": [[106.91808, -6.12921], [106.918027, -6.129175], [106.91794, -6.129157], [106.917769, -6.129086], [106.917642, -6.129019], [106.917684, -6.128932], [106.917719, -6.128838], [106.917739, -6.128769], [106.917782, -6.128727], [106.917789, -6.128633], [106.917805, -6.128495], [106.917881, -6.128089], [106.917914, -6.127905], [106.917957, -6.127772], [106.918037, -6.127578], [106.918084, -6.127463], [106.918261, -6.126983], [106.918331, -6.126813], [106.91839, -6.126663], [106.918471, -6.126505], [106.918488, -6.126482], [106.918644, -6.126263], [106.919029, -6.125922], [106.919235, -6.125828], [106.919396, -6.125777], [106.919503, -6.125759], [106.91956, -6.12575], [106.91975, -6.125743], [106.920073, -6.12572], [106.920603, -6.125626], [106.920656, -6.125613], [106.920705, -6.125599], [106.92086, -6.125532], [106.920882, -6.125524], [106.921198, -6.125375], [106.921417, -6.125265], [106.921557, -6.125184], [106.921633, -6.125136], [106.921819, -6.12502], [106.921925, -6.12496], [106.921948, -6.12502], [106.922115, -6.12545], [106.921925, -6.12496], [106.922, -6.124908], [106.922167, -6.124795], [106.922245, -6.12473], [106.922375, -6.124616], [106.922579, -6.124436], [106.922806, -6.124221], [106.923041, -6.124022], [106.923247, -6.123841], [106.923539, -6.123558], [106.923877, -6.123236], [106.924, -6.123087], [106.924044, -6.123008], [106.924075, -6.122956], [106.924297, -6.122577], [106.924364, -6.122453], [106.924485, -6.122247], [106.924545, -6.122145], [106.924597, -6.122086], [106.924752, -6.121985], [106.924858, -6.121923], [106.925056, -6.121819], [106.926072, -6.121307], [106.926072, -6.121307], [106.925922, -6.120883], [106.925831, -6.120585], [106.925579, -6.119752], [106.925534, -6.119569], [106.925484, -6.119333], [106.925416, -6.119036], [106.925375, -6.11888], [106.925221, -6.118363], [106.925117, -6.118003], [106.924991, -6.117561], [106.924769, -6.116666], [106.92467, -6.116269], [106.924581, -6.115914], [106.924521, -6.115667], [106.924434, -6.115316], [106.924394, -6.115171], [106.924352, -6.115029], [106.924332, -6.11495], [106.92434, -6.114897], [106.924357, -6.114866], [106.924391, -6.114809], [106.924679, -6.114733], [106.924725, -6.114721], [106.924792, -6.114657], [106.924948, -6.11463], [106.925745, -6.114503], [106.926603, -6.114377], [106.926594, -6.114236], [106.926548, -6.114054], [106.926985, -6.113862], [106.927509, -6.113649], [106.927804, -6.113511], [106.928199, -6.113273], [106.928533, -6.113034], [106.928816, -6.112826], [106.929034, -6.112687], [106.929139, -6.112613], [106.929259, -6.112532], [106.92968, -6.112275], [106.929954, -6.112142], [106.930198, -6.112001], [106.930544, -6.111802], [106.930741, -6.111685], [106.931026, -6.111515], [106.931247, -6.111361], [106.931271, -6.111327], [106.931423, -6.111244], [106.931579, -6.111578], [106.931757, -6.111934]]}}, {"type": "Feature", "properties": {"name": "Jalan Mohammad Husni Thamrin", "source": "manual_thamrin_monas"}, "geometry": {"type": "LineString", "coordinates": [[106.82285, -6.181], [106.8228, -6.1798], [106.82276, -6.1786], [106.82273, -6.1775], [106.82271, -6.17641]]}}, {"type": "Feature", "properties": {"name": "Jalan Jati Waringin", "source": "osrm_jati_north"}, "geometry": {"type": "LineString", "coordinates": [[106.909266, -6.246142], [106.909315, -6.245945], [106.909346, -6.245937], [106.909365, -6.245922], [106.909374, -6.24589], [106.909382, -6.245561], [106.909383, -6.245502], [106.909745, -6.245521], [106.90978, -6.245218], [106.909803, -6.245163], [106.909822, -6.245135], [106.909846, -6.24512], [106.909893, -6.245084], [106.909918, -6.245039], [106.910013, -6.244712], [106.910082, -6.24447], [106.90978, -6.244423], [106.909372, -6.244337], [106.909229, -6.244294], [106.908975, -6.244255], [106.908473, -6.24422], [106.908153, -6.244204], [106.908014, -6.24418], [106.907975, -6.244157], [106.90795, -6.244128], [106.90794, -6.244039], [106.907929, -6.243909], [106.907892, -6.243689], [106.907874, -6.243657], [106.907854, -6.243643], [106.90783, -6.243639], [106.907656, -6.243637], [106.90758, -6.243637], [106.907539, -6.243636], [106.907496, -6.243615], [106.907465, -6.243589], [106.90743, -6.243523], [106.90739, -6.243431], [106.90737, -6.243333], [106.907365, -6.243239], [106.907364, -6.243218], [106.907357, -6.243106], [106.907356, -6.242965], [106.90735, -6.242715], [106.907343, -6.242615], [106.907334, -6.242519], [106.907324, -6.242277], [106.907304, -6.242072], [106.907289, -6.241889], [106.907281, -6.241522], [106.907854, -6.241476], [106.907867, -6.241632], [106.907886, -6.24186], [106.907898, -6.241907], [106.907917, -6.241932], [106.907944, -6.241943], [106.907985, -6.241941], [106.908203, -6.241918], [106.90827, -6.241886], [106.908333, -6.241849], [106.908465, -6.241772], [106.908333, -6.241849], [106.90827, -6.241886], [106.908203, -6.241918], [106.907994, -6.24194], [106.907985, -6.241941], [106.907944, -6.241943], [106.907917, -6.241932], [106.907898, -6.241907], [106.907886, -6.24186], [106.907867, -6.241632], [106.907854, -6.241476], [106.907281, -6.241522], [106.907272, -6.241282], [106.907278, -6.241147], [106.90729, -6.24104], [106.907286, -6.24099], [106.907277, -6.240947], [106.907244, -6.240836], [106.907185, -6.240625], [106.907167, -6.240465], [106.907165, -6.240404], [106.907173, -6.240348], [106.907217, -6.240293], [106.907528, -6.240045], [106.907674, -6.239925], [106.907827, -6.239822], [106.907828, -6.239702], [106.907829, -6.239552], [106.907829, -6.239501], [106.907834, -6.239099], [106.90759, -6.239092], [106.907594, -6.238713], [106.907189, -6.238696], [106.907193, -6.23837], [106.907205, -6.238039], [106.906, -6.238005], [106.905992, -6.238005], [106.906002, -6.237721], [106.905944, -6.237716], [106.90567, -6.23769], [106.905388, -6.237672], [106.905296, -6.237667], [106.905304, -6.23746], [106.905308, -6.237358], [106.905351, -6.236352], [106.905355, -6.236209], [106.905306, -6.236206], [106.904978, -6.236184], [106.904811, -6.236172], [106.904086, -6.236128], [106.904096, -6.235804], [106.904106, -6.235486], [106.904116, -6.235182], [106.904125, -6.234869], [106.904138, -6.234481], [106.903805, -6.234467], [106.903755, -6.234465], [106.903723, -6.233985], [106.903673, -6.233246], [106.903666, -6.233242], [106.90366, -6.233232], [106.903656, -6.233219], [106.903652, -6.233206], [106.903649, -6.233125], [106.903643, -6.233042], [106.903639, -6.233001], [106.903635, -6.232965], [106.903634, -6.23294], [106.903639, -6.23289], [106.903649, -6.232848], [106.903658, -6.232783], [106.903663, -6.232749], [106.903668, -6.232624], [106.903682, -6.232267], [106.903687, -6.231914], [106.903187, -6.231897], [106.902702, -6.231879], [106.902443, -6.231868], [106.901648, -6.231832], [106.901318, -6.231817], [106.901249, -6.231814], [106.901469, -6.231464], [106.90166, -6.23113], [106.901681, -6.231087], [106.901877, -6.230684], [106.901902, -6.230635], [106.901902, -6.230583], [106.901923, -6.230437], [106.901925, -6.230401], [106.901918, -6.229878], [106.901916, -6.229678], [106.90192, -6.229541], [106.901648, -6.22952], [106.901582, -6.229513], [106.901422, -6.229507], [106.90118, -6.229494], [106.901022, -6.229526], [106.900895, -6.229547], [106.900681, -6.229581]]}}, {"type": "Feature", "properties": {"name": "Jalan Kemanggisan Raya", "source": "constructed_budi_rawa"}, "geometry": {"type": "LineString", "coordinates": [[106.78285, -6.1895], [106.78285, -6.18985], [106.78285, -6.1902], [106.78285, -6.19055], [106.78285, -6.1909], [106.78285, -6.19125], [106.78285, -6.1916], [106.78285, -6.19195], [106.78285, -6.1923], [106.78285, -6.19265], [106.78285, -6.193], [106.78285, -6.19335], [106.78285, -6.1937], [106.78285, -6.19405], [106.78285, -6.1944], [106.78285, -6.19475], [106.78285, -6.1951], [106.78285, -6.19545], [106.78285, -6.1958], [106.78285, -6.19615], [106.78285, -6.1965], [106.78285, -6.19685], [106.78285, -6.1972], [106.78285, -6.19755], [106.78285, -6.1979], [106.78285, -6.19825], [106.78285, -6.1986], [106.78285, -6.19895], [106.78285, -6.1993], [106.78285, -6.19965], [106.78285, -6.2], [106.78285, -6.20035], [106.78285, -6.2007], [106.78285, -6.20105], [106.78285, -6.2014], [106.78285, -6.20175]]}}, {"type": "Feature", "properties": {"name": "Jalan Budi Raya", "source": "constructed_budi_rawa"}, "geometry": {"type": "LineString", "coordinates": [[106.78285, -6.1895], [106.78285, -6.18985], [106.78285, -6.1902], [106.78285, -6.19055], [106.78285, -6.1909], [106.78285, -6.19125], [106.78285, -6.1916], [106.78285, -6.19195], [106.78285, -6.1923], [106.78285, -6.19265], [106.78285, -6.193], [106.78285, -6.19335], [106.78285, -6.1937], [106.78285, -6.19405], [106.78285, -6.1944], [106.78285, -6.19475], [106.78285, -6.1951], [106.78285, -6.19545], [106.78285, -6.1958], [106.78285, -6.19615]]}}, {"type": "Feature", "properties": {"name": "Jalan Rawa Belong", "source": "constructed_budi_rawa"}, "geometry": {"type": "LineString", "coordinates": [[106.78285, -6.1951], [106.78285, -6.19545], [106.78285, -6.1958], [106.78285, -6.19615], [106.78285, -6.1965], [106.78285, -6.19685], [106.78285, -6.1972], [106.78285, -6.19755], [106.78285, -6.1979], [106.78285, -6.19825], [106.78285, -6.1986], [106.78285, -6.19895], [106.78285, -6.1993], [106.78285, -6.19965], [106.78285, -6.2], [106.78285, -6.20035], [106.78285, -6.2007], [106.78285, -6.20105], [106.78285, -6.2014], [106.78285, -6.20175]]}}, {"type": "Feature", "properties": {"name": "Jalan I Gusti Ngurah Rai", "source": "constructed_klender_flyover"}, "geometry": {"type": "LineString", "coordinates": [[106.9007, -6.2141], [106.9014, -6.2139], [106.9022, -6.21375], [106.90306, -6.2136], [106.9038, -6.2134], [106.9042, -6.212], [106.9042, -6.208], [106.9042, -6.203]]}}, {"type": "Feature", "properties": {"name": "Jalan Bekasi Timur", "source": "constructed_klender_flyover"}, "geometry": {"type": "LineString", "coordinates": [[106.90306, -6.2136], [106.9038, -6.2134], [106.9042, -6.212], [106.9042, -6.208], [106.9042, -6.203]]}}, {"type": "Feature", "properties": {"name": "Jalan Letnan Jenderal Siswondo Parman", "source": "constructed_parman_west"}, "geometry": {"type": "LineString", "coordinates": [[106.7845, -6.205], [106.7877, -6.2028], [106.79, -6.2023], [106.794, -6.2018], [106.7998, -6.2015]]}}, {"type": "Feature", "properties": {"name": "Jalan Arteri Pos Pengumben", "source": "constructed_pengumben_parman"}, "geometry": {"type": "LineString", "coordinates": [[106.77226, -6.21294], [106.775, -6.2115], [106.778, -6.2095], [106.781, -6.2075], [106.7845, -6.205], [106.7877, -6.2028]]}}, {"type": "Feature", "properties": {"name": "Jalan Sultan Agung Barat", "source": "constructed_sultan_west"}, "geometry": {"type": "LineString", "coordinates": [[106.8445, -6.211], [106.842, -6.2092], [106.8395, -6.2076], [106.8365, -6.2064], [106.834, -6.2055], [106.8305, -6.205], [106.827, -6.2047], [106.82338, -6.2044]]}}, {"type": "Feature", "properties": {"name": "Jalan Sultan Agung", "source": "constructed_sultan_west"}, "geometry": {"type": "LineString", "coordinates": [[106.8445, -6.211], [106.842, -6.2092], [106.8395, -6.2076], [106.8365, -6.2064], [106.834, -6.2055], [106.8305, -6.205], [106.827, -6.2047], [106.82338, -6.2044]]}}, {"type": "Feature", "properties": {"name": "Jalan Galunggung", "source": "constructed_sultan_west"}, "geometry": {"type": "LineString", "coordinates": [[106.834, -6.2055], [106.8305, -6.205], [106.827, -6.2047], [106.82338, -6.2044]]}}, {"type": "Feature", "properties": {"name": "Jalan Arteri Kelapa Gading", "source": "osrm_kg_hook"}, "geometry": {"type": "LineString", "coordinates": [[106.924999, -6.183605], [106.924886, -6.183585], [106.924748, -6.183567], [106.924609, -6.18354], [106.924527, -6.183526], [106.924128, -6.18345], [106.924057, -6.183433], [106.923842, -6.183395], [106.92378, -6.183384], [106.923674, -6.183371], [106.923376, -6.183339], [106.923344, -6.183337], [106.923259, -6.183329], [106.922747, -6.183294], [106.922647, -6.183287], [106.922578, -6.183287], [106.922366, -6.183273], [106.922309, -6.183269], [106.921626, -6.183206], [106.921045, -6.183163], [106.920771, -6.183137], [106.920209, -6.183092], [106.919741, -6.183052], [106.919401, -6.183019], [106.919107, -6.182986], [106.918941, -6.182963], [106.918755, -6.182931], [106.918363, -6.182879], [106.917939, -6.182835], [106.917963, -6.183193], [106.917966, -6.183219], [106.917973, -6.183297], [106.917528, -6.183292], [106.917479, -6.183294], [106.91744, -6.183303], [106.917408, -6.18333], [106.917391, -6.183384], [106.917371, -6.183753], [106.917356, -6.183836], [106.917328, -6.183911], [106.917936, -6.183896], [106.917966, -6.183889], [106.917985, -6.183875], [106.917992, -6.18386], [106.917997, -6.183821], [106.917978, -6.183401], [106.917973, -6.183297], [106.917966, -6.183219], [106.917963, -6.183193], [106.917939, -6.182835], [106.917536, -6.182786], [106.917392, -6.182768], [106.916872, -6.182741], [106.916762, -6.182733], [106.916468, -6.182712], [106.9163, -6.182702], [106.915622, -6.182661], [106.915529, -6.182655], [106.914966, -6.182605], [106.914884, -6.182599], [106.914794, -6.182591], [106.914628, -6.182574], [106.914466, -6.182558], [106.913947, -6.182513], [106.913988, -6.182823], [106.914004, -6.182944], [106.914004, -6.182944], [106.914034, -6.182992], [106.914095, -6.183029], [106.914034, -6.182992], [106.914004, -6.182944], [106.913988, -6.182823], [106.913947, -6.182513], [106.913596, -6.182503], [106.913514, -6.182509], [106.913453, -6.18252], [106.913073, -6.182612], [106.912891, -6.182657], [106.912677, -6.182709], [106.912507, -6.182751], [106.912361, -6.182776], [106.912169, -6.182811], [106.912116, -6.182817], [106.912029, -6.182804], [106.911949, -6.182776], [106.91163, -6.182625], [106.911448, -6.182546], [106.911332, -6.182478], [106.911118, -6.182399], [106.910999, -6.182384], [106.91088, -6.182364], [106.910821, -6.18236], [106.910565, -6.182345], [106.910221, -6.182325], [106.910243, -6.182281], [106.91027, -6.182227], [106.910481, -6.182231], [106.910912, -6.182261], [106.911116, -6.18229], [106.911187, -6.182315], [106.911355, -6.18237], [106.911386, -6.182383], [106.911418, -6.182396], [106.911787, -6.182581], [106.911924, -6.182648], [106.911979, -6.182669], [106.912063, -6.182691], [106.912261, -6.182702], [106.912361, -6.182696], [106.912646, -6.182646], [106.912823, -6.182597], [106.913098, -6.182533], [106.913304, -6.182485], [106.913338, -6.182478], [106.913433, -6.182449], [106.913523, -6.182433], [106.913612, -6.182426], [106.913877, -6.182424], [106.914161, -6.182437], [106.914168, -6.182289], [106.914189, -6.182135], [106.914209, -6.182083], [106.914324, -6.181866], [106.91448, -6.181582], [106.914548, -6.181421], [106.91462, -6.181293], [106.914643, -6.18123], [106.914606, -6.181137], [106.914529, -6.181073], [106.914464, -6.181051], [106.914395, -6.181043], [106.914258, -6.181039], [106.914067, -6.181076], [106.913912, -6.181074], [106.913761, -6.181057], [106.913557, -6.181047], [106.913514, -6.181026], [106.913499, -6.180986], [106.913502, -6.180916], [106.913512, -6.180784], [106.913515, -6.180678], [106.913529, -6.180362], [106.913499, -6.180119], [106.913467, -6.179949], [106.913436, -6.179794], [106.913436, -6.179712], [106.91345, -6.179619], [106.913493, -6.179497], [106.913532, -6.179408], [106.913535, -6.17939], [106.913527, -6.179378], [106.913508, -6.179365], [106.913431, -6.179339], [106.913296, -6.17929], [106.913281, -6.179277], [106.913262, -6.179253], [106.913265, -6.179201], [106.913278, -6.179151], [106.913305, -6.179056], [106.913356, -6.178872], [106.913374, -6.178733], [106.913376, -6.178619], [106.913358, -6.178516], [106.913332, -6.178428], [106.913298, -6.178371], [106.913269, -6.178323], [106.913222, -6.178214], [106.913172, -6.178047], [106.913136, -6.177879], [106.913082, -6.177476], [106.913063, -6.177406], [106.913055, -6.177385], [106.913043, -6.17737], [106.913025, -6.17736], [106.913004, -6.177355], [106.912459, -6.177316], [106.912358, -6.177311], [106.912133, -6.177859], [106.912049, -6.178064], [106.911927, -6.178016]]}}, {"type": "Feature", "properties": {"name": "Jalan Pegangsaan Dua", "source": "osrm_kg_hook"}, "geometry": {"type": "LineString", "coordinates": [[106.924999, -6.183605], [106.924886, -6.183585], [106.924748, -6.183567], [106.924609, -6.18354], [106.924527, -6.183526], [106.924128, -6.18345], [106.924057, -6.183433], [106.923842, -6.183395], [106.92378, -6.183384], [106.923674, -6.183371], [106.923376, -6.183339], [106.923344, -6.183337], [106.923259, -6.183329], [106.922747, -6.183294], [106.922647, -6.183287], [106.922578, -6.183287], [106.922366, -6.183273], [106.922309, -6.183269], [106.921626, -6.183206], [106.921045, -6.183163], [106.920771, -6.183137], [106.920209, -6.183092], [106.919741, -6.183052], [106.919401, -6.183019], [106.919107, -6.182986], [106.918941, -6.182963], [106.918755, -6.182931], [106.918363, -6.182879], [106.917939, -6.182835], [106.917963, -6.183193], [106.917966, -6.183219], [106.917973, -6.183297], [106.917528, -6.183292], [106.917479, -6.183294], [106.91744, -6.183303], [106.917408, -6.18333], [106.917391, -6.183384], [106.917371, -6.183753], [106.917356, -6.183836], [106.917328, -6.183911], [106.917936, -6.183896], [106.917966, -6.183889], [106.917985, -6.183875], [106.917992, -6.18386], [106.917997, -6.183821], [106.917978, -6.183401], [106.917973, -6.183297], [106.917966, -6.183219], [106.917963, -6.183193], [106.917939, -6.182835], [106.917536, -6.182786], [106.917392, -6.182768], [106.916872, -6.182741], [106.916762, -6.182733], [106.916468, -6.182712], [106.9163, -6.182702], [106.915622, -6.182661], [106.915529, -6.182655], [106.914966, -6.182605], [106.914884, -6.182599], [106.914794, -6.182591], [106.914628, -6.182574], [106.914466, -6.182558], [106.913947, -6.182513], [106.913988, -6.182823], [106.914004, -6.182944], [106.914004, -6.182944], [106.914034, -6.182992], [106.914095, -6.183029], [106.914034, -6.182992], [106.914004, -6.182944], [106.913988, -6.182823], [106.913947, -6.182513], [106.913596, -6.182503], [106.913514, -6.182509], [106.913453, -6.18252], [106.913073, -6.182612], [106.912891, -6.182657], [106.912677, -6.182709], [106.912507, -6.182751], [106.912361, -6.182776], [106.912169, -6.182811], [106.912116, -6.182817], [106.912029, -6.182804], [106.911949, -6.182776], [106.91163, -6.182625], [106.911448, -6.182546], [106.911332, -6.182478], [106.911118, -6.182399], [106.910999, -6.182384], [106.91088, -6.182364], [106.910821, -6.18236], [106.910565, -6.182345], [106.910221, -6.182325], [106.910243, -6.182281], [106.91027, -6.182227], [106.910481, -6.182231], [106.910912, -6.182261], [106.911116, -6.18229], [106.911187, -6.182315], [106.911355, -6.18237], [106.911386, -6.182383], [106.911418, -6.182396], [106.911787, -6.182581], [106.911924, -6.182648], [106.911979, -6.182669], [106.912063, -6.182691], [106.912261, -6.182702], [106.912361, -6.182696], [106.912646, -6.182646], [106.912823, -6.182597], [106.913098, -6.182533], [106.913304, -6.182485], [106.913338, -6.182478], [106.913433, -6.182449], [106.913523, -6.182433], [106.913612, -6.182426], [106.913877, -6.182424], [106.914161, -6.182437], [106.914168, -6.182289], [106.914189, -6.182135], [106.914209, -6.182083], [106.914324, -6.181866], [106.91448, -6.181582], [106.914548, -6.181421], [106.91462, -6.181293], [106.914643, -6.18123], [106.914606, -6.181137], [106.914529, -6.181073], [106.914464, -6.181051], [106.914395, -6.181043], [106.914258, -6.181039], [106.914067, -6.181076], [106.913912, -6.181074], [106.913761, -6.181057], [106.913557, -6.181047], [106.913514, -6.181026], [106.913499, -6.180986], [106.913502, -6.180916], [106.913512, -6.180784], [106.913515, -6.180678], [106.913529, -6.180362], [106.913499, -6.180119], [106.913467, -6.179949], [106.913436, -6.179794], [106.913436, -6.179712], [106.91345, -6.179619], [106.913493, -6.179497], [106.913532, -6.179408], [106.913535, -6.17939], [106.913527, -6.179378], [106.913508, -6.179365], [106.913431, -6.179339], [106.913296, -6.17929], [106.913281, -6.179277], [106.913262, -6.179253], [106.913265, -6.179201], [106.913278, -6.179151], [106.913305, -6.179056], [106.913356, -6.178872], [106.913374, -6.178733], [106.913376, -6.178619], [106.913358, -6.178516], [106.913332, -6.178428], [106.913298, -6.178371], [106.913269, -6.178323], [106.913222, -6.178214], [106.913172, -6.178047], [106.913136, -6.177879], [106.913082, -6.177476], [106.913063, -6.177406], [106.913055, -6.177385], [106.913043, -6.17737], [106.913025, -6.17736], [106.913004, -6.177355], [106.912459, -6.177316], [106.912358, -6.177311], [106.912133, -6.177859], [106.912049, -6.178064], [106.911927, -6.178016], [106.912213, -6.177303], [106.91221, -6.177303], [106.912136, -6.177296], [106.912675, -6.176049], [106.912743, -6.175877], [106.912867, -6.175586], [106.912935, -6.17561], [106.913331, -6.174544], [106.913768, -6.173362], [106.913903, -6.172999], [106.913937, -6.172919], [106.91394, -6.17292], [106.913988, -6.17294], [106.914057, -6.172968], [106.914102, -6.172986], [106.914067, -6.173071], [106.914031, -6.173052], [106.913949, -6.17302], [106.913903, -6.172999], [106.913937, -6.172919], [106.914465, -6.171692], [106.914499, -6.171611], [106.915144, -6.170028], [106.915162, -6.169991], [106.915197, -6.169914], [106.91521, -6.169884], [106.915691, -6.16871], [106.915768, -6.168741], [106.915823, -6.168764], [106.915837, -6.16877], [106.915895, -6.168791], [106.915652, -6.169421], [106.915651, -6.169422], [106.915365, -6.170118], [106.915166, -6.170602], [106.914999, -6.170986], [106.914702, -6.171714], [106.914677, -6.171784], [106.914623, -6.171762], [106.914606, -6.171753], [106.914529, -6.171718], [106.914465, -6.171692], [106.914499, -6.171611], [106.915144, -6.170028], [106.915162, -6.169991], [106.915197, -6.169914], [106.91521, -6.169884], [106.915691, -6.16871], [106.916051, -6.167907], [106.916061, -6.16788], [106.916076, -6.16784], [106.916133, -6.167681], [106.916249, -6.167382], [106.916287, -6.167236], [106.916292, -6.167152], [106.916289, -6.167094], [106.91629, -6.167044], [106.916277, -6.167018], [106.916265, -6.166999], [106.916242, -6.16697], [106.91618, -6.16694], [106.915966, -6.166849], [106.915779, -6.166776], [106.915596, -6.1667], [106.915405, -6.166621], [106.915085, -6.16648], [106.914973, -6.166427], [106.914339, -6.166125], [106.914246, -6.166078], [106.914081, -6.165984], [106.914037, -6.165935], [106.914018, -6.165879], [106.91393, -6.165827], [106.913807, -6.16576], [106.91352, -6.165607], [106.913634, -6.165491], [106.913858, -6.165635], [106.913959, -6.165697], [106.913984, -6.165713], [106.914038, -6.165753], [106.914075, -6.165777], [106.914136, -6.165756], [106.914177, -6.16576], [106.914217, -6.165772], [106.914272, -6.165794], [106.914773, -6.166067], [106.914892, -6.166122], [106.915054, -6.166182], [106.915141, -6.166221], [106.91542, -6.166346], [106.915591, -6.166408], [106.915608, -6.166377], [106.915632, -6.166335], [106.915658, -6.166288], [106.915869, -6.165846], [106.915878, -6.165826], [106.915887, -6.165799], [106.91644, -6.165952], [106.916531, -6.165998], [106.916539, -6.166018], [106.916425, -6.166366], [106.916505, -6.166122], [106.916539, -6.166018], [106.916531, -6.165998], [106.91644, -6.165952], [106.915887, -6.165799], [106.915878, -6.165826], [106.915869, -6.165846], [106.915658, -6.166288], [106.915632, -6.166335], [106.915608, -6.166377], [106.915591, -6.166408], [106.91588, -6.166524], [106.915984, -6.16657], [106.91616, -6.166637], [106.91637, -6.166758], [106.916417, -6.166798], [106.916464, -6.16686], [106.916501, -6.166939], [106.916506, -6.166998], [106.9165, -6.167179], [106.916449, -6.167263], [106.916356, -6.167479], [106.91629, -6.167657], [106.916177, -6.167975], [106.915837, -6.16877], [106.915895, -6.168791], [106.916148, -6.168804], [106.916508, -6.168794], [106.916558, -6.168799], [106.916608, -6.168816], [106.916662, -6.168831], [106.9167, -6.168846], [106.916781, -6.168862], [106.916846, -6.168876], [106.916914, -6.168883], [106.917602, -6.16893], [106.917569, -6.168504], [106.917567, -6.16849], [106.917549, -6.168369], [106.917538, -6.168297], [106.917534, -6.168273], [106.917512, -6.168017], [106.917502, -6.167702], [106.91748, -6.167492], [106.917452, -6.167287], [106.917418, -6.166957], [106.917333, -6.166604], [106.917278, -6.166413], [106.917158, -6.166015], [106.917097, -6.165815], [106.917034, -6.165613], [106.916986, -6.165421], [106.916936, -6.164991], [106.916915, -6.164817], [106.916911, -6.164764], [106.916911, -6.164705], [106.916906, -6.164595], [106.916903, -6.164541], [106.916889, -6.164373], [106.916845, -6.163964], [106.916835, -6.163873], [106.916816, -6.163705], [106.916747, -6.16309], [106.916729, -6.16275], [106.916712, -6.162385], [106.916708, -6.16225], [106.91669, -6.1619], [106.91664, -6.161259], [106.916596, -6.160784], [106.9166, -6.160784], [106.917186, -6.160838], [106.917235, -6.160842], [106.917261, -6.160843], [106.917282, -6.160839], [106.9173, -6.160832], [106.917313, -6.160819], [106.917319, -6.1608], [106.917335, -6.160705], [106.9174, -6.160125], [106.917447, -6.159706], [106.9174, -6.160125], [106.917335, -6.160705], [106.917319, -6.1608], [106.917313, -6.160819], [106.9173, -6.160832], [106.917282, -6.160839], [106.917261, -6.160843], [106.917235, -6.160842], [106.917186, -6.160838], [106.916596, -6.160784], [106.916581, -6.160564], [106.916478, -6.15902], [106.91647, -6.158895], [106.916447, -6.158566], [106.916309, -6.156815], [106.916198, -6.155214], [106.916301, -6.155217], [106.917521, -6.155294], [106.917562, -6.155303], [106.91759, -6.15532], [106.91761, -6.155353], [106.917617, -6.155385], [106.91759, -6.156222], [106.917627, -6.15627], [106.91769, -6.156285], [106.919176, -6.156022], [106.91769, -6.156285], [106.917627, -6.15627], [106.91759, -6.156222], [106.917617, -6.155385], [106.91761, -6.155353], [106.91759, -6.15532], [106.917562, -6.155303], [106.917521, -6.155294], [106.916301, -6.155217], [106.916301, -6.155217], [106.916198, -6.155214], [106.916181, -6.154977], [106.916179, -6.154933], [106.916164, -6.154722], [106.916162, -6.154694], [106.916118, -6.154041], [106.916115, -6.153998], [106.916076, -6.153549], [106.916063, -6.15342], [106.916053, -6.153304], [106.916042, -6.153177], [106.916017, -6.152891], [106.915988, -6.152591], [106.915946, -6.152023], [106.915934, -6.15186], [106.91592, -6.151664], [106.915915, -6.151587], [106.915881, -6.151156], [106.915853, -6.150713], [106.915796, -6.149834], [106.915782, -6.149639], [106.91575, -6.149076], [106.915746, -6.149004], [106.915728, -6.148664], [106.915594, -6.148661], [106.91474, -6.148677], [106.913337, -6.148564], [106.913055, -6.14855], [106.913021, -6.148477], [106.913006, -6.148431], [106.912998, -6.148405], [106.912978, -6.148338], [106.913043, -6.14834], [106.914131, -6.148403], [106.915205, -6.148481], [106.915424, -6.148497], [106.915457, -6.148499], [106.915485, -6.1485], [106.915584, -6.148506], [106.915719, -6.14851], [106.91572, -6.14851], [106.915932, -6.148602], [106.915728, -6.148664], [106.915719, -6.14851], [106.915707, -6.148402], [106.915675, -6.148111], [106.915651, -6.147992], [106.915568, -6.147558], [106.91553, -6.14731], [106.915496, -6.147115], [106.915482, -6.147033], [106.915406, -6.146659], [106.915352, -6.146396], [106.915278, -6.146172], [106.915169, -6.145832], [106.915104, -6.145632], [106.915033, -6.145413], [106.914791, -6.144676], [106.914654, -6.144256], [106.914633, -6.144143], [106.914597, -6.143942], [106.914586, -6.143883], [106.914557, -6.143727], [106.914528, -6.143564], [106.914493, -6.143371], [106.914483, -6.143105], [106.914451, -6.142276], [106.914447, -6.14192], [106.914443, -6.141744], [106.914426, -6.140911], [106.914407, -6.140027], [106.914398, -6.139845], [106.914389, -6.139215], [106.914387, -6.139062], [106.914386, -6.139008], [106.914401, -6.138741], [106.914409, -6.138597], [106.914453, -6.137802], [106.914494, -6.137504], [106.914496, -6.13745], [106.914496, -6.13745], [106.914495, -6.137374], [106.914502, -6.137332], [106.914522, -6.137281], [106.914557, -6.13719], [106.914724, -6.136752], [106.914922, -6.136256], [106.914997, -6.136051], [106.915122, -6.13571], [106.915169, -6.135583], [106.91532, -6.135226], [106.915359, -6.13513], [106.915436, -6.134974], [106.915556, -6.134714], [106.915731, -6.134415], [106.915807, -6.134301], [106.915846, -6.134242], [106.915919, -6.134148], [106.916064, -6.134007], [106.916309, -6.13374], [106.91647, -6.133577], [106.916559, -6.13349], [106.916713, -6.133341], [106.916965, -6.133122], [106.91704, -6.133056], [106.917205, -6.132893], [106.917406, -6.132693], [106.917444, -6.132651], [106.917433, -6.132639], [106.917416, -6.132625], [106.916883, -6.132422], [106.916795, -6.132415], [106.916762, -6.132429], [106.916712, -6.13245], [106.916455, -6.13275], [106.916413, -6.132757], [106.916369, -6.132749], [106.916199, -6.132688], [106.916369, -6.132749], [106.916413, -6.132757], [106.916413, -6.132757], [106.916455, -6.13275], [106.916712, -6.13245], [106.916762, -6.132429], [106.916795, -6.132415], [106.916883, -6.132422], [106.917416, -6.132625], [106.917433, -6.132639], [106.917444, -6.132651], [106.917572, -6.132477], [106.917663, -6.132322], [106.917937, -6.13189], [106.917956, -6.131856], [106.918068, -6.131651], [106.918153, -6.131464], [106.918194, -6.13136], [106.918214, -6.131283], [106.918229, -6.131134], [106.918244, -6.130719], [106.918173, -6.12955], [106.918162, -6.129439], [106.918147, -6.129365], [106.918082, -6.129211], [106.91808, -6.12921]]}}, {"type": "Feature", "properties": {"name": "Jalan Logistik", "source": "osrm_kg_hook"}, "geometry": {"type": "LineString", "coordinates": [[106.917521, -6.155294], [106.917562, -6.155303], [106.91759, -6.15532], [106.91761, -6.155353], [106.917617, -6.155385], [106.91759, -6.156222], [106.917627, -6.15627], [106.91769, -6.156285], [106.919176, -6.156022], [106.91769, -6.156285], [106.917627, -6.15627], [106.91759, -6.156222], [106.917617, -6.155385], [106.91761, -6.155353], [106.91759, -6.15532], [106.917562, -6.155303], [106.917521, -6.155294], [106.916301, -6.155217], [106.916301, -6.155217], [106.916198, -6.155214], [106.916181, -6.154977], [106.916179, -6.154933], [106.916164, -6.154722], [106.916162, -6.154694], [106.916118, -6.154041], [106.916115, -6.153998], [106.916076, -6.153549], [106.916063, -6.15342], [106.916053, -6.153304], [106.916042, -6.153177], [106.916017, -6.152891], [106.915988, -6.152591], [106.915946, -6.152023], [106.915934, -6.15186], [106.91592, -6.151664], [106.915915, -6.151587], [106.915881, -6.151156], [106.915853, -6.150713], [106.915796, -6.149834], [106.915782, -6.149639], [106.91575, -6.149076], [106.915746, -6.149004], [106.915728, -6.148664], [106.915594, -6.148661], [106.91474, -6.148677], [106.913337, -6.148564], [106.913055, -6.14855], [106.913021, -6.148477], [106.913006, -6.148431], [106.912998, -6.148405], [106.912978, -6.148338], [106.913043, -6.14834], [106.914131, -6.148403], [106.915205, -6.148481], [106.915424, -6.148497], [106.915457, -6.148499], [106.915485, -6.1485], [106.915584, -6.148506], [106.915719, -6.14851], [106.91572, -6.14851], [106.915932, -6.148602], [106.915728, -6.148664], [106.915719, -6.14851], [106.915707, -6.148402], [106.915675, -6.148111], [106.915651, -6.147992], [106.915568, -6.147558], [106.91553, -6.14731], [106.915496, -6.147115], [106.915482, -6.147033], [106.915406, -6.146659], [106.915352, -6.146396], [106.915278, -6.146172], [106.915169, -6.145832], [106.915104, -6.145632], [106.915033, -6.145413], [106.914791, -6.144676], [106.914654, -6.144256], [106.914633, -6.144143], [106.914597, -6.143942], [106.914586, -6.143883], [106.914557, -6.143727], [106.914528, -6.143564], [106.914493, -6.143371], [106.914483, -6.143105], [106.914451, -6.142276], [106.914447, -6.14192], [106.914443, -6.141744], [106.914426, -6.140911], [106.914407, -6.140027], [106.914398, -6.139845], [106.914389, -6.139215], [106.914387, -6.139062], [106.914386, -6.139008], [106.914401, -6.138741], [106.914409, -6.138597], [106.914453, -6.137802], [106.914494, -6.137504], [106.914496, -6.13745], [106.914496, -6.13745], [106.914495, -6.137374], [106.914502, -6.137332], [106.914522, -6.137281], [106.914557, -6.13719], [106.914724, -6.136752], [106.914922, -6.136256], [106.914997, -6.136051], [106.915122, -6.13571], [106.915169, -6.135583], [106.91532, -6.135226], [106.915359, -6.13513], [106.915436, -6.134974], [106.915556, -6.134714], [106.915731, -6.134415], [106.915807, -6.134301], [106.915846, -6.134242], [106.915919, -6.134148], [106.916064, -6.134007], [106.916309, -6.13374], [106.91647, -6.133577], [106.916559, -6.13349], [106.916713, -6.133341], [106.916965, -6.133122], [106.91704, -6.133056], [106.917205, -6.132893], [106.917406, -6.132693], [106.917444, -6.132651], [106.917433, -6.132639], [106.917416, -6.132625], [106.916883, -6.132422], [106.916795, -6.132415], [106.916762, -6.132429], [106.916712, -6.13245], [106.916455, -6.13275], [106.916413, -6.132757], [106.916369, -6.132749], [106.916199, -6.132688], [106.916369, -6.132749], [106.916413, -6.132757], [106.916413, -6.132757], [106.916455, -6.13275], [106.916712, -6.13245], [106.916762, -6.132429], [106.916795, -6.132415], [106.916883, -6.132422], [106.917416, -6.132625], [106.917433, -6.132639], [106.917444, -6.132651], [106.917572, -6.132477], [106.917663, -6.132322], [106.917937, -6.13189], [106.917956, -6.131856], [106.918068, -6.131651], [106.918153, -6.131464], [106.918194, -6.13136], [106.918214, -6.131283], [106.918229, -6.131134], [106.918244, -6.130719], [106.918173, -6.12955], [106.918162, -6.129439], [106.918147, -6.129365], [106.918082, -6.129211], [106.91808, -6.12921]]}}, {"type": "Feature", "properties": {"name": "Jalan Bekasi Raya", "source": "osrm_kg_hook"}, "geometry": {"type": "LineString", "coordinates": [[106.924999, -6.183605], [106.924886, -6.183585], [106.924748, -6.183567], [106.924609, -6.18354], [106.924527, -6.183526], [106.924128, -6.18345], [106.924057, -6.183433], [106.923842, -6.183395], [106.92378, -6.183384], [106.923674, -6.183371], [106.923376, -6.183339], [106.923344, -6.183337], [106.923259, -6.183329], [106.922747, -6.183294], [106.922647, -6.183287], [106.922578, -6.183287], [106.922366, -6.183273], [106.922309, -6.183269], [106.921626, -6.183206], [106.921045, -6.183163], [106.920771, -6.183137], [106.920209, -6.183092], [106.919741, -6.183052], [106.919401, -6.183019], [106.919107, -6.182986], [106.918941, -6.182963], [106.918755, -6.182931], [106.918363, -6.182879], [106.917939, -6.182835], [106.917963, -6.183193], [106.917966, -6.183219], [106.917973, -6.183297], [106.917528, -6.183292], [106.917479, -6.183294], [106.91744, -6.183303], [106.917408, -6.18333], [106.917391, -6.183384], [106.917371, -6.183753], [106.917356, -6.183836], [106.917328, -6.183911]]}}, {"type": "Feature", "properties": {"name": "Jalan Palmerah Utara", "source": "osrm_palmerah"}, "geometry": {"type": "LineString", "coordinates": [[106.799857, -6.201472], [106.79998, -6.201718], [106.800077, -6.201923], [106.80015, -6.201892], [106.800198, -6.201996], [106.800233, -6.202063], [106.800295, -6.202181], [106.800623, -6.202774], [106.800838, -6.203218], [106.800855, -6.203252], [106.801008, -6.203569], [106.800974, -6.203704], [106.800928, -6.203796], [106.800756, -6.203878], [106.800626, -6.203916], [106.800531, -6.203917], [106.800473, -6.203866], [106.80043, -6.203803], [106.799926, -6.202778], [106.799833, -6.20259], [106.799651, -6.20222], [106.799602, -6.202123], [106.799524, -6.202087], [106.799439, -6.202056], [106.799397, -6.202055], [106.799349, -6.202057], [106.799285, -6.202067], [106.799193, -6.202094], [106.799074, -6.202133], [106.798941, -6.20218], [106.7988, -6.202237], [106.798537, -6.202405], [106.798415, -6.202508], [106.7983, -6.202607], [106.798242, -6.202662], [106.798102, -6.202811], [106.798048, -6.202756], [106.798194, -6.202612], [106.798269, -6.202549], [106.798497, -6.202355], [106.798597, -6.202289], [106.798806, -6.202148], [106.798841, -6.202131], [106.798918, -6.202094], [106.799127, -6.202], [106.799245, -6.201919], [106.799328, -6.201833], [106.799363, -6.201792], [106.799383, -6.201768], [106.799464, -6.201667], [106.799489, -6.201645], [106.799502, -6.201636], [106.799515, -6.201629], [106.799527, -6.201623], [106.799559, -6.201609], [106.799588, -6.201601], [106.799633, -6.201593], [106.799665, -6.201593], [106.799706, -6.201596], [106.79975, -6.201604], [106.799778, -6.201615], [106.799824, -6.201635], [106.799846, -6.201646], [106.799868, -6.201658], [106.799884, -6.201666], [106.79998, -6.201718], [106.800077, -6.201923], [106.80015, -6.201892], [106.800198, -6.201996], [106.800233, -6.202063], [106.800295, -6.202181], [106.800623, -6.202774], [106.800838, -6.203218], [106.800855, -6.203252], [106.801008, -6.203569], [106.800974, -6.203704], [106.800928, -6.203796], [106.800756, -6.203878], [106.800626, -6.203916], [106.800531, -6.203917], [106.800473, -6.203866], [106.80043, -6.203803], [106.799926, -6.202778], [106.799833, -6.20259], [106.799651, -6.20222], [106.799602, -6.202123], [106.799524, -6.202087], [106.799439, -6.202056], [106.799397, -6.202055], [106.799349, -6.202057], [106.799285, -6.202067], [106.799193, -6.202094], [106.799074, -6.202133], [106.798941, -6.20218], [106.7988, -6.202237], [106.798537, -6.202405], [106.798415, -6.202508], [106.7983, -6.202607], [106.798242, -6.202662], [106.798102, -6.202811], [106.797988, -6.202935], [106.79776, -6.203211], [106.797548, -6.203506], [106.797474, -6.203607], [106.797411, -6.203585], [106.79729, -6.20355], [106.797226, -6.203539], [106.797148, -6.203527], [106.796675, -6.203545], [106.796641, -6.20356], [106.796626, -6.203582], [106.79663, -6.203764], [106.796634, -6.203831], [106.796636, -6.203867], [106.79679, -6.203857], [106.796815, -6.203855], [106.797053, -6.203869], [106.797206, -6.203889], [106.797272, -6.203917], [106.79707, -6.204383], [106.797004, -6.204565], [106.796994, -6.204592], [106.796785, -6.205156], [106.796724, -6.205331], [106.796707, -6.205384], [106.796651, -6.205572], [106.796438, -6.2062], [106.796342, -6.206591], [106.796288, -6.206906], [106.796257, -6.207116], [106.796179, -6.207486], [106.796154, -6.207547], [106.796113, -6.207579], [106.796064, -6.207606], [106.795984, -6.207617], [106.795641, -6.207652], [106.795574, -6.207655], [106.794724, -6.207701], [106.794695, -6.207702], [106.794485, -6.207711], [106.794255, -6.207727], [106.794062, -6.207737], [106.794057, -6.207685], [106.794304, -6.207669]]}}, {"type": "Feature", "properties": {"name": "Jalan Palmerah Barat", "source": "osrm_palmerah"}, "geometry": {"type": "LineString", "coordinates": [[106.794304, -6.207669], [106.794477, -6.207658], [106.79452, -6.207656], [106.795571, -6.20759], [106.795968, -6.20755], [106.796028, -6.20754], [106.796075, -6.207516], [106.796132, -6.207458], [106.796199, -6.207114], [106.796232, -6.206911], [106.796295, -6.206535], [106.796335, -6.206381], [106.79639, -6.206193], [106.796438, -6.2062], [106.796342, -6.206591], [106.796288, -6.206906], [106.796257, -6.207116], [106.796179, -6.207486], [106.796154, -6.207547], [106.796113, -6.207579], [106.796064, -6.207606], [106.795984, -6.207617], [106.795641, -6.207652], [106.795574, -6.207655], [106.794724, -6.207701], [106.794695, -6.207702], [106.794485, -6.207711], [106.794255, -6.207727], [106.794062, -6.207737], [106.793596, -6.207764], [106.793445, -6.207771], [106.793286, -6.207777], [106.793137, -6.207782], [106.792925, -6.207795], [106.792652, -6.207828], [106.792575, -6.20783], [106.792447, -6.20783], [106.792314, -6.207808], [106.792268, -6.207794], [106.791563, -6.207652], [106.791552, -6.207651], [106.791478, -6.207637], [106.791419, -6.207625], [106.79094, -6.207524], [106.790879, -6.207514], [106.790665, -6.20747], [106.790621, -6.20747], [106.790564, -6.207482], [106.790519, -6.207502], [106.790063, -6.207806], [106.789754, -6.208069], [106.789552, -6.208277], [106.789466, -6.208362], [106.789376, -6.208434], [106.789296, -6.208474], [106.789184, -6.208493], [106.789076, -6.208494], [106.788978, -6.208486], [106.788904, -6.208472], [106.788836, -6.20846], [106.788786, -6.208442], [106.788746, -6.208425], [106.788689, -6.208393], [106.788674, -6.208384], [106.788535, -6.208286], [106.788364, -6.208128], [106.788228, -6.207997], [106.788199, -6.207969], [106.788128, -6.207898], [106.787885, -6.207611], [106.787931, -6.207585], [106.787961, -6.207619], [106.788176, -6.207856], [106.788128, -6.207898], [106.787885, -6.207611], [106.787832, -6.207531], [106.787817, -6.207512], [106.787644, -6.207277], [106.787603, -6.207229], [106.787529, -6.207157], [106.787451, -6.207095], [106.787345, -6.207038], [106.787223, -6.207004], [106.787157, -6.206991], [106.786717, -6.206937], [106.786576, -6.206923], [106.786367, -6.206916], [106.786239, -6.20691], [106.786076, -6.206903], [106.786011, -6.206898], [106.785383, -6.206832], [106.785244, -6.206818], [106.784946, -6.206794], [106.784522, -6.206769], [106.784389, -6.206757], [106.784097, -6.206741], [106.783808, -6.206725], [106.783698, -6.20672], [106.783373, -6.206733], [106.783195, -6.206736], [106.783185, -6.206894], [106.783179, -6.206979], [106.783181, -6.207002]]}}, {"type": "Feature", "properties": {"name": "Jalan Palmerah Utara", "source": "osrm_palmerah"}, "geometry": {"type": "LineString", "coordinates": [[106.799857, -6.201472], [106.79998, -6.201718], [106.800077, -6.201923], [106.80015, -6.201892], [106.800198, -6.201996], [106.800233, -6.202063], [106.800295, -6.202181], [106.800623, -6.202774], [106.800838, -6.203218], [106.800855, -6.203252], [106.801008, -6.203569], [106.800974, -6.203704], [106.800928, -6.203796], [106.800756, -6.203878], [106.800626, -6.203916], [106.800531, -6.203917], [106.800473, -6.203866], [106.80043, -6.203803], [106.799926, -6.202778], [106.799833, -6.20259], [106.799651, -6.20222], [106.799602, -6.202123], [106.799524, -6.202087], [106.799439, -6.202056], [106.799397, -6.202055], [106.799349, -6.202057], [106.799285, -6.202067], [106.799193, -6.202094], [106.799074, -6.202133], [106.798941, -6.20218], [106.7988, -6.202237], [106.798537, -6.202405], [106.798415, -6.202508], [106.7983, -6.202607], [106.798242, -6.202662], [106.798102, -6.202811], [106.798048, -6.202756], [106.798194, -6.202612], [106.798269, -6.202549], [106.798497, -6.202355], [106.798597, -6.202289], [106.798806, -6.202148], [106.798841, -6.202131], [106.798918, -6.202094], [106.799127, -6.202], [106.799245, -6.201919], [106.799328, -6.201833], [106.799363, -6.201792], [106.799383, -6.201768], [106.799464, -6.201667], [106.799489, -6.201645], [106.799502, -6.201636], [106.799515, -6.201629], [106.799527, -6.201623], [106.799559, -6.201609], [106.799588, -6.201601], [106.799633, -6.201593], [106.799665, -6.201593], [106.799706, -6.201596], [106.79975, -6.201604], [106.799778, -6.201615], [106.799824, -6.201635], [106.799846, -6.201646], [106.799868, -6.201658], [106.799884, -6.201666], [106.79998, -6.201718], [106.800077, -6.201923], [106.80015, -6.201892], [106.800198, -6.201996], [106.800233, -6.202063], [106.800295, -6.202181], [106.800623, -6.202774], [106.800838, -6.203218], [106.800855, -6.203252], [106.801008, -6.203569], [106.800974, -6.203704], [106.800928, -6.203796], [106.800756, -6.203878], [106.800626, -6.203916], [106.800531, -6.203917], [106.800473, -6.203866], [106.80043, -6.203803], [106.799926, -6.202778], [106.799833, -6.20259], [106.799651, -6.20222], [106.799602, -6.202123], [106.799524, -6.202087], [106.799439, -6.202056], [106.799397, -6.202055], [106.799349, -6.202057], [106.799285, -6.202067], [106.799193, -6.202094], [106.799074, -6.202133], [106.798941, -6.20218], [106.7988, -6.202237], [106.798537, -6.202405], [106.798415, -6.202508], [106.7983, -6.202607], [106.798242, -6.202662], [106.798102, -6.202811], [106.797988, -6.202935], [106.79776, -6.203211], [106.797548, -6.203506], [106.797474, -6.203607], [106.797411, -6.203585], [106.79729, -6.20355], [106.797226, -6.203539], [106.797148, -6.203527], [106.796675, -6.203545], [106.796641, -6.20356], [106.796626, -6.203582], [106.79663, -6.203764], [106.796634, -6.203831], [106.796636, -6.203867], [106.79679, -6.203857], [106.796815, -6.203855], [106.797053, -6.203869], [106.797206, -6.203889], [106.797272, -6.203917], [106.79707, -6.204383], [106.797004, -6.204565], [106.796994, -6.204592], [106.796785, -6.205156], [106.796724, -6.205331], [106.796707, -6.205384], [106.796651, -6.205572], [106.796438, -6.2062], [106.796342, -6.206591], [106.796288, -6.206906], [106.796257, -6.207116], [106.796179, -6.207486], [106.796154, -6.207547], [106.796113, -6.207579], [106.796064, -6.207606], [106.795984, -6.207617], [106.795641, -6.207652], [106.795574, -6.207655], [106.794724, -6.207701], [106.794695, -6.207702], [106.794485, -6.207711], [106.794255, -6.207727], [106.794062, -6.207737], [106.794057, -6.207685], [106.794304, -6.207669]]}}, {"type": "Feature", "properties": {"name": "Jalan Palmerah Barat", "source": "osrm_palmerah"}, "geometry": {"type": "LineString", "coordinates": [[106.794304, -6.207669], [106.794477, -6.207658], [106.79452, -6.207656], [106.795571, -6.20759], [106.795968, -6.20755], [106.796028, -6.20754], [106.796075, -6.207516], [106.796132, -6.207458], [106.796199, -6.207114], [106.796232, -6.206911], [106.796295, -6.206535], [106.796335, -6.206381], [106.79639, -6.206193], [106.796438, -6.2062], [106.796342, -6.206591], [106.796288, -6.206906], [106.796257, -6.207116], [106.796179, -6.207486], [106.796154, -6.207547], [106.796113, -6.207579], [106.796064, -6.207606], [106.795984, -6.207617], [106.795641, -6.207652], [106.795574, -6.207655], [106.794724, -6.207701], [106.794695, -6.207702], [106.794485, -6.207711], [106.794255, -6.207727], [106.794062, -6.207737], [106.793596, -6.207764], [106.793445, -6.207771], [106.793286, -6.207777], [106.793137, -6.207782], [106.792925, -6.207795], [106.792652, -6.207828], [106.792575, -6.20783], [106.792447, -6.20783], [106.792314, -6.207808], [106.792268, -6.207794], [106.791563, -6.207652], [106.791552, -6.207651], [106.791478, -6.207637], [106.791419, -6.207625], [106.79094, -6.207524], [106.790879, -6.207514], [106.790665, -6.20747], [106.790621, -6.20747], [106.790564, -6.207482], [106.790519, -6.207502], [106.790063, -6.207806], [106.789754, -6.208069], [106.789552, -6.208277], [106.789466, -6.208362], [106.789376, -6.208434], [106.789296, -6.208474], [106.789184, -6.208493], [106.789076, -6.208494], [106.788978, -6.208486], [106.788904, -6.208472], [106.788836, -6.20846], [106.788786, -6.208442], [106.788746, -6.208425], [106.788689, -6.208393], [106.788674, -6.208384], [106.788535, -6.208286], [106.788364, -6.208128], [106.788228, -6.207997], [106.788199, -6.207969], [106.788128, -6.207898], [106.787885, -6.207611], [106.787931, -6.207585], [106.787961, -6.207619], [106.788176, -6.207856], [106.788128, -6.207898], [106.787885, -6.207611], [106.787832, -6.207531], [106.787817, -6.207512], [106.787644, -6.207277], [106.787603, -6.207229], [106.787529, -6.207157], [106.787451, -6.207095], [106.787345, -6.207038], [106.787223, -6.207004], [106.787157, -6.206991], [106.786717, -6.206937], [106.786576, -6.206923], [106.786367, -6.206916], [106.786239, -6.20691], [106.786076, -6.206903], [106.786011, -6.206898], [106.785383, -6.206832], [106.785244, -6.206818], [106.784946, -6.206794], [106.784522, -6.206769], [106.784389, -6.206757], [106.784097, -6.206741], [106.783808, -6.206725], [106.783698, -6.20672], [106.783373, -6.206733], [106.783195, -6.206736], [106.783185, -6.206894], [106.783179, -6.206979], [106.783181, -6.207002]]}}, {"type": "Feature", "properties": {"name": "Jalan Palmerah Utara", "source": "osrm_palmerah"}, "geometry": {"type": "LineString", "coordinates": [[106.799857, -6.201472], [106.79998, -6.201718], [106.800077, -6.201923], [106.80015, -6.201892], [106.800198, -6.201996], [106.800233, -6.202063], [106.800295, -6.202181], [106.800623, -6.202774], [106.800838, -6.203218], [106.800855, -6.203252], [106.801008, -6.203569], [106.800974, -6.203704], [106.800928, -6.203796], [106.800756, -6.203878], [106.800626, -6.203916], [106.800531, -6.203917], [106.800473, -6.203866], [106.80043, -6.203803], [106.799926, -6.202778], [106.799833, -6.20259], [106.799651, -6.20222], [106.799602, -6.202123], [106.799524, -6.202087], [106.799439, -6.202056], [106.799397, -6.202055], [106.799349, -6.202057], [106.799285, -6.202067], [106.799193, -6.202094], [106.799074, -6.202133], [106.798941, -6.20218], [106.7988, -6.202237], [106.798537, -6.202405], [106.798415, -6.202508], [106.7983, -6.202607], [106.798242, -6.202662], [106.798102, -6.202811], [106.798048, -6.202756], [106.798194, -6.202612], [106.798269, -6.202549], [106.798497, -6.202355], [106.798597, -6.202289], [106.798806, -6.202148], [106.798841, -6.202131], [106.798918, -6.202094], [106.799127, -6.202], [106.799245, -6.201919], [106.799328, -6.201833], [106.799363, -6.201792], [106.799383, -6.201768], [106.799464, -6.201667], [106.799489, -6.201645], [106.799502, -6.201636], [106.799515, -6.201629], [106.799527, -6.201623], [106.799559, -6.201609], [106.799588, -6.201601], [106.799633, -6.201593], [106.799665, -6.201593], [106.799706, -6.201596], [106.79975, -6.201604], [106.799778, -6.201615], [106.799824, -6.201635], [106.799846, -6.201646], [106.799868, -6.201658], [106.799884, -6.201666], [106.79998, -6.201718], [106.800077, -6.201923], [106.80015, -6.201892], [106.800198, -6.201996], [106.800233, -6.202063], [106.800295, -6.202181], [106.800623, -6.202774], [106.800838, -6.203218], [106.800855, -6.203252], [106.801008, -6.203569], [106.800974, -6.203704], [106.800928, -6.203796], [106.800756, -6.203878], [106.800626, -6.203916], [106.800531, -6.203917], [106.800473, -6.203866], [106.80043, -6.203803], [106.799926, -6.202778], [106.799833, -6.20259], [106.799651, -6.20222], [106.799602, -6.202123], [106.799524, -6.202087], [106.799439, -6.202056], [106.799397, -6.202055], [106.799349, -6.202057], [106.799285, -6.202067], [106.799193, -6.202094], [106.799074, -6.202133], [106.798941, -6.20218], [106.7988, -6.202237], [106.798537, -6.202405], [106.798415, -6.202508], [106.7983, -6.202607], [106.798242, -6.202662], [106.798102, -6.202811], [106.797988, -6.202935], [106.79776, -6.203211], [106.797548, -6.203506], [106.797474, -6.203607], [106.797411, -6.203585], [106.79729, -6.20355], [106.797226, -6.203539], [106.797148, -6.203527], [106.796675, -6.203545], [106.796641, -6.20356], [106.796626, -6.203582], [106.79663, -6.203764], [106.796634, -6.203831], [106.796636, -6.203867], [106.79679, -6.203857], [106.796815, -6.203855], [106.797053, -6.203869], [106.797206, -6.203889], [106.797272, -6.203917], [106.79707, -6.204383], [106.797004, -6.204565], [106.796994, -6.204592], [106.796785, -6.205156], [106.796724, -6.205331], [106.796707, -6.205384], [106.796651, -6.205572], [106.796438, -6.2062], [106.796342, -6.206591], [106.796288, -6.206906], [106.796257, -6.207116], [106.796179, -6.207486], [106.796154, -6.207547], [106.796113, -6.207579], [106.796064, -6.207606], [106.795984, -6.207617], [106.795641, -6.207652], [106.795574, -6.207655], [106.794724, -6.207701], [106.794695, -6.207702], [106.794485, -6.207711], [106.794255, -6.207727], [106.794062, -6.207737], [106.794057, -6.207685], [106.794304, -6.207669]]}}, {"type": "Feature", "properties": {"name": "Jalan Palmerah Barat", "source": "osrm_palmerah"}, "geometry": {"type": "LineString", "coordinates": [[106.794304, -6.207669], [106.794477, -6.207658], [106.79452, -6.207656], [106.795571, -6.20759], [106.795968, -6.20755], [106.796028, -6.20754], [106.796075, -6.207516], [106.796132, -6.207458], [106.796199, -6.207114], [106.796232, -6.206911], [106.796295, -6.206535], [106.796335, -6.206381], [106.79639, -6.206193], [106.796438, -6.2062], [106.796342, -6.206591], [106.796288, -6.206906], [106.796257, -6.207116], [106.796179, -6.207486], [106.796154, -6.207547], [106.796113, -6.207579], [106.796064, -6.207606], [106.795984, -6.207617], [106.795641, -6.207652], [106.795574, -6.207655], [106.794724, -6.207701], [106.794695, -6.207702], [106.794485, -6.207711], [106.794255, -6.207727], [106.794062, -6.207737], [106.793596, -6.207764], [106.793445, -6.207771], [106.793286, -6.207777], [106.793137, -6.207782], [106.792925, -6.207795], [106.792652, -6.207828], [106.792575, -6.20783], [106.792447, -6.20783], [106.792314, -6.207808], [106.792268, -6.207794], [106.791563, -6.207652], [106.791552, -6.207651], [106.791478, -6.207637], [106.791419, -6.207625], [106.79094, -6.207524], [106.790879, -6.207514], [106.790665, -6.20747], [106.790621, -6.20747], [106.790564, -6.207482], [106.790519, -6.207502], [106.790063, -6.207806], [106.789754, -6.208069], [106.789552, -6.208277], [106.789466, -6.208362], [106.789376, -6.208434], [106.789296, -6.208474], [106.789184, -6.208493], [106.789076, -6.208494], [106.788978, -6.208486], [106.788904, -6.208472], [106.788836, -6.20846], [106.788786, -6.208442], [106.788746, -6.208425], [106.788689, -6.208393], [106.788674, -6.208384], [106.788535, -6.208286], [106.788364, -6.208128], [106.788228, -6.207997], [106.788199, -6.207969], [106.788128, -6.207898], [106.787885, -6.207611], [106.787931, -6.207585], [106.787961, -6.207619], [106.788176, -6.207856], [106.788128, -6.207898], [106.787885, -6.207611], [106.787832, -6.207531], [106.787817, -6.207512], [106.787644, -6.207277], [106.787603, -6.207229], [106.787529, -6.207157], [106.787451, -6.207095], [106.787345, -6.207038], [106.787223, -6.207004], [106.787157, -6.206991], [106.786717, -6.206937], [106.786576, -6.206923], [106.786367, -6.206916], [106.786239, -6.20691], [106.786076, -6.206903], [106.786011, -6.206898], [106.785383, -6.206832], [106.785244, -6.206818], [106.784946, -6.206794], [106.784522, -6.206769], [106.784389, -6.206757], [106.784097, -6.206741], [106.783808, -6.206725], [106.783698, -6.20672], [106.783373, -6.206733], [106.783195, -6.206736], [106.783185, -6.206894], [106.783179, -6.206979], [106.783181, -6.207002]]}}, {"type": "Feature", "properties": {"name": "Jalan Abdul Muis", "source": "nominatim_tj06"}, "geometry": {"type": "LineString", "coordinates": [[106.8199939, -6.176546], [106.8199279, -6.1766533], [106.8198694, -6.1767513], [106.8197208, -6.1769943], [106.8196882, -6.177053], [106.8195729, -6.1772378], [106.8195514, -6.1772732], [106.8195067, -6.1773468], [106.8194558, -6.1774306], [106.8193725, -6.177568], [106.8193177, -6.1776582], [106.8191148, -6.1780023], [106.8189654, -6.1782359], [106.8189212, -6.1783056], [106.8187957, -6.178516], [106.8187753, -6.1785517], [106.8185675, -6.1789094], [106.8184507, -6.1791215], [106.8183784, -6.1792448]]}}, {"type": "Feature", "properties": {"name": "Jalan Abdul Muis", "source": "nominatim_tj06"}, "geometry": {"type": "LineString", "coordinates": [[106.8213101, -6.1738809], [106.821282, -6.1739458], [106.8212423, -6.1740472], [106.8212181, -6.1741103], [106.821093, -6.174425], [106.8210331, -6.1745591], [106.8209576, -6.1747281], [106.820913, -6.1748154], [106.8208004, -6.1750358], [106.8207221, -6.1751891], [106.8206987, -6.175235], [106.8206287, -6.1753721]]}}, {"type": "Feature", "properties": {"name": "Jalan Abdul Muis", "source": "nominatim_tj06"}, "geometry": {"type": "LineString", "coordinates": [[106.817686, -6.1803837], [106.817686, -6.1803089], [106.8178111, -6.1801064], [106.8178403, -6.1800591], [106.8179562, -6.1798556], [106.8179906, -6.1797959], [106.8180013, -6.17978], [106.8180959, -6.1796294], [106.8182411, -6.1793941], [106.8183034, -6.1792772], [106.8183784, -6.1792448]]}}, {"type": "Feature", "properties": {"name": "Jalan Abdul Muis", "source": "nominatim_tj06"}, "geometry": {"type": "LineString", "coordinates": [[106.8173872, -6.1808338], [106.817173, -6.1812133], [106.8170707, -6.1814112], [106.8170265, -6.1815067]]}}, {"type": "Feature", "properties": {"name": "Jalan Abdul Muis", "source": "nominatim_tj06"}, "geometry": {"type": "LineString", "coordinates": [[106.8199939, -6.176546], [106.8200056, -6.1764796], [106.820057, -6.1763888], [106.8201993, -6.1761371], [106.8202652, -6.1760204], [106.8202762, -6.176001], [106.8203292, -6.1759646]]}}, {"type": "Feature", "properties": {"name": "Jalan Kebon Jeruk Raya", "source": "nominatim_tj06"}, "geometry": {"type": "LineString", "coordinates": [[106.7776465, -6.1988989], [106.7774105, -6.1988749], [106.7770672, -6.1988456], [106.7768982, -6.1988309], [106.7768379, -6.1988109], [106.7767909, -6.1987856], [106.7767641, -6.1987656], [106.7767426, -6.1987323], [106.7767279, -6.1987016], [106.7766528, -6.1984269], [106.7766023, -6.1982414], [106.7765723, -6.198131], [106.7765336, -6.198028], [106.7764851, -6.1979483], [106.7764119, -6.1978866], [106.7763274, -6.197849], [106.7762225, -6.1978266], [106.7760349, -6.1978215], [106.7758602, -6.1977962], [106.7757083, -6.197722], [106.7756074, -6.1976633], [106.7752954, -6.1974121], [106.7752225, -6.197355], [106.7751219, -6.1972823], [106.7750179, -6.1972377], [106.7749335, -6.1972237], [106.774835, -6.1972321], [106.7745949, -6.197261]]}}, {"type": "Feature", "properties": {"name": "Jalan Kebon Jeruk Raya", "source": "nominatim_tj06"}, "geometry": {"type": "LineString", "coordinates": [[106.7745949, -6.197261], [106.774438, -6.1972821], [106.7740857, -6.1973366], [106.7737254, -6.1973924], [106.7731467, -6.1974854], [106.7731044, -6.1974922], [106.772429, -6.1976008], [106.772171, -6.197644], [106.7719278, -6.1976847], [106.7717126, -6.1977207], [106.7717001, -6.1977228], [106.7714176, -6.1977701], [106.771305, -6.1977889], [106.7711691, -6.1978116], [106.7711204, -6.1978198], [106.7705494, -6.197923], [106.7699958, -6.1980072], [106.7693981, -6.198095], [106.7690716, -6.1981437]]}}, {"type": "Feature", "properties": {"name": "Jalan Kebon Jeruk Raya", "source": "nominatim_tj06"}, "geometry": {"type": "LineString", "coordinates": [[106.7689271, -6.198188], [106.7684186, -6.1982569], [106.7679344, -6.1983307], [106.7677892, -6.1983528], [106.7673712, -6.1984165], [106.7672133, -6.1984409], [106.7665378, -6.1985452], [106.7658368, -6.1986535], [106.7654513, -6.1987152]]}}, {"type": "Feature", "properties": {"name": "Jalan Kebon Jeruk Raya", "source": "nominatim_tj06"}, "geometry": {"type": "LineString", "coordinates": [[106.7823225, -6.1988415], [106.782289, -6.1988429], [106.7822576, -6.1988443], [106.782209, -6.1988464], [106.7819284, -6.1988581], [106.7813884, -6.1988677], [106.7811397, -6.1988844], [106.7809739, -6.1988934], [106.780803, -6.1989006], [106.7803523, -6.198921], [106.7800981, -6.1989283], [106.7800136, -6.1989309], [106.7798647, -6.1989309], [106.779824, -6.1989285], [106.7787539, -6.1989571], [106.7784405, -6.1989563], [106.7781401, -6.1989363], [106.7779925, -6.1989256], [106.7778437, -6.1989176], [106.7777753, -6.1989109]]}}, {"type": "Feature", "properties": {"name": "Jalan Kebon Jeruk Raya", "source": "nominatim_tj06"}, "geometry": {"type": "LineString", "coordinates": [[106.7657422, -6.1980736], [106.7658187, -6.1985723]]}}, {"type": "Feature", "properties": {"name": "Jalan Puri Indah", "source": "nominatim_tj06"}, "geometry": {"type": "LineString", "coordinates": [[106.7466387, -6.186494], [106.7483008, -6.186448], [106.7488396, -6.1864248], [106.7493653, -6.1863941], [106.7494257, -6.1863861], [106.749482, -6.1863694], [106.7498213, -6.186237], [106.7505035, -6.1860007], [106.7520504, -6.1854251], [106.7521565, -6.1853826], [106.7524203, -6.1852827], [106.7525106, -6.18525], [106.7532145, -6.1849903], [106.7532895, -6.184963], [106.7535696, -6.1848505]]}}, {"type": "Feature", "properties": {"name": "Jalan Puri Indah", "source": "nominatim_tj06"}, "geometry": {"type": "LineString", "coordinates": [[106.746429, -6.1866448], [106.7463812, -6.1866466], [106.7449502, -6.1866995], [106.7448621, -6.1867031], [106.743245, -6.1867641]]}}, {"type": "Feature", "properties": {"name": "Jalan Puri Indah", "source": "nominatim_tj06"}, "geometry": {"type": "LineString", "coordinates": [[106.7432757, -6.1866207], [106.7448599, -6.186569], [106.7449446, -6.186565], [106.7463726, -6.1865051]]}}, {"type": "Feature", "properties": {"name": "Jalan Puri Indah", "source": "nominatim_tj06"}, "geometry": {"type": "LineString", "coordinates": [[106.7427541, -6.1867764], [106.7421975, -6.1867888], [106.741194, -6.1867935]]}}, {"type": "Feature", "properties": {"name": "Jalan Puri Indah", "source": "nominatim_tj06"}, "geometry": {"type": "LineString", "coordinates": [[106.74642, -6.1865032], [106.7466101, -6.1864952]]}}, {"type": "Feature", "properties": {"name": "Jalan Puri Indah Raya", "source": "nominatim_tj06"}, "geometry": {"type": "LineString", "coordinates": [[106.7466387, -6.186494], [106.7483008, -6.186448], [106.7488396, -6.1864248], [106.7493653, -6.1863941], [106.7494257, -6.1863861], [106.749482, -6.1863694], [106.7498213, -6.186237], [106.7505035, -6.1860007], [106.7520504, -6.1854251], [106.7521565, -6.1853826], [106.7524203, -6.1852827], [106.7525106, -6.18525], [106.7532145, -6.1849903], [106.7532895, -6.184963], [106.7535696, -6.1848505]]}}, {"type": "Feature", "properties": {"name": "Jalan Puri Indah Raya", "source": "nominatim_tj06"}, "geometry": {"type": "LineString", "coordinates": [[106.746429, -6.1866448], [106.7463812, -6.1866466], [106.7449502, -6.1866995], [106.7448621, -6.1867031], [106.743245, -6.1867641]]}}, {"type": "Feature", "properties": {"name": "Jalan Puri Indah Raya", "source": "nominatim_tj06"}, "geometry": {"type": "LineString", "coordinates": [[106.7432757, -6.1866207], [106.7448599, -6.186569], [106.7449446, -6.186565], [106.7463726, -6.1865051]]}}, {"type": "Feature", "properties": {"name": "Jalan Puri Indah Raya", "source": "nominatim_tj06"}, "geometry": {"type": "LineString", "coordinates": [[106.7427541, -6.1867764], [106.7421975, -6.1867888], [106.741194, -6.1867935]]}}, {"type": "Feature", "properties": {"name": "Jalan Puri Indah Raya", "source": "nominatim_tj06"}, "geometry": {"type": "LineString", "coordinates": [[106.74642, -6.1865032], [106.7466101, -6.1864952]]}}, {"type": "Feature", "properties": {"name": "Jalan Raya Kebon Jeruk", "source": "nominatim_tj06"}, "geometry": {"type": "LineString", "coordinates": [[106.782559, -6.2009228], [106.7825308, -6.2006855], [106.7825027, -6.2004401], [106.7824916, -6.2003449], [106.7824537, -6.2000202], [106.7824235, -6.1997493], [106.7824202, -6.1997089], [106.782388, -6.1994362], [106.7823757, -6.1993256], [106.7823605, -6.1991882], [106.7823225, -6.1988415]]}}]}