{"type": "FeatureCollection", "features": [{"type": "Feature", "properties": {"name": "Jalan Ciputat Raya", "query": "Jalan Ciputat Raya, Jakarta", "source": "nominatim_mrt", "osm_id": 229062372}, "geometry": {"type": "LineString", "coordinates": [[106.777731, -6.2533862], [106.7778369, -6.2530661], [106.7781055, -6.2522179], [106.7782077, -6.2519177], [106.7782514, -6.2518028], [106.7783029, -6.251517], [106.7783029, -6.2512866], [106.7782926, -6.2509429], [106.7782893, -6.2509016], [106.7782729, -6.2508181], [106.7782504, -6.2507033], [106.7781255, -6.2500473], [106.7781065, -6.2499393], [106.7780449, -6.249495], [106.7780332, -6.2492909], [106.778036, -6.2492086], [106.778039, -6.2491184], [106.7780471, -6.2490289], [106.7780579, -6.2489494], [106.7780843, -6.2488099], [106.7781186, -6.2486771], [106.7782085, -6.2484113], [106.7784231, -6.2479506], [106.7784627, -6.2478621], [106.7785128, -6.2477648], [106.7785867, -6.2476413], [106.7786541, -6.2475357], [106.7787908, -6.247369], [106.7788394, -6.2473156], [106.7788951, -6.2472576], [106.7789985, -6.2471586], [106.7792598, -6.2468868], [106.779457, -6.2466723], [106.7796622, -6.2464745], [106.7798226, -6.2462954], [106.7798871, -6.2462233], [106.779961, -6.2461354], [106.7800238, -6.2460607], [106.7800957, -6.2459158], [106.7801879, -6.2456112], [106.7802038, -6.2455456], [106.7802636, -6.2452992], [106.7802846, -6.2452039], [106.7803578, -6.2449084], [106.78041, -6.2446945], [106.7804255, -6.2446083], [106.7805259, -6.2441708], [106.7805295, -6.2441376], [106.7805421, -6.2440233], [106.7805575, -6.2438825], [106.7805774, -6.2437016], [106.7805909, -6.2436063], [106.7806041, -6.2434833], [106.7806718, -6.2430361], [106.7806859, -6.2429105], [106.7807028, -6.2426744], [106.7807062, -6.242635], [106.780747, -6.2422355], [106.780762, -6.2420522], [106.7807698, -6.2419737], [106.7807896, -6.2418105], [106.7808275, -6.241252]]}}, {"type": "Feature", "properties": {"name": "Jalan Ciputat Raya", "query": "Jalan Ciputat Raya, Jakarta", "source": "nominatim_mrt", "osm_id": 352050879}, "geometry": {"type": "LineString", "coordinates": [[106.7764216, -6.2605086], [106.7764554, -6.2604926], [106.7768181, -6.2603116], [106.7768921, -6.2602578], [106.7770128, -6.2601724], [106.7771007, -6.2600841], [106.7771803, -6.2599859], [106.777203, -6.2599575], [106.7772736, -6.2598614], [106.7773586, -6.2597344], [106.7774306, -6.2595994], [106.7775281, -6.259373], [106.7775621, -6.2592536], [106.7775753, -6.2591571], [106.7775781, -6.2590041], [106.7775525, -6.2587889], [106.7774838, -6.2583027], [106.7774624, -6.2581332], [106.7774374, -6.2579329], [106.7774299, -6.2576802], [106.7774289, -6.2575228], [106.7774309, -6.2574181], [106.7774781, -6.2568846], [106.7775234, -6.2563681]]}}, {"type": "Feature", "properties": {"name": "Jalan Ciputat Raya", "query": "Jalan Ciputat Raya, Jakarta", "source": "nominatim_mrt", "osm_id": 228545549}, "geometry": {"type": "LineString", "coordinates": [[106.7775629, -6.2562828], [106.7775671, -6.2559291], [106.7775245, -6.255368], [106.7774837, -6.2549602], [106.7774776, -6.254793], [106.7774772, -6.2547091], [106.7774767, -6.2546252], [106.7774814, -6.2545057], [106.7775109, -6.254264], [106.7775543, -6.2540544], [106.7776214, -6.253783], [106.7776649, -6.2536072]]}}, {"type": "Feature", "properties": {"name": "Jalan Raya Parung", "query": "Jalan Raya Parung, Bogor", "source": "nominatim_mrt", "osm_id": 1545689963}, "geometry": {"type": "LineString", "coordinates": [[106.7314012, -6.4516442], [106.7314368, -6.451385], [106.7315179, -6.4507694], [106.731604, -6.4499543], [106.7316842, -6.4492642], [106.7317231, -6.4489723], [106.7318881, -6.4477343], [106.7319906, -6.4470227], [106.7320604, -6.4464917], [106.7321013, -6.4462445], [106.7321824, -6.44578], [106.7322049, -6.4456464], [106.7322553, -6.4454073], [106.7323025, -6.4450784], [106.7323781, -6.4447695], [106.7323881, -6.4447285], [106.7324208, -6.4445947], [106.732573, -6.4439729], [106.7325868, -6.4439164], [106.7326871, -6.443513], [106.7327451, -6.4432797], [106.7328558, -6.4428261], [106.73286, -6.4428098], [106.7328664, -6.4427852], [106.7330035, -6.4422539], [106.7330813, -6.4419704], [106.7331699, -6.4416355], [106.7333311, -6.4409839], [106.7334071, -6.4406203], [106.7336603, -6.4396552], [106.7337609, -6.4392748], [106.7338038, -6.4390429], [106.7339185, -6.4385518], [106.7339577, -6.4383459], [106.7340057, -6.4381447], [106.7340814, -6.4378524], [106.7340972, -6.4377913], [106.7342063, -6.43737], [106.7344106, -6.4365869], [106.7344415, -6.4364779], [106.7346648, -6.4355853], [106.7347446, -6.4351262], [106.7347781, -6.434943], [106.7347775, -6.4347251], [106.7347828, -6.4345099], [106.7347265, -6.4342913], [106.7346695, -6.4340388], [106.7345917, -6.4337216], [106.7345079, -6.4334904], [106.7343999, -6.4332712], [106.7343543, -6.4331726], [106.73429, -6.4330633], [106.7342156, -6.4329582], [106.7340342, -6.4327533], [106.7338266, -6.4325255], [106.7337853, -6.4324828], [106.7335976, -6.4322861], [106.7335113, -6.4322006], [106.7334884, -6.4321779], [106.7334656, -6.4321553], [106.7331594, -6.4318519], [106.7327785, -6.4314766], [106.732322, -6.4310062], [106.7322693, -6.430952], [106.7320188, -6.4307018], [106.7318404, -6.4305026], [106.7316996, -6.4303293], [106.7316104, -6.4302094], [106.7315353, -6.4300874], [106.7314535, -6.4299169], [106.7313959, -6.4297649], [106.7313597, -6.4296217], [106.7313355, -6.4294864], [106.7313174, -6.4293292], [106.7313087, -6.4292012], [106.731304, -6.429044], [106.7313261, -6.4285009], [106.7313442, -6.4280051], [106.7313677, -6.427586], [106.7314039, -6.4270383], [106.7314281, -6.4266245], [106.7314448, -6.4264579], [106.7314965, -6.4260614], [106.7315333, -6.4257876], [106.7316037, -6.4254324], [106.7316949, -6.4250499], [106.7317623, -6.4248037], [106.7318378, -6.4245848], [106.7319082, -6.4243854], [106.7321046, -6.4237579], [106.732273, -6.4232128], [106.7324035, -6.422823], [106.7324374, -6.4227208]]}}, {"type": "Feature", "properties": {"name": "Jalan Raya Parung", "query": "Jalan Raya Parung, Bogor", "source": "nominatim_mrt", "osm_id": 1545689962}, "geometry": {"type": "LineString", "coordinates": [[106.7319444, -6.4478396], [106.7319095, -6.4481308], [106.7318786, -6.4483227], [106.731819, -6.448729], [106.731789, -6.4490382], [106.7315817, -6.450776], [106.731495, -6.4514117], [106.7314682, -6.4516549]]}}, {"type": "Feature", "properties": {"name": "Jalan Raya Parung", "query": "Jalan Raya Parung, Bogor", "source": "nominatim_mrt", "osm_id": 333459734}, "geometry": {"type": "LineString", "coordinates": [[106.7339651, -6.4162162], [106.7339326, -6.4163351]]}}, {"type": "Feature", "properties": {"name": "Jalan Raya Parung", "query": "Jalan Raya Parung, Bogor", "source": "nominatim_mrt", "osm_id": 333095446}, "geometry": {"type": "LineString", "coordinates": [[106.7338783, -6.4163175], [106.7339029, -6.416207]]}}, {"type": "Feature", "properties": {"name": "Jalan Raya Parung", "query": "Jalan Raya Parung, Bogor", "source": "nominatim_mrt", "osm_id": 333207636}, "geometry": {"type": "LineString", "coordinates": [[106.731475, -6.427011], [106.7314039, -6.4270383]]}}, {"type": "Feature", "properties": {"name": "Jalan Raya Parung—Ciputat", "query": "Jalan Raya Parung-Ciputat", "source": "nominatim_mrt", "osm_id": 721094081}, "geometry": {"type": "LineString", "coordinates": [[106.7466261, -6.3811789], [106.7466362, -6.3812981], [106.7466295, -6.3814887], [106.7466281, -6.3815674], [106.7466107, -6.3817833], [106.7465953, -6.3820778], [106.7465819, -6.3822831], [106.7465443, -6.3828089], [106.7465074, -6.383176], [106.7464893, -6.3834166], [106.7464779, -6.3835326], [106.7464685, -6.3835992], [106.7463834, -6.3847647], [106.74638, -6.384826], [106.746294, -6.3857453], [106.7462075, -6.3865093], [106.746167, -6.3867473], [106.7459836, -6.3874095], [106.7458979, -6.3876501], [106.7458691, -6.3877276], [106.7457992, -6.3879242], [106.7457767, -6.3879716], [106.7455699, -6.3884176], [106.7454516, -6.3886729], [106.7453092, -6.3889712], [106.7452622, -6.3890611], [106.7447721, -6.3899743], [106.7447009, -6.3901339], [106.7445889, -6.3904155], [106.7444652, -6.3907503], [106.7443547, -6.3910442], [106.7443425, -6.3910766], [106.7443331, -6.3911016], [106.7442459, -6.3913334], [106.7441458, -6.3915699], [106.7441116, -6.3916588], [106.7440737, -6.3917598], [106.7440257, -6.3918858], [106.7439274, -6.3921372], [106.7439177, -6.3921686], [106.743893, -6.3922403], [106.743848, -6.3923769], [106.743789, -6.3925768], [106.7437468, -6.3927141], [106.7437106, -6.39284], [106.743677, -6.3929826], [106.7436207, -6.3933151], [106.7435599, -6.3936718], [106.7435164, -6.3939779], [106.7434866, -6.3941634], [106.7434477, -6.3944883], [106.7433887, -6.3949105], [106.7433199, -6.3953664], [106.7432826, -6.3956339], [106.7432002, -6.3962026], [106.7431311, -6.3966738], [106.7430169, -6.397407], [106.742954, -6.397811], [106.7429447, -6.397871], [106.7429333, -6.3979371], [106.7428687, -6.3983109], [106.7428174, -6.3986075], [106.7428094, -6.3986531], [106.7427885, -6.3987754], [106.7427354, -6.3990475], [106.742668, -6.3993927], [106.7426584, -6.3994494], [106.7426517, -6.3994887], [106.7426438, -6.3995356], [106.7426013, -6.3997866], [106.742579, -6.3999183], [106.7424229, -6.400841], [106.7424209, -6.4008509], [106.7423934, -6.4009852], [106.7423879, -6.4010121], [106.742383, -6.4010358], [106.7423785, -6.4010625], [106.7423721, -6.4011003], [106.742335, -6.4013212], [106.7423071, -6.4014865], [106.742297, -6.4015411], [106.7422847, -6.4016072], [106.7421364, -6.4024054], [106.7420758, -6.402726], [106.7419716, -6.4032595], [106.7419019, -6.403651], [106.7418665, -6.4038669]]}}, {"type": "Feature", "properties": {"name": "Jalan Raya Parung—Ciputat", "query": "Jalan Raya Parung-Ciputat", "source": "nominatim_mrt", "osm_id": 333093351}, "geometry": {"type": "LineString", "coordinates": [[106.7477801, -6.3616079], [106.7473303, -6.3624555], [106.7466068, -6.3638726], [106.7465847, -6.3639344], [106.7463541, -6.3646484], [106.7462691, -6.3649717], [106.746243, -6.3650644], [106.7460893, -6.3655864], [106.7459183, -6.3662123], [106.7457968, -6.3666377], [106.7457021, -6.3670017], [106.7456647, -6.3673408], [106.7456105, -6.3676952], [106.7455155, -6.3684144], [106.7454529, -6.3689914], [106.7453989, -6.3693544], [106.7453098, -6.3701097], [106.7453023, -6.3701491], [106.7452528, -6.370555], [106.7452475, -6.3706966], [106.745246, -6.3708202], [106.7452478, -6.3709053], [106.7452862, -6.3715955], [106.7452932, -6.3716807], [106.7453152, -6.3719917], [106.7453317, -6.3722426], [106.7453568, -6.3725956], [106.7453634, -6.3727436], [106.7453657, -6.3727965], [106.7453904, -6.3731153], [106.7454047, -6.3732939], [106.7454262, -6.373568], [106.7454474, -6.3738385], [106.7455262, -6.3748429], [106.7455537, -6.3752168], [106.7455678, -6.3755392], [106.7456183, -6.3762328], [106.7456704, -6.376791], [106.7457208, -6.3770924], [106.7457525, -6.3772812]]}}, {"type": "Feature", "properties": {"name": "Jalan Raya Parung—Ciputat", "query": "Jalan Raya Parung-Ciputat", "source": "nominatim_mrt", "osm_id": 863476961}, "geometry": {"type": "LineString", "coordinates": [[106.7460313, -6.3787798], [106.7460142, -6.3787097], [106.7459093, -6.37828], [106.7456827, -6.3773484]]}}, {"type": "Feature", "properties": {"name": "Jalan Raya Parung—Ciputat", "query": "Jalan Raya Parung-Ciputat", "source": "nominatim_mrt", "osm_id": 1094353947}, "geometry": {"type": "LineString", "coordinates": [[106.7416579, -6.40459], [106.7417045, -6.4042564], [106.741776, -6.4037453]]}}, {"type": "Feature", "properties": {"name": "Jalan Raya Parung—Ciputat", "query": "Jalan Raya Parung-Ciputat", "source": "nominatim_mrt", "osm_id": 1094353948}, "geometry": {"type": "LineString", "coordinates": [[106.7418665, -6.4038669], [106.7417607, -6.4045152], [106.7417434, -6.4046118]]}}, {"type": "Feature", "properties": {"name": "Jalan Raya Sawangan", "query": "Jalan Raya Sawangan, Depok", "source": "nominatim_mrt", "osm_id": 79586854}, "geometry": {"type": "LineString", "coordinates": [[106.8023919, -6.3946672], [106.8022463, -6.3946512], [106.8020747, -6.3946329], [106.8018786, -6.3946139], [106.8017, -6.3945996], [106.8015859, -6.3945936], [106.801498, -6.3945921], [106.8014323, -6.3945938], [106.8013365, -6.3946006], [106.8012701, -6.3946084], [106.8012042, -6.3946191], [106.8011376, -6.3946331], [106.8010361, -6.3946588], [106.8008316, -6.3947175], [106.800636, -6.3947769], [106.8004367, -6.3948368], [106.8002593, -6.3948874], [106.8001324, -6.3949204], [106.8000566, -6.3949374], [106.7999733, -6.394953], [106.7998368, -6.3949737], [106.7996973, -6.3949912], [106.7996196, -6.3949983], [106.7995505, -6.3950023], [106.7994367, -6.3950051], [106.7992967, -6.3950054], [106.799013, -6.3950007], [106.7988373, -6.3949958], [106.7985784, -6.3949864], [106.79837, -6.3949792], [106.7981023, -6.3949693], [106.7980641, -6.394968], [106.7977853, -6.3949568], [106.7976166, -6.3949478], [106.7973734, -6.3949311], [106.7972019, -6.3949165], [106.7970297, -6.3948994], [106.7969977, -6.3948953], [106.7969605, -6.3948897], [106.7968223, -6.3948687], [106.7965605, -6.3948266], [106.7962933, -6.3947838], [106.7962714, -6.3947803], [106.7960126, -6.3947405], [106.7959604, -6.3947327], [106.7958321, -6.3947136], [106.7957902, -6.3947073], [106.7957491, -6.3947013], [106.7955085, -6.394668], [106.7952743, -6.394637], [106.7950579, -6.3946097]]}}, {"type": "Feature", "properties": {"name": "Jalan Raya Sawangan", "query": "Jalan Raya Sawangan, Depok", "source": "nominatim_mrt", "osm_id": 505422659}, "geometry": {"type": "LineString", "coordinates": [[106.7949414, -6.3946013], [106.794881, -6.394595], [106.7947517, -6.3945823], [106.7944962, -6.3945597], [106.7943208, -6.3945477], [106.7942266, -6.3945413], [106.7940751, -6.3945253], [106.7939349, -6.394516]]}}, {"type": "Feature", "properties": {"name": "Jalan Raya Sawangan", "query": "Jalan Raya Sawangan, Depok", "source": "nominatim_mrt", "osm_id": 1374247235}, "geometry": {"type": "LineString", "coordinates": [[106.8024996, -6.3946896], [106.8025323, -6.394706], [106.8025341, -6.3947069], [106.802568, -6.3947335], [106.8025941, -6.3947642]]}}, {"type": "Feature", "properties": {"name": "Jalan Cinere Raya", "query": "Jalan Cinere Raya, Depok", "source": "nominatim_mrt", "osm_id": 782629199}, "geometry": {"type": "LineString", "coordinates": [[106.7814405, -6.3372317], [106.7814562, -6.3372632], [106.7814018, -6.3373654], [106.7813848, -6.3373971], [106.7813693, -6.3374264], [106.781292, -6.3375714], [106.7812096, -6.3377261], [106.7807932, -6.3385002], [106.7803544, -6.3393543], [106.78004, -6.3399874], [106.7799623, -6.3401515], [106.7796838, -6.3406961]]}}, {"type": "Feature", "properties": {"name": "Jalan Cinere Raya", "query": "Jalan Cinere Raya, Depok", "source": "nominatim_mrt", "osm_id": 753955783}, "geometry": {"type": "LineString", "coordinates": [[106.784216, -6.3296169], [106.7843283, -6.329316], [106.7844953, -6.3290617], [106.784561, -6.3289587], [106.7846883, -6.3287378], [106.7847618, -6.3286087], [106.7849126, -6.3283491], [106.7850682, -6.3280921], [106.7851017, -6.3279389], [106.7850806, -6.3277404], [106.7850525, -6.3275172], [106.7850129, -6.3272146], [106.7849679, -6.3268564], [106.7849638, -6.3268137]]}}, {"type": "Feature", "properties": {"name": "Jalan Cinere Raya", "query": "Jalan Cinere Raya, Depok", "source": "nominatim_mrt", "osm_id": 895653058}, "geometry": {"type": "LineString", "coordinates": [[106.7778248, -6.3451167], [106.7777931, -6.3451672]]}}, {"type": "Feature", "properties": {"name": "Jalan Raya Limo", "query": "Jalan Cinere Raya, Depok", "source": "nominatim_mrt", "osm_id": 225196123}, "geometry": {"type": "LineString", "coordinates": [[106.7763671, -6.3481864], [106.7762461, -6.3496945], [106.7762458, -6.3507522], [106.7762545, -6.3514766], [106.7762486, -6.3523589], [106.7762491, -6.352382], [106.7762443, -6.3527581], [106.7762452, -6.3531234], [106.7762544, -6.3533906], [106.7762008, -6.3534826]]}}, {"type": "Feature", "properties": {"name": "Jalan Karang Tengah Raya", "query": "Jalan Raya Cinere, Depok", "source": "nominatim_mrt", "osm_id": 1100898197}, "geometry": {"type": "LineString", "coordinates": [[106.7833067, -6.317302], [106.7831987, -6.3170773], [106.7830766, -6.316809], [106.7830586, -6.3167728], [106.7830399, -6.3167332], [106.7827736, -6.3162796], [106.7826128, -6.3159624], [106.7825567, -6.3158527]]}}, {"type": "Feature", "properties": {"name": "Jalan Meruyung Raya", "query": "Jalan Limo Raya, Depok", "source": "nominatim_mrt", "osm_id": 1136170450}, "geometry": {"type": "LineString", "coordinates": [[106.7757415, -6.3596935], [106.7757181, -6.3595338], [106.7756738, -6.3591952], [106.7756715, -6.3586616], [106.7756631, -6.3583575], [106.7755857, -6.357847], [106.7755708, -6.3576129], [106.7755596, -6.3567555], [106.7755399, -6.3566076], [106.7755103, -6.3562351], [106.7754911, -6.3558892], [106.7754743, -6.3553104], [106.7754851, -6.3550685], [106.7754953, -6.3549067], [106.7755078, -6.354467], [106.775574, -6.3544359], [106.7760225, -6.354409], [106.7761784, -6.3543775], [106.7761973, -6.3542707], [106.7761928, -6.3540246], [106.7762008, -6.3534826]]}}, {"type": "Feature", "properties": {"name": "Jalan Raya Limo", "query": "Jalan Limo Raya, Depok", "source": "nominatim_mrt", "osm_id": 671953176}, "geometry": {"type": "LineString", "coordinates": [[106.7762008, -6.3534826], [106.7761766, -6.3533833], [106.7761714, -6.3527562], [106.77617, -6.3525645], [106.7761682, -6.3523836], [106.7761492, -6.3507522], [106.7761435, -6.350602], [106.7761344, -6.3499911]]}}, {"type": "Feature", "properties": {"name": "Jalan Andara", "query": "Jalan Andara, Jakarta Selatan", "source": "nominatim_mrt", "osm_id": 652650003}, "geometry": {"type": "LineString", "coordinates": [[106.8035876, -6.3132038], [106.8036365, -6.313473], [106.8037538, -6.3141642], [106.8038029, -6.3145856]]}}, {"type": "Feature", "properties": {"name": "Jalan Andara", "query": "Jalan Andara, Jakarta Selatan", "source": "nominatim_mrt", "osm_id": 818741158}, "geometry": {"type": "LineString", "coordinates": [[106.8037815, -6.3147012], [106.803788, -6.3148727], [106.8037967, -6.3150319], [106.8038093, -6.3152762]]}}, {"type": "Feature", "properties": {"name": "Jalan Krukut Raya", "query": "Jalan Krukut Raya, Depok", "source": "nominatim_mrt", "osm_id": 150859515}, "geometry": {"type": "LineString", "coordinates": [[106.7910238, -6.3579592], [106.7910162, -6.3578918], [106.7910111, -6.3578398], [106.7909371, -6.3571786], [106.7909328, -6.3570255], [106.790944, -6.3568215], [106.7909664, -6.3566894], [106.7909745, -6.3566276], [106.7910482, -6.3560243], [106.7910571, -6.3559828], [106.7911978, -6.3553655], [106.7912232, -6.3552733], [106.7912355, -6.3552211], [106.7914063, -6.354533], [106.7914948, -6.3540677], [106.7914992, -6.3540287], [106.7915297, -6.3537612], [106.791529, -6.3536286], [106.7914889, -6.3533449], [106.79139, -6.3528155], [106.7913821, -6.3526416], [106.791409, -6.3524683], [106.7914387, -6.3523212], [106.7914868, -6.3521677], [106.7916129, -6.3518879], [106.7917972, -6.3516547], [106.7919025, -6.35149], [106.7920478, -6.3511963], [106.7921419, -6.3509959], [106.7921936, -6.3507877], [106.7922314, -6.3503986], [106.7922173, -6.3502233], [106.792086, -6.3498878], [106.7920339, -6.3497666], [106.7919615, -6.3496566], [106.7918962, -6.3495503]]}}, {"type": "Feature", "properties": {"name": "Jalan Krukut Raya", "query": "Jalan Krukut Raya, Depok", "source": "nominatim_mrt", "osm_id": 1122535493}, "geometry": {"type": "LineString", "coordinates": [[106.7912279, -6.3600067], [106.7911843, -6.3594691], [106.7911787, -6.3593025], [106.7911723, -6.3592176], [106.7911535, -6.3589113], [106.7911259, -6.3587348], [106.791117, -6.3586522], [106.7910922, -6.3584834], [106.7910616, -6.3582301], [106.7910238, -6.3579592]]}}, {"type": "Feature", "properties": {"name": "Jalan Krukut Raya", "query": "Jalan Krukut Raya, Depok", "source": "nominatim_mrt", "osm_id": 747932784}, "geometry": {"type": "LineString", "coordinates": [[106.7917027, -6.3479299], [106.79179, -6.3475542], [106.7918704, -6.347069], [106.7919563, -6.3465886], [106.7920299, -6.3461691], [106.7920543, -6.3460123], [106.7921179, -6.3456026], [106.792142, -6.3453141], [106.7921491, -6.3450531], [106.7921454, -6.3448968], [106.7921469, -6.3447048], [106.7921513, -6.3446083], [106.7921706, -6.3444005]]}}, {"type": "Feature", "properties": {"name": "Jalan Tole Iskandar", "query": "Jalan Tole Iskandar, Depok", "source": "nominatim_mrt", "osm_id": 463229388}, "geometry": {"type": "LineString", "coordinates": [[106.8315105, -6.4011842], [106.8317614, -6.4013271], [106.8318862, -6.4014249], [106.8319479, -6.4015079], [106.8319894, -6.4015636], [106.8320389, -6.4016547], [106.8320711, -6.4018088], [106.8320741, -6.401836], [106.8320951, -6.4020279], [106.8321092, -6.4023114], [106.8320934, -6.402539], [106.8320679, -6.4026521], [106.832031, -6.4028168], [106.8319563, -6.4030504], [106.8319304, -6.4031162], [106.8319212, -6.4031608], [106.8319143, -6.4032055], [106.8319145, -6.4032421], [106.8319298, -6.4033058], [106.8319445, -6.4033428], [106.8319813, -6.4033825], [106.8321242, -6.4034574], [106.8323059, -6.403516], [106.8325287, -6.403582], [106.8326894, -6.403626], [106.833039, -6.4037218], [106.8334979, -6.4038433], [106.8335053, -6.403845], [106.8335886, -6.4038646], [106.8336295, -6.4038742], [106.8338097, -6.4038902], [106.8338454, -6.4038902], [106.8339188, -6.4038863], [106.834372, -6.4038538], [106.834588, -6.4038337], [106.8347555, -6.4038105], [106.8348448, -6.4037957], [106.8350042, -6.4037692], [106.8353748, -6.4036835], [106.8354514, -6.403662], [106.8354871, -6.403652], [106.8358652, -6.4035714], [106.836053, -6.4035333], [106.8360833, -6.4035267], [106.8363069, -6.4034779], [106.8365948, -6.4034294], [106.8367048, -6.4034241], [106.8367571, -6.4034334], [106.8368214, -6.4034614], [106.836868, -6.403483], [106.8369887, -6.4035515], [106.8371339, -6.403624], [106.8372358, -6.4036653], [106.8373753, -6.4037093], [106.8374967, -6.4037398], [106.8375442, -6.4037513], [106.8376958, -6.4037879], [106.8377656, -6.4038092], [106.8378246, -6.4038265], [106.8378455, -6.4038304], [106.8379547, -6.4038505], [106.8381426, -6.4038929], [106.8384673, -6.4039526], [106.8390098, -6.4039759], [106.8394371, -6.4039963], [106.8395897, -6.404003], [106.8396663, -6.4040061], [106.8397372, -6.4040066], [106.8401121, -6.4040268], [106.8403578, -6.4040619], [106.8404605, -6.404087], [106.8405489, -6.4041064], [106.8406681, -6.4041406], [106.8407892, -6.4041754], [106.8408823, -6.404211], [106.8412558, -6.4043488], [106.8413835, -6.4043776], [106.8414633, -6.4043778], [106.8415402, -6.4043597], [106.8416347, -6.4043023], [106.8417844, -6.4041605], [106.841808, -6.4041318], [106.8418794, -6.4040697], [106.8419538, -6.4040424], [106.8420522, -6.4040444], [106.8420935, -6.4040565], [106.8421321, -6.4040742], [106.8425171, -6.4044241], [106.8427781, -6.4047088], [106.8430453, -6.4050003], [106.843407, -6.4054008], [106.8434486, -6.4055056], [106.8434572, -6.4055738], [106.8434006, -6.4059999], [106.843412, -6.4060765], [106.8434489, -6.4061515], [106.8434603, -6.4061783], [106.8435034, -6.4062333], [106.8435906, -6.4063021], [106.8436433, -6.4063354], [106.8436797, -6.4063584], [106.8437415, -6.4063881], [106.8437762, -6.406395], [106.8438146, -6.4064027], [106.8439295, -6.4063797]]}}, {"type": "Feature", "properties": {"name": "Jalan Raya Condet", "query": "Jalan Raya Condet, Jakarta", "source": "nominatim_mrt", "osm_id": 1240886181}, "geometry": {"type": "LineString", "coordinates": [[106.8563459, -6.3024755], [106.856352, -6.3025612]]}}, {"type": "Feature", "properties": {"name": "Jalan Tanah Merdeka", "query": "Jalan Tanah Merdeka, Ciracas", "source": "nominatim_mrt", "osm_id": 155958364}, "geometry": {"type": "LineString", "coordinates": [[106.874483, -6.308451], [106.8745413, -6.3084877], [106.8746922, -6.3085797], [106.874823, -6.3086657], [106.8748827, -6.308707], [106.8749363, -6.3087343], [106.8749779, -6.3087463], [106.875179, -6.3087996], [106.875352, -6.3088362], [106.8756571, -6.3089076], [106.8757637, -6.308935], [106.8758469, -6.3089569], [106.8759369, -6.3089868], [106.8762924, -6.3091409], [106.8763384, -6.3091579], [106.8766021, -6.3092932], [106.8767069, -6.3093393], [106.8768306, -6.3093736], [106.8769844, -6.3094162], [106.8771153, -6.3094524], [106.877154, -6.309461], [106.8773573, -6.309506], [106.8776383, -6.3094798], [106.8779236, -6.3093989], [106.8780268, -6.3093833], [106.8784929, -6.3093361], [106.8787875, -6.3093186], [106.8788751, -6.3093268], [106.8790881, -6.3093708], [106.8791799, -6.3094504], [106.8791982, -6.3094835], [106.879283, -6.31053], [106.8793144, -6.310941], [106.8793231, -6.3109972], [106.8793582, -6.311363], [106.8793724, -6.3115182], [106.8793877, -6.3116299], [106.8794279, -6.3119142], [106.879431, -6.3119486], [106.8794827, -6.3124981], [106.8794965, -6.3126986], [106.8795032, -6.3129037], [106.8795094, -6.3130023], [106.8795233, -6.3132876], [106.8795243, -6.3136275], [106.8795252, -6.3138246], [106.879532, -6.3140294], [106.8795332, -6.3141892], [106.8795441, -6.3143945], [106.8795571, -6.3145481], [106.8795714, -6.3146782], [106.8795907, -6.3148572], [106.8796525, -6.3151896], [106.8796685, -6.3152763], [106.8796731, -6.3153305], [106.8796794, -6.3154245], [106.8796831, -6.3154478], [106.8797179, -6.3157654], [106.8797113, -6.3158877], [106.8796995, -6.3159518], [106.8796831, -6.3160303], [106.8796617, -6.3161769], [106.8796359, -6.3162716], [106.879587, -6.3163838], [106.8795601, -6.3164187]]}}, {"type": "Feature", "properties": {"name": "Jalan Tanah Merdeka", "query": "Jalan Tanah Merdeka, Ciracas", "source": "nominatim_mrt", "osm_id": 133165737}, "geometry": {"type": "LineString", "coordinates": [[106.8671625, -6.3031122], [106.8674804, -6.3032811], [106.8676511, -6.3033621], [106.8677708, -6.3034114], [106.8678368, -6.3034407], [106.8678928, -6.30346], [106.8679696, -6.3034837], [106.8681734, -6.3035666], [106.8683622, -6.303621], [106.8684252, -6.3036346], [106.8684561, -6.3036403], [106.8685566, -6.3036546], [106.8688236, -6.3037022], [106.8690351, -6.3037306], [106.8691756, -6.3037453], [106.869299, -6.3037459], [106.8693895, -6.3037523], [106.8697821, -6.3037742], [106.8700726, -6.3037797], [106.8701291, -6.3037832], [106.870394, -6.3037859], [106.8704268, -6.3037862], [106.870577, -6.3037849], [106.8708365, -6.3037962], [106.8709841, -6.3038156], [106.8712274, -6.3038709], [106.8713563, -6.3039129], [106.8715547, -6.3039922], [106.8716446, -6.3040329], [106.8717029, -6.3040688], [106.8718297, -6.3041495], [106.8719003, -6.3041976], [106.8719811, -6.3042581], [106.8720455, -6.3043182], [106.8721036, -6.3043868], [106.8721395, -6.3044328], [106.8721944, -6.3045121], [106.8722581, -6.3045934], [106.8723192, -6.3046547], [106.8725759, -6.304864], [106.8726557, -6.3049413], [106.8727161, -6.305006], [106.8727603, -6.30507], [106.8727694, -6.3050809], [106.8728418, -6.3052241], [106.8728831, -6.3053018], [106.872936, -6.3054412], [106.8729769, -6.3055465], [106.8730279, -6.3056758], [106.8730567, -6.3057518], [106.8730735, -6.3058184], [106.8730829, -6.3058971], [106.8730889, -6.3059697], [106.8730809, -6.3061396], [106.8730661, -6.3063849], [106.8730715, -6.3065195], [106.8730903, -6.3066688], [106.8731111, -6.3068095], [106.8731365, -6.3069641], [106.8731473, -6.3070201], [106.87316, -6.3070754], [106.8731727, -6.3071214], [106.8731942, -6.3071687], [106.8732217, -6.30723], [106.8732666, -6.3073674], [106.8733248, -6.3075526], [106.8733555, -6.3076499]]}}, {"type": "Feature", "properties": {"name": "Jalan Tanah Merdeka", "query": "Jalan Tanah Merdeka, Ciracas", "source": "nominatim_mrt", "osm_id": 510416574}, "geometry": {"type": "LineString", "coordinates": [[106.874483, -6.308451], [106.8742255, -6.3083364], [106.8741625, -6.3083177], [106.8740807, -6.3083051], [106.8739774, -6.3082924], [106.8737823, -6.3082731]]}}, {"type": "Feature", "properties": {"name": "Jalan Tanah Merdeka", "query": "Jalan Tanah Merdeka, Ciracas", "source": "nominatim_mrt", "osm_id": 133165735}, "geometry": {"type": "LineString", "coordinates": [[106.8733555, -6.3076499], [106.8739746, -6.307769], [106.8740147, -6.3077767]]}}, {"type": "Feature", "properties": {"name": "Jalan Tanah Merdeka", "query": "Jalan Tanah Merdeka, Ciracas", "source": "nominatim_mrt", "osm_id": 133165736}, "geometry": {"type": "LineString", "coordinates": [[106.873286, -6.3079499], [106.8733555, -6.3076499]]}}, {"type": "Feature", "properties": {"name": "Jalan Palakali", "query": "Jalan Palakali, Depok", "source": "nominatim_mrt", "osm_id": 294111448}, "geometry": {"type": "LineString", "coordinates": [[106.8203116, -6.3678177], [106.8202471, -6.3678113], [106.8200609, -6.3677983], [106.8198811, -6.3677793], [106.8197451, -6.367761], [106.8190806, -6.3677018], [106.8190003, -6.3677116], [106.8188728, -6.3677748], [106.8187888, -6.3678557], [106.8186562, -6.3682399], [106.8186006, -6.3683252], [106.8183082, -6.3687504], [106.8181955, -6.368877], [106.8179682, -6.3690565], [106.8173821, -6.3691076], [106.8172456, -6.3691246], [106.8167492, -6.3692307], [106.8166, -6.3692701], [106.8163283, -6.3692845], [106.8159277, -6.3694471], [106.8156859, -6.3695518], [106.8153423, -6.3695727], [106.8152255, -6.3695458], [106.8142592, -6.3691837], [106.8137329, -6.3689876], [106.8136528, -6.3689087], [106.8136216, -6.3688311], [106.8136004, -6.3686001], [106.8135946, -6.3681851], [106.8135305, -6.3681853]]}}, {"type": "Feature", "properties": {"name": "Jalan Palakali", "query": "Jalan Palakali, Depok", "source": "nominatim_mrt", "osm_id": 151298751}, "geometry": {"type": "LineString", "coordinates": [[106.8067585, -6.374852], [106.8066257, -6.374848], [106.8064997, -6.374854], [106.8064052, -6.3748627], [106.8062409, -6.37488], [106.8060289, -6.3748746], [106.805868, -6.3748693], [106.8057593, -6.374862], [106.8056441, -6.3748361], [106.8056139, -6.3748242], [106.8055596, -6.3748027], [106.8054831, -6.3747667], [106.8053987, -6.3747248], [106.8053236, -6.3746835], [106.8051954, -6.37462], [106.8051171, -6.3745935], [106.8050432, -6.3745854], [106.8047629, -6.374552], [106.8045691, -6.3745401], [106.8044939, -6.3745263], [106.8044598, -6.3745201], [106.8043667, -6.3745002], [106.804297, -6.3744801], [106.8042579, -6.3744694], [106.8041783, -6.3744469], [106.8040911, -6.3744289], [106.8040174, -6.3744261], [106.803961, -6.3744296], [106.8038202, -6.3744361], [106.8035615, -6.3744396], [106.8031418, -6.3744467], [106.8030008, -6.374446], [106.8029096, -6.3744442], [106.8024684, -6.3744601], [106.8022725, -6.3744662], [106.802123, -6.3744727], [106.8019722, -6.3744782], [106.8018837, -6.3744814], [106.8018121, -6.3744842], [106.8015041, -6.3744962], [106.8010715, -6.3745415]]}}, {"type": "Feature", "properties": {"name": "Jalan Palakali", "query": "Jalan Palakali, Depok", "source": "nominatim_mrt", "osm_id": 778460028}, "geometry": {"type": "LineString", "coordinates": [[106.816986, -6.3669112], [106.8167031, -6.3668834]]}}, {"type": "Feature", "properties": {"name": "Jalan Palakali", "query": "Jalan Palakali, Depok", "source": "nominatim_mrt", "osm_id": 1409176028}, "geometry": {"type": "LineString", "coordinates": [[106.8135305, -6.3681853], [106.8134084, -6.368172]]}}, {"type": "Feature", "properties": {"name": "Jalan Haji Muhamad Alif 4", "query": "Jalan Palakali, Depok", "source": "nominatim_mrt", "osm_id": 1240480912}, "geometry": {"type": "LineString", "coordinates": [[106.8171949, -6.3652333], [106.8173683, -6.3652547], [106.817727, -6.3653272], [106.8186562, -6.3654646]]}}, {"type": "Feature", "properties": {"name": "Jalan Lebak Bulus Raya", "query": "Jalan Lebak Bulus Raya, Jakarta", "source": "nominatim_mrt", "osm_id": 31846812}, "geometry": {"type": "LineString", "coordinates": [[106.7740202, -6.2978244], [106.7737115, -6.2973029], [106.7736091, -6.2971037], [106.7735224, -6.2969334], [106.7734764, -6.296843], [106.7734006, -6.2966847], [106.7733352, -6.2965507], [106.7733279, -6.2965386], [106.7733201, -6.2965254], [106.7732035, -6.2963121], [106.7731626, -6.2962388], [106.7731237, -6.2961791], [106.7729641, -6.2959952], [106.7728053, -6.295833], [106.7727453, -6.295772], [106.7726965, -6.2957276], [106.7725782, -6.2956289], [106.7725031, -6.2955639], [106.7724612, -6.2955123], [106.7724253, -6.2954556], [106.7723814, -6.2953656], [106.7723431, -6.2952537], [106.7721059, -6.2943517], [106.7720429, -6.2941381], [106.7720258, -6.294067], [106.7720146, -6.2940083], [106.7719851, -6.2937767], [106.7719713, -6.2934191], [106.7719616, -6.2933375], [106.7719499, -6.2932508], [106.7719197, -6.2931082], [106.771901, -6.2930332], [106.7718697, -6.2929528], [106.7715656, -6.292298], [106.7714808, -6.2921377], [106.7714312, -6.2920411], [106.7712964, -6.2917568], [106.7712032, -6.2915505], [106.771106, -6.2912859], [106.7710645, -6.2911686], [106.7710322, -6.2910773], [106.7709628, -6.2908247], [106.7709281, -6.2906984], [106.7709147, -6.2906201], [106.7709087, -6.2905734], [106.7709029, -6.2905106], [106.7708997, -6.2904468], [106.7708992, -6.2903771], [106.7709068, -6.2902215], [106.7709343, -6.2899409], [106.7709393, -6.2898436], [106.7709497, -6.2896576]]}}, {"type": "Feature", "properties": {"name": "Jalan Lebak Bulus Raya", "query": "Jalan Lebak Bulus Raya, Jakarta", "source": "nominatim_mrt", "osm_id": 502297717}, "geometry": {"type": "LineString", "coordinates": [[106.7783024, -6.2992077], [106.77818, -6.2993081], [106.7780948, -6.2993758], [106.7780154, -6.2994472], [106.7780036, -6.2994566], [106.77795, -6.2994983], [106.7779114, -6.2995213], [106.7776563, -6.2996323], [106.7775946, -6.2996596], [106.777444, -6.2997266], [106.7772731, -6.2998047], [106.7769709, -6.2999469], [106.7767727, -6.300048]]}}, {"type": "Feature", "properties": {"name": "Jalan Lebak Bulus Raya", "query": "Jalan Lebak Bulus Raya, Jakarta", "source": "nominatim_mrt", "osm_id": 1289085728}, "geometry": {"type": "LineString", "coordinates": [[106.7767727, -6.300048], [106.7761767, -6.3003431], [106.7760962, -6.3003584], [106.7760292, -6.3003504], [106.7759394, -6.3003275], [106.7757636, -6.3002291], [106.7755718, -6.3000985], [106.7754799, -6.3000288], [106.7753761, -6.2999412], [106.7752806, -6.299846]]}}, {"type": "Feature", "properties": {"name": "Jalan Lebak Bulus Raya", "query": "Jalan Lebak Bulus Raya, Jakarta", "source": "nominatim_mrt", "osm_id": 590635009}, "geometry": {"type": "LineString", "coordinates": [[106.7710805, -6.2892557], [106.7710007, -6.289307], [106.7709819, -6.2893284], [106.7709719, -6.2893497], [106.7709641, -6.2894373], [106.7709497, -6.2896576]]}}, {"type": "Feature", "properties": {"name": "Jalan Arif Rahman Hakim", "query": "Jalan Arif Rahman Hakim, Depok", "source": "nominatim_mrt", "osm_id": 154592768}, "geometry": {"type": "LineString", "coordinates": [[106.8243613, -6.390157], [106.823682, -6.390173], [106.8232867, -6.3901895], [106.8228686, -6.3902036], [106.8225642, -6.3902078], [106.8222535, -6.3901983], [106.8220449, -6.3901911], [106.821897, -6.3901691], [106.8218628, -6.3901645], [106.8218055, -6.3901563], [106.8216386, -6.3901196], [106.8214244, -6.3900707], [106.8211768, -6.3899946], [106.8210968, -6.3899701], [106.8208831, -6.3898873], [106.820702, -6.3898073], [106.8205035, -6.38971], [106.8203156, -6.3896104], [106.8199359, -6.3894015], [106.8195015, -6.389188]]}}, {"type": "Feature", "properties": {"name": "Jalan Arif Rahman Hakim", "query": "Jalan Arif Rahman Hakim, Depok", "source": "nominatim_mrt", "osm_id": 174246467}, "geometry": {"type": "LineString", "coordinates": [[106.8190099, -6.3889207], [106.8190957, -6.3889075], [106.8191889, -6.3889249], [106.8193477, -6.3889919], [106.8194782, -6.3890439], [106.8196545, -6.3891234], [106.8198463, -6.3892056], [106.819988, -6.3892781], [106.8203058, -6.3894581], [106.8205012, -6.3895614], [106.8206169, -6.3896223], [106.8208316, -6.3897281], [106.8209509, -6.3897759], [106.8210214, -6.3898003], [106.8212374, -6.3898873], [106.8215032, -6.3899681], [106.8217582, -6.3900265], [106.8218122, -6.3900389]]}}, {"type": "Feature", "properties": {"name": "Jalan Arif Rahman Hakim", "query": "Jalan Arif Rahman Hakim, Depok", "source": "nominatim_mrt", "osm_id": 142718006}, "geometry": {"type": "LineString", "coordinates": [[106.8238875, -6.3900302], [106.8239598, -6.3900346], [106.8241829, -6.390035], [106.824291, -6.3900435], [106.8243867, -6.3900552], [106.8244712, -6.3900676]]}}, {"type": "Feature", "properties": {"name": "Jalan Arif Rahman Hakim", "query": "Jalan Arif Rahman Hakim, Depok", "source": "nominatim_mrt", "osm_id": 711280393}, "geometry": {"type": "LineString", "coordinates": [[106.8170702, -6.3887752], [106.817123, -6.3887724], [106.8175231, -6.3887511], [106.8176736, -6.3887488]]}}, {"type": "Feature", "properties": {"name": "Jalan Arif Rahman Hakim", "query": "Jalan Arif Rahman Hakim, Depok", "source": "nominatim_mrt", "osm_id": 174249862}, "geometry": {"type": "LineString", "coordinates": [[106.8251875, -6.3900585], [106.8252342, -6.3900568], [106.8253559, -6.390056], [106.8254173, -6.3900584], [106.825465, -6.3900645], [106.8254985, -6.3900719], [106.8255509, -6.3900915]]}}, {"type": "Feature", "properties": {"name": "Jalan Dewi Sartika", "query": "Jalan Dewi Sartika, Cililitan", "source": "nominatim_mrt", "osm_id": 693552630}, "geometry": {"type": "LineString", "coordinates": [[106.8650768, -6.2630718], [106.8648988, -6.2629213], [106.864758, -6.2627381], [106.8644705, -6.2622809], [106.8642563, -6.261892], [106.8641548, -6.2617076], [106.8638927, -6.2612404], [106.8638603, -6.2611758], [106.86384, -6.2611226], [106.8638265, -6.2610676], [106.8638257, -6.2610647], [106.8638175, -6.2609977], [106.8638198, -6.2609263], [106.8638307, -6.2608531], [106.8641772, -6.259533], [106.8641873, -6.2594622], [106.86419, -6.2593989], [106.8641865, -6.2593446], [106.8641694, -6.2592716], [106.8640881, -6.2590475], [106.863969, -6.2587191], [106.8637543, -6.2580787]]}}, {"type": "Feature", "properties": {"name": "Jalan Dewi Sartika", "query": "Jalan Dewi Sartika, Cililitan", "source": "nominatim_mrt", "osm_id": 693546077}, "geometry": {"type": "LineString", "coordinates": [[106.8638249, -6.258058], [106.8639488, -6.25842], [106.8640422, -6.2586939], [106.8641112, -6.2588908], [106.864204, -6.2591557], [106.8642462, -6.2592663], [106.8642624, -6.2593323], [106.8642685, -6.2593992], [106.8642645, -6.2594636], [106.8642542, -6.2595334], [106.864242, -6.2595923], [106.8640031, -6.2604346], [106.8639332, -6.2606813], [106.8639074, -6.2607926], [106.8638943, -6.2608743], [106.8638896, -6.2609427], [106.8638948, -6.2610111], [106.8639201, -6.2611066], [106.863959, -6.2611974], [106.8640917, -6.2614552], [106.8642673, -6.2617597], [106.8643139, -6.2618392]]}}, {"type": "Feature", "properties": {"name": "Jalan Dewi Sartika", "query": "Jalan Dewi Sartika, Cililitan", "source": "nominatim_mrt", "osm_id": 768557185}, "geometry": {"type": "LineString", "coordinates": [[106.8645921, -6.2623099], [106.8646599, -6.2624172], [106.8647863, -6.2626172], [106.8649306, -6.2627893], [106.8650045, -6.2628826], [106.8651581, -6.2630049]]}}, {"type": "Feature", "properties": {"name": "Jalan Dewi Sartika", "query": "Jalan Dewi Sartika, Cililitan", "source": "nominatim_mrt", "osm_id": 307001659}, "geometry": {"type": "LineString", "coordinates": [[106.8662143, -6.2491802], [106.8661749, -6.2492634], [106.8661312, -6.24936], [106.8660122, -6.2496226], [106.8658888, -6.2499069], [106.8657902, -6.2501211], [106.8657457, -6.2502191], [106.8656276, -6.2504958], [106.8654245, -6.2509776], [106.8648276, -6.25238], [106.8647979, -6.2524539], [106.8647605, -6.2525452], [106.8645632, -6.253031], [106.8644977, -6.2531914], [106.8643361, -6.2535582], [106.8643162, -6.2536004], [106.8641711, -6.2538874], [106.8640476, -6.2541614], [106.863667, -6.2550082], [106.8636165, -6.2552069], [106.8635952, -6.2553373], [106.8635897, -6.2554001], [106.8635833, -6.2554729], [106.8635814, -6.2555642], [106.8635721, -6.2558965], [106.8635637, -6.2561517], [106.8635612, -6.2562305], [106.863555, -6.2564181], [106.8635566, -6.2566903], [106.8635752, -6.2569469], [106.8635852, -6.2570176], [106.8635991, -6.2571155], [106.8636354, -6.2573005], [106.8637245, -6.2576569], [106.8638004, -6.2579602], [106.8638056, -6.2579809]]}}, {"type": "Feature", "properties": {"name": "Jalan Dewi Sartika", "query": "Jalan Dewi Sartika, Cililitan", "source": "nominatim_mrt", "osm_id": 976869319}, "geometry": {"type": "LineString", "coordinates": [[106.8637543, -6.2580787], [106.8637288, -6.258004]]}}, {"type": "Feature", "properties": {"name": "Jalan Proklamasi", "query": "Jalan Proklamasi, Jakarta", "source": "nominatim_mrt", "osm_id": 586887160}, "geometry": {"type": "LineString", "coordinates": [[106.8439548, -6.2007441], [106.8442302, -6.200958], [106.8443626, -6.201061], [106.8444621, -6.2011383], [106.8445598, -6.2012142], [106.844889, -6.2014697], [106.8451804, -6.2016959], [106.8452284, -6.2017332], [106.8453682, -6.2018418], [106.8455494, -6.2019824], [106.8456312, -6.2020443], [106.8456766, -6.2020771], [106.8457098, -6.2021008], [106.8457503, -6.2021297]]}}, {"type": "Feature", "properties": {"name": "Jalan Proklamasi", "query": "Jalan Proklamasi, Jakarta", "source": "nominatim_mrt", "osm_id": 1525561265}, "geometry": {"type": "LineString", "coordinates": [[106.8460718, -6.2024728], [106.8459774, -6.2025721], [106.8454742, -6.2031884], [106.8454168, -6.2032734]]}}, {"type": "Feature", "properties": {"name": "Jalan Proklamasi", "query": "Jalan Proklamasi, Jakarta", "source": "nominatim_mrt", "osm_id": 632763159}, "geometry": {"type": "LineString", "coordinates": [[106.8488301, -6.2026243], [106.8489255, -6.2026295], [106.8490163, -6.2026308], [106.8491137, -6.2026269], [106.8491934, -6.2026202], [106.8492681, -6.2026096], [106.8493298, -6.2025952], [106.849393, -6.2025761], [106.8494585, -6.2025498]]}}, {"type": "Feature", "properties": {"name": "Jalan Proklamasi", "query": "Jalan Proklamasi, Jakarta", "source": "nominatim_mrt", "osm_id": 721488957}, "geometry": {"type": "LineString", "coordinates": [[106.8496484, -6.2025723], [106.8495807, -6.2026025], [106.8495098, -6.2026257], [106.8494403, -6.2026442]]}}, {"type": "Feature", "properties": {"name": "Jalan Pegangsaan Timur", "query": "Jalan Pegangsaan Timur, Jakarta", "source": "nominatim_mrt", "osm_id": 28697138}, "geometry": {"type": "LineString", "coordinates": [[106.8403067, -6.1965924], [106.8403322, -6.1966712], [106.8404543, -6.1970075], [106.8404706, -6.1970524], [106.8404938, -6.1971163], [106.8405195, -6.197187], [106.8406019, -6.1973409], [106.8409895, -6.1978424], [106.8411261, -6.1980191], [106.8413383, -6.1982936], [106.8415424, -6.1985679], [106.841783, -6.1988907], [106.8418915, -6.1990363], [106.8420107, -6.1991972], [106.8420333, -6.1992318], [106.8421362, -6.1993896], [106.8423031, -6.1997277], [106.8424545, -6.1999411], [106.8424885, -6.1999842], [106.8425308, -6.2000373], [106.8425684, -6.2000801]]}}, {"type": "Feature", "properties": {"name": "Jalan Pegangsaan Timur", "query": "Jalan Pegangsaan Timur, Jakarta", "source": "nominatim_mrt", "osm_id": 1252875144}, "geometry": {"type": "LineString", "coordinates": [[106.8435652, -6.2006401], [106.843635, -6.2006536], [106.8436466, -6.2006597]]}}, {"type": "Feature", "properties": {"name": "Jalan Minangkabau Dalam", "query": "Jalan Minangkabau, Jakarta", "source": "nominatim_mrt", "osm_id": 29172929}, "geometry": {"type": "LineString", "coordinates": [[106.8411628, -6.2180485], [106.8411649, -6.2178534], [106.8411756, -6.2177509], [106.8411881, -6.2176435], [106.8412866, -6.2172731], [106.8413571, -6.2171163], [106.8414189, -6.2169916], [106.8415645, -6.2167118], [106.8416216, -6.2166239], [106.8417355, -6.2164171], [106.8418967, -6.2161517], [106.8420214, -6.2159532], [106.8422444, -6.2156667], [106.8425045, -6.2153203], [106.8425333, -6.2152818], [106.84275, -6.2149932], [106.8429079, -6.2147828]]}}, {"type": "Feature", "properties": {"name": "Jalan Minangkabau Timur Raya", "query": "Jalan Minangkabau, Jakarta", "source": "nominatim_mrt", "osm_id": 558750079}, "geometry": {"type": "LineString", "coordinates": [[106.8446447, -6.2118783], [106.8453346, -6.2098701], [106.8455022, -6.2094014], [106.8455268, -6.2093386]]}}, {"type": "Feature", "properties": {"name": "Jalan Minangkabau Barat Raya", "query": "Jalan Minangkabau, Jakarta", "source": "nominatim_mrt", "osm_id": 1525550680}, "geometry": {"type": "LineString", "coordinates": [[106.8445342, -6.211183], [106.8452879, -6.2093556]]}}, {"type": "Feature", "properties": {"name": "Jalan Minangkabau Dalam", "query": "Jalan Minangkabau, Jakarta", "source": "nominatim_mrt", "osm_id": 485774256}, "geometry": {"type": "LineString", "coordinates": [[106.8410244, -6.2159105], [106.841011, -6.216257], [106.8409748, -6.216637], [106.840948, -6.2169516], [106.8408944, -6.217442], [106.8408747, -6.2176293], [106.8408375, -6.217851]]}}, {"type": "Feature", "properties": {"name": "Jalan Minangkabau Barat Raya", "query": "Jalan Minangkabau, Jakarta", "source": "nominatim_mrt", "osm_id": 1525550681}, "geometry": {"type": "LineString", "coordinates": [[106.8442628, -6.2119085], [106.8445342, -6.211183]]}}, {"type": "Feature", "properties": {"name": "Jalan Sultan Agung", "query": "Jalan Sultan Agung, Menteng", "source": "nominatim_mrt", "osm_id": 654649367}, "geometry": {"type": "LineString", "coordinates": [[106.8476247, -6.2087286], [106.8477362, -6.2086289], [106.8478255, -6.208557], [106.8482466, -6.2082417]]}}, {"type": "Feature", "properties": {"name": "Jalan Sultan Agung", "query": "Jalan Sultan Agung, Menteng", "source": "nominatim_mrt", "osm_id": 734393697}, "geometry": {"type": "LineString", "coordinates": [[106.8482804, -6.2078067], [106.8482623, -6.2077754], [106.8482529, -6.2077466], [106.8482504, -6.2077216], [106.8482537, -6.2077011], [106.84826, -6.2076792], [106.8482712, -6.2076556], [106.8483308, -6.2075604], [106.8484645, -6.2073186], [106.8485156, -6.2072277]]}}, {"type": "Feature", "properties": {"name": "Jalan Sultan Agung", "query": "Jalan Sultan Agung, Menteng", "source": "nominatim_mrt", "osm_id": 754389966}, "geometry": {"type": "LineString", "coordinates": [[106.8462643, -6.2088931], [106.8463466, -6.2088863], [106.846514, -6.2088981], [106.8466553, -6.2089051], [106.8469033, -6.2088957], [106.8470469, -6.2088834], [106.84714, -6.2088733], [106.8472104, -6.2088656], [106.8473534, -6.2088209], [106.8476247, -6.2087286]]}}, {"type": "Feature", "properties": {"name": "Jalan Angkasa", "query": "Jalan Angkasa, Kemayoran", "source": "nominatim_mrt", "osm_id": 29901624}, "geometry": {"type": "LineString", "coordinates": [[106.8473857, -6.1567852], [106.8474065, -6.1568044], [106.8475654, -6.1569431], [106.847695, -6.1570686], [106.8477669, -6.1571675], [106.8478129, -6.1572923], [106.8478772, -6.1574747], [106.8478799, -6.1574824], [106.8480777, -6.158045], [106.8481594, -6.1582739], [106.8482679, -6.1585852], [106.8483002, -6.158678], [106.8483395, -6.1587909], [106.8486627, -6.1597118], [106.8486854, -6.1597852], [106.8486985, -6.159829], [106.8487466, -6.1599834], [106.8487538, -6.1600052], [106.8488342, -6.1602531]]}}, {"type": "Feature", "properties": {"name": "Jalan Angkasa", "query": "Jalan Angkasa, Kemayoran", "source": "nominatim_mrt", "osm_id": 755009284}, "geometry": {"type": "LineString", "coordinates": [[106.8473857, -6.1567852], [106.8472373, -6.1566647], [106.8471646, -6.1565954]]}}, {"type": "Feature", "properties": {"name": "Jalan Ancol Barat", "query": "Jalan Ancol Barat, Jakarta", "source": "nominatim_mrt", "osm_id": 528084812}, "geometry": {"type": "LineString", "coordinates": [[106.8221591, -6.1176237], [106.8220805, -6.1179606], [106.8220411, -6.1181823], [106.8219903, -6.118436], [106.8219499, -6.1186957], [106.8219141, -6.1188682], [106.8218581, -6.1193083], [106.8218265, -6.1194478]]}}, {"type": "Feature", "properties": {"name": "Jalan Gunung Sahari Raya", "query": "Jalan Gunung Sahari Raya, Jakarta", "source": "nominatim_mrt", "osm_id": 762970471}, "geometry": {"type": "LineString", "coordinates": [[106.8399226, -6.1697052], [106.8398722, -6.1695015], [106.8397856, -6.1691592], [106.8396825, -6.1687519], [106.8395213, -6.1681147], [106.8395067, -6.1680539]]}}, {"type": "Feature", "properties": {"name": "Jalan Gunung Sahari Raya", "query": "Jalan Gunung Sahari Raya, Jakarta", "source": "nominatim_mrt", "osm_id": 1499108548}, "geometry": {"type": "LineString", "coordinates": [[106.8332446, -6.1411635], [106.8329632, -6.1398488]]}}, {"type": "Feature", "properties": {"name": "Jalan Gunung Sahari Raya", "query": "Jalan Gunung Sahari Raya, Jakarta", "source": "nominatim_mrt", "osm_id": 560879497}, "geometry": {"type": "LineString", "coordinates": [[106.8323633, -6.1363899], [106.832426, -6.1366653], [106.8324612, -6.1368215], [106.8324887, -6.1369414], [106.8325448, -6.1371861], [106.8326215, -6.1375007]]}}, {"type": "Feature", "properties": {"name": "Jalan Gunung Sahari Raya", "query": "Jalan Gunung Sahari Raya, Jakarta", "source": "nominatim_mrt", "osm_id": 754359763}, "geometry": {"type": "LineString", "coordinates": [[106.8312639, -6.1322222], [106.8312479, -6.1321578], [106.831221, -6.1320496], [106.8311851, -6.1319109], [106.8311613, -6.1317915], [106.8311228, -6.1315629], [106.8311084, -6.131539]]}}, {"type": "Feature", "properties": {"name": "Jalan Gunung Sahari Raya", "query": "Jalan Gunung Sahari Raya, Jakarta", "source": "nominatim_mrt", "osm_id": 1265458800}, "geometry": {"type": "LineString", "coordinates": [[106.8386569, -6.163959], [106.8386935, -6.1640813], [106.8388213, -6.1645861]]}}, {"type": "Feature", "properties": {"name": "Jalan Gunung Sahari Raya", "query": "Jalan Gunung Sahari Raya, Jakarta", "source": "nominatim_mrt", "osm_id": 711241491}, "geometry": {"type": "LineString", "coordinates": [[106.8410148, -6.1733354], [106.8411056, -6.1736779]]}}, {"type": "Feature", "properties": {"name": "Jalan Lodan Raya", "query": "Jalan Lodan Raya, Jakarta", "source": "nominatim_mrt", "osm_id": 30063590}, "geometry": {"type": "LineString", "coordinates": [[106.8223242, -6.1313963], [106.8232235, -6.1312062], [106.8232849, -6.1311992], [106.8241535, -6.1310346], [106.824776, -6.1309176]]}}, {"type": "Feature", "properties": {"name": "Jalan Lodan Raya", "query": "Jalan Lodan Raya, Jakarta", "source": "nominatim_mrt", "osm_id": 557844014}, "geometry": {"type": "LineString", "coordinates": [[106.8308395, -6.1298498], [106.830938, -6.129786], [106.8309916, -6.1297541], [106.8310735, -6.1297327], [106.831148, -6.129731], [106.8313363, -6.1297554], [106.8315283, -6.1297969], [106.831622, -6.1297997], [106.8317212, -6.1297834], [106.8319562, -6.1297431], [106.832365, -6.1296634], [106.832778, -6.1295754], [106.8330563, -6.1295201], [106.8331768, -6.1294961], [106.833252, -6.1294812], [106.8335142, -6.1294324]]}}, {"type": "Feature", "properties": {"name": "Jalan Lodan Raya", "query": "Jalan Lodan Raya, Jakarta", "source": "nominatim_mrt", "osm_id": 34275824}, "geometry": {"type": "LineString", "coordinates": [[106.8205076, -6.1317548], [106.820763, -6.1316632], [106.8209501, -6.1315755], [106.8213207, -6.1314926], [106.8218464, -6.1313953], [106.8222336, -6.1313029]]}}, {"type": "Feature", "properties": {"name": "Jalan Lodan Raya", "query": "Jalan Lodan Raya, Jakarta", "source": "nominatim_mrt", "osm_id": 29973190}, "geometry": {"type": "LineString", "coordinates": [[106.8968935, -6.1954964], [106.8965465, -6.1954933], [106.8954939, -6.1955203], [106.8951487, -6.1955151]]}}, {"type": "Feature", "properties": {"name": "Jalan Lodan Raya", "query": "Jalan Lodan Raya, Jakarta", "source": "nominatim_mrt", "osm_id": 727430485}, "geometry": {"type": "LineString", "coordinates": [[106.8300524, -6.129998], [106.8301536, -6.1300021], [106.8302056, -6.1299944]]}}, {"type": "Feature", "properties": {"name": "Jalan Benyamin Sueb", "query": "Jalan Benyamin Sueb, Jakarta", "source": "nominatim_mrt", "osm_id": 461101938}, "geometry": {"type": "LineString", "coordinates": [[106.8516011, -6.1598183], [106.8515973, -6.1596813], [106.8515783, -6.1595733], [106.8513573, -6.1584567], [106.8512619, -6.1579449], [106.851133, -6.157253]]}}, {"type": "Feature", "properties": {"name": "Jalan Benyamin Sueb", "query": "Jalan Benyamin Sueb, Jakarta", "source": "nominatim_mrt", "osm_id": 100992854}, "geometry": {"type": "LineString", "coordinates": [[106.8518741, -6.1602705], [106.8518854, -6.1603469], [106.8520284, -6.161037], [106.8521476, -6.1617055], [106.8522044, -6.162063], [106.852267, -6.1623813]]}}, {"type": "Feature", "properties": {"name": "Jalan Benyamin Sueb", "query": "Jalan Benyamin Sueb, Jakarta", "source": "nominatim_mrt", "osm_id": 100992865}, "geometry": {"type": "LineString", "coordinates": [[106.8514229, -6.1577944], [106.8514422, -6.1579064], [106.8516614, -6.1591762]]}}, {"type": "Feature", "properties": {"name": "Jalan Benyamin Sueb", "query": "Jalan Benyamin Sueb, Jakarta", "source": "nominatim_mrt", "osm_id": 754623015}, "geometry": {"type": "LineString", "coordinates": [[106.8496434, -6.149178], [106.8496014, -6.1489987]]}}, {"type": "Feature", "properties": {"name": "Jalan RS Fatmawati", "query": "Jalan RS Fatmawati, Jakarta", "source": "nominatim_mrt", "osm_id": 898547119}, "geometry": {"type": "LineString", "coordinates": [[106.7961398, -6.2821341], [106.7961166, -6.2823789], [106.796097, -6.2827984], [106.7960944, -6.2828418], [106.7960676, -6.2832922], [106.7960351, -6.2837145], [106.7959774, -6.2845922], [106.7959701, -6.284697], [106.7959519, -6.2849085], [106.7959507, -6.284918], [106.7959487, -6.284933], [106.7959467, -6.2849487], [106.7959083, -6.2852557], [106.7958725, -6.2855534]]}}, {"type": "Feature", "properties": {"name": "Jalan RS Fatmawati", "query": "Jalan RS Fatmawati, Jakarta", "source": "nominatim_mrt", "osm_id": 1304373727}, "geometry": {"type": "LineString", "coordinates": [[106.7957646, -6.2855375], [106.7958007, -6.2852456], [106.7958336, -6.2849894], [106.7958394, -6.2849357], [106.7958428, -6.2849066], [106.7958705, -6.2846472], [106.7958988, -6.2843327], [106.795935, -6.2837565]]}}, {"type": "Feature", "properties": {"name": "Jalan RS Fatmawati", "query": "Jalan RS Fatmawati, Jakarta", "source": "nominatim_mrt", "osm_id": 509162232}, "geometry": {"type": "LineString", "coordinates": [[106.7941173, -6.3055348], [106.7941869, -6.3054069], [106.7941985, -6.3053775], [106.7942327, -6.3052872], [106.7943262, -6.3049473], [106.7943808, -6.3046949], [106.7943894, -6.3046551]]}}, {"type": "Feature", "properties": {"name": "Jalan RS Fatmawati", "query": "Jalan RS Fatmawati, Jakarta", "source": "nominatim_mrt", "osm_id": 759701492}, "geometry": {"type": "LineString", "coordinates": [[106.7975072, -6.26594], [106.7975138, -6.2659587], [106.7975238, -6.2659872], [106.7975073, -6.2663167], [106.7974849, -6.2667685], [106.7974642, -6.2671952], [106.7974564, -6.2672385], [106.7974433, -6.2672724], [106.7974329, -6.2672994], [106.7974251, -6.2673528]]}}, {"type": "Feature", "properties": {"name": "Jalan RS Fatmawati", "query": "Jalan RS Fatmawati, Jakarta", "source": "nominatim_mrt", "osm_id": 759911875}, "geometry": {"type": "LineString", "coordinates": [[106.7951765, -6.2924609], [106.7951847, -6.2922533], [106.7951853, -6.292225], [106.7951938, -6.2920027]]}}, {"type": "Feature", "properties": {"name": "Jalan RS Fatmawati", "query": "Jalan RS Fatmawati, Jakarta", "source": "nominatim_mrt", "osm_id": 1256686207}, "geometry": {"type": "LineString", "coordinates": [[106.7969979, -6.2578135], [106.7970027, -6.2577633]]}}, {"type": "Feature", "properties": {"name": "Jalan Raden Ajeng Kartini", "query": "Jalan Raden Ajeng Kartini, Cilandak", "source": "nominatim_mrt", "osm_id": 594526374}, "geometry": {"type": "LineString", "coordinates": [[106.784599, -6.2914553], [106.7848312, -6.2915248], [106.7850912, -6.2915923], [106.7858644, -6.2917734], [106.7859495, -6.2917899], [106.7860458, -6.2918052], [106.7863588, -6.2918479], [106.7864375, -6.2918586], [106.786893, -6.291919], [106.7871901, -6.2919428], [106.7877248, -6.2919751], [106.7882103, -6.2919828], [106.788284, -6.2919836], [106.7884304, -6.2919823], [106.7890568, -6.2919756], [106.7891803, -6.2919777], [106.7894368, -6.2919821], [106.7897366, -6.2919786], [106.7901443, -6.2919588], [106.7905619, -6.29196], [106.7907478, -6.2919534], [106.7912159, -6.2919439], [106.7920452, -6.2919654], [106.7923236, -6.2919658], [106.7923537, -6.2919678]]}}, {"type": "Feature", "properties": {"name": "Jalan Raden Ajeng Kartini", "query": "Jalan Raden Ajeng Kartini, Cilandak", "source": "nominatim_mrt", "osm_id": 594526376}, "geometry": {"type": "LineString", "coordinates": [[106.7795326, -6.2901195], [106.7794207, -6.2900507], [106.7793243, -6.2899847], [106.7792218, -6.2899011], [106.7790692, -6.2897416], [106.7790278, -6.289704], [106.7789359, -6.2896289], [106.7788833, -6.2895887], [106.7788053, -6.2895265]]}}, {"type": "Feature", "properties": {"name": "Jalan Raden Ajeng Kartini", "query": "Jalan Raden Ajeng Kartini, Cilandak", "source": "nominatim_mrt", "osm_id": 1186177350}, "geometry": {"type": "LineString", "coordinates": [[106.7933137, -6.2925074], [106.7931366, -6.2925056], [106.7929214, -6.2925032], [106.792639, -6.2925001], [106.7924243, -6.2925004], [106.7921077, -6.2924973], [106.7919582, -6.2924969], [106.79159, -6.2924945]]}}, {"type": "Feature", "properties": {"name": "Jalan Raden Ajeng Kartini", "query": "Jalan Raden Ajeng Kartini, Cilandak", "source": "nominatim_mrt", "osm_id": 1069005554}, "geometry": {"type": "LineString", "coordinates": [[106.7947718, -6.2920113], [106.7951211, -6.2920024], [106.7951938, -6.2920027]]}}, {"type": "Feature", "properties": {"name": "Jalan TB Simatupang", "query": "Jalan TB Simatupang, Cilandak", "source": "nominatim_mrt", "osm_id": 628910535}, "geometry": {"type": "LineString", "coordinates": [[106.8072929, -6.2926457], [106.8056036, -6.2926529], [106.8044488, -6.2926287], [106.8039536, -6.2926216], [106.8032961, -6.2926024]]}}, {"type": "Feature", "properties": {"name": "Jalan Kayu Manis", "query": "Jalan Kayu Manis, Condet", "source": "nominatim_mrt", "osm_id": 155957923}, "geometry": {"type": "LineString", "coordinates": [[106.8558526, -6.2944149], [106.8557833, -6.2944105], [106.8557177, -6.2943597], [106.8556117, -6.2942671], [106.8555312, -6.2941573], [106.8554641, -6.2940413], [106.8552287, -6.2934204], [106.8551677, -6.2930828], [106.8551275, -6.2928069], [106.855088, -6.292469], [106.8550258, -6.2921233], [106.8549978, -6.2917709], [106.8549826, -6.2914046], [106.8549768, -6.2912783], [106.8549733, -6.2910167], [106.8549568, -6.2908869], [106.854929, -6.2906475], [106.8549035, -6.2905047], [106.8548781, -6.2904048], [106.8548499, -6.2903034], [106.8548002, -6.2902342], [106.8547265, -6.2901621], [106.8544851, -6.2898822], [106.8542257, -6.2896358], [106.8541934, -6.2896069], [106.8540473, -6.289459], [106.8539715, -6.289383], [106.853901, -6.2893163], [106.853767, -6.289189], [106.8537354, -6.2891603], [106.8536777, -6.2891111], [106.8536335, -6.289065], [106.8535637, -6.2890038], [106.8533898, -6.2888858], [106.8533548, -6.2888664], [106.8533109, -6.2888404], [106.8531608, -6.2887379], [106.8530312, -6.288673], [106.8528909, -6.2886256], [106.8525978, -6.2885168], [106.8523803, -6.28844], [106.8521905, -6.2883837], [106.8521026, -6.2883469], [106.8520469, -6.2883229], [106.8519867, -6.2882935], [106.8517389, -6.2881233], [106.8514402, -6.2879591], [106.8511737, -6.2877764], [106.8510308, -6.287659], [106.8509373, -6.2875683], [106.8508116, -6.2874417], [106.8507353, -6.2873505], [106.8506923, -6.287298], [106.8506408, -6.287163], [106.8506279, -6.2870517], [106.850582, -6.2868185], [106.8505324, -6.2865665], [106.8504577, -6.2861554], [106.8504398, -6.2860158], [106.8504399, -6.2858413], [106.850443, -6.2856099], [106.8504418, -6.2853536], [106.8504521, -6.2851998], [106.8504547, -6.2851603], [106.8504799, -6.2846734], [106.8504934, -6.2844555], [106.8505275, -6.2840123]]}}, {"type": "Feature", "properties": {"name": "Jalan Batu Ampar II", "query": "Jalan Batu Ampar, Condet", "source": "nominatim_mrt", "osm_id": 501322964}, "geometry": {"type": "LineString", "coordinates": [[106.8606036, -6.283204], [106.8597949, -6.2831814], [106.8595585, -6.2831731], [106.8595207, -6.2831833], [106.8594921, -6.283215], [106.8594734, -6.2832517], [106.8594022, -6.2834928], [106.8593574, -6.283529], [106.8592997, -6.283549], [106.8586325, -6.2835723], [106.8584528, -6.2835845], [106.8584311, -6.2836804], [106.8583327, -6.2841141], [106.8582277, -6.2846439], [106.8582107, -6.2846967], [106.858196, -6.2847755]]}}, {"type": "Feature", "properties": {"name": "Jalan Batu Ampar V", "query": "Jalan Batu Ampar, Condet", "source": "nominatim_mrt", "osm_id": 487332700}, "geometry": {"type": "LineString", "coordinates": [[106.8623972, -6.2795306], [106.8624944, -6.2795455], [106.862696, -6.2795533], [106.8629462, -6.279563], [106.8631058, -6.2795797], [106.8633082, -6.2796018], [106.8638037, -6.2796502], [106.8638458, -6.279654], [106.8640765, -6.2797039], [106.8641322, -6.2797177], [106.8643814, -6.2797717], [106.8644636, -6.2797837], [106.864512, -6.2797717], [106.8645542, -6.2797517], [106.8645964, -6.2796878], [106.8646218, -6.2795317], [106.8646532, -6.2793791], [106.8646799, -6.2791574], [106.8646931, -6.2790958], [106.8647006, -6.2790323], [106.8647163, -6.2789507], [106.8647405, -6.2788169], [106.8647491, -6.278737], [106.8647484, -6.278669], [106.8646612, -6.2786439]]}}, {"type": "Feature", "properties": {"name": "Jalan Batu Ampar III", "query": "Jalan Batu Ampar, Condet", "source": "nominatim_mrt", "osm_id": 487388570}, "geometry": {"type": "LineString", "coordinates": [[106.8606976, -6.2762541], [106.8606968, -6.2762457], [106.8606777, -6.2760739], [106.8606562, -6.2758852], [106.8606293, -6.2755167], [106.8606278, -6.2754955], [106.8606039, -6.2751681], [106.8605824, -6.2749131], [106.8605622, -6.2746423], [106.8605564, -6.2745341], [106.8605422, -6.2742669], [106.8605351, -6.2741907], [106.8605227, -6.2740565], [106.8605046, -6.2738614], [106.8604694, -6.2733218], [106.8604445, -6.2727238]]}}, {"type": "Feature", "properties": {"name": "Jalan Batu Ampar I", "query": "Jalan Batu Ampar, Condet", "source": "nominatim_mrt", "osm_id": 487388572}, "geometry": {"type": "LineString", "coordinates": [[106.8668721, -6.272351], [106.866856, -6.272351], [106.8664042, -6.2723706], [106.8662083, -6.2723742], [106.8661701, -6.272376], [106.8660842, -6.2723802], [106.8658646, -6.2723918], [106.8655574, -6.2724045], [106.8654154, -6.2723974], [106.8653144, -6.2723921], [106.8652068, -6.2723813]]}}, {"type": "Feature", "properties": {"name": "Jalan Batu Ampar III", "query": "Jalan Batu Ampar, Condet", "source": "nominatim_mrt", "osm_id": 1216570642}, "geometry": {"type": "LineString", "coordinates": [[106.8607195, -6.2774775], [106.8597647, -6.2775012]]}}, {"type": "Feature", "properties": {"name": "Jalan Nusantara Raya", "query": "Jalan Nusantara Raya, Depok", "source": "nominatim_mrt", "osm_id": 180078586}, "geometry": {"type": "LineString", "coordinates": [[106.8141684, -6.3821251], [106.8141568, -6.3821485], [106.8141734, -6.3822967], [106.8141801, -6.3823562], [106.8142025, -6.3825562], [106.8142254, -6.3827605], [106.8142346, -6.3828877], [106.8142759, -6.3832112], [106.8142855, -6.3832965], [106.8143004, -6.3835519], [106.8143198, -6.3837442], [106.8143278, -6.3838151], [106.8143398, -6.3838645], [106.8143634, -6.3839271], [106.8143948, -6.3839858], [106.8146143, -6.3843254], [106.8147288, -6.3844815], [106.8147961, -6.384591], [106.8148839, -6.3847304], [106.8149111, -6.3847894], [106.8149243, -6.3848348], [106.8149299, -6.384888], [106.8149266, -6.3849293], [106.814915, -6.3849949], [106.8147818, -6.3853992], [106.8147458, -6.3855091], [106.8147142, -6.3856056], [106.8146013, -6.3860043], [106.8145396, -6.3862054], [106.8145032, -6.3863168], [106.8144828, -6.3863875], [106.8144782, -6.386402], [106.8144244, -6.3865741], [106.8143231, -6.3868983], [106.814296, -6.3869849], [106.8142874, -6.3870123], [106.8142147, -6.3872469], [106.8141502, -6.3874512], [106.8141018, -6.3876326], [106.8140962, -6.3876817], [106.8140957, -6.3877548], [106.8141016, -6.3878245], [106.8141091, -6.3879005], [106.8141299, -6.3880526], [106.8141436, -6.3881522], [106.8141524, -6.3882238], [106.8141766, -6.3883927], [106.8142103, -6.3886368], [106.814226, -6.3887065], [106.8142658, -6.3888838]]}}, {"type": "Feature", "properties": {"name": "Jalan Nusantara Raya", "query": "Jalan Nusantara Raya, Depok", "source": "nominatim_mrt", "osm_id": 756229820}, "geometry": {"type": "LineString", "coordinates": [[106.8145055, -6.3942761], [106.8142787, -6.3953466], [106.8142313, -6.3955706], [106.8141777, -6.3958076], [106.8139067, -6.3970022], [106.8138931, -6.3970678], [106.8138759, -6.3971333]]}}, {"type": "Feature", "properties": {"name": "Jalan Nusantara Raya", "query": "Jalan Nusantara Raya, Depok", "source": "nominatim_mrt", "osm_id": 174246531}, "geometry": {"type": "LineString", "coordinates": [[106.8931535, -6.376387], [106.8931693, -6.3764207], [106.8931693, -6.3764501], [106.8931646, -6.3764767], [106.8931545, -6.376512], [106.8931158, -6.3766223], [106.8930888, -6.3767113], [106.8930539, -6.3768233], [106.893005, -6.3769897], [106.8929399, -6.3772664], [106.8929258, -6.3773265], [106.8927984, -6.3778767], [106.8926409, -6.3788584], [106.892608, -6.3790498], [106.8926035, -6.3790669], [106.8925937, -6.3791046]]}}, {"type": "Feature", "properties": {"name": "Jalan Nusantara Raya", "query": "Jalan Nusantara Raya, Depok", "source": "nominatim_mrt", "osm_id": 751479753}, "geometry": {"type": "LineString", "coordinates": [[106.8142658, -6.3888838], [106.8142819, -6.3891557], [106.8143319, -6.3896896], [106.8143534, -6.3899088], [106.8143725, -6.3900874]]}}, {"type": "Feature", "properties": {"name": "Jalan Raya Limo", "query": "Jalan Raya Limo, Depok", "source": "nominatim_mrt", "osm_id": 1536715324}, "geometry": {"type": "LineString", "coordinates": [[106.7776351, -6.3450942], [106.7767714, -6.3467377], [106.7765806, -6.3471364]]}}, {"type": "Feature", "properties": {"name": "Jalan Raya Limo", "query": "Jalan Raya Limo, Depok", "source": "nominatim_mrt", "osm_id": 571882014}, "geometry": {"type": "LineString", "coordinates": [[106.7761401, -6.3497379], [106.7761857, -6.3490568], [106.7761908, -6.3489979], [106.7762119, -6.3487532], [106.7762312, -6.3485304], [106.7762586, -6.3481628], [106.7763282, -6.3476193], [106.7764267, -6.3473085], [106.7765066, -6.3471078]]}}, {"type": "Feature", "properties": {"name": "Jalan Raya Limo", "query": "Jalan Raya Limo, Depok", "source": "nominatim_mrt", "osm_id": 895653057}, "geometry": {"type": "LineString", "coordinates": [[106.7776668, -6.3450243], [106.7776351, -6.3450942]]}}, {"type": "Feature", "properties": {"name": "Jalan Ciputat Raya", "query": "Jalan Ciputat Raya, Jakarta Selatan", "source": "nominatim_mrt2", "osm_id": 335711169}, "geometry": {"type": "LineString", "coordinates": [[106.7698423, -6.2860625], [106.7699326, -6.2854895], [106.7699407, -6.2854774], [106.7699548, -6.2854731], [106.7707633, -6.2855048]]}}, {"type": "Feature", "properties": {"name": "Jalan Laksamana RE Martadinata", "query": "Jalan RE Martadinata, Ciputat", "source": "nominatim_mrt2", "osm_id": 28869744}, "geometry": {"type": "LineString", "coordinates": [[106.7467904, -6.3250328], [106.7467981, -6.3250729], [106.746838, -6.3253157], [106.7468448, -6.3253566], [106.7468641, -6.3254731], [106.746881, -6.3255749], [106.7469099, -6.3257488], [106.7469813, -6.3261784], [106.747037, -6.326514], [106.7470914, -6.3268414], [106.7471152, -6.3269848], [106.7471413, -6.3271418], [106.7471553, -6.3272261], [106.7471656, -6.3272887], [106.7471709, -6.3273207], [106.7472024, -6.3275101], [106.7472238, -6.3276387], [106.7473033, -6.3281176], [106.7473519, -6.3284181], [106.7473592, -6.328449], [106.7473939, -6.328596], [106.7474398, -6.3287615], [106.7474752, -6.328869], [106.7475188, -6.3289835], [106.7476443, -6.3292164], [106.7477151, -6.3293422], [106.7480259, -6.3298623], [106.7482085, -6.3301611], [106.7482272, -6.3301916], [106.7483348, -6.3303692], [106.7484428, -6.3305434], [106.7484473, -6.3305552], [106.74849, -6.330667], [106.7485109, -6.3307538], [106.7485673, -6.3310895], [106.748576, -6.3311414], [106.7485856, -6.3311985], [106.7485954, -6.331263]]}}, {"type": "Feature", "properties": {"name": "Jalan Laksamana RE Martadinata", "query": "Jalan RE Martadinata, Ciputat", "source": "nominatim_mrt2", "osm_id": 749961537}, "geometry": {"type": "LineString", "coordinates": [[106.7497728, -6.3411428], [106.7498113, -6.3413027], [106.749813, -6.3415293], [106.7498125, -6.3415419]]}}, {"type": "Feature", "properties": {"name": "Jalan Laksamana RE Martadinata", "query": "Jalan RE Martadinata, Ciputat", "source": "nominatim_mrt2", "osm_id": 747464964}, "geometry": {"type": "LineString", "coordinates": [[106.7498125, -6.3415419], [106.749806, -6.3420707]]}}, {"type": "Feature", "properties": {"name": "Jalan Laksamana RE Martadinata", "query": "Jalan RE Martadinata, Ciputat", "source": "nominatim_mrt2", "osm_id": 747464966}, "geometry": {"type": "LineString", "coordinates": [[106.7497134, -6.3420229], [106.749713, -6.3415227]]}}, {"type": "Feature", "properties": {"name": "Jalan Otista Raya", "query": "Jalan Raya Ciputat, Tangerang Selatan", "source": "nominatim_mrt2", "osm_id": 914568124}, "geometry": {"type": "LineString", "coordinates": [[106.7452347, -6.3209156], [106.7454815, -6.3209649], [106.7456952, -6.3210219]]}}, {"type": "Feature", "properties": {"name": "Jalan Laksamana RE Martadinata", "query": "Jalan Raya Ciputat, Tangerang Selatan", "source": "nominatim_mrt2", "osm_id": 1219049661}, "geometry": {"type": "LineString", "coordinates": [[106.748727, -6.3323321], [106.7487719, -6.3324681], [106.7487986, -6.3326541], [106.748808, -6.3327197], [106.7489145, -6.3334717], [106.749103, -6.3348004], [106.7492297, -6.3356938], [106.7492628, -6.335927], [106.7493636, -6.3366075], [106.7493722, -6.336698], [106.7494636, -6.3372906], [106.749523, -6.3376756], [106.7495169, -6.337786]]}}, {"type": "Feature", "properties": {"name": "Jalan Raya Bogor", "query": "Jalan Raya Bogor, Ciracas", "source": "nominatim_mrt2", "osm_id": 689691409}, "geometry": {"type": "LineString", "coordinates": [[106.8721098, -6.2942718], [106.8720673, -6.2944977], [106.8720203, -6.2947476], [106.8719867, -6.2949145], [106.8718853, -6.2953856], [106.8718538, -6.2955369], [106.8717733, -6.2959184], [106.8717351, -6.2960761], [106.8716941, -6.2962215], [106.8716509, -6.2963653], [106.8716259, -6.2964357], [106.8715037, -6.2968227], [106.8714769, -6.2969055], [106.8712279, -6.2974797], [106.8711675, -6.29762], [106.8710946, -6.2977914], [106.8709793, -6.2980358], [106.8708732, -6.2982522], [106.8708394, -6.2983225], [106.8705972, -6.2988039], [106.8704675, -6.2990055], [106.8704198, -6.2990796], [106.8702773, -6.2992703], [106.8699863, -6.2996379], [106.8698889, -6.2997615], [106.8696931, -6.3000099], [106.8694504, -6.3002847], [106.8692557, -6.3005291], [106.8692263, -6.3005661], [106.8691819, -6.3006255], [106.8690397, -6.3008161], [106.8686948, -6.3012457], [106.8685857, -6.3013847], [106.8684164, -6.3015922], [106.8681028, -6.3019711], [106.8680568, -6.3020267]]}}, {"type": "Feature", "properties": {"name": "Jalan Raya Bogor", "query": "Jalan Raya Bogor, Ciracas", "source": "nominatim_mrt2", "osm_id": 307001658}, "geometry": {"type": "LineString", "coordinates": [[106.8667348, -6.3035933], [106.8663417, -6.304113], [106.8635377, -6.3091376]]}}, {"type": "Feature", "properties": {"name": "Jalan Raya Bogor", "query": "Jalan Raya Bogor, Ciracas", "source": "nominatim_mrt2", "osm_id": 768026162}, "geometry": {"type": "LineString", "coordinates": [[106.8626206, -6.3114162], [106.8625988, -6.3116695], [106.8625908, -6.3117922], [106.8625907, -6.3119248], [106.8625908, -6.3120448], [106.8625941, -6.3121461], [106.8625995, -6.3122474], [106.8626149, -6.3123787], [106.862633, -6.3124773], [106.8626588, -6.3126143], [106.8626934, -6.3127599], [106.8628073, -6.3132304], [106.8628751, -6.313543], [106.8629595, -6.3138283], [106.8632103, -6.3145754], [106.8632201, -6.3146049], [106.8633478, -6.3149873], [106.8634484, -6.3152665], [106.8635342, -6.3155151], [106.8637475, -6.316077], [106.8641504, -6.3170145], [106.8641645, -6.317045], [106.8641774, -6.3170752], [106.8642692, -6.3172913], [106.8643994, -6.3176834], [106.8644213, -6.3177439], [106.8647519, -6.3188009], [106.8647875, -6.3189148]]}}, {"type": "Feature", "properties": {"name": "Jalan Raya Bogor", "query": "Jalan Raya Bogor, Ciracas", "source": "nominatim_mrt2", "osm_id": 1259596887}, "geometry": {"type": "LineString", "coordinates": [[106.8649929, -6.3221513], [106.8649216, -6.3224235], [106.8648974, -6.3225125], [106.8646805, -6.3232685], [106.8644804, -6.3239658], [106.8644582, -6.3240424], [106.8641169, -6.3250564], [106.8640785, -6.325163], [106.8640492, -6.3252444], [106.8640358, -6.3252817], [106.864019, -6.325335], [106.8639573, -6.3255409], [106.8639205, -6.3256922], [106.8638896, -6.3258295], [106.8638732, -6.3259529], [106.8638589, -6.3260796], [106.8638509, -6.3262247], [106.8638502, -6.3262754], [106.8638549, -6.3264306], [106.8638633, -6.3265304], [106.8638742, -6.3266172], [106.8638809, -6.326661], [106.8639087, -6.3268042], [106.8639565, -6.3269829], [106.8640044, -6.3271219], [106.8640518, -6.3272375], [106.8641192, -6.3273748], [106.8641735, -6.3274759], [106.8642322, -6.3275713], [106.8642944, -6.3276597], [106.8644126, -6.3278276], [106.8645015, -6.3279529]]}}, {"type": "Feature", "properties": {"name": "Jalan Raya Bogor", "query": "Jalan Raya Bogor, Ciracas", "source": "nominatim_mrt2", "osm_id": 717170249}, "geometry": {"type": "LineString", "coordinates": [[106.8675126, -6.3026999], [106.8674459, -6.3027798], [106.8674279, -6.3027996], [106.8671625, -6.3031122]]}}, {"type": "Feature", "properties": {"name": "Jalan Raya Bogor", "query": "Jalan Raya Bogor, Ciracas", "source": "nominatim_mrt2", "osm_id": 754648531}, "geometry": {"type": "LineString", "coordinates": [[106.8708052, -6.2874334], [106.8708269, -6.2870775]]}}, {"type": "Feature", "properties": {"name": "Jalan Raya Bogor", "query": "Jalan Raya Bogor, Ciracas", "source": "nominatim_mrt2", "osm_id": 1242286097}, "geometry": {"type": "LineString", "coordinates": [[106.8652186, -6.3212442], [106.8652129, -6.3212944]]}}, {"type": "Feature", "properties": {"name": "Jalan Raya Bogor", "query": "Jalan Raya Bogor, Ciracas", "source": "nominatim_mrt2", "osm_id": 775205498}, "geometry": {"type": "LineString", "coordinates": [[106.868486, -6.3376406], [106.8687806, -6.3386869], [106.8689308, -6.3392934], [106.8689417, -6.3393375], [106.8690274, -6.3396839], [106.8690786, -6.3398795], [106.8691883, -6.3403184], [106.8692222, -6.340464], [106.8692393, -6.3405363], [106.8692628, -6.3406589], [106.8692728, -6.3407089], [106.8693124, -6.3410225], [106.8693181, -6.3410855], [106.8693228, -6.3411728], [106.8693238, -6.3412464], [106.8693241, -6.3415243], [106.8692974, -6.3419785], [106.8692929, -6.3420635], [106.8692862, -6.3421391], [106.8692782, -6.3422184], [106.869242, -6.3424583], [106.8692078, -6.342583], [106.8691702, -6.3426863], [106.8690761, -6.3429183], [106.869018, -6.3430615], [106.8689949, -6.3431171], [106.8688199, -6.343521]]}}, {"type": "Feature", "properties": {"name": "Jalan Condet Raya", "query": "Jalan Raya Condet, Jakarta", "source": "nominatim_mrt2", "osm_id": 759922863}, "geometry": {"type": "LineString", "coordinates": [[106.8644879, -6.2633758], [106.864396, -6.2634091], [106.8642738, -6.2634509], [106.8638591, -6.2634682], [106.8635462, -6.263498], [106.8633756, -6.2635079], [106.8630099, -6.2635194], [106.8628102, -6.2635476], [106.8625962, -6.2636187], [106.8623618, -6.2637658], [106.8622971, -6.2638471], [106.8622909, -6.2638566], [106.8622642, -6.263901], [106.8618785, -6.2645426], [106.8616771, -6.2648956], [106.8613318, -6.2654261], [106.8613155, -6.265454], [106.8611004, -6.2658216], [106.8610668, -6.2658825], [106.8606179, -6.2665816], [106.8605342, -6.2667155], [106.860392, -6.2669677], [106.8601817, -6.267293], [106.8601418, -6.2673523], [106.860084, -6.2674343], [106.8600349, -6.2675068], [106.8600107, -6.2675404], [106.8599663, -6.2676015], [106.8598665, -6.2677445], [106.8596046, -6.2682225], [106.8595458, -6.268333], [106.8593929, -6.2686433], [106.859273, -6.2688792], [106.8592586, -6.2689075], [106.8591219, -6.2691751], [106.8590927, -6.2692399], [106.8589282, -6.2696052], [106.8588489, -6.2697526], [106.8588061, -6.2698484], [106.8586572, -6.2701332], [106.8585979, -6.2702496], [106.8584741, -6.2704926], [106.8584169, -6.2706018], [106.8582283, -6.2709946], [106.8580505, -6.2713388], [106.8579932, -6.2714554], [106.8579344, -6.2715677], [106.8578538, -6.2717275], [106.857389, -6.2726955], [106.857249, -6.2729837], [106.8570444, -6.2733642], [106.8568039, -6.2738546], [106.8567605, -6.2739475]]}}, {"type": "Feature", "properties": {"name": "Jalan Condet Raya", "query": "Jalan Raya Condet, Jakarta", "source": "nominatim_mrt2", "osm_id": 1295602637}, "geometry": {"type": "LineString", "coordinates": [[106.8567605, -6.2739475], [106.8565963, -6.2743063], [106.8565586, -6.2743776], [106.8565099, -6.2744661], [106.856443, -6.2746052], [106.8560827, -6.2753649], [106.8560539, -6.275414], [106.8559081, -6.275704], [106.8557229, -6.2760855], [106.85566, -6.2762178], [106.8554409, -6.276662], [106.8552244, -6.2771364], [106.8552013, -6.277187], [106.8550379, -6.2775694], [106.8549865, -6.2778894], [106.8549886, -6.2779647], [106.8549953, -6.2782058], [106.8549964, -6.2782472], [106.8550068, -6.2784834], [106.8550135, -6.2786832], [106.8550226, -6.2788956], [106.8550291, -6.2790833], [106.855033, -6.2792232], [106.8550487, -6.2795021], [106.855069, -6.2797531], [106.8550792, -6.2798604], [106.8550833, -6.2799696], [106.8550914, -6.2801169], [106.8550993, -6.280347], [106.8551055, -6.2805283], [106.8551064, -6.280554], [106.8551143, -6.2806655], [106.8551296, -6.2808802], [106.8551373, -6.2809885]]}}, {"type": "Feature", "properties": {"name": "Jalan Condet Raya", "query": "Jalan Raya Condet, Jakarta", "source": "nominatim_mrt2", "osm_id": 1295602638}, "geometry": {"type": "LineString", "coordinates": [[106.8551373, -6.2809885], [106.8551551, -6.2812406], [106.8551745, -6.2816567], [106.8551764, -6.281698], [106.8551907, -6.2820387], [106.855218, -6.2823439], [106.8552224, -6.282393], [106.8552228, -6.2824143], [106.8552275, -6.2826641], [106.8552325, -6.2828651], [106.85524, -6.2833446], [106.8552427, -6.2834315], [106.8552504, -6.2838188], [106.8552551, -6.2839453]]}}, {"type": "Feature", "properties": {"name": "Jalan Condet Raya", "query": "Jalan Raya Condet, Jakarta", "source": "nominatim_mrt2", "osm_id": 107937592}, "geometry": {"type": "LineString", "coordinates": [[106.8644705, -6.2622809], [106.864381, -6.2624679], [106.8643931, -6.2625532], [106.8644372, -6.2626704], [106.8646751, -6.2630579], [106.864711, -6.2631396]]}}, {"type": "Feature", "properties": {"name": "Jalan Condet Raya", "query": "Jalan Raya Condet, Jakarta", "source": "nominatim_mrt2", "osm_id": 676311652}, "geometry": {"type": "LineString", "coordinates": [[106.864711, -6.2631396], [106.8646795, -6.2632356], [106.8646152, -6.263302]]}}, {"type": "Feature", "properties": {"name": "Jalan Condet Raya", "query": "Jalan Raya Condet, Jakarta", "source": "nominatim_mrt2", "osm_id": 676311651}, "geometry": {"type": "LineString", "coordinates": [[106.8646152, -6.263302], [106.8644879, -6.2633758]]}}, {"type": "Feature", "properties": {"name": "Jalan Condet Raya", "query": "Jalan Raya Condet, Jakarta", "source": "nominatim_mrt2", "osm_id": 1295602636}, "geometry": {"type": "LineString", "coordinates": [[106.8552551, -6.2839453], [106.8552714, -6.2841366]]}}, {"type": "Feature", "properties": {"name": "Jalan Batu Ampar IV", "query": "Jalan Batu Ampar, Condet", "source": "nominatim_mrt2", "osm_id": 487332789}, "geometry": {"type": "LineString", "coordinates": [[106.8606411, -6.2779564], [106.8611726, -6.2782234], [106.8613351, -6.2784899], [106.8614663, -6.2786878], [106.8615902, -6.2788493], [106.8617606, -6.2789632], [106.861919, -6.279051], [106.8620322, -6.2790714], [106.8621992, -6.2790852], [106.8623145, -6.2791052], [106.8623305, -6.2791799], [106.8623457, -6.2792793], [106.8623972, -6.2795306], [106.8624352, -6.2797351], [106.8624906, -6.2800039], [106.8625183, -6.2800964], [106.8626073, -6.2802474], [106.8627377, -6.2805202], [106.8628751, -6.2805136], [106.8629341, -6.2806509], [106.862969, -6.2807334], [106.8629924, -6.2807897], [106.8630381, -6.2808902], [106.8630829, -6.2809721], [106.8631141, -6.2810525], [106.8631701, -6.2810959], [106.8632835, -6.2811635], [106.8634142, -6.2812562], [106.8635027, -6.2813715], [106.8636349, -6.2815381]]}}, {"type": "Feature", "properties": {"name": "Jalan Batu Ampar III", "query": "Jalan Batu Ampar, Condet", "source": "nominatim_mrt2", "osm_id": 487332686}, "geometry": {"type": "LineString", "coordinates": [[106.8601393, -6.2802498], [106.8602203, -6.2802457], [106.8607654, -6.2802258], [106.8608312, -6.2802238], [106.8608775, -6.280205], [106.8609251, -6.2801611], [106.8609613, -6.280086], [106.8609448, -6.279691], [106.8609248, -6.2794932], [106.8608935, -6.2792595], [106.8608547, -6.2790572], [106.8608252, -6.278986], [106.8607373, -6.2788173], [106.860507, -6.2783651], [106.8604738, -6.2782981], [106.8604664, -6.2782548], [106.8604752, -6.2782128], [106.8605058, -6.2781336], [106.8606051, -6.2780034], [106.8606411, -6.2779564], [106.8607042, -6.277728], [106.8607195, -6.2774775], [106.8607198, -6.2773689], [106.8607203, -6.277101], [106.8607405, -6.2767211], [106.8607409, -6.2766431], [106.8607078, -6.2763499], [106.8607025, -6.2763099]]}}, {"type": "Feature", "properties": {"name": "Jalan Batu Ampar VII", "query": "Jalan Batu Ampar, Condet", "source": "nominatim_mrt2", "osm_id": 500393277}, "geometry": {"type": "LineString", "coordinates": [[106.8611726, -6.2782234], [106.8613596, -6.2782094], [106.8615043, -6.2782133], [106.8618263, -6.278264], [106.8624968, -6.2783278], [106.8626347, -6.2783277], [106.8628805, -6.27833], [106.8629173, -6.2783221], [106.8629471, -6.2783033], [106.8629863, -6.2782475], [106.8630497, -6.2778609], [106.863048, -6.2778182], [106.8635249, -6.2778856], [106.863547, -6.277889], [106.8640512, -6.2779664], [106.8643937, -6.2780684], [106.8648166, -6.2781576], [106.8649576, -6.2782081]]}}, {"type": "Feature", "properties": {"name": "Jalan Batu Ampar I", "query": "Jalan Batu Ampar, Condet", "source": "nominatim_mrt2", "osm_id": 487332737}, "geometry": {"type": "LineString", "coordinates": [[106.8604445, -6.2727238], [106.86096, -6.2726758], [106.8612309, -6.2726566], [106.8614846, -6.2726459], [106.8616428, -6.2726347], [106.861683, -6.2726319], [106.861773, -6.2726209], [106.8618802, -6.272612], [106.8622662, -6.2725812], [106.8625708, -6.2725739], [106.8626845, -6.2725723], [106.8632817, -6.272544], [106.863386, -6.2725412], [106.8633982, -6.2725403], [106.863771, -6.2725126], [106.8638241, -6.2725072], [106.8641126, -6.2724811], [106.8641835, -6.2724747], [106.8644262, -6.2724528], [106.8644811, -6.2724478], [106.8647256, -6.272444], [106.8647801, -6.2724385], [106.8648345, -6.2724292], [106.8649267, -6.2724101], [106.8649544, -6.2724047]]}}, {"type": "Feature", "properties": {"name": "Jalan Batu Ampar V", "query": "Jalan Batu Ampar, Condet", "source": "nominatim_mrt2", "osm_id": 956452378}, "geometry": {"type": "LineString", "coordinates": [[106.8646612, -6.2786439], [106.8646677, -6.2785443], [106.8646809, -6.2784881], [106.8647262, -6.2784303], [106.8648076, -6.2783527], [106.8649576, -6.2782081], [106.8650825, -6.2780758], [106.8651364, -6.2779429], [106.8651733, -6.2778073], [106.8652075, -6.2775672]]}}, {"type": "Feature", "properties": {"name": "Jalan Arif Rahman Hakim", "query": "Jalan Arif Rahman Hakim, Depok", "source": "nominatim_mrt2", "osm_id": 174247323}, "geometry": {"type": "LineString", "coordinates": [[106.8217712, -6.3901991], [106.8217514, -6.3901955], [106.821693, -6.3901806], [106.8214541, -6.3901198], [106.8212181, -6.3900584], [106.820988, -6.3899759], [106.8209491, -6.3899634], [106.8206254, -6.3898271], [106.8203209, -6.3896738], [106.8199486, -6.3894598], [106.8196434, -6.3893081], [106.8192407, -6.3891339]]}}, {"type": "Feature", "properties": {"name": "Jalan Arif Rahman Hakim", "query": "Jalan Arif Rahman Hakim, Depok", "source": "nominatim_mrt2", "osm_id": 776373739}, "geometry": {"type": "LineString", "coordinates": [[106.8190099, -6.3889207], [106.8191219, -6.3889582], [106.819534, -6.3891253]]}}, {"type": "Feature", "properties": {"name": "Jalan Arif Rahman Hakim", "query": "Jalan Arif Rahman Hakim, Depok", "source": "nominatim_mrt2", "osm_id": 174249867}, "geometry": {"type": "LineString", "coordinates": [[106.8225497, -6.3900668], [106.8225731, -6.3900674], [106.8226139, -6.3900688], [106.8229564, -6.3900756], [106.8232589, -6.3900659], [106.823723, -6.3900349], [106.8237522, -6.390034]]}}, {"type": "Feature", "properties": {"name": "Jalan Arif Rahman Hakim", "query": "Jalan Arif Rahman Hakim, Depok", "source": "nominatim_mrt2", "osm_id": 973071122}, "geometry": {"type": "LineString", "coordinates": [[106.8107453, -6.3887098], [106.8107577, -6.3887398], [106.8107765, -6.3887571], [106.8108074, -6.3887731], [106.8109581, -6.3888175]]}}, {"type": "Feature", "properties": {"name": "Jalan Gunung Sahari Raya", "query": "Jalan Gunung Sahari, Jakarta", "source": "nominatim_mrt2", "osm_id": 28715915}, "geometry": {"type": "LineString", "coordinates": [[106.8383918, -6.1636447], [106.8383379, -6.1634664], [106.8382371, -6.1630581], [106.8381376, -6.1626414], [106.8380957, -6.1624798], [106.8379937, -6.1620703], [106.8379346, -6.1618083], [106.8378963, -6.1616309], [106.837846, -6.1613978], [106.8375783, -6.1603393]]}}, {"type": "Feature", "properties": {"name": "Jalan Gunung Sahari Raya", "query": "Jalan Gunung Sahari, Jakarta", "source": "nominatim_mrt2", "osm_id": 1001371685}, "geometry": {"type": "LineString", "coordinates": [[106.8393123, -6.1665965], [106.8393491, -6.1667354], [106.8393942, -6.1669093], [106.8395138, -6.1673905], [106.8395377, -6.1674785], [106.8396002, -6.1677093], [106.8396176, -6.1677734], [106.8396632, -6.167937], [106.8396842, -6.1680183]]}}, {"type": "Feature", "properties": {"name": "Jalan Gunung Sahari Raya", "query": "Jalan Gunung Sahari, Jakarta", "source": "nominatim_mrt2", "osm_id": 755034794}, "geometry": {"type": "LineString", "coordinates": [[106.8316498, -6.1334042], [106.8316729, -6.133515], [106.8317752, -6.1338896], [106.8318144, -6.1340384], [106.8318258, -6.1340837], [106.8318314, -6.1341058], [106.8319308, -6.1345144], [106.8319382, -6.1345443], [106.8319727, -6.1346835]]}}, {"type": "Feature", "properties": {"name": "Jalan Gunung Sahari IV", "query": "Jalan Gunung Sahari, Jakarta", "source": "nominatim_mrt2", "osm_id": 277657546}, "geometry": {"type": "LineString", "coordinates": [[106.8391913, -6.1660672], [106.8402895, -6.16603], [106.8404793, -6.1660223], [106.8408758, -6.1660001], [106.8410804, -6.1659918], [106.8411818, -6.1659812], [106.841514, -6.1659503], [106.8416188, -6.165939]]}}, {"type": "Feature", "properties": {"name": "Jalan Gunung Sahari Raya", "query": "Jalan Gunung Sahari, Jakarta", "source": "nominatim_mrt2", "osm_id": 1249818273}, "geometry": {"type": "LineString", "coordinates": [[106.8390941, -6.1664287], [106.8389483, -6.165876], [106.8389291, -6.1658031], [106.838874, -6.1655801], [106.8388268, -6.1654036]]}}, {"type": "Feature", "properties": {"name": "Jalan Gunung Sahari Raya", "query": "Jalan Gunung Sahari, Jakarta", "source": "nominatim_mrt2", "osm_id": 688373833}, "geometry": {"type": "LineString", "coordinates": [[106.8339509, -6.1435725], [106.8340371, -6.1438811], [106.8340503, -6.1439445], [106.8340579, -6.1439824], [106.8340862, -6.144123], [106.8341141, -6.1442619], [106.8341407, -6.1443882]]}}, {"type": "Feature", "properties": {"name": "Jalan Gunung Sahari Raya", "query": "Jalan Gunung Sahari, Jakarta", "source": "nominatim_mrt2", "osm_id": 762101023}, "geometry": {"type": "LineString", "coordinates": [[106.838412, -6.1629973], [106.8384663, -6.1632418], [106.8384928, -6.1633478], [106.8385602, -6.1636011]]}}, {"type": "Feature", "properties": {"name": "Jalan Gunung Sahari Raya", "query": "Jalan Gunung Sahari, Jakarta", "source": "nominatim_mrt2", "osm_id": 754326042}, "geometry": {"type": "LineString", "coordinates": [[106.8327392, -6.138882], [106.8326972, -6.1387131], [106.8326636, -6.1385599]]}}, {"type": "Feature", "properties": {"name": "Jalan Benyamin Sueb", "query": "Jalan Benyamin Sueb, Kemayoran", "source": "nominatim_mrt2", "osm_id": 28983651}, "geometry": {"type": "LineString", "coordinates": [[106.8466016, -6.1320362], [106.8467429, -6.1327843], [106.8468457, -6.1332747], [106.8469206, -6.1336122], [106.8471043, -6.1346237], [106.8471959, -6.13515], [106.8472798, -6.1355472], [106.8473961, -6.1360878], [106.847575, -6.1369747], [106.8476743, -6.1374834], [106.8477445, -6.1378393], [106.8479244, -6.1389294], [106.8479995, -6.1393429], [106.8480435, -6.1395624], [106.8481321, -6.1400858], [106.8482904, -6.1409472], [106.8483335, -6.1411895], [106.8483705, -6.1413922]]}}, {"type": "Feature", "properties": {"name": "Jalan Benyamin Sueb", "query": "Jalan Benyamin Sueb, Kemayoran", "source": "nominatim_mrt2", "osm_id": 502490398}, "geometry": {"type": "LineString", "coordinates": [[106.8463815, -6.1322222], [106.8462943, -6.1318515]]}}, {"type": "Feature", "properties": {"name": "Jalan Benyamin Sueb", "query": "Jalan Benyamin Sueb, Kemayoran", "source": "nominatim_mrt2", "osm_id": 502490400}, "geometry": {"type": "LineString", "coordinates": [[106.8465465, -6.1317362], [106.8466016, -6.1320362]]}}, {"type": "Feature", "properties": {"name": "Jalan Salemba Raya", "query": "Jalan Salemba Raya, Jakarta", "source": "nominatim_mrt2", "osm_id": 28715955}, "geometry": {"type": "LineString", "coordinates": [[106.8501842, -6.1955018], [106.8503555, -6.195804], [106.8505105, -6.1960168], [106.8505999, -6.1961437], [106.8507461, -6.1963097], [106.8507783, -6.1963451], [106.8509144, -6.196483], [106.8511377, -6.1967144], [106.8511847, -6.1967617], [106.8513634, -6.1969335]]}}, {"type": "Feature", "properties": {"name": "Jalan Salemba Raya", "query": "Jalan Salemba Raya, Jakarta", "source": "nominatim_mrt2", "osm_id": 711243606}, "geometry": {"type": "LineString", "coordinates": [[106.8473973, -6.1907591], [106.8473359, -6.1906506], [106.8470974, -6.1902108], [106.8469593, -6.1899349], [106.8468348, -6.1897021], [106.8466671, -6.1894042]]}}, {"type": "Feature", "properties": {"name": "Jalan Salemba Raya", "query": "Jalan Salemba Raya, Jakarta", "source": "nominatim_mrt2", "osm_id": 685613008}, "geometry": {"type": "LineString", "coordinates": [[106.8477278, -6.1908694], [106.8479207, -6.1912175], [106.8479605, -6.1912891], [106.8479754, -6.19132], [106.8479983, -6.1913662], [106.8481691, -6.1916986], [106.8483706, -6.1920827]]}}, {"type": "Feature", "properties": {"name": "Jalan Salemba Raya", "query": "Jalan Salemba Raya, Jakarta", "source": "nominatim_mrt2", "osm_id": 1525581082}, "geometry": {"type": "LineString", "coordinates": [[106.848779, -6.192854], [106.8491788, -6.1936265], [106.8491904, -6.1936472], [106.8492745, -6.1938075], [106.8493923, -6.1940292]]}}, {"type": "Feature", "properties": {"name": "Jalan Salemba Raya", "query": "Jalan Salemba Raya, Jakarta", "source": "nominatim_mrt2", "osm_id": 699651422}, "geometry": {"type": "LineString", "coordinates": [[106.8534711, -6.19889], [106.8538013, -6.1991843], [106.8538395, -6.1992199], [106.8539072, -6.1992848]]}}, {"type": "Feature", "properties": {"name": "Jalan Salemba Raya", "query": "Jalan Salemba Raya, Jakarta", "source": "nominatim_mrt2", "osm_id": 558959737}, "geometry": {"type": "LineString", "coordinates": [[106.8538515, -6.1995904], [106.853751, -6.1994985], [106.8537362, -6.1994849], [106.853711, -6.1994619], [106.853681, -6.1994351], [106.8536481, -6.1994057], [106.8535087, -6.1992811]]}}, {"type": "Feature", "properties": {"name": "Jalan Salemba Raya", "query": "Jalan Salemba Raya, Jakarta", "source": "nominatim_mrt2", "osm_id": 713585210}, "geometry": {"type": "LineString", "coordinates": [[106.8484363, -6.1926454], [106.8484157, -6.1926091], [106.848311, -6.1924098], [106.8482253, -6.1922477]]}}, {"type": "Feature", "properties": {"name": "Jalan Salemba Raya", "query": "Jalan Salemba Raya, Jakarta", "source": "nominatim_mrt2", "osm_id": 766198364}, "geometry": {"type": "LineString", "coordinates": [[106.8469587, -6.1894453], [106.8471638, -6.1898264]]}}, {"type": "Feature", "properties": {"name": "Jalan Kramat Raya", "query": "Jalan Kramat Raya, Jakarta", "source": "nominatim_mrt2", "osm_id": 560887460}, "geometry": {"type": "LineString", "coordinates": [[106.8415952, -6.175817], [106.8421762, -6.1786489], [106.8425594, -6.1804972], [106.8428042, -6.1815197], [106.8428886, -6.1818682], [106.8428988, -6.1819105]]}}, {"type": "Feature", "properties": {"name": "Jalan Kramat Raya", "query": "Jalan Kramat Raya, Jakarta", "source": "nominatim_mrt2", "osm_id": 28718830}, "geometry": {"type": "LineString", "coordinates": [[106.8426616, -6.1814313], [106.8426128, -6.1811821], [106.8421092, -6.178751]]}}, {"type": "Feature", "properties": {"name": "Jalan Kramat Raya", "query": "Jalan Kramat Raya, Jakarta", "source": "nominatim_mrt2", "osm_id": 711243633}, "geometry": {"type": "LineString", "coordinates": [[106.8436083, -6.1841571], [106.8435421, -6.1840592], [106.8433695, -6.1837835], [106.8432683, -6.1836218], [106.8432005, -6.1835134], [106.8431489, -6.1834035], [106.8430536, -6.1832008]]}}, {"type": "Feature", "properties": {"name": "Jalan Kramat Raya", "query": "Jalan Kramat Raya, Jakarta", "source": "nominatim_mrt2", "osm_id": 830694366}, "geometry": {"type": "LineString", "coordinates": [[106.8446965, -6.1859901], [106.8446205, -6.1858519], [106.844525, -6.1856716], [106.8445151, -6.1856529], [106.8442541, -6.1852112], [106.8441841, -6.1850888]]}}, {"type": "Feature", "properties": {"name": "Jalan Kramat Raya", "query": "Jalan Kramat Raya, Jakarta", "source": "nominatim_mrt2", "osm_id": 654855246}, "geometry": {"type": "LineString", "coordinates": [[106.84296, -6.1829475], [106.842908, -6.1827427], [106.8428933, -6.1826847], [106.8428872, -6.1826608], [106.8428318, -6.1823923], [106.8428231, -6.1823479], [106.8428011, -6.1822352], [106.8426717, -6.1815246]]}}, {"type": "Feature", "properties": {"name": "Jalan Kramat Raya", "query": "Jalan Kramat Raya, Jakarta", "source": "nominatim_mrt2", "osm_id": 1295786982}, "geometry": {"type": "LineString", "coordinates": [[106.8447199, -6.1855301], [106.8449362, -6.1858874]]}}, {"type": "Feature", "properties": {"name": "Jalan Kramat Raya", "query": "Jalan Kramat Raya, Jakarta", "source": "nominatim_mrt2", "osm_id": 754643165}, "geometry": {"type": "LineString", "coordinates": [[106.8420755, -6.1792334], [106.842014, -6.1789668], [106.8419787, -6.1788135], [106.8419713, -6.1787813], [106.841957, -6.1787192]]}}, {"type": "Feature", "properties": {"name": "Jalan Kramat Raya", "query": "Jalan Kramat Raya, Jakarta", "source": "nominatim_mrt2", "osm_id": 750385741}, "geometry": {"type": "LineString", "coordinates": [[106.841957, -6.1787192], [106.8419433, -6.178664], [106.8419302, -6.1786268], [106.8419087, -6.1785793]]}}, {"type": "Feature", "properties": {"name": "Jalan Dokter Saharjo", "query": "Jalan Dokter Saharjo, Jakarta", "source": "nominatim_mrt2", "osm_id": 11586157}, "geometry": {"type": "LineString", "coordinates": [[106.8475945, -6.2094457], [106.8472713, -6.2100516], [106.8471964, -6.2101701], [106.8469656, -6.210514], [106.84687, -6.2106587], [106.8468244, -6.2107223], [106.8464247, -6.2112978], [106.8462941, -6.2114889], [106.8457804, -6.2122988], [106.8456227, -6.2125202], [106.8455283, -6.2126528], [106.8451716, -6.2131748], [106.8451649, -6.2131841], [106.8449885, -6.2134353], [106.8448185, -6.213677], [106.8448104, -6.2136899], [106.8447642, -6.2137589], [106.8446414, -6.2139316], [106.8446005, -6.2139886], [106.8444651, -6.2141794], [106.8442818, -6.2144281], [106.8442423, -6.2144801], [106.8441779, -6.2145627], [106.8441504, -6.2146054], [106.8440962, -6.2147041], [106.8440744, -6.2147439], [106.8440353, -6.2148561], [106.8439599, -6.2151044], [106.8439211, -6.215261], [106.8439033, -6.2153329], [106.8438924, -6.2155786], [106.8438984, -6.2156588], [106.8439244, -6.215821], [106.8439803, -6.2159564], [106.8440313, -6.2160917], [106.8441777, -6.2164372]]}}, {"type": "Feature", "properties": {"name": "Jalan Dokter Saharjo", "query": "Jalan Dokter Saharjo, Jakarta", "source": "nominatim_mrt2", "osm_id": 107141639}, "geometry": {"type": "LineString", "coordinates": [[106.8449429, -6.2179618], [106.8450605, -6.2182016], [106.8451882, -6.2184649], [106.8453583, -6.2188716], [106.8453684, -6.2188951], [106.8453939, -6.2189577], [106.8454722, -6.2191462], [106.8455973, -6.2194843], [106.8457208, -6.2198388], [106.8457348, -6.2198692], [106.8458217, -6.2201013], [106.8459352, -6.2203994], [106.8461136, -6.2208094], [106.846202, -6.220993], [106.8462065, -6.220998], [106.8463308, -6.2211741], [106.8464854, -6.2213932], [106.8466611, -6.2216506], [106.8467611, -6.2218113], [106.8469776, -6.2222125], [106.8472965, -6.2227663], [106.8473726, -6.2228984], [106.8473945, -6.2229387], [106.8474043, -6.2229596], [106.847411, -6.222974], [106.8474284, -6.2230137], [106.8475017, -6.2231843], [106.8475341, -6.2232674], [106.8475558, -6.2233318], [106.8475664, -6.2234128]]}}, {"type": "Feature", "properties": {"name": "Jalan Dokter Saharjo", "query": "Jalan Dokter Saharjo, Jakarta", "source": "nominatim_mrt2", "osm_id": 28259179}, "geometry": {"type": "LineString", "coordinates": [[106.8474893, -6.2233542], [106.8474654, -6.2232825], [106.847392, -6.2231144], [106.8472952, -6.2229145], [106.847023, -6.2224144], [106.846864, -6.2221313], [106.8466901, -6.221816], [106.8466079, -6.2216852], [106.8462403, -6.2211392], [106.8461628, -6.221023], [106.8461134, -6.2209592], [106.8459892, -6.2207347], [106.845945, -6.2206467], [106.8456771, -6.2199284], [106.8456564, -6.2198637], [106.8455419, -6.2195575], [106.8455232, -6.2195036], [106.8453534, -6.2190164], [106.8453477, -6.2190007], [106.8453395, -6.2189793], [106.8453213, -6.2189357], [106.8452328, -6.2187398], [106.8451916, -6.2186462], [106.8448839, -6.2179939]]}}, {"type": "Feature", "properties": {"name": "Jalan Dokter Saharjo", "query": "Jalan Dokter Saharjo, Jakarta", "source": "nominatim_mrt2", "osm_id": 1282100772}, "geometry": {"type": "LineString", "coordinates": [[106.8448839, -6.2179939], [106.8444612, -6.2171295], [106.8442768, -6.2167524], [106.8442607, -6.2167194], [106.8442376, -6.2166723], [106.8441356, -6.2164636]]}}, {"type": "Feature", "properties": {"name": "Jalan Dokter Saharjo", "query": "Jalan Dokter Saharjo, Jakarta", "source": "nominatim_mrt2", "osm_id": 1282100773}, "geometry": {"type": "LineString", "coordinates": [[106.8442151, -6.2165118], [106.8443236, -6.2167279], [106.8444142, -6.2169083], [106.844605, -6.2172886], [106.8448181, -6.2177132], [106.8448545, -6.2177857], [106.8449429, -6.2179618]]}}, {"type": "Feature", "properties": {"name": "Jalan Dokter Saharjo", "query": "Jalan Dokter Saharjo, Jakarta", "source": "nominatim_mrt2", "osm_id": 1326444454}, "geometry": {"type": "LineString", "coordinates": [[106.8475643, -6.2236612], [106.8475605, -6.2237345], [106.8475481, -6.2239709], [106.8475419, -6.2240009], [106.8475044, -6.2241829], [106.8474864, -6.2242704], [106.8474836, -6.2243112], [106.8474779, -6.2243931], [106.8474662, -6.2245402], [106.8474619, -6.2246555], [106.8474611, -6.2246882], [106.8474586, -6.2247515], [106.847459, -6.2247815], [106.8474603, -6.2248172], [106.8474642, -6.2249193], [106.8474798, -6.2252318], [106.8474829, -6.2253222], [106.8474872, -6.2254313], [106.8475174, -6.2259261], [106.8475228, -6.2263261], [106.8475221, -6.2265227], [106.8475208, -6.2267054], [106.8475167, -6.2268867], [106.8475174, -6.2269554], [106.8475141, -6.227058], [106.8475107, -6.2272033], [106.8475087, -6.2272627], [106.8475, -6.2273626], [106.8474859, -6.227494], [106.8474789, -6.2275753], [106.8474718, -6.2276436], [106.8474655, -6.2277418]]}}, {"type": "Feature", "properties": {"name": "Jalan Dokter Saharjo", "query": "Jalan Dokter Saharjo, Jakarta", "source": "nominatim_mrt2", "osm_id": 691257901}, "geometry": {"type": "LineString", "coordinates": [[106.8473463, -6.2277373], [106.8473559, -6.2276358], [106.8473981, -6.2270219], [106.8474136, -6.2268328], [106.8474057, -6.2265514], [106.8474036, -6.2265013], [106.8473981, -6.2263246], [106.8473848, -6.2258551], [106.8473718, -6.2254137], [106.8473672, -6.225259], [106.8473624, -6.2250932], [106.8473577, -6.2249214], [106.8473594, -6.224779], [106.8473604, -6.2247352], [106.8473618, -6.2246863], [106.8473628, -6.2246427], [106.8473906, -6.2242788]]}}, {"type": "Feature", "properties": {"name": "Jalan Dokter Saharjo", "query": "Jalan Dokter Saharjo, Jakarta", "source": "nominatim_mrt2", "osm_id": 754380217}, "geometry": {"type": "LineString", "coordinates": [[106.8474475, -6.2279821], [106.8474263, -6.228225], [106.847417, -6.2283409], [106.8474093, -6.2284281], [106.8473945, -6.228585], [106.8473738, -6.2287874], [106.8473643, -6.2289191]]}}, {"type": "Feature", "properties": {"name": "Jalan RA. Fadillah", "query": "Jalan RA Fadillah, Cijantung, Jakarta", "source": "nominatim_mrt_intent", "osm_id": 155964688}, "geometry": {"type": "LineString", "coordinates": [[106.8555023, -6.3175271], [106.8546842, -6.3177787], [106.8545093, -6.3178325], [106.8541195, -6.317944], [106.8538152, -6.3180348], [106.8536661, -6.3180695], [106.8532332, -6.3181704], [106.8530689, -6.3182111], [106.8529234, -6.3182533], [106.8525769, -6.3183688], [106.8524706, -6.3184139], [106.8523919, -6.318457], [106.8521108, -6.3186702], [106.8517951, -6.3189096], [106.8513932, -6.3192527], [106.8510278, -6.3195767], [106.850695, -6.3198764], [106.850529, -6.320026], [106.850489, -6.320062], [106.8503458, -6.320191], [106.8501476, -6.3203695], [106.8500942, -6.3204183], [106.8499814, -6.3205197], [106.849556, -6.3209024], [106.8495375, -6.3209217], [106.8491179, -6.3213002], [106.8486419, -6.3217315]]}}, {"type": "Feature", "properties": {"name": "Jalan RA. Fadillah", "query": "Jalan RA Fadillah, Cijantung, Jakarta", "source": "nominatim_mrt_intent", "osm_id": 509784194}, "geometry": {"type": "LineString", "coordinates": [[106.8485696, -6.3216563], [106.8494614, -6.3208366], [106.8500182, -6.3203331], [106.8506114, -6.3197845], [106.8509104, -6.3195086], [106.8509504, -6.3194721], [106.8513025, -6.319153], [106.8515901, -6.3188911], [106.8517533, -6.3187562], [106.8519491, -6.3186096], [106.8521328, -6.318479], [106.8523372, -6.3183471], [106.8524466, -6.318295], [106.8525754, -6.3182431], [106.8528751, -6.3181324], [106.8531427, -6.3180531], [106.8534109, -6.3179805], [106.8537683, -6.3178938], [106.854461, -6.3176959], [106.8549619, -6.3175393], [106.8551838, -6.3174653]]}}, {"type": "Feature", "properties": {"name": "Jalan RA. Fadillah", "query": "Jalan RA Fadillah, Cijantung, Jakarta", "source": "nominatim_mrt_intent", "osm_id": 511717237}, "geometry": {"type": "LineString", "coordinates": [[106.8607541, -6.3132274], [106.8604974, -6.3135638], [106.8599729, -6.3142974], [106.8597999, -6.3145068], [106.8597174, -6.3146074], [106.8596276, -6.3147127], [106.8595558, -6.3147873], [106.8594801, -6.3148573], [106.8586372, -6.3155458]]}}, {"type": "Feature", "properties": {"name": "Jalan RA. Fadillah", "query": "Jalan RA Fadillah, Cijantung, Jakarta", "source": "nominatim_mrt_intent", "osm_id": 515528379}, "geometry": {"type": "LineString", "coordinates": [[106.8584222, -6.3155183], [106.8585173, -6.3154436]]}}, {"type": "Feature", "properties": {"name": "Jalan Pendidikan", "query": "Jalan Pendidikan, Cijantung, Jakarta", "source": "nominatim_mrt_intent", "osm_id": 511717249}, "geometry": {"type": "LineString", "coordinates": [[106.8623115, -6.3133121], [106.8623279, -6.3133317], [106.8623413, -6.3133751], [106.8624486, -6.3136856], [106.8626082, -6.3142788], [106.8627557, -6.3147677], [106.8628972, -6.3152366], [106.8630474, -6.3157244]]}}, {"type": "Feature", "properties": {"name": "Jalan Raya Bogor", "query": "Jalan Raya Bogor, Cijantung", "source": "nominatim_mrt_intent", "osm_id": 1259596886}, "geometry": {"type": "LineString", "coordinates": [[106.8638152, -6.3258986], [106.8638473, -6.3257555], [106.8638849, -6.3255989], [106.8639259, -6.3254442], [106.8639553, -6.3253449], [106.8640179, -6.3251444], [106.864025, -6.3251218], [106.8643838, -6.3240197], [106.8644066, -6.3239449], [106.8644947, -6.3236387], [106.8646076, -6.3232463], [106.8648507, -6.3224013]]}}, {"type": "Feature", "properties": {"name": "Jalan Raya Bogor", "query": "Jalan Raya Bogor, Cijantung", "source": "nominatim_mrt_intent", "osm_id": 1259596885}, "geometry": {"type": "LineString", "coordinates": [[106.8644468, -6.3279963], [106.8643094, -6.3278202], [106.8642296, -6.3276963], [106.8641364, -6.3275387], [106.8640587, -6.3274079], [106.8640222, -6.3273456], [106.8639471, -6.3271874], [106.8638933, -6.3270482], [106.8638471, -6.3268985], [106.8638202, -6.3267868], [106.8638023, -6.3266934], [106.8637753, -6.326455], [106.8637732, -6.3264025], [106.863772, -6.3263454]]}}, {"type": "Feature", "properties": {"name": "Jalan Raya Bogor", "query": "Jalan Raya Bogor, Cijantung", "source": "nominatim_mrt_intent", "osm_id": 1107428759}, "geometry": {"type": "LineString", "coordinates": [[106.8651512, -6.3212324], [106.8651623, -6.3211049], [106.8651684, -6.3209316], [106.8651666, -6.3208336], [106.865157, -6.3206537], [106.8651508, -6.320571], [106.8651392, -6.3204109], [106.8651315, -6.3203548], [106.8651059, -6.3201994], [106.8650831, -6.3200951], [106.8650626, -6.3200122], [106.8650163, -6.319851]]}}, {"type": "Feature", "properties": {"name": "Jalan Raya Bogor", "query": "Jalan Raya Bogor, Cijantung", "source": "nominatim_mrt_intent", "osm_id": 1259596876}, "geometry": {"type": "LineString", "coordinates": [[106.863772, -6.3263454], [106.8637731, -6.3262615], [106.8637797, -6.3261477], [106.8637886, -6.326062], [106.8637976, -6.3259973], [106.8638152, -6.3258986]]}}, {"type": "Feature", "properties": {"name": "Jalan Raya Bogor", "query": "Jalan Raya Bogor, Cijantung", "source": "nominatim_mrt_intent", "osm_id": 1108566823}, "geometry": {"type": "LineString", "coordinates": [[106.8625103, -6.3116355], [106.8625311, -6.3114228]]}}, {"type": "Feature", "properties": {"name": "Jalan Raya Bogor", "query": "Jalan Raya Bogor, Cijantung", "source": "nominatim_mrt_intent", "osm_id": 507142041}, "geometry": {"type": "LineString", "coordinates": [[106.8645015, -6.3279529], [106.8645649, -6.3280329], [106.86476, -6.3282635], [106.8649783, -6.3285031], [106.8650483, -6.328573], [106.8652596, -6.3287873], [106.8654299, -6.3289569], [106.8658392, -6.3293542], [106.8658636, -6.3293779], [106.8661889, -6.3296937], [106.8663687, -6.329873], [106.8666545, -6.3301847], [106.8667501, -6.3302946], [106.8668127, -6.3303767], [106.8668621, -6.3304486], [106.8669082, -6.3305228], [106.8669621, -6.3306218], [106.8670097, -6.3307224], [106.8672363, -6.3312466], [106.8672595, -6.3313002], [106.8672886, -6.3313695], [106.8673758, -6.3315948], [106.8675237, -6.3319857], [106.8675596, -6.3320983], [106.867579, -6.3321563], [106.8675927, -6.3322162], [106.8676038, -6.3322979], [106.8676383, -6.3325705], [106.8676571, -6.33272], [106.8676806, -6.3329774], [106.8676963, -6.3331087], [106.8677195, -6.3333139], [106.8677679, -6.3337776], [106.8678177, -6.3341877], [106.8678935, -6.3347848], [106.8679152, -6.3349729], [106.8680216, -6.3358945], [106.8680397, -6.3360051], [106.8680658, -6.3361537], [106.8680846, -6.3362577], [106.8681302, -6.3364469], [106.8681731, -6.3366082], [106.8682309, -6.336799], [106.868486, -6.3376406]]}}, {"type": "Feature", "properties": {"name": "Jalan Raya Bogor", "query": "Jalan Raya Bogor, Kramat Jati", "source": "nominatim_mrt_intent", "osm_id": 688679087}, "geometry": {"type": "LineString", "coordinates": [[106.869456, -6.2778935], [106.8694207, -6.2778355], [106.8694055, -6.2778116], [106.869124, -6.27737], [106.8689708, -6.2771421], [106.8689316, -6.2770926], [106.8687347, -6.276844], [106.8684791, -6.2765211], [106.8684445, -6.2764766], [106.86838, -6.2763885], [106.8682665, -6.2762202], [106.8680969, -6.275967], [106.8679015, -6.2756287]]}}, {"type": "Feature", "properties": {"name": "Jalan Raya Bogor", "query": "Jalan Raya Bogor, Kramat Jati", "source": "nominatim_mrt_intent", "osm_id": 688645300}, "geometry": {"type": "LineString", "coordinates": [[106.8666967, -6.2687728], [106.8668421, -6.269014], [106.8669231, -6.2691822], [106.8669799, -6.2693057], [106.867034, -6.2694004], [106.8671795, -6.2696122], [106.8673165, -6.2698381], [106.8673474, -6.2698894]]}}, {"type": "Feature", "properties": {"name": "Jalan Raya Bogor", "query": "Jalan Raya Bogor, Kramat Jati", "source": "nominatim_mrt_intent", "osm_id": 754659387}, "geometry": {"type": "LineString", "coordinates": [[106.8708318, -6.2869916], [106.8708352, -6.2869136], [106.8708533, -6.286589], [106.870862, -6.286359], [106.8708687, -6.2862657], [106.8708753, -6.2861723], [106.870885, -6.2861291], [106.8710271, -6.2855772], [106.8711065, -6.2852985]]}}, {"type": "Feature", "properties": {"name": "Jalan Raya Bogor", "query": "Jalan Raya Bogor, Kramat Jati", "source": "nominatim_mrt_intent", "osm_id": 1295602632}, "geometry": {"type": "LineString", "coordinates": [[106.8671064, -6.2723404], [106.867123, -6.272121], [106.8671659, -6.271556], [106.8672435, -6.2711521]]}}, {"type": "Feature", "properties": {"name": "Jalan Raya Bogor", "query": "Jalan Raya Bogor, Kramat Jati", "source": "nominatim_mrt_intent", "osm_id": 1225734001}, "geometry": {"type": "LineString", "coordinates": [[106.8658535, -6.2637151], [106.865847, -6.2638435]]}}, {"type": "Feature", "properties": {"name": "Jalan Raya Bogor", "query": "Jalan Raya Bogor, Kramat Jati", "source": "nominatim_mrt_intent", "osm_id": 754648528}, "geometry": {"type": "LineString", "coordinates": [[106.8708269, -6.2870775], [106.8708318, -6.2869916]]}}, {"type": "Feature", "properties": {"name": "Jalan Condet Raya", "query": "Jalan Condet Raya, Jakarta", "source": "nominatim_mrt_intent", "osm_id": 1295602635}, "geometry": {"type": "LineString", "coordinates": [[106.8552714, -6.2841366], [106.8552916, -6.2845656], [106.8552991, -6.284716], [106.8553142, -6.2850233], [106.8553271, -6.2851313], [106.8553463, -6.2853679], [106.8553547, -6.2854986], [106.8553578, -6.2855798], [106.855358, -6.2856488], [106.8553578, -6.2856859], [106.8553599, -6.2857812], [106.8553721, -6.2859933], [106.8553761, -6.2860393], [106.8553915, -6.2862156], [106.8554129, -6.2864759], [106.8554267, -6.2866962], [106.8554306, -6.2868158], [106.8554425, -6.2869518], [106.8554609, -6.287251], [106.8554748, -6.2874545], [106.8554802, -6.287533], [106.8555153, -6.2881847], [106.8555197, -6.2883385], [106.8555209, -6.2884121], [106.8555357, -6.288659], [106.8555608, -6.2892778], [106.8555611, -6.2892969], [106.8555617, -6.2893566], [106.8555631, -6.2894428], [106.855567, -6.2895547], [106.8555684, -6.28966], [106.8555815, -6.2899587], [106.8555857, -6.2900229], [106.8556006, -6.2903068], [106.8556132, -6.2905892], [106.8556239, -6.2907131], [106.8556322, -6.2909004], [106.8556359, -6.2909849], [106.8556378, -6.291089], [106.8556445, -6.2911751], [106.8556516, -6.2914704], [106.8556644, -6.29171], [106.8556792, -6.2919893], [106.8556866, -6.2920925], [106.8556994, -6.2924225], [106.8557199, -6.2928169], [106.8557514, -6.2933291], [106.8557665, -6.293562], [106.8557798, -6.2937255], [106.8557843, -6.2937682], [106.8557936, -6.2938611], [106.8558082, -6.294013], [106.8558275, -6.2941683], [106.8558394, -6.2942812], [106.8558454, -6.2943424], [106.8558526, -6.2944149], [106.8558743, -6.2946893], [106.8558954, -6.294848], [106.855912, -6.2950718], [106.8559262, -6.2952041], [106.8559378, -6.2952776], [106.8559489, -6.2956064], [106.8559556, -6.2958435], [106.8559625, -6.295969], [106.8559691, -6.29615], [106.8559818, -6.2964527], [106.8560063, -6.2968578], [106.8560326, -6.2971969], [106.8560311, -6.297238], [106.8560478, -6.2974856], [106.8560565, -6.297753], [106.8560681, -6.2979521], [106.8561073, -6.2983353], [106.8561241, -6.2987215], [106.856127, -6.2987875], [106.8561292, -6.2988291], [106.85614, -6.2990628], [106.8561519, -6.2993107], [106.8561789, -6.2998897], [106.8561957, -6.3004114], [106.8562058, -6.3005657], [106.856228, -6.3008976], [106.8562441, -6.3010946], [106.85625, -6.3012513], [106.8562524, -6.3012834], [106.8562572, -6.3013506], [106.8562675, -6.3015516], [106.856313, -6.3019487], [106.8563459, -6.3024755]]}}, {"type": "Feature", "properties": {"name": "Jalan Otto Iskandar Dinata", "query": "Jalan Otto Iskandar Dinata, Jakarta", "source": "nominatim_mrt_intent", "osm_id": 691253233}, "geometry": {"type": "LineString", "coordinates": [[106.8671988, -6.2264354], [106.8672281, -6.2265826], [106.8672828, -6.2268396], [106.8673075, -6.2271014], [106.8673065, -6.2276713], [106.8673037, -6.2280003]]}}, {"type": "Feature", "properties": {"name": "Jalan Otto Iskandar Dinata", "query": "Jalan Otto Iskandar Dinata, Jakarta", "source": "nominatim_mrt_intent", "osm_id": 691253234}, "geometry": {"type": "LineString", "coordinates": [[106.8670838, -6.2259259], [106.8671434, -6.2261768], [106.8671988, -6.2264354]]}}, {"type": "Feature", "properties": {"name": "Jalan Otto Iskandar Dinata", "query": "Jalan Otto Iskandar Dinata, Jakarta", "source": "nominatim_mrt_intent", "osm_id": 1186138632}, "geometry": {"type": "LineString", "coordinates": [[106.8688757, -6.2436251], [106.8688581, -6.2436817], [106.8688339, -6.2437653], [106.8687565, -6.2440206]]}}, {"type": "Feature", "properties": {"name": "Jalan Otto Iskandar Dinata", "query": "Jalan Otto Iskandar Dinata, Jakarta", "source": "nominatim_mrt_intent", "osm_id": 791643153}, "geometry": {"type": "LineString", "coordinates": [[106.8673235, -6.230971], [106.8673474, -6.2313382], [106.8673578, -6.2316023], [106.8673713, -6.2317744]]}}, {"type": "Feature", "properties": {"name": "Jalan Otto Iskandar Dinata", "query": "Jalan Otto Iskandar Dinata, Jakarta", "source": "nominatim_mrt_intent", "osm_id": 307003270}, "geometry": {"type": "LineString", "coordinates": [[106.8683271, -6.2448244], [106.8683879, -6.2446669]]}}, {"type": "Feature", "properties": {"name": "Jalan Otista Raya 149", "query": "Jalan Otista Raya, Jakarta", "source": "nominatim_mrt_intent", "osm_id": 484862893}, "geometry": {"type": "LineString", "coordinates": [[106.8691488, -6.2384247], [106.8692111, -6.2384123], [106.8694941, -6.2383707], [106.8695458, -6.238362], [106.8696302, -6.2383494], [106.8696413, -6.2383454], [106.8696456, -6.2383327], [106.8696456, -6.2382934], [106.8696507, -6.2382813], [106.8696617, -6.2382754], [106.8697288, -6.2382774], [106.8697365, -6.2382747], [106.8697427, -6.238271], [106.8697481, -6.238267], [106.8697513, -6.2382627], [106.8697643, -6.2380614], [106.8697694, -6.2379248], [106.8697695, -6.2379044], [106.8697749, -6.2378899], [106.8697821, -6.2378843], [106.8697922, -6.2378819], [106.8698575, -6.2378804], [106.869872, -6.2378783], [106.8698827, -6.2378733], [106.869887, -6.2378604], [106.8698875, -6.2378393], [106.869876, -6.2377728], [106.8698388, -6.2376201]]}}, {"type": "Feature", "properties": {"name": "Jalan Otista Raya Gang Salihun", "query": "Jalan Otista Raya, Jakarta", "source": "nominatim_mrt_intent", "osm_id": 484862912}, "geometry": {"type": "LineString", "coordinates": [[106.8675984, -6.2334601], [106.8680153, -6.2334126], [106.8681702, -6.2334019], [106.8683223, -6.2333982], [106.8684458, -6.2333952], [106.8684819, -6.2333928], [106.8687002, -6.2333782], [106.8688347, -6.2333692], [106.869113, -6.2333612], [106.8692029, -6.2333513], [106.8692387, -6.2333443], [106.869282, -6.2333359]]}}, {"type": "Feature", "properties": {"name": "Jalan Pramuka", "query": "Jalan Pramuka, Jakarta Timur", "source": "nominatim_mrt_intent", "osm_id": 28775342}, "geometry": {"type": "LineString", "coordinates": [[106.8699974, -6.1922331], [106.8698977, -6.1922443], [106.8696835, -6.1922681], [106.8694258, -6.1922967], [106.8693295, -6.1923069], [106.8692672, -6.1923135], [106.8692329, -6.1923171], [106.8691794, -6.1923231], [106.8689462, -6.1923514], [106.8687519, -6.1923701], [106.8685016, -6.1923946], [106.8684873, -6.1923954], [106.8684438, -6.1923988], [106.8683933, -6.1924036], [106.8682999, -6.1924124], [106.867912, -6.192449], [106.8677454, -6.1924647], [106.8674708, -6.1924906], [106.8672089, -6.1925153], [106.8669458, -6.1925406], [106.8669226, -6.1925427], [106.8668305, -6.1925526], [106.8667529, -6.1925577], [106.8665441, -6.1925752], [106.8664191, -6.1925856], [106.866169, -6.192612], [106.8658622, -6.1926443], [106.865469, -6.1927103], [106.8654574, -6.1927123], [106.8652679, -6.1927451], [106.8651762, -6.1927624], [106.8650998, -6.1927771], [106.8647583, -6.1928429], [106.8644913, -6.1929018], [106.8644553, -6.1929111], [106.8643624, -6.1929394], [106.8641849, -6.1929861], [106.8638515, -6.193088], [106.8632587, -6.1933029], [106.8632001, -6.1933286], [106.8627708, -6.1935168], [106.8623432, -6.1937369]]}}, {"type": "Feature", "properties": {"name": "Jalan Pramuka", "query": "Jalan Pramuka, Jakarta Timur", "source": "nominatim_mrt_intent", "osm_id": 762896284}, "geometry": {"type": "LineString", "coordinates": [[106.8623432, -6.1937369], [106.8620915, -6.1938725], [106.8619711, -6.1939374], [106.8617133, -6.1940855], [106.8612773, -6.1943707], [106.8612416, -6.194394], [106.8611812, -6.1944353], [106.8609617, -6.1945851], [106.8608788, -6.1946401], [106.8606216, -6.1948118]]}}, {"type": "Feature", "properties": {"name": "Jalan Pramuka", "query": "Jalan Pramuka, Jakarta Timur", "source": "nominatim_mrt_intent", "osm_id": 1513574721}, "geometry": {"type": "LineString", "coordinates": [[106.8563528, -6.1976362], [106.8562406, -6.1977377], [106.8561058, -6.1978691], [106.8556439, -6.1981861], [106.8552611, -6.198465], [106.8549952, -6.1986683]]}}, {"type": "Feature", "properties": {"name": "Jalan Pramuka", "query": "Jalan Pramuka, Jakarta Timur", "source": "nominatim_mrt_intent", "osm_id": 559322281}, "geometry": {"type": "LineString", "coordinates": [[106.8747863, -6.1924006], [106.8746342, -6.1923759], [106.8745769, -6.1923966], [106.874544, -6.1924032], [106.8744803, -6.1924013], [106.8744239, -6.1923962], [106.8740464, -6.1923352], [106.8738285, -6.192299], [106.8738134, -6.1922965], [106.8736999, -6.1922777], [106.8734861, -6.1922422], [106.8734359, -6.1922339], [106.873388, -6.1922259], [106.8732011, -6.1921964], [106.8725995, -6.192132], [106.8724928, -6.1921206], [106.8724627, -6.1921174], [106.8723528, -6.1921056], [106.8722031, -6.192101], [106.8720876, -6.1920975], [106.8718246, -6.1920925]]}}, {"type": "Feature", "properties": {"name": "Jalan Pramuka", "query": "Jalan Pramuka, Jakarta Timur", "source": "nominatim_mrt_intent", "osm_id": 1514008842}, "geometry": {"type": "LineString", "coordinates": [[106.8606216, -6.1948118], [106.8604886, -6.1948954]]}}, {"type": "Feature", "properties": {"name": "Jalan Pramuka", "query": "Jalan Pramuka, Jakarta Timur", "source": "nominatim_mrt_intent", "osm_id": 559322268}, "geometry": {"type": "LineString", "coordinates": [[106.8750302, -6.1921983], [106.8751375, -6.1922147], [106.8751875, -6.1922224]]}}, {"type": "Feature", "properties": {"name": "Jalan Gunung Sahari Raya", "query": "Jalan Gunung Sahari Raya, Jakarta", "source": "nominatim_mrt_intent", "osm_id": 1490370110}, "geometry": {"type": "LineString", "coordinates": [[106.8405039, -6.1719817], [106.8403324, -6.1713004], [106.8402746, -6.1710786], [106.8401742, -6.1706931], [106.8401231, -6.1704971], [106.8400552, -6.1702313]]}}, {"type": "Feature", "properties": {"name": "Jalan Gunung Sahari Raya", "query": "Jalan Gunung Sahari Raya, Jakarta", "source": "nominatim_mrt_intent", "osm_id": 711241499}, "geometry": {"type": "LineString", "coordinates": [[106.8354236, -6.1517489], [106.8352577, -6.1510986], [106.835247, -6.1510556], [106.8351156, -6.1505273]]}}, {"type": "Feature", "properties": {"name": "Jalan Gunung Sahari Raya", "query": "Jalan Gunung Sahari Raya, Jakarta", "source": "nominatim_mrt_intent", "osm_id": 1001445850}, "geometry": {"type": "LineString", "coordinates": [[106.8372453, -6.1582628], [106.8372585, -6.1583134], [106.8373422, -6.1586424], [106.8374149, -6.1589279]]}}, {"type": "Feature", "properties": {"name": "Jalan Gunung Sahari Raya", "query": "Jalan Gunung Sahari Raya, Jakarta", "source": "nominatim_mrt_intent", "osm_id": 692790057}, "geometry": {"type": "LineString", "coordinates": [[106.8388016, -6.1652742], [106.8387523, -6.1650333], [106.8387311, -6.1649409], [106.8387207, -6.164896], [106.8386588, -6.1646265]]}}, {"type": "Feature", "properties": {"name": "Jalan Gunung Sahari Raya", "query": "Jalan Gunung Sahari Raya, Jakarta", "source": "nominatim_mrt_intent", "osm_id": 591948690}, "geometry": {"type": "LineString", "coordinates": [[106.830821, -6.1299411], [106.8307922, -6.1298814]]}}, {"type": "Feature", "properties": {"name": "Jalan Salemba Raya", "query": "Jalan Salemba Raya, Jakarta", "source": "nominatim_mrt_intent", "osm_id": 530269403}, "geometry": {"type": "LineString", "coordinates": [[106.8512423, -6.1971174], [106.8512107, -6.1970846], [106.851134, -6.1970124], [106.8510501, -6.1969339], [106.8506831, -6.1965609], [106.8504988, -6.1963623], [106.8503248, -6.1961599], [106.8501453, -6.1959164]]}}, {"type": "Feature", "properties": {"name": "Jalan Salemba Raya", "query": "Jalan Salemba Raya, Jakarta", "source": "nominatim_mrt_intent", "osm_id": 689177647}, "geometry": {"type": "LineString", "coordinates": [[106.8493923, -6.1940292], [106.849573, -6.1943723], [106.8496019, -6.1944303], [106.8496709, -6.194564], [106.8498156, -6.1948444], [106.8498301, -6.1948678]]}}, {"type": "Feature", "properties": {"name": "Jalan Salemba Raya", "query": "Jalan Salemba Raya, Jakarta", "source": "nominatim_mrt_intent", "osm_id": 830697316}, "geometry": {"type": "LineString", "coordinates": [[106.8471638, -6.1898264], [106.8473041, -6.1900772], [106.8475926, -6.1906185]]}}, {"type": "Feature", "properties": {"name": "Jalan Salemba Raya", "query": "Jalan Salemba Raya, Jakarta", "source": "nominatim_mrt_intent", "osm_id": 711243598}, "geometry": {"type": "LineString", "coordinates": [[106.8530418, -6.1984837], [106.8533234, -6.1987501], [106.8533672, -6.1987916], [106.8534711, -6.19889]]}}, {"type": "Feature", "properties": {"name": "Jalan Salemba Raya", "query": "Jalan Salemba Raya, Jakarta", "source": "nominatim_mrt_intent", "osm_id": 830698408}, "geometry": {"type": "LineString", "coordinates": [[106.8498486, -6.1954332], [106.849817, -6.195373], [106.8496261, -6.1949911]]}}, {"type": "Feature", "properties": {"name": "Jalan Sultan Agung", "query": "Jalan Sultan Agung, Jakarta", "source": "nominatim_mrt_intent", "osm_id": 28534178}, "geometry": {"type": "LineString", "coordinates": [[106.8447258, -6.2084154], [106.8417773, -6.2074036], [106.8409235, -6.2071162], [106.8406808, -6.2070394], [106.8403765, -6.2069431], [106.8397215, -6.206716], [106.8395543, -6.2066601], [106.8390182, -6.2064625], [106.8386589, -6.2063307], [106.8386156, -6.2063148]]}}, {"type": "Feature", "properties": {"name": "Jalan Sultan Agung", "query": "Jalan Sultan Agung, Jakarta", "source": "nominatim_mrt_intent", "osm_id": 634494622}, "geometry": {"type": "LineString", "coordinates": [[106.8371752, -6.2056313], [106.8372782, -6.205666], [106.8379103, -6.2059276], [106.8385951, -6.2061711], [106.8386377, -6.2061863]]}}, {"type": "Feature", "properties": {"name": "Jalan Sultan Agung", "query": "Jalan Sultan Agung, Jakarta", "source": "nominatim_mrt_intent", "osm_id": 1263635180}, "geometry": {"type": "LineString", "coordinates": [[106.8467562, -6.2089688], [106.8469618, -6.2090054], [106.847058, -6.2090311], [106.847174, -6.2090748], [106.8472495, -6.2091032], [106.8473521, -6.2091431], [106.847563, -6.2092401], [106.8476603, -6.2092862]]}}, {"type": "Feature", "properties": {"name": "Jalan Sultan Agung", "query": "Jalan Sultan Agung, Jakarta", "source": "nominatim_mrt_intent", "osm_id": 754389965}, "geometry": {"type": "LineString", "coordinates": [[106.8452307, -6.2086085], [106.8450219, -6.2085238], [106.8447258, -6.2084154]]}}, {"type": "Feature", "properties": {"name": "Jalan Raya Parung—Ciputat", "query": "Jalan Raya Parung—Ciputat", "source": "nominatim_mrt_intent", "osm_id": 50751732}, "geometry": {"type": "LineString", "coordinates": [[106.7456692, -6.3772857], [106.7456317, -6.3771005], [106.7455928, -6.3769019], [106.74557, -6.3767473], [106.7455405, -6.3764274], [106.7455231, -6.3762435], [106.7455009, -6.3760249], [106.7454922, -6.3758741], [106.7454801, -6.3756784], [106.7454721, -6.3755404], [106.7454641, -6.3753492], [106.7454547, -6.3752519], [106.7454359, -6.3749427], [106.7454138, -6.3742422], [106.7453849, -6.3738405], [106.7453287, -6.3731207], [106.7453037, -6.3727994], [106.7452995, -6.372746], [106.7452357, -6.3719254], [106.7452148, -6.3716685], [106.7451718, -6.3711949], [106.7451706, -6.3709079], [106.7451741, -6.3708041], [106.7451768, -6.3706959], [106.7451904, -6.370548], [106.7452403, -6.3701395], [106.7452449, -6.3701013], [106.7452843, -6.3697064], [106.7453394, -6.3693719], [106.7453457, -6.3693334], [106.7453848, -6.3689835], [106.7454943, -6.3680799], [106.7455911, -6.3673263], [106.7456494, -6.3669894], [106.7458106, -6.3663656], [106.7460554, -6.3655065], [106.7462039, -6.3649552], [106.7462068, -6.3649454], [106.7465243, -6.3639124], [106.7465471, -6.3638504], [106.746708, -6.3635384], [106.7469841, -6.3630137], [106.7471049, -6.3627637], [106.7472785, -6.3624304], [106.7474404, -6.3621221], [106.7475133, -6.3619947], [106.7476799, -6.3616931], [106.747738, -6.3615879]]}}, {"type": "Feature", "properties": {"name": "Jalan Arif Rahman Hakim", "query": "Jalan Arif Rahman Hakim, Depok", "source": "nominatim_mrt_intent", "osm_id": 154592780}, "geometry": {"type": "LineString", "coordinates": [[106.8176736, -6.3887488], [106.8180789, -6.3887477], [106.8184144, -6.3887841], [106.818668, -6.3888308], [106.8188309, -6.3888698], [106.8189489, -6.3889034], [106.8190099, -6.3889207]]}}, {"type": "Feature", "properties": {"name": "Jalan Arif Rahman Hakim", "query": "Jalan Arif Rahman Hakim, Depok", "source": "nominatim_mrt_intent", "osm_id": 174249864}, "geometry": {"type": "LineString", "coordinates": [[106.8225734, -6.3902607], [106.822534, -6.3902484], [106.8225158, -6.3902333], [106.8224978, -6.3901978], [106.822498, -6.3901602], [106.8224978, -6.3901272], [106.822507, -6.3900974], [106.8225246, -6.3900811], [106.8225497, -6.3900668]]}}, {"type": "Feature", "properties": {"name": "Jalan Arif Rahman Hakim", "query": "Jalan Arif Rahman Hakim, Depok", "source": "nominatim_mrt_intent", "osm_id": 1100921618}, "geometry": {"type": "LineString", "coordinates": [[106.8244712, -6.3900676], [106.8245788, -6.3900658], [106.8249634, -6.3900603], [106.8251313, -6.3900579], [106.8251541, -6.3900581], [106.8251875, -6.3900585]]}}]}