{"type": "FeatureCollection", "features": [{"type": "Feature", "id": "P-4c2c05feee8e", "properties": {"property_id": "P-4c2c05feee8e", "source": "99.co", "source_url": "https://www.99.co/id/jual/apartemen/area-depok/margonda", "source_type": "PUBLIC_LISTING", "category": "APARTEMEN/KOS", "sub_category": "apartemen", "title": "Margonda Residence 2", "property_name": "Margonda Residence 2", "latitude": -6.3682, "longitude": 106.8324, "address": "Beji, Depok", "district": "Beji", "city": "Depok", "price": 190000000, "price_min": null, "price_max": null, "price_unit": "total", "area_land_m2": null, "area_building_m2": 20, "price_per_m2": 9500000.0, "listing_type": "sale", "sale_or_rent": "jual", "bedroom": 1, "bathroom": null, "floor": null, "property_status": "listed", "date_listed": "2026-09-10", "date_updated": "2026-09-13", "data_timestamp": "2026-09-13", "confidence_score": "HIGH", "geometry_source": "LISTING_COORD", "corridor_id": "krl-network", "corridor_type": "existing", "distance_to_corridor": 369.8, "distance_to_station": 90.4, "nearest_station": "Pondok Cina", "existing_corridor_id": "krl-network", "existing_distance_m": 369.8, "masterplan_corridor_id": "LRT_09", "masterplan_distance_m": 3320.7, "cascade_corridor_id": "MRT-CASCADE-03", "cascade_distance_m": 782.1, "price_label": "ASKING PRICE", "note": "Studio 20 m², asking price", "cell_id": "106.840:-6.360", "outlier_flag": 0, "price_class": "SEDANG", "local_price_index": 0.864}, "geometry": {"type": "Point", "coordinates": [106.8324, -6.3682]}}, {"type": "Feature", "id": "P-be9de415b060", "properties": {"property_id": "P-be9de415b060", "source": "99.co", "source_url": "https://www.99.co/id/jual/apartemen/area-depok/margonda", "source_type": "PUBLIC_LISTING", "category": "APARTEMEN/KOS", "sub_category": "apartemen", "title": "Taman Melati Margonda", "property_name": "Taman Melati Margonda", "latitude": -6.3701, "longitude": 106.8331, "address": "Beji, Depok", "district": "Beji", "city": "Depok", "price": 400000000, "price_min": null, "price_max": null, "price_unit": "total", "area_land_m2": null, "area_building_m2": 33, "price_per_m2": 12121212.121212121, "listing_type": "sale", "sale_or_rent": "jual", "bedroom": 1, "bathroom": null, "floor": null, "property_status": "listed", "date_listed": "2026-09-10", "date_updated": "2026-09-13", "data_timestamp": "2026-09-13", "confidence_score": "HIGH", "geometry_source": "LISTING_COORD", "corridor_id": "krl-network", "corridor_type": "existing", "distance_to_corridor": 275.1, "distance_to_station": 169.1, "nearest_station": "Pondok Cina", "existing_corridor_id": "krl-network", "existing_distance_m": 275.1, "masterplan_corridor_id": "LRT_09", "masterplan_distance_m": 3442.5, "cascade_corridor_id": "MRT-CASCADE-03", "cascade_distance_m": 576.4, "price_label": "ASKING PRICE", "note": "Tower B, dekat stasiun UI", "cell_id": "106.840:-6.380", "outlier_flag": 0, "price_class": "SEDANG", "local_price_index": 0.758}, "geometry": {"type": "Point", "coordinates": [106.8331, -6.3701]}}, {"type": "Feature", "id": "P-c4a9e6db4bcc", "properties": {"property_id": "P-c4a9e6db4bcc", "source": "99.co", "source_url": "https://www.99.co/id/jual/apartemen/area-depok/margonda", "source_type": "PUBLIC_LISTING", "category": "APARTEMEN/KOS", "sub_category": "apartemen", "title": "Studio furnish Margonda", "property_name": "Studio furnish Margonda", "latitude": -6.3674, "longitude": 106.8315, "address": "Beji, Depok", "district": "Beji", "city": "Depok", "price": 300000000, "price_min": null, "price_max": null, "price_unit": "total", "area_land_m2": null, "area_building_m2": 22, "price_per_m2": 13636363.636363637, "listing_type": "sale", "sale_or_rent": "jual", "bedroom": 1, "bathroom": null, "floor": null, "property_status": "listed", "date_listed": "2026-09-10", "date_updated": "2026-09-13", "data_timestamp": "2026-09-13", "confidence_score": "HIGH", "geometry_source": "LISTING_COORD", "corridor_id": "krl-network", "corridor_type": "existing", "distance_to_corridor": 296.3, "distance_to_station": 184.9, "nearest_station": "Pondok Cina", "existing_corridor_id": "krl-network", "existing_distance_m": 296.3, "masterplan_corridor_id": "LRT_09", "masterplan_distance_m": 3288.7, "cascade_corridor_id": "MRT-CASCADE-03", "cascade_distance_m": 876.5, "price_label": "ASKING PRICE", "note": null, "cell_id": "106.840:-6.360", "outlier_flag": 0, "price_class": "MAHAL", "local_price_index": 1.24}, "geometry": {"type": "Point", "coordinates": [106.8315, -6.3674]}}, {"type": "Feature", "id": "P-d3c18c46470b", "properties": {"property_id": "P-d3c18c46470b", "source": "99.co", "source_url": "https://www.99.co/id/jual/apartemen/tangerang-selatan/ciputat", "source_type": "PUBLIC_LISTING", "category": "APARTEMEN/KOS", "sub_category": "apartemen", "title": "Bailey's City Ciputat", "property_name": "Bailey's City Ciputat", "latitude": -6.3112, "longitude": 106.7482, "address": "Ciputat, Tangerang Selatan", "district": "Ciputat", "city": "Tangerang Selatan", "price": 450000000, "price_min": null, "price_max": null, "price_unit": "total", "area_land_m2": null, "area_building_m2": 21, "price_per_m2": 21428571.42857143, "listing_type": "sale", "sale_or_rent": "jual", "bedroom": 0, "bathroom": null, "floor": null, "property_status": "listed", "date_listed": "2026-07-23", "date_updated": "2026-09-13", "data_timestamp": "2026-09-13", "confidence_score": "HIGH", "geometry_source": "LISTING_COORD", "corridor_id": "MRT-CASCADE-01", "corridor_type": "cascade", "distance_to_corridor": 89.7, "distance_to_station": 73.5, "nearest_station": "KM 6", "existing_corridor_id": "krl-network", "existing_distance_m": 3275.5, "masterplan_corridor_id": "MRT_4", "masterplan_distance_m": 5316.9, "cascade_corridor_id": "MRT-CASCADE-01", "cascade_distance_m": 89.7, "price_label": "ASKING PRICE", "note": null, "cell_id": "106.740:-6.320", "outlier_flag": 0, "price_class": "MAHAL", "local_price_index": 1.418}, "geometry": {"type": "Point", "coordinates": [106.7482, -6.3112]}}, {"type": "Feature", "id": "P-63cc4e06f641", "properties": {"property_id": "P-63cc4e06f641", "source": "99.co", "source_url": "https://www.99.co/id/jual/apartemen/tangerang-selatan/ciputat", "source_type": "PUBLIC_LISTING", "category": "APARTEMEN/KOS", "sub_category": "apartemen", "title": "Green Lake View Ciputat", "property_name": "Green Lake View Ciputat", "latitude": -6.3148, "longitude": 106.7418, "address": "Ciputat, Tangerang Selatan", "district": "Ciputat", "city": "Tangerang Selatan", "price": 650000000, "price_min": null, "price_max": null, "price_unit": "total", "area_land_m2": null, "area_building_m2": 43, "price_per_m2": 15116279.069767442, "listing_type": "sale", "sale_or_rent": "jual", "bedroom": 2, "bathroom": null, "floor": null, "property_status": "listed", "date_listed": "2026-09-10", "date_updated": "2026-09-13", "data_timestamp": "2026-09-13", "confidence_score": "HIGH", "geometry_source": "LISTING_COORD", "corridor_id": "MRT-CASCADE-01", "corridor_type": "cascade", "distance_to_corridor": 658.5, "distance_to_station": 651.1, "nearest_station": "Ciputat 2", "existing_corridor_id": "krl-network", "existing_distance_m": 3197.8, "masterplan_corridor_id": "MRT_4", "masterplan_distance_m": 6125.2, "cascade_corridor_id": "MRT-CASCADE-01", "cascade_distance_m": 658.5, "price_label": "ASKING PRICE", "note": "Tower C, 2BR 43 m²", "cell_id": "106.740:-6.320", "outlier_flag": 0, "price_class": "SEDANG", "local_price_index": 1.0}, "geometry": {"type": "Point", "coordinates": [106.7418, -6.3148]}}, {"type": "Feature", "id": "P-6e2a545a7498", "properties": {"property_id": "P-6e2a545a7498", "source": "99.co", "source_url": "https://www.99.co/id/jual/apartemen/tangerang-selatan/ciputat", "source_type": "PUBLIC_LISTING", "category": "APARTEMEN/KOS", "sub_category": "apartemen", "title": "Baileys City studio", "property_name": "Baileys City studio", "latitude": -6.3104, "longitude": 106.7476, "address": "Ciputat, Tangerang Selatan", "district": "Ciputat", "city": "Tangerang Selatan", "price": 275000000, "price_min": null, "price_max": null, "price_unit": "total", "area_land_m2": null, "area_building_m2": 18, "price_per_m2": 15277777.777777778, "listing_type": "sale", "sale_or_rent": "jual", "bedroom": 0, "bathroom": null, "floor": null, "property_status": "listed", "date_listed": "2026-07-23", "date_updated": "2026-09-13", "data_timestamp": "2026-09-13", "confidence_score": "HIGH", "geometry_source": "LISTING_COORD", "corridor_id": "MRT-CASCADE-01", "corridor_type": "cascade", "distance_to_corridor": 157.4, "distance_to_station": 162.0, "nearest_station": "KM 6", "existing_corridor_id": "krl-network", "existing_distance_m": 3164.9, "masterplan_corridor_id": "MRT_4", "masterplan_distance_m": 5344.2, "cascade_corridor_id": "MRT-CASCADE-01", "cascade_distance_m": 157.4, "price_label": "ASKING PRICE", "note": null, "cell_id": "106.740:-6.320", "outlier_flag": 0, "price_class": "MAHAL", "local_price_index": 1.011}, "geometry": {"type": "Point", "coordinates": [106.7476, -6.3104]}}, {"type": "Feature", "id": "P-d571da0f0a67", "properties": {"property_id": "P-d571da0f0a67", "source": "Brighton", "source_url": "https://www.brighton.co.id/dijual/apartment/jakarta-selatan/fatmawati", "source_type": "PUBLIC_LISTING", "category": "APARTEMEN/KOS", "sub_category": "apartemen", "title": "Fatmawati City Center Victoria", "property_name": "Fatmawati City Center Victoria", "latitude": -6.2931, "longitude": 106.7948, "address": "Cilandak, Jakarta Selatan", "district": "Cilandak", "city": "Jakarta Selatan", "price": 2040000000, "price_min": null, "price_max": null, "price_unit": "total", "area_land_m2": null, "area_building_m2": 51, "price_per_m2": 40000000.0, "listing_type": "sale", "sale_or_rent": "jual", "bedroom": 2, "bathroom": null, "floor": null, "property_status": "listed", "date_listed": "2026-02-15", "date_updated": "2026-09-13", "data_timestamp": "2026-09-13", "confidence_score": "HIGH", "geometry_source": "LISTING_COORD", "corridor_id": "mrt-NS", "corridor_type": "existing", "distance_to_corridor": 122.5, "distance_to_station": 267.6, "nearest_station": "Fatmawati", "existing_corridor_id": "mrt-NS", "existing_distance_m": 122.5, "masterplan_corridor_id": "MRT_4", "masterplan_distance_m": 267.6, "cascade_corridor_id": "CASTJ16", "cascade_distance_m": 145.0, "price_label": "ASKING PRICE", "note": null, "cell_id": "106.800:-6.300", "outlier_flag": 0, "price_class": "SEDANG", "local_price_index": 1.0}, "geometry": {"type": "Point", "coordinates": [106.7948, -6.2931]}}, {"type": "Feature", "id": "P-bc7d8bccc362", "properties": {"property_id": "P-bc7d8bccc362", "source": "Brighton", "source_url": "https://www.brighton.co.id/dijual/apartment/jakarta-selatan/fatmawati", "source_type": "PUBLIC_LISTING", "category": "APARTEMEN/KOS", "sub_category": "apartemen", "title": "The Aspen Residences Fatmawati", "property_name": "The Aspen Residences Fatmawati", "latitude": -6.2914, "longitude": 106.7962, "address": "Cilandak, Jakarta Selatan", "district": "Cilandak", "city": "Jakarta Selatan", "price": 2500000000, "price_min": null, "price_max": null, "price_unit": "total", "area_land_m2": null, "area_building_m2": 99, "price_per_m2": 25252525.25252525, "listing_type": "sale", "sale_or_rent": "jual", "bedroom": 2, "bathroom": null, "floor": null, "property_status": "listed", "date_listed": "2026-02-10", "date_updated": "2026-09-13", "data_timestamp": "2026-09-13", "confidence_score": "HIGH", "geometry_source": "LISTING_COORD", "corridor_id": "mrt-NS", "corridor_type": "existing", "distance_to_corridor": 279.3, "distance_to_station": 429.8, "nearest_station": "Fatmawati", "existing_corridor_id": "mrt-NS", "existing_distance_m": 279.3, "masterplan_corridor_id": "MRT_4", "masterplan_distance_m": 340.5, "cascade_corridor_id": "CASTJ16", "cascade_distance_m": 326.3, "price_label": "ASKING PRICE", "note": null, "cell_id": "106.800:-6.300", "outlier_flag": 0, "price_class": "MURAH", "local_price_index": 0.631}, "geometry": {"type": "Point", "coordinates": [106.7962, -6.2914]}}, {"type": "Feature", "id": "P-81c61ca6e5e0", "properties": {"property_id": "P-81c61ca6e5e0", "source": "Brighton", "source_url": "https://www.brighton.co.id/dijual/apartment/jakarta-selatan/fatmawati", "source_type": "PUBLIC_LISTING", "category": "APARTEMEN/KOS", "sub_category": "apartemen", "title": "Aspen Jl. Fatmawati", "property_name": "Aspen Jl. Fatmawati", "latitude": -6.294, "longitude": 106.7935, "address": "Cilandak, Jakarta Selatan", "district": "Cilandak", "city": "Jakarta Selatan", "price": 2400000000, "price_min": null, "price_max": null, "price_unit": "total", "area_land_m2": null, "area_building_m2": 111, "price_per_m2": 21621621.62162162, "listing_type": "sale", "sale_or_rent": "jual", "bedroom": 3, "bathroom": null, "floor": null, "property_status": "listed", "date_listed": "2026-02-23", "date_updated": "2026-09-13", "data_timestamp": "2026-09-13", "confidence_score": "HIGH", "geometry_source": "LISTING_COORD", "corridor_id": "CASTJ16", "corridor_type": "cascade", "distance_to_corridor": 145.0, "distance_to_station": 205.0, "nearest_station": "Fatmawati", "existing_corridor_id": "mrt-NS", "existing_distance_m": 178.0, "masterplan_corridor_id": "MRT_4", "masterplan_distance_m": 205.0, "cascade_corridor_id": "CASTJ16", "cascade_distance_m": 145.0, "price_label": "ASKING PRICE", "note": null, "cell_id": "106.800:-6.300", "outlier_flag": 0, "price_class": "MURAH", "local_price_index": 0.541}, "geometry": {"type": "Point", "coordinates": [106.7935, -6.294]}}, {"type": "Feature", "id": "P-d8fa8037a9a3", "properties": {"property_id": "P-d8fa8037a9a3", "source": "indeks publik 2026", "source_url": "https://bambooroutes.com/blogs/news/jakarta-housing-prices", "source_type": "PUBLIC_INDEX", "category": "APARTEMEN/KOS", "sub_category": "apartemen", "title": "Apartemen/kos Lebak Bulus", "property_name": "Apartemen/kos Lebak Bulus", "latitude": -6.2893, "longitude": 106.77613, "address": "Cilandak, Jakarta Selatan", "district": "Cilandak", "city": "Jakarta Selatan", "price": 2037000000.0, "price_min": 1629600000, "price_max": 3055500000, "price_unit": "total", "area_land_m2": null, "area_building_m2": 50.0, "price_per_m2": 40740000, "listing_type": "sale", "sale_or_rent": "jual", "bedroom": null, "bathroom": null, "floor": null, "property_status": "index", "date_listed": "2026-06", "date_updated": "2026-09-13", "data_timestamp": "2026-09-13", "confidence_score": "MEDIUM", "geometry_source": "NEIGHBORHOOD_CENTROID", "corridor_id": "MRT-CASCADE-01", "corridor_type": "cascade", "distance_to_corridor": 132.4, "distance_to_station": 132.4, "nearest_station": "Lebak Bulus", "existing_corridor_id": "tj-k8", "existing_distance_m": 199.2, "masterplan_corridor_id": "MRT_4", "masterplan_distance_m": 1839.3, "cascade_corridor_id": "MRT-CASCADE-01", "cascade_distance_m": 132.4, "price_label": "ESTIMATED MARKET RANGE", "note": "Colliers via Bamboo Routes Jun 2026 — Jaksel apt ~Rp40,74 jt/m²", "cell_id": "106.780:-6.280", "outlier_flag": 0, "price_class": "MAHAL", "local_price_index": 2.546}, "geometry": {"type": "Point", "coordinates": [106.77613, -6.2893]}}, {"type": "Feature", "id": "P-32f71ac354e9", "properties": {"property_id": "P-32f71ac354e9", "source": "indeks publik 2026", "source_url": "https://bambooroutes.com/blogs/news/jakarta-housing-prices", "source_type": "PUBLIC_INDEX", "category": "RUKO", "sub_category": "ruko", "title": "Ruko Lebak Bulus", "property_name": "Ruko Lebak Bulus", "latitude": -6.2885, "longitude": 106.77383, "address": "Cilandak, Jakarta Selatan", "district": "Cilandak", "city": "Jakarta Selatan", "price": 3800000000, "price_min": 2660000000.0, "price_max": 5320000000.0, "price_unit": "total", "area_land_m2": null, "area_building_m2": 120.0, "price_per_m2": 31666666.666666668, "listing_type": "sale", "sale_or_rent": "jual", "bedroom": null, "bathroom": null, "floor": null, "property_status": "index", "date_listed": "2026-06", "date_updated": "2026-09-13", "data_timestamp": "2026-09-13", "confidence_score": "MEDIUM", "geometry_source": "NEIGHBORHOOD_CENTROID", "corridor_id": "tj-k8", "corridor_type": "existing", "distance_to_corridor": 113.7, "distance_to_station": 107.5, "nearest_station": "Lebak Bulus", "existing_corridor_id": "tj-k8", "existing_distance_m": 113.7, "masterplan_corridor_id": "MRT_4", "masterplan_distance_m": 2106.2, "cascade_corridor_id": "CASTJ16", "cascade_distance_m": 144.9, "price_label": "ESTIMATED MARKET RANGE", "note": "Colliers via Bamboo Routes Jun 2026 — Jaksel apt ~Rp40,74 jt/m²", "cell_id": "106.780:-6.280", "outlier_flag": 0, "price_class": "MAHAL", "local_price_index": 1.979}, "geometry": {"type": "Point", "coordinates": [106.77383, -6.2885]}}, {"type": "Feature", "id": "P-6a85c00e6025", "properties": {"property_id": "P-6a85c00e6025", "source": "indeks publik 2026", "source_url": "https://bambooroutes.com/blogs/news/jakarta-housing-prices", "source_type": "PUBLIC_INDEX", "category": "TANAH", "sub_category": "tanah kosong", "title": "Tanah Lebak Bulus", "property_name": "Tanah Lebak Bulus", "latitude": -6.2903, "longitude": 106.77533, "address": "Cilandak, Jakarta Selatan", "district": "Cilandak", "city": "Jakarta Selatan", "price": 9000000000.0, "price_min": 5400000000, "price_max": 18000000000, "price_unit": "total", "area_land_m2": 200.0, "area_building_m2": null, "price_per_m2": 45000000, "listing_type": "sale", "sale_or_rent": "jual", "bedroom": null, "bathroom": null, "floor": null, "property_status": "index", "date_listed": "2026-06", "date_updated": "2026-09-13", "data_timestamp": "2026-09-13", "confidence_score": "MEDIUM", "geometry_source": "NEIGHBORHOOD_CENTROID", "corridor_id": "CASTJ16", "corridor_type": "cascade", "distance_to_corridor": 115.2, "distance_to_station": 115.2, "nearest_station": "Lebak Bulus", "existing_corridor_id": "tj-k8", "existing_distance_m": 149.6, "masterplan_corridor_id": "MRT_4", "masterplan_distance_m": 1909.0, "cascade_corridor_id": "CASTJ16", "cascade_distance_m": 115.2, "price_label": "ESTIMATED MARKET RANGE", "note": "Colliers via Bamboo Routes Jun 2026 — Jaksel apt ~Rp40,74 jt/m²", "cell_id": "106.780:-6.300", "outlier_flag": 0, "price_class": "MAHAL", "local_price_index": 2.812}, "geometry": {"type": "Point", "coordinates": [106.77533, -6.2903]}}, {"type": "Feature", "id": "P-ef09daaeb04e", "properties": {"property_id": "P-ef09daaeb04e", "source": "indeks publik 2026", "source_url": "https://bambooroutes.com/blogs/news/jakarta-housing-prices", "source_type": "PUBLIC_INDEX", "category": "APARTEMEN/KOS", "sub_category": "kos", "title": "Kos Lebak Bulus", "property_name": "Kos Lebak Bulus", "latitude": -6.2898, "longitude": 106.77433, "address": "Cilandak, Jakarta Selatan", "district": "Cilandak", "city": "Jakarta Selatan", "price": 2000000, "price_min": null, "price_max": null, "price_unit": "bulan", "area_land_m2": null, "area_building_m2": null, "price_per_m2": null, "listing_type": "rent", "sale_or_rent": "sewa", "bedroom": null, "bathroom": null, "floor": null, "property_status": "index", "date_listed": "2026-06", "date_updated": "2026-09-13", "data_timestamp": "2026-09-13", "confidence_score": "MEDIUM", "geometry_source": "NEIGHBORHOOD_CENTROID", "corridor_id": "tj-k8", "corridor_type": "existing", "distance_to_corridor": 45.2, "distance_to_station": 47.4, "nearest_station": "Lebak Bulus", "existing_corridor_id": "tj-k8", "existing_distance_m": 45.2, "masterplan_corridor_id": "MRT_4", "masterplan_distance_m": 2026.1, "cascade_corridor_id": "CASTJ16", "cascade_distance_m": 55.6, "price_label": "ESTIMATED MARKET RANGE", "note": "Sewa bulanan kisaran publik, bukan asking unit tertentu", "cell_id": "106.780:-6.280", "outlier_flag": 0, "price_class": "MAHAL", "local_price_index": 1.538}, "geometry": {"type": "Point", "coordinates": [106.77433, -6.2898]}}, {"type": "Feature", "id": "P-5115956404f7", "properties": {"property_id": "P-5115956404f7", "source": "indeks publik 2026", "source_url": "https://www.brighton.co.id/dijual/apartment/jakarta-selatan/fatmawati", "source_type": "PUBLIC_INDEX", "category": "APARTEMEN/KOS", "sub_category": "apartemen", "title": "Apartemen/kos Fatmawati", "property_name": "Apartemen/kos Fatmawati", "latitude": -6.29247, "longitude": 106.79366, "address": "Cilandak, Jakarta Selatan", "district": "Cilandak", "city": "Jakarta Selatan", "price": 2037000000.0, "price_min": 1629600000, "price_max": 3055500000, "price_unit": "total", "area_land_m2": null, "area_building_m2": 50.0, "price_per_m2": 40740000, "listing_type": "sale", "sale_or_rent": "jual", "bedroom": null, "bathroom": null, "floor": null, "property_status": "index", "date_listed": "2026-06", "date_updated": "2026-09-13", "data_timestamp": "2026-09-13", "confidence_score": "MEDIUM", "geometry_source": "NEIGHBORHOOD_CENTROID", "corridor_id": "mrt-NS", "corridor_type": "existing", "distance_to_corridor": 27.1, "distance_to_station": 132.3, "nearest_station": "Fatmawati", "existing_corridor_id": "mrt-NS", "existing_distance_m": 27.1, "masterplan_corridor_id": "MRT_4", "masterplan_distance_m": 132.3, "cascade_corridor_id": "CASTJ16", "cascade_distance_m": 27.9, "price_label": "ESTIMATED MARKET RANGE", "note": "Brighton Fatmawati 2026 — 2BR ~Rp2,0–2,5 M; Colliers Jaksel", "cell_id": "106.800:-6.300", "outlier_flag": 0, "price_class": "MAHAL", "local_price_index": 1.018}, "geometry": {"type": "Point", "coordinates": [106.79366, -6.29247]}}, {"type": "Feature", "id": "P-9783e921e3ba", "properties": {"property_id": "P-9783e921e3ba", "source": "indeks publik 2026", "source_url": "https://www.brighton.co.id/dijual/apartment/jakarta-selatan/fatmawati", "source_type": "PUBLIC_INDEX", "category": "RUKO", "sub_category": "ruko", "title": "Ruko Fatmawati", "property_name": "Ruko Fatmawati", "latitude": -6.29167, "longitude": 106.79136, "address": "Cilandak, Jakarta Selatan", "district": "Cilandak", "city": "Jakarta Selatan", "price": 4200000000, "price_min": 2940000000.0, "price_max": 5880000000.0, "price_unit": "total", "area_land_m2": null, "area_building_m2": 120.0, "price_per_m2": 35000000.0, "listing_type": "sale", "sale_or_rent": "jual", "bedroom": null, "bathroom": null, "floor": null, "property_status": "index", "date_listed": "2026-06", "date_updated": "2026-09-13", "data_timestamp": "2026-09-13", "confidence_score": "MEDIUM", "geometry_source": "NEIGHBORHOOD_CENTROID", "corridor_id": "MRT_4", "corridor_type": "masterplan", "distance_to_corridor": 151.0, "distance_to_station": 151.0, "nearest_station": "Fatmawati", "existing_corridor_id": "mrt-NS", "existing_distance_m": 294.4, "masterplan_corridor_id": "MRT_4", "masterplan_distance_m": 151.0, "cascade_corridor_id": "CASTJ16", "cascade_distance_m": 267.8, "price_label": "ESTIMATED MARKET RANGE", "note": "Brighton Fatmawati 2026 — 2BR ~Rp2,0–2,5 M; Colliers Jaksel", "cell_id": "106.800:-6.300", "outlier_flag": 0, "price_class": "SEDANG", "local_price_index": 0.875}, "geometry": {"type": "Point", "coordinates": [106.79136, -6.29167]}}, {"type": "Feature", "id": "P-556a946bafe8", "properties": {"property_id": "P-556a946bafe8", "source": "indeks publik 2026", "source_url": "https://www.brighton.co.id/dijual/apartment/jakarta-selatan/fatmawati", "source_type": "PUBLIC_INDEX", "category": "TANAH", "sub_category": "tanah kosong", "title": "Tanah Fatmawati", "property_name": "Tanah Fatmawati", "latitude": -6.29347, "longitude": 106.79286, "address": "Cilandak, Jakarta Selatan", "district": "Cilandak", "city": "Jakarta Selatan", "price": 9000000000.0, "price_min": 5400000000, "price_max": 18000000000, "price_unit": "total", "area_land_m2": 200.0, "area_building_m2": null, "price_per_m2": 45000000, "listing_type": "sale", "sale_or_rent": "jual", "bedroom": null, "bathroom": null, "floor": null, "property_status": "index", "date_listed": "2026-06", "date_updated": "2026-09-13", "data_timestamp": "2026-09-13", "confidence_score": "MEDIUM", "geometry_source": "NEIGHBORHOOD_CENTROID", "corridor_id": "CASTJ16", "corridor_type": "cascade", "distance_to_corridor": 115.1, "distance_to_station": 119.4, "nearest_station": "Fatmawati", "existing_corridor_id": "mrt-NS", "existing_distance_m": 161.8, "masterplan_corridor_id": "MRT_4", "masterplan_distance_m": 119.4, "cascade_corridor_id": "CASTJ16", "cascade_distance_m": 115.1, "price_label": "ESTIMATED MARKET RANGE", "note": "Brighton Fatmawati 2026 — 2BR ~Rp2,0–2,5 M; Colliers Jaksel", "cell_id": "106.800:-6.300", "outlier_flag": 0, "price_class": "MAHAL", "local_price_index": 1.125}, "geometry": {"type": "Point", "coordinates": [106.79286, -6.29347]}}, {"type": "Feature", "id": "P-d901364326f2", "properties": {"property_id": "P-d901364326f2", "source": "indeks publik 2026", "source_url": "https://www.brighton.co.id/dijual/apartment/jakarta-selatan/fatmawati", "source_type": "PUBLIC_INDEX", "category": "APARTEMEN/KOS", "sub_category": "kos", "title": "Kos Fatmawati", "property_name": "Kos Fatmawati", "latitude": -6.29297, "longitude": 106.79186, "address": "Cilandak, Jakarta Selatan", "district": "Cilandak", "city": "Jakarta Selatan", "price": 2200000, "price_min": null, "price_max": null, "price_unit": "bulan", "area_land_m2": null, "area_building_m2": null, "price_per_m2": null, "listing_type": "rent", "sale_or_rent": "sewa", "bedroom": null, "bathroom": null, "floor": null, "property_status": "index", "date_listed": "2026-06", "date_updated": "2026-09-13", "data_timestamp": "2026-09-13", "confidence_score": "MEDIUM", "geometry_source": "NEIGHBORHOOD_CENTROID", "corridor_id": "MRT_4", "corridor_type": "masterplan", "distance_to_corridor": 86.7, "distance_to_station": 86.7, "nearest_station": "Fatmawati", "existing_corridor_id": "mrt-NS", "existing_distance_m": 233.3, "masterplan_corridor_id": "MRT_4", "masterplan_distance_m": 86.7, "cascade_corridor_id": "CASTJ16", "cascade_distance_m": 189.5, "price_label": "ESTIMATED MARKET RANGE", "note": "Sewa bulanan kisaran publik, bukan asking unit tertentu", "cell_id": "106.800:-6.300", "outlier_flag": 0, "price_class": "MAHAL", "local_price_index": 1.692}, "geometry": {"type": "Point", "coordinates": [106.79186, -6.29297]}}, {"type": "Feature", "id": "P-18f9a70e89c0", "properties": {"property_id": "P-18f9a70e89c0", "source": "indeks publik 2026", "source_url": "https://www.99.co/id/jual/apartemen/tangerang-selatan/ciputat", "source_type": "PUBLIC_INDEX", "category": "APARTEMEN/KOS", "sub_category": "apartemen", "title": "Apartemen/kos Ciputat", "property_name": "Apartemen/kos Ciputat", "latitude": -6.3125, "longitude": 106.7484, "address": "Ciputat, Tangerang Selatan", "district": "Ciputat", "city": "Tangerang Selatan", "price": 600000000.0, "price_min": 480000000, "price_max": 900000000, "price_unit": "total", "area_land_m2": null, "area_building_m2": 50.0, "price_per_m2": 12000000, "listing_type": "sale", "sale_or_rent": "jual", "bedroom": null, "bathroom": null, "floor": null, "property_status": "index", "date_listed": "2026-06", "date_updated": "2026-09-13", "data_timestamp": "2026-09-13", "confidence_score": "MEDIUM", "geometry_source": "NEIGHBORHOOD_CENTROID", "corridor_id": "MRT-CASCADE-01", "corridor_type": "cascade", "distance_to_corridor": 110.8, "distance_to_station": 90.9, "nearest_station": "KM 6", "existing_corridor_id": "krl-R", "existing_distance_m": 3407.1, "masterplan_corridor_id": "MRT_4", "masterplan_distance_m": 5355.1, "cascade_corridor_id": "MRT-CASCADE-01", "cascade_distance_m": 110.8, "price_label": "ESTIMATED MARKET RANGE", "note": "99.co Ciputat 2026 — studio Rp275–650 jt", "cell_id": "106.740:-6.320", "outlier_flag": 0, "price_class": "MURAH", "local_price_index": 0.794}, "geometry": {"type": "Point", "coordinates": [106.7484, -6.3125]}}, {"type": "Feature", "id": "P-ade2675fc210", "properties": {"property_id": "P-ade2675fc210", "source": "indeks publik 2026", "source_url": "https://www.99.co/id/jual/apartemen/tangerang-selatan/ciputat", "source_type": "PUBLIC_INDEX", "category": "RUKO", "sub_category": "ruko", "title": "Ruko Ciputat", "property_name": "Ruko Ciputat", "latitude": -6.3117, "longitude": 106.7461, "address": "Ciputat, Tangerang Selatan", "district": "Ciputat", "city": "Tangerang Selatan", "price": 1800000000, "price_min": 1260000000.0, "price_max": 2520000000.0, "price_unit": "total", "area_land_m2": null, "area_building_m2": 120.0, "price_per_m2": 15000000.0, "listing_type": "sale", "sale_or_rent": "jual", "bedroom": null, "bathroom": null, "floor": null, "property_status": "index", "date_listed": "2026-06", "date_updated": "2026-09-13", "data_timestamp": "2026-09-13", "confidence_score": "MEDIUM", "geometry_source": "NEIGHBORHOOD_CENTROID", "corridor_id": "MRT-CASCADE-01", "corridor_type": "cascade", "distance_to_corridor": 174.3, "distance_to_station": 205.2, "nearest_station": "KM 6", "existing_corridor_id": "krl-R", "existing_distance_m": 3183.4, "masterplan_corridor_id": "MRT_4", "masterplan_distance_m": 5552.4, "cascade_corridor_id": "MRT-CASCADE-01", "cascade_distance_m": 174.3, "price_label": "ESTIMATED MARKET RANGE", "note": "99.co Ciputat 2026 — studio Rp275–650 jt", "cell_id": "106.740:-6.320", "outlier_flag": 0, "price_class": "SEDANG", "local_price_index": 0.992}, "geometry": {"type": "Point", "coordinates": [106.7461, -6.3117]}}, {"type": "Feature", "id": "P-bd3103f812f1", "properties": {"property_id": "P-bd3103f812f1", "source": "indeks publik 2026", "source_url": "https://www.99.co/id/jual/apartemen/tangerang-selatan/ciputat", "source_type": "PUBLIC_INDEX", "category": "TANAH", "sub_category": "tanah kosong", "title": "Tanah Ciputat", "property_name": "Tanah Ciputat", "latitude": -6.3135, "longitude": 106.7476, "address": "Ciputat, Tangerang Selatan", "district": "Ciputat", "city": "Tangerang Selatan", "price": 1600000000.0, "price_min": 960000000, "price_max": 3200000000, "price_unit": "total", "area_land_m2": 200.0, "area_building_m2": null, "price_per_m2": 8000000, "listing_type": "sale", "sale_or_rent": "jual", "bedroom": null, "bathroom": null, "floor": null, "property_status": "index", "date_listed": "2026-06", "date_updated": "2026-09-13", "data_timestamp": "2026-09-13", "confidence_score": "MEDIUM", "geometry_source": "NEIGHBORHOOD_CENTROID", "corridor_id": "MRT-CASCADE-01", "corridor_type": "cascade", "distance_to_corridor": 187.6, "distance_to_station": 191.5, "nearest_station": "KM 6", "existing_corridor_id": "krl-R", "existing_distance_m": 3442.7, "masterplan_corridor_id": "MRT_4", "masterplan_distance_m": 5482.1, "cascade_corridor_id": "MRT-CASCADE-01", "cascade_distance_m": 187.6, "price_label": "ESTIMATED MARKET RANGE", "note": "99.co Ciputat 2026 — studio Rp275–650 jt", "cell_id": "106.740:-6.320", "outlier_flag": 0, "price_class": "MURAH", "local_price_index": 0.529}, "geometry": {"type": "Point", "coordinates": [106.7476, -6.3135]}}, {"type": "Feature", "id": "P-be7032353825", "properties": {"property_id": "P-be7032353825", "source": "indeks publik 2026", "source_url": "https://www.99.co/id/jual/apartemen/tangerang-selatan/ciputat", "source_type": "PUBLIC_INDEX", "category": "APARTEMEN/KOS", "sub_category": "kos", "title": "Kos Ciputat", "property_name": "Kos Ciputat", "latitude": -6.313, "longitude": 106.7466, "address": "Ciputat, Tangerang Selatan", "district": "Ciputat", "city": "Tangerang Selatan", "price": 1200000, "price_min": null, "price_max": null, "price_unit": "bulan", "area_land_m2": null, "area_building_m2": null, "price_per_m2": null, "listing_type": "rent", "sale_or_rent": "sewa", "bedroom": null, "bathroom": null, "floor": null, "property_status": "index", "date_listed": "2026-06", "date_updated": "2026-09-13", "data_timestamp": "2026-09-13", "confidence_score": "MEDIUM", "geometry_source": "NEIGHBORHOOD_CENTROID", "corridor_id": "MRT-CASCADE-01", "corridor_type": "cascade", "distance_to_corridor": 177.4, "distance_to_station": 199.4, "nearest_station": "KM 6", "existing_corridor_id": "krl-R", "existing_distance_m": 3333.3, "masterplan_corridor_id": "MRT_4", "masterplan_distance_m": 5559.2, "cascade_corridor_id": "MRT-CASCADE-01", "cascade_distance_m": 177.4, "price_label": "ESTIMATED MARKET RANGE", "note": "Sewa bulanan kisaran publik, bukan asking unit tertentu", "cell_id": "106.740:-6.320", "outlier_flag": 0, "price_class": "MURAH", "local_price_index": 0.923}, "geometry": {"type": "Point", "coordinates": [106.7466, -6.313]}}, {"type": "Feature", "id": "P-e7abf2a03d2d", "properties": {"property_id": "P-e7abf2a03d2d", "source": "indeks publik 2026", "source_url": "https://rumatemu.com/blog/harga-rumah-jakarta-2026-2/", "source_type": "PUBLIC_INDEX", "category": "APARTEMEN/KOS", "sub_category": "apartemen", "title": "Apartemen/kos Pamulang", "property_name": "Apartemen/kos Pamulang", "latitude": -6.343, "longitude": 106.7392, "address": "Pamulang, Tangerang Selatan", "district": "Pamulang", "city": "Tangerang Selatan", "price": 500000000.0, "price_min": 400000000, "price_max": 750000000, "price_unit": "total", "area_land_m2": null, "area_building_m2": 50.0, "price_per_m2": 10000000, "listing_type": "sale", "sale_or_rent": "jual", "bedroom": null, "bathroom": null, "floor": null, "property_status": "index", "date_listed": "2026-06", "date_updated": "2026-09-13", "data_timestamp": "2026-09-13", "confidence_score": "MEDIUM", "geometry_source": "NEIGHBORHOOD_CENTROID", "corridor_id": "MRT-CASCADE-01", "corridor_type": "cascade", "distance_to_corridor": 252.9, "distance_to_station": 316.0, "nearest_station": "Pamulang", "existing_corridor_id": "krl-R", "existing_distance_m": 5879.6, "masterplan_corridor_id": "KRL_PP_CITAYAM", "masterplan_distance_m": 7263.2, "cascade_corridor_id": "MRT-CASCADE-01", "cascade_distance_m": 252.9, "price_label": "ESTIMATED MARKET RANGE", "note": "Rumatemu 2026 — second ring 40–60% di bawah Jakarta", "cell_id": "106.740:-6.340", "outlier_flag": 0, "price_class": "MURAH", "local_price_index": 0.625}, "geometry": {"type": "Point", "coordinates": [106.7392, -6.343]}}, {"type": "Feature", "id": "P-6c9768093aa0", "properties": {"property_id": "P-6c9768093aa0", "source": "indeks publik 2026", "source_url": "https://rumatemu.com/blog/harga-rumah-jakarta-2026-2/", "source_type": "PUBLIC_INDEX", "category": "RUKO", "sub_category": "ruko", "title": "Ruko Pamulang", "property_name": "Ruko Pamulang", "latitude": -6.3422, "longitude": 106.7369, "address": "Pamulang, Tangerang Selatan", "district": "Pamulang", "city": "Tangerang Selatan", "price": 1500000000, "price_min": 1049999999.9999999, "price_max": 2099999999.9999998, "price_unit": "total", "area_land_m2": null, "area_building_m2": 120.0, "price_per_m2": 12500000.0, "listing_type": "sale", "sale_or_rent": "jual", "bedroom": null, "bathroom": null, "floor": null, "property_status": "index", "date_listed": "2026-06", "date_updated": "2026-09-13", "data_timestamp": "2026-09-13", "confidence_score": "MEDIUM", "geometry_source": "NEIGHBORHOOD_CENTROID", "corridor_id": "MRT-CASCADE-01", "corridor_type": "cascade", "distance_to_corridor": 193.5, "distance_to_station": 266.6, "nearest_station": "Pamulang", "existing_corridor_id": "krl-R", "existing_distance_m": 5699.7, "masterplan_corridor_id": "KRL_PP_CITAYAM", "masterplan_distance_m": 7446.8, "cascade_corridor_id": "MRT-CASCADE-01", "cascade_distance_m": 193.5, "price_label": "ESTIMATED MARKET RANGE", "note": "Rumatemu 2026 — second ring 40–60% di bawah Jakarta", "cell_id": "106.740:-6.340", "outlier_flag": 0, "price_class": "SEDANG", "local_price_index": 0.781}, "geometry": {"type": "Point", "coordinates": [106.7369, -6.3422]}}, {"type": "Feature", "id": "P-0a655b132c7d", "properties": {"property_id": "P-0a655b132c7d", "source": "indeks publik 2026", "source_url": "https://rumatemu.com/blog/harga-rumah-jakarta-2026-2/", "source_type": "PUBLIC_INDEX", "category": "TANAH", "sub_category": "tanah kosong", "title": "Tanah Pamulang", "property_name": "Tanah Pamulang", "latitude": -6.344, "longitude": 106.7384, "address": "Pamulang, Tangerang Selatan", "district": "Pamulang", "city": "Tangerang Selatan", "price": 1400000000.0, "price_min": 840000000, "price_max": 2800000000, "price_unit": "total", "area_land_m2": 200.0, "area_building_m2": null, "price_per_m2": 7000000, "listing_type": "sale", "sale_or_rent": "jual", "bedroom": null, "bathroom": null, "floor": null, "property_status": "index", "date_listed": "2026-06", "date_updated": "2026-09-13", "data_timestamp": "2026-09-13", "confidence_score": "MEDIUM", "geometry_source": "NEIGHBORHOOD_CENTROID", "corridor_id": "MRT-CASCADE-01", "corridor_type": "cascade", "distance_to_corridor": 337.0, "distance_to_station": 413.0, "nearest_station": "Pamulang", "existing_corridor_id": "krl-R", "existing_distance_m": 5947.4, "masterplan_corridor_id": "KRL_PP_CITAYAM", "masterplan_distance_m": 7196.3, "cascade_corridor_id": "MRT-CASCADE-01", "cascade_distance_m": 337.0, "price_label": "ESTIMATED MARKET RANGE", "note": "Rumatemu 2026 — second ring 40–60% di bawah Jakarta", "cell_id": "106.740:-6.340", "outlier_flag": 0, "price_class": "MURAH", "local_price_index": 0.438}, "geometry": {"type": "Point", "coordinates": [106.7384, -6.344]}}, {"type": "Feature", "id": "P-f463afa46687", "properties": {"property_id": "P-f463afa46687", "source": "indeks publik 2026", "source_url": "https://rumatemu.com/blog/harga-rumah-jakarta-2026-2/", "source_type": "PUBLIC_INDEX", "category": "APARTEMEN/KOS", "sub_category": "kos", "title": "Kos Pamulang", "property_name": "Kos Pamulang", "latitude": -6.3435, "longitude": 106.7374, "address": "Pamulang, Tangerang Selatan", "district": "Pamulang", "city": "Tangerang Selatan", "price": 1000000, "price_min": null, "price_max": null, "price_unit": "bulan", "area_land_m2": null, "area_building_m2": null, "price_per_m2": null, "listing_type": "rent", "sale_or_rent": "sewa", "bedroom": null, "bathroom": null, "floor": null, "property_status": "index", "date_listed": "2026-06", "date_updated": "2026-09-13", "data_timestamp": "2026-09-13", "confidence_score": "MEDIUM", "geometry_source": "NEIGHBORHOOD_CENTROID", "corridor_id": "MRT-CASCADE-01", "corridor_type": "cascade", "distance_to_corridor": 292.2, "distance_to_station": 372.6, "nearest_station": "Pamulang", "existing_corridor_id": "krl-R", "existing_distance_m": 5854.4, "masterplan_corridor_id": "KRL_PP_CITAYAM", "masterplan_distance_m": 7292.4, "cascade_corridor_id": "MRT-CASCADE-01", "cascade_distance_m": 292.2, "price_label": "ESTIMATED MARKET RANGE", "note": "Sewa bulanan kisaran publik, bukan asking unit tertentu", "cell_id": "106.740:-6.340", "outlier_flag": 0, "price_class": "MURAH", "local_price_index": 0.769}, "geometry": {"type": "Point", "coordinates": [106.7374, -6.3435]}}, {"type": "Feature", "id": "P-487174b32473", "properties": {"property_id": "P-487174b32473", "source": "indeks publik 2026", "source_url": "https://rumatemu.com/blog/harga-rumah-jakarta-2026-2/", "source_type": "PUBLIC_INDEX", "category": "APARTEMEN/KOS", "sub_category": "apartemen", "title": "Apartemen/kos BSD CBD", "property_name": "Apartemen/kos BSD CBD", "latitude": -6.30068, "longitude": 106.63777, "address": "Serpong, Tangerang Selatan", "district": "Serpong", "city": "Tangerang Selatan", "price": 900000000.0, "price_min": 720000000, "price_max": 1350000000, "price_unit": "total", "area_land_m2": null, "area_building_m2": 50.0, "price_per_m2": 18000000, "listing_type": "sale", "sale_or_rent": "jual", "bedroom": null, "bathroom": null, "floor": null, "property_status": "index", "date_listed": "2026-06", "date_updated": "2026-09-13", "data_timestamp": "2026-09-13", "confidence_score": "MEDIUM", "geometry_source": "NEIGHBORHOOD_CENTROID", "corridor_id": "MRT-CASCADE-01", "corridor_type": "cascade", "distance_to_corridor": 132.6, "distance_to_station": 132.6, "nearest_station": "ICE BSD", "existing_corridor_id": "krl-R", "existing_distance_m": 2634.7, "masterplan_corridor_id": "KRL_PP_CITAYAM", "masterplan_distance_m": 7320.7, "cascade_corridor_id": "MRT-CASCADE-01", "cascade_distance_m": 132.6, "price_label": "ESTIMATED MARKET RANGE", "note": "Rumatemu 2026 — kota penyangga premium", "cell_id": "106.640:-6.300", "outlier_flag": 0, "price_class": "SEDANG", "local_price_index": 1.0}, "geometry": {"type": "Point", "coordinates": [106.63777, -6.30068]}}, {"type": "Feature", "id": "P-46a87fbfa9ab", "properties": {"property_id": "P-46a87fbfa9ab", "source": "indeks publik 2026", "source_url": "https://rumatemu.com/blog/harga-rumah-jakarta-2026-2/", "source_type": "PUBLIC_INDEX", "category": "RUKO", "sub_category": "ruko", "title": "Ruko BSD CBD", "property_name": "Ruko BSD CBD", "latitude": -6.29988, "longitude": 106.63547, "address": "Serpong, Tangerang Selatan", "district": "Serpong", "city": "Tangerang Selatan", "price": 3500000000, "price_min": 2450000000.0, "price_max": 4900000000.0, "price_unit": "total", "area_land_m2": null, "area_building_m2": 120.0, "price_per_m2": 29166666.666666668, "listing_type": "sale", "sale_or_rent": "jual", "bedroom": null, "bathroom": null, "floor": null, "property_status": "index", "date_listed": "2026-06", "date_updated": "2026-09-13", "data_timestamp": "2026-09-13", "confidence_score": "MEDIUM", "geometry_source": "NEIGHBORHOOD_CENTROID", "corridor_id": "MRT-CASCADE-01", "corridor_type": "cascade", "distance_to_corridor": 150.6, "distance_to_station": 150.6, "nearest_station": "ICE BSD", "existing_corridor_id": "krl-R", "existing_distance_m": 2784.4, "masterplan_corridor_id": "KRL_PP_CITAYAM", "masterplan_distance_m": 7284.8, "cascade_corridor_id": "MRT-CASCADE-01", "cascade_distance_m": 150.6, "price_label": "ESTIMATED MARKET RANGE", "note": "Rumatemu 2026 — kota penyangga premium", "cell_id": "106.640:-6.300", "outlier_flag": 0, "price_class": "MAHAL", "local_price_index": 1.62}, "geometry": {"type": "Point", "coordinates": [106.63547, -6.29988]}}, {"type": "Feature", "id": "P-2ce9b90ea24b", "properties": {"property_id": "P-2ce9b90ea24b", "source": "indeks publik 2026", "source_url": "https://rumatemu.com/blog/harga-rumah-jakarta-2026-2/", "source_type": "PUBLIC_INDEX", "category": "TANAH", "sub_category": "tanah kosong", "title": "Tanah BSD CBD", "property_name": "Tanah BSD CBD", "latitude": -6.30168, "longitude": 106.63697, "address": "Serpong, Tangerang Selatan", "district": "Serpong", "city": "Tangerang Selatan", "price": 3000000000.0, "price_min": 1800000000, "price_max": 6000000000, "price_unit": "total", "area_land_m2": 200.0, "area_building_m2": null, "price_per_m2": 15000000, "listing_type": "sale", "sale_or_rent": "jual", "bedroom": null, "bathroom": null, "floor": null, "property_status": "index", "date_listed": "2026-06", "date_updated": "2026-09-13", "data_timestamp": "2026-09-13", "confidence_score": "MEDIUM", "geometry_source": "NEIGHBORHOOD_CENTROID", "corridor_id": "MRT-CASCADE-01", "corridor_type": "cascade", "distance_to_corridor": 119.7, "distance_to_station": 119.7, "nearest_station": "ICE BSD", "existing_corridor_id": "krl-R", "existing_distance_m": 2546.8, "masterplan_corridor_id": "KRL_PP_CITAYAM", "masterplan_distance_m": 7181.0, "cascade_corridor_id": "MRT-CASCADE-01", "cascade_distance_m": 119.7, "price_label": "ESTIMATED MARKET RANGE", "note": "Rumatemu 2026 — kota penyangga premium", "cell_id": "106.640:-6.300", "outlier_flag": 0, "price_class": "MURAH", "local_price_index": 0.833}, "geometry": {"type": "Point", "coordinates": [106.63697, -6.30168]}}, {"type": "Feature", "id": "P-dfd3bd557a1c", "properties": {"property_id": "P-dfd3bd557a1c", "source": "indeks publik 2026", "source_url": "https://rumatemu.com/blog/harga-rumah-jakarta-2026-2/", "source_type": "PUBLIC_INDEX", "category": "APARTEMEN/KOS", "sub_category": "kos", "title": "Kos BSD CBD", "property_name": "Kos BSD CBD", "latitude": -6.30118, "longitude": 106.63597, "address": "Serpong, Tangerang Selatan", "district": "Serpong", "city": "Tangerang Selatan", "price": 1800000, "price_min": null, "price_max": null, "price_unit": "bulan", "area_land_m2": null, "area_building_m2": null, "price_per_m2": null, "listing_type": "rent", "sale_or_rent": "sewa", "bedroom": null, "bathroom": null, "floor": null, "property_status": "index", "date_listed": "2026-06", "date_updated": "2026-09-13", "data_timestamp": "2026-09-13", "confidence_score": "MEDIUM", "geometry_source": "NEIGHBORHOOD_CENTROID", "corridor_id": "MRT-CASCADE-01", "corridor_type": "cascade", "distance_to_corridor": 86.5, "distance_to_station": 86.5, "nearest_station": "ICE BSD", "existing_corridor_id": "krl-R", "existing_distance_m": 2630.1, "masterplan_corridor_id": "KRL_PP_CITAYAM", "masterplan_distance_m": 7179.8, "cascade_corridor_id": "MRT-CASCADE-01", "cascade_distance_m": 86.5, "price_label": "ESTIMATED MARKET RANGE", "note": "Sewa bulanan kisaran publik, bukan asking unit tertentu", "cell_id": "106.640:-6.300", "outlier_flag": 0, "price_class": "MAHAL", "local_price_index": 1.385}, "geometry": {"type": "Point", "coordinates": [106.63597, -6.30118]}}, {"type": "Feature", "id": "P-73cbce6606eb", "properties": {"property_id": "P-73cbce6606eb", "source": "indeks publik 2026", "source_url": "https://bambooroutes.com/blogs/news/jakarta-housing-prices", "source_type": "PUBLIC_INDEX", "category": "APARTEMEN/KOS", "sub_category": "apartemen", "title": "Apartemen/kos Parung Bingung", "property_name": "Apartemen/kos Parung Bingung", "latitude": -6.4065, "longitude": 106.7482, "address": "Sawangan, Depok", "district": "Sawangan", "city": "Depok", "price": 400000000.0, "price_min": 320000000, "price_max": 600000000, "price_unit": "total", "area_land_m2": null, "area_building_m2": 50.0, "price_per_m2": 8000000, "listing_type": "sale", "sale_or_rent": "jual", "bedroom": null, "bathroom": null, "floor": null, "property_status": "index", "date_listed": "2026-06", "date_updated": "2026-09-13", "data_timestamp": "2026-09-13", "confidence_score": "MEDIUM", "geometry_source": "NEIGHBORHOOD_CENTROID", "corridor_id": "MRT-CASCADE-02", "corridor_type": "cascade", "distance_to_corridor": 169.4, "distance_to_station": 120.3, "nearest_station": "Sawangan", "existing_corridor_id": "krl-network", "existing_distance_m": 7329.1, "masterplan_corridor_id": "KRL_PP_CITAYAM", "masterplan_distance_m": 626.9, "cascade_corridor_id": "MRT-CASCADE-02", "cascade_distance_m": 169.4, "price_label": "ESTIMATED MARKET RANGE", "note": "Rumah123 via Bamboo Routes — Sawangan median rumah ~Rp981 jt", "cell_id": "106.740:-6.400", "outlier_flag": 0, "price_class": "MURAH", "local_price_index": 0.5}, "geometry": {"type": "Point", "coordinates": [106.7482, -6.4065]}}, {"type": "Feature", "id": "P-03d4363cbd6b", "properties": {"property_id": "P-03d4363cbd6b", "source": "indeks publik 2026", "source_url": "https://bambooroutes.com/blogs/news/jakarta-housing-prices", "source_type": "PUBLIC_INDEX", "category": "RUKO", "sub_category": "ruko", "title": "Ruko Parung Bingung", "property_name": "Ruko Parung Bingung", "latitude": -6.4057, "longitude": 106.7459, "address": "Sawangan, Depok", "district": "Sawangan", "city": "Depok", "price": 900000000, "price_min": 630000000.0, "price_max": 1260000000.0, "price_unit": "total", "area_land_m2": null, "area_building_m2": 120.0, "price_per_m2": 7500000.0, "listing_type": "sale", "sale_or_rent": "jual", "bedroom": null, "bathroom": null, "floor": null, "property_status": "index", "date_listed": "2026-06", "date_updated": "2026-09-13", "data_timestamp": "2026-09-13", "confidence_score": "MEDIUM", "geometry_source": "NEIGHBORHOOD_CENTROID", "corridor_id": "MRT-CASCADE-02", "corridor_type": "cascade", "distance_to_corridor": 431.4, "distance_to_station": 386.2, "nearest_station": "Sawangan", "existing_corridor_id": "krl-network", "existing_distance_m": 7598.3, "masterplan_corridor_id": "KRL_PP_CITAYAM", "masterplan_distance_m": 856.3, "cascade_corridor_id": "MRT-CASCADE-02", "cascade_distance_m": 431.4, "price_label": "ESTIMATED MARKET RANGE", "note": "Rumah123 via Bamboo Routes — Sawangan median rumah ~Rp981 jt", "cell_id": "106.740:-6.400", "outlier_flag": 0, "price_class": "MURAH", "local_price_index": 0.469}, "geometry": {"type": "Point", "coordinates": [106.7459, -6.4057]}}, {"type": "Feature", "id": "P-7212f64ba2c8", "properties": {"property_id": "P-7212f64ba2c8", "source": "indeks publik 2026", "source_url": "https://bambooroutes.com/blogs/news/jakarta-housing-prices", "source_type": "PUBLIC_INDEX", "category": "TANAH", "sub_category": "tanah kosong", "title": "Tanah Parung Bingung", "property_name": "Tanah Parung Bingung", "latitude": -6.4075, "longitude": 106.7474, "address": "Sawangan, Depok", "district": "Sawangan", "city": "Depok", "price": 1000000000.0, "price_min": 600000000, "price_max": 2000000000, "price_unit": "total", "area_land_m2": 200.0, "area_building_m2": null, "price_per_m2": 5000000, "listing_type": "sale", "sale_or_rent": "jual", "bedroom": null, "bathroom": null, "floor": null, "property_status": "index", "date_listed": "2026-06", "date_updated": "2026-09-13", "data_timestamp": "2026-09-13", "confidence_score": "MEDIUM", "geometry_source": "NEIGHBORHOOD_CENTROID", "corridor_id": "MRT-CASCADE-02", "corridor_type": "cascade", "distance_to_corridor": 272.1, "distance_to_station": 233.3, "nearest_station": "Sawangan", "existing_corridor_id": "krl-network", "existing_distance_m": 7378.2, "masterplan_corridor_id": "KRL_PP_CITAYAM", "masterplan_distance_m": 640.5, "cascade_corridor_id": "MRT-CASCADE-02", "cascade_distance_m": 272.1, "price_label": "ESTIMATED MARKET RANGE", "note": "Rumah123 via Bamboo Routes — Sawangan median rumah ~Rp981 jt", "cell_id": "106.740:-6.400", "outlier_flag": 0, "price_class": "MURAH", "local_price_index": 0.312}, "geometry": {"type": "Point", "coordinates": [106.7474, -6.4075]}}, {"type": "Feature", "id": "P-f2f106e676ea", "properties": {"property_id": "P-f2f106e676ea", "source": "indeks publik 2026", "source_url": "https://bambooroutes.com/blogs/news/jakarta-housing-prices", "source_type": "PUBLIC_INDEX", "category": "APARTEMEN/KOS", "sub_category": "kos", "title": "Kos Parung Bingung", "property_name": "Kos Parung Bingung", "latitude": -6.407, "longitude": 106.7464, "address": "Sawangan, Depok", "district": "Sawangan", "city": "Depok", "price": 800000, "price_min": null, "price_max": null, "price_unit": "bulan", "area_land_m2": null, "area_building_m2": null, "price_per_m2": null, "listing_type": "rent", "sale_or_rent": "sewa", "bedroom": null, "bathroom": null, "floor": null, "property_status": "index", "date_listed": "2026-06", "date_updated": "2026-09-13", "data_timestamp": "2026-09-13", "confidence_score": "MEDIUM", "geometry_source": "NEIGHBORHOOD_CENTROID", "corridor_id": "MRT-CASCADE-02", "corridor_type": "cascade", "distance_to_corridor": 368.7, "distance_to_station": 322.8, "nearest_station": "Sawangan", "existing_corridor_id": "krl-network", "existing_distance_m": 7500.4, "masterplan_corridor_id": "KRL_PP_CITAYAM", "masterplan_distance_m": 704.3, "cascade_corridor_id": "MRT-CASCADE-02", "cascade_distance_m": 368.7, "price_label": "ESTIMATED MARKET RANGE", "note": "Sewa bulanan kisaran publik, bukan asking unit tertentu", "cell_id": "106.740:-6.400", "outlier_flag": 0, "price_class": "MURAH", "local_price_index": 0.615}, "geometry": {"type": "Point", "coordinates": [106.7464, -6.407]}}, {"type": "Feature", "id": "P-f5199e84c7a0", "properties": {"property_id": "P-f5199e84c7a0", "source": "indeks publik 2026", "source_url": "https://bambooroutes.com/blogs/news/jakarta-housing-prices", "source_type": "PUBLIC_INDEX", "category": "APARTEMEN/KOS", "sub_category": "apartemen", "title": "Apartemen/kos Sawangan", "property_name": "Apartemen/kos Sawangan", "latitude": -6.40019, "longitude": 106.76492, "address": "Sawangan, Depok", "district": "Sawangan", "city": "Depok", "price": 400000000.0, "price_min": 320000000, "price_max": 600000000, "price_unit": "total", "area_land_m2": null, "area_building_m2": 50.0, "price_per_m2": 8000000, "listing_type": "sale", "sale_or_rent": "jual", "bedroom": null, "bathroom": null, "floor": null, "property_status": "index", "date_listed": "2026-06", "date_updated": "2026-09-13", "data_timestamp": "2026-09-13", "confidence_score": "MEDIUM", "geometry_source": "NEIGHBORHOOD_CENTROID", "corridor_id": "KRL_PP_CITAYAM", "corridor_type": "masterplan", "distance_to_corridor": 329.5, "distance_to_station": 511.5, "nearest_station": "KM 22", "existing_corridor_id": "krl-network", "existing_distance_m": 5761.7, "masterplan_corridor_id": "KRL_PP_CITAYAM", "masterplan_distance_m": 329.5, "cascade_corridor_id": "MRT-CASCADE-02", "cascade_distance_m": 419.8, "price_label": "ESTIMATED MARKET RANGE", "note": "Rumah123 — Sawangan ~Rp981 jt", "cell_id": "106.760:-6.400", "outlier_flag": 0, "price_class": "MURAH", "local_price_index": 0.5}, "geometry": {"type": "Point", "coordinates": [106.76492, -6.40019]}}, {"type": "Feature", "id": "P-c80dae35990b", "properties": {"property_id": "P-c80dae35990b", "source": "indeks publik 2026", "source_url": "https://bambooroutes.com/blogs/news/jakarta-housing-prices", "source_type": "PUBLIC_INDEX", "category": "RUKO", "sub_category": "ruko", "title": "Ruko Sawangan", "property_name": "Ruko Sawangan", "latitude": -6.39939, "longitude": 106.76262, "address": "Sawangan, Depok", "district": "Sawangan", "city": "Depok", "price": 980000000, "price_min": 686000000.0, "price_max": 1372000000.0, "price_unit": "total", "area_land_m2": null, "area_building_m2": 120.0, "price_per_m2": 8166666.666666667, "listing_type": "sale", "sale_or_rent": "jual", "bedroom": null, "bathroom": null, "floor": null, "property_status": "index", "date_listed": "2026-06", "date_updated": "2026-09-13", "data_timestamp": "2026-09-13", "confidence_score": "MEDIUM", "geometry_source": "NEIGHBORHOOD_CENTROID", "corridor_id": "KRL_PP_CITAYAM", "corridor_type": "masterplan", "distance_to_corridor": 483.9, "distance_to_station": 764.0, "nearest_station": "KM 22", "existing_corridor_id": "krl-network", "existing_distance_m": 6026.0, "masterplan_corridor_id": "KRL_PP_CITAYAM", "masterplan_distance_m": 483.9, "cascade_corridor_id": "MRT-CASCADE-02", "cascade_distance_m": 613.3, "price_label": "ESTIMATED MARKET RANGE", "note": "Rumah123 — Sawangan ~Rp981 jt", "cell_id": "106.760:-6.400", "outlier_flag": 0, "price_class": "MURAH", "local_price_index": 0.51}, "geometry": {"type": "Point", "coordinates": [106.76262, -6.39939]}}, {"type": "Feature", "id": "P-aa57e974dc2b", "properties": {"property_id": "P-aa57e974dc2b", "source": "indeks publik 2026", "source_url": "https://bambooroutes.com/blogs/news/jakarta-housing-prices", "source_type": "PUBLIC_INDEX", "category": "TANAH", "sub_category": "tanah kosong", "title": "Tanah Sawangan", "property_name": "Tanah Sawangan", "latitude": -6.40119, "longitude": 106.76412, "address": "Sawangan, Depok", "district": "Sawangan", "city": "Depok", "price": 1000000000.0, "price_min": 600000000, "price_max": 2000000000, "price_unit": "total", "area_land_m2": 200.0, "area_building_m2": null, "price_per_m2": 5000000, "listing_type": "sale", "sale_or_rent": "jual", "bedroom": null, "bathroom": null, "floor": null, "property_status": "index", "date_listed": "2026-06", "date_updated": "2026-09-13", "data_timestamp": "2026-09-13", "confidence_score": "MEDIUM", "geometry_source": "NEIGHBORHOOD_CENTROID", "corridor_id": "KRL_PP_CITAYAM", "corridor_type": "masterplan", "distance_to_corridor": 231.5, "distance_to_station": 516.8, "nearest_station": "KM 22", "existing_corridor_id": "krl-network", "existing_distance_m": 5818.6, "masterplan_corridor_id": "KRL_PP_CITAYAM", "masterplan_distance_m": 231.5, "cascade_corridor_id": "MRT-CASCADE-02", "cascade_distance_m": 354.2, "price_label": "ESTIMATED MARKET RANGE", "note": "Rumah123 — Sawangan ~Rp981 jt", "cell_id": "106.760:-6.400", "outlier_flag": 0, "price_class": "MURAH", "local_price_index": 0.312}, "geometry": {"type": "Point", "coordinates": [106.76412, -6.40119]}}, {"type": "Feature", "id": "P-a871d9cf6b9a", "properties": {"property_id": "P-a871d9cf6b9a", "source": "indeks publik 2026", "source_url": "https://bambooroutes.com/blogs/news/jakarta-housing-prices", "source_type": "PUBLIC_INDEX", "category": "APARTEMEN/KOS", "sub_category": "kos", "title": "Kos Sawangan", "property_name": "Kos Sawangan", "latitude": -6.40069, "longitude": 106.76312, "address": "Sawangan, Depok", "district": "Sawangan", "city": "Depok", "price": 800000, "price_min": null, "price_max": null, "price_unit": "bulan", "area_land_m2": null, "area_building_m2": null, "price_per_m2": null, "listing_type": "rent", "sale_or_rent": "sewa", "bedroom": null, "bathroom": null, "floor": null, "property_status": "index", "date_listed": "2026-06", "date_updated": "2026-09-13", "data_timestamp": "2026-09-13", "confidence_score": "MEDIUM", "geometry_source": "NEIGHBORHOOD_CENTROID", "corridor_id": "KRL_PP_CITAYAM", "corridor_type": "masterplan", "distance_to_corridor": 332.1, "distance_to_station": 640.4, "nearest_station": "KM 22", "existing_corridor_id": "krl-network", "existing_distance_m": 5939.6, "masterplan_corridor_id": "KRL_PP_CITAYAM", "masterplan_distance_m": 332.1, "cascade_corridor_id": "MRT-CASCADE-02", "cascade_distance_m": 465.9, "price_label": "ESTIMATED MARKET RANGE", "note": "Sewa bulanan kisaran publik, bukan asking unit tertentu", "cell_id": "106.760:-6.400", "outlier_flag": 0, "price_class": "MURAH", "local_price_index": 0.615}, "geometry": {"type": "Point", "coordinates": [106.76312, -6.40069]}}, {"type": "Feature", "id": "P-2938546187c7", "properties": {"property_id": "P-2938546187c7", "source": "indeks publik 2026", "source_url": "https://bambooroutes.com/blogs/news/jakarta-housing-prices", "source_type": "PUBLIC_INDEX", "category": "APARTEMEN/KOS", "sub_category": "apartemen", "title": "Apartemen/kos Depok Baru", "property_name": "Apartemen/kos Depok Baru", "latitude": -6.39113, "longitude": 106.82289, "address": "Pancoran Mas, Depok", "district": "Pancoran Mas", "city": "Depok", "price": 450000000.0, "price_min": 360000000, "price_max": 675000000, "price_unit": "total", "area_land_m2": null, "area_building_m2": 50.0, "price_per_m2": 9000000, "listing_type": "sale", "sale_or_rent": "jual", "bedroom": null, "bathroom": null, "floor": null, "property_status": "index", "date_listed": "2026-06", "date_updated": "2026-09-13", "data_timestamp": "2026-09-13", "confidence_score": "MEDIUM", "geometry_source": "NEIGHBORHOOD_CENTROID", "corridor_id": "MRT-CASCADE-02", "corridor_type": "cascade", "distance_to_corridor": 213.0, "distance_to_station": 213.0, "nearest_station": "Depok Baru", "existing_corridor_id": "krl-B", "existing_distance_m": 213.0, "masterplan_corridor_id": "KRL_PP_CITAYAM", "masterplan_distance_m": 5485.7, "cascade_corridor_id": "MRT-CASCADE-02", "cascade_distance_m": 213.0, "price_label": "ESTIMATED MARKET RANGE", "note": "Rumah123 — Pancoran Mas ~Rp1,12 M", "cell_id": "106.820:-6.400", "outlier_flag": 0, "price_class": "MURAH", "local_price_index": 0.562}, "geometry": {"type": "Point", "coordinates": [106.82289, -6.39113]}}, {"type": "Feature", "id": "P-e357f6d308f5", "properties": {"property_id": "P-e357f6d308f5", "source": "indeks publik 2026", "source_url": "https://bambooroutes.com/blogs/news/jakarta-housing-prices", "source_type": "PUBLIC_INDEX", "category": "RUKO", "sub_category": "ruko", "title": "Ruko Depok Baru", "property_name": "Ruko Depok Baru", "latitude": -6.39033, "longitude": 106.82059, "address": "Pancoran Mas, Depok", "district": "Pancoran Mas", "city": "Depok", "price": 1120000000, "price_min": 784000000.0, "price_max": 1568000000.0, "price_unit": "total", "area_land_m2": null, "area_building_m2": 120.0, "price_per_m2": 9333333.333333334, "listing_type": "sale", "sale_or_rent": "jual", "bedroom": null, "bathroom": null, "floor": null, "property_status": "index", "date_listed": "2026-06", "date_updated": "2026-09-13", "data_timestamp": "2026-09-13", "confidence_score": "MEDIUM", "geometry_source": "NEIGHBORHOOD_CENTROID", "corridor_id": "krl-B", "corridor_type": "existing", "distance_to_corridor": 205.4, "distance_to_station": 205.4, "nearest_station": "Depok Baru", "existing_corridor_id": "krl-B", "existing_distance_m": 205.4, "masterplan_corridor_id": "KRL_PP_CITAYAM", "masterplan_distance_m": 5328.8, "cascade_corridor_id": "MRT-CASCADE-02", "cascade_distance_m": 205.4, "price_label": "ESTIMATED MARKET RANGE", "note": "Rumah123 — Pancoran Mas ~Rp1,12 M", "cell_id": "106.820:-6.400", "outlier_flag": 0, "price_class": "MURAH", "local_price_index": 0.583}, "geometry": {"type": "Point", "coordinates": [106.82059, -6.39033]}}, {"type": "Feature", "id": "P-4779ed1ea0fe", "properties": {"property_id": "P-4779ed1ea0fe", "source": "indeks publik 2026", "source_url": "https://bambooroutes.com/blogs/news/jakarta-housing-prices", "source_type": "PUBLIC_INDEX", "category": "TANAH", "sub_category": "tanah kosong", "title": "Tanah Depok Baru", "property_name": "Tanah Depok Baru", "latitude": -6.39213, "longitude": 106.82209, "address": "Pancoran Mas, Depok", "district": "Pancoran Mas", "city": "Depok", "price": 1200000000.0, "price_min": 720000000, "price_max": 2400000000, "price_unit": "total", "area_land_m2": 200.0, "area_building_m2": null, "price_per_m2": 6000000, "listing_type": "sale", "sale_or_rent": "jual", "bedroom": null, "bathroom": null, "floor": null, "property_status": "index", "date_listed": "2026-06", "date_updated": "2026-09-13", "data_timestamp": "2026-09-13", "confidence_score": "MEDIUM", "geometry_source": "NEIGHBORHOOD_CENTROID", "corridor_id": "MRT-CASCADE-02", "corridor_type": "cascade", "distance_to_corridor": 97.4, "distance_to_station": 97.4, "nearest_station": "Depok Baru", "existing_corridor_id": "krl-B", "existing_distance_m": 97.4, "masterplan_corridor_id": "KRL_PP_CITAYAM", "masterplan_distance_m": 5347.6, "cascade_corridor_id": "MRT-CASCADE-02", "cascade_distance_m": 97.4, "price_label": "ESTIMATED MARKET RANGE", "note": "Rumah123 — Pancoran Mas ~Rp1,12 M", "cell_id": "106.820:-6.400", "outlier_flag": 0, "price_class": "MURAH", "local_price_index": 0.375}, "geometry": {"type": "Point", "coordinates": [106.82209, -6.39213]}}, {"type": "Feature", "id": "P-40670c1c3d40", "properties": {"property_id": "P-40670c1c3d40", "source": "indeks publik 2026", "source_url": "https://bambooroutes.com/blogs/news/jakarta-housing-prices", "source_type": "PUBLIC_INDEX", "category": "APARTEMEN/KOS", "sub_category": "kos", "title": "Kos Depok Baru", "property_name": "Kos Depok Baru", "latitude": -6.39163, "longitude": 106.82109, "address": "Pancoran Mas, Depok", "district": "Pancoran Mas", "city": "Depok", "price": 1000000, "price_min": null, "price_max": null, "price_unit": "bulan", "area_land_m2": null, "area_building_m2": null, "price_per_m2": null, "listing_type": "rent", "sale_or_rent": "sewa", "bedroom": null, "bathroom": null, "floor": null, "property_status": "index", "date_listed": "2026-06", "date_updated": "2026-09-13", "data_timestamp": "2026-09-13", "confidence_score": "MEDIUM", "geometry_source": "NEIGHBORHOOD_CENTROID", "corridor_id": "krl-B", "corridor_type": "existing", "distance_to_corridor": 50.8, "distance_to_station": 50.8, "nearest_station": "Depok Baru", "existing_corridor_id": "krl-B", "existing_distance_m": 50.8, "masterplan_corridor_id": "KRL_PP_CITAYAM", "masterplan_distance_m": 5295.4, "cascade_corridor_id": "MRT-CASCADE-02", "cascade_distance_m": 50.8, "price_label": "ESTIMATED MARKET RANGE", "note": "Sewa bulanan kisaran publik, bukan asking unit tertentu", "cell_id": "106.820:-6.400", "outlier_flag": 0, "price_class": "MURAH", "local_price_index": 0.769}, "geometry": {"type": "Point", "coordinates": [106.82109, -6.39163]}}, {"type": "Feature", "id": "P-f3702c6105e2", "properties": {"property_id": "P-f3702c6105e2", "source": "indeks publik 2026", "source_url": "https://www.99.co/id/jual/apartemen/area-depok/margonda", "source_type": "PUBLIC_INDEX", "category": "APARTEMEN/KOS", "sub_category": "apartemen", "title": "Apartemen/kos Margonda", "property_name": "Apartemen/kos Margonda", "latitude": -6.36895, "longitude": 106.83329, "address": "Beji, Depok", "district": "Beji", "city": "Depok", "price": 550000000.0, "price_min": 440000000, "price_max": 825000000, "price_unit": "total", "area_land_m2": null, "area_building_m2": 50.0, "price_per_m2": 11000000, "listing_type": "sale", "sale_or_rent": "jual", "bedroom": null, "bathroom": null, "floor": null, "property_status": "index", "date_listed": "2026-06", "date_updated": "2026-09-13", "data_timestamp": "2026-09-13", "confidence_score": "MEDIUM", "geometry_source": "NEIGHBORHOOD_CENTROID", "corridor_id": "krl-network", "corridor_type": "existing", "distance_to_corridor": 382.6, "distance_to_station": 132.1, "nearest_station": "Pondok Cina", "existing_corridor_id": "krl-network", "existing_distance_m": 382.6, "masterplan_corridor_id": "LRT_09", "masterplan_distance_m": 3328.4, "cascade_corridor_id": "MRT-CASCADE-03", "cascade_distance_m": 706.0, "price_label": "ESTIMATED MARKET RANGE", "note": "99.co Margonda Sep 2026 — studio Rp190–400 jt", "cell_id": "106.840:-6.360", "outlier_flag": 0, "price_class": "SEDANG", "local_price_index": 1.0}, "geometry": {"type": "Point", "coordinates": [106.83329, -6.36895]}}, {"type": "Feature", "id": "P-3399318c973f", "properties": {"property_id": "P-3399318c973f", "source": "indeks publik 2026", "source_url": "https://www.99.co/id/jual/apartemen/area-depok/margonda", "source_type": "PUBLIC_INDEX", "category": "RUKO", "sub_category": "ruko", "title": "Ruko Margonda", "property_name": "Ruko Margonda", "latitude": -6.36815, "longitude": 106.83099, "address": "Beji, Depok", "district": "Beji", "city": "Depok", "price": 1400000000, "price_min": 979999999.9999999, "price_max": 1959999999.9999998, "price_unit": "total", "area_land_m2": null, "area_building_m2": 120.0, "price_per_m2": 11666666.666666666, "listing_type": "sale", "sale_or_rent": "jual", "bedroom": null, "bathroom": null, "floor": null, "property_status": "index", "date_listed": "2026-06", "date_updated": "2026-09-13", "data_timestamp": "2026-09-13", "confidence_score": "MEDIUM", "geometry_source": "NEIGHBORHOOD_CENTROID", "corridor_id": "krl-network", "corridor_type": "existing", "distance_to_corridor": 393.4, "distance_to_station": 151.3, "nearest_station": "Pondok Cina", "existing_corridor_id": "krl-network", "existing_distance_m": 393.4, "masterplan_corridor_id": "LRT_09", "masterplan_distance_m": 3389.0, "cascade_corridor_id": "MRT-CASCADE-03", "cascade_distance_m": 802.5, "price_label": "ESTIMATED MARKET RANGE", "note": "99.co Margonda Sep 2026 — studio Rp190–400 jt", "cell_id": "106.840:-6.360", "outlier_flag": 0, "price_class": "MAHAL", "local_price_index": 1.061}, "geometry": {"type": "Point", "coordinates": [106.83099, -6.36815]}}, {"type": "Feature", "id": "P-78ca3c48a5d3", "properties": {"property_id": "P-78ca3c48a5d3", "source": "indeks publik 2026", "source_url": "https://www.99.co/id/jual/apartemen/area-depok/margonda", "source_type": "PUBLIC_INDEX", "category": "TANAH", "sub_category": "tanah kosong", "title": "Tanah Margonda", "property_name": "Tanah Margonda", "latitude": -6.36995, "longitude": 106.83249, "address": "Beji, Depok", "district": "Beji", "city": "Depok", "price": 1400000000.0, "price_min": 840000000, "price_max": 2800000000, "price_unit": "total", "area_land_m2": 200.0, "area_building_m2": null, "price_per_m2": 7000000, "listing_type": "sale", "sale_or_rent": "jual", "bedroom": null, "bathroom": null, "floor": null, "property_status": "index", "date_listed": "2026-06", "date_updated": "2026-09-13", "data_timestamp": "2026-09-13", "confidence_score": "MEDIUM", "geometry_source": "NEIGHBORHOOD_CENTROID", "corridor_id": "krl-network", "corridor_type": "existing", "distance_to_corridor": 240.6, "distance_to_station": 119.0, "nearest_station": "Pondok Cina", "existing_corridor_id": "krl-network", "existing_distance_m": 240.6, "masterplan_corridor_id": "LRT_09", "masterplan_distance_m": 3470.5, "cascade_corridor_id": "MRT-CASCADE-03", "cascade_distance_m": 587.7, "price_label": "ESTIMATED MARKET RANGE", "note": "99.co Margonda Sep 2026 — studio Rp190–400 jt", "cell_id": "106.840:-6.360", "outlier_flag": 0, "price_class": "MURAH", "local_price_index": 0.636}, "geometry": {"type": "Point", "coordinates": [106.83249, -6.36995]}}, {"type": "Feature", "id": "P-dfc32eedde52", "properties": {"property_id": "P-dfc32eedde52", "source": "indeks publik 2026", "source_url": "https://www.99.co/id/jual/apartemen/area-depok/margonda", "source_type": "PUBLIC_INDEX", "category": "APARTEMEN/KOS", "sub_category": "kos", "title": "Kos Margonda", "property_name": "Kos Margonda", "latitude": -6.36945, "longitude": 106.83149, "address": "Beji, Depok", "district": "Beji", "city": "Depok", "price": 1500000, "price_min": null, "price_max": null, "price_unit": "bulan", "area_land_m2": null, "area_building_m2": null, "price_per_m2": null, "listing_type": "rent", "sale_or_rent": "sewa", "bedroom": null, "bathroom": null, "floor": null, "property_status": "index", "date_listed": "2026-06", "date_updated": "2026-09-13", "data_timestamp": "2026-09-13", "confidence_score": "MEDIUM", "geometry_source": "NEIGHBORHOOD_CENTROID", "corridor_id": "krl-network", "corridor_type": "existing", "distance_to_corridor": 250.5, "distance_to_station": 86.6, "nearest_station": "Pondok Cina", "existing_corridor_id": "krl-network", "existing_distance_m": 250.5, "masterplan_corridor_id": "LRT_09", "masterplan_distance_m": 3490.2, "cascade_corridor_id": "MRT-CASCADE-03", "cascade_distance_m": 650.6, "price_label": "ESTIMATED MARKET RANGE", "note": "Sewa bulanan kisaran publik, bukan asking unit tertentu", "cell_id": "106.840:-6.360", "outlier_flag": 0, "price_class": "SEDANG", "local_price_index": 1.154}, "geometry": {"type": "Point", "coordinates": [106.83149, -6.36945]}}, {"type": "Feature", "id": "P-e1d89842ceca", "properties": {"property_id": "P-e1d89842ceca", "source": "indeks publik 2026", "source_url": "https://bambooroutes.com/blogs/news/jakarta-housing-prices", "source_type": "PUBLIC_INDEX", "category": "APARTEMEN/KOS", "sub_category": "apartemen", "title": "Apartemen/kos Kelapa Dua Depok", "property_name": "Apartemen/kos Kelapa Dua Depok", "latitude": -6.36508, "longitude": 106.84433, "address": "Cimanggis, Depok", "district": "Cimanggis", "city": "Depok", "price": 500000000.0, "price_min": 400000000, "price_max": 750000000, "price_unit": "total", "area_land_m2": null, "area_building_m2": 50.0, "price_per_m2": 10000000, "listing_type": "sale", "sale_or_rent": "jual", "bedroom": null, "bathroom": null, "floor": null, "property_status": "index", "date_listed": "2026-06", "date_updated": "2026-09-13", "data_timestamp": "2026-09-13", "confidence_score": "MEDIUM", "geometry_source": "NEIGHBORHOOD_CENTROID", "corridor_id": "MRT-CASCADE-03", "corridor_type": "cascade", "distance_to_corridor": 1134.0, "distance_to_station": 1135.3, "nearest_station": "Pondok Cina", "existing_corridor_id": "krl-network", "existing_distance_m": 1323.4, "masterplan_corridor_id": "LRT_09", "masterplan_distance_m": 2305.4, "cascade_corridor_id": "MRT-CASCADE-03", "cascade_distance_m": 1134.0, "price_label": "ESTIMATED MARKET RANGE", "note": "Rumah123 — Cimanggis ~Rp1,5 M", "cell_id": "106.840:-6.360", "outlier_flag": 0, "price_class": "SEDANG", "local_price_index": 0.909}, "geometry": {"type": "Point", "coordinates": [106.84433, -6.36508]}}, {"type": "Feature", "id": "P-9f4d474f1410", "properties": {"property_id": "P-9f4d474f1410", "source": "indeks publik 2026", "source_url": "https://bambooroutes.com/blogs/news/jakarta-housing-prices", "source_type": "PUBLIC_INDEX", "category": "RUKO", "sub_category": "ruko", "title": "Ruko Kelapa Dua Depok", "property_name": "Ruko Kelapa Dua Depok", "latitude": -6.36428, "longitude": 106.84203, "address": "Cimanggis, Depok", "district": "Cimanggis", "city": "Depok", "price": 1500000000, "price_min": 1049999999.9999999, "price_max": 2099999999.9999998, "price_unit": "total", "area_land_m2": null, "area_building_m2": 120.0, "price_per_m2": 12500000.0, "listing_type": "sale", "sale_or_rent": "jual", "bedroom": null, "bathroom": null, "floor": null, "property_status": "index", "date_listed": "2026-06", "date_updated": "2026-09-13", "data_timestamp": "2026-09-13", "confidence_score": "MEDIUM", "geometry_source": "NEIGHBORHOOD_CENTROID", "corridor_id": "MRT-CASCADE-03", "corridor_type": "cascade", "distance_to_corridor": 1039.2, "distance_to_station": 928.7, "nearest_station": "Universitas Indonesia", "existing_corridor_id": "krl-network", "existing_distance_m": 1071.1, "masterplan_corridor_id": "LRT_09", "masterplan_distance_m": 2364.8, "cascade_corridor_id": "MRT-CASCADE-03", "cascade_distance_m": 1039.2, "price_label": "ESTIMATED MARKET RANGE", "note": "Rumah123 — Cimanggis ~Rp1,5 M", "cell_id": "106.840:-6.360", "outlier_flag": 0, "price_class": "MAHAL", "local_price_index": 1.136}, "geometry": {"type": "Point", "coordinates": [106.84203, -6.36428]}}, {"type": "Feature", "id": "P-d99ab106a8b0", "properties": {"property_id": "P-d99ab106a8b0", "source": "indeks publik 2026", "source_url": "https://bambooroutes.com/blogs/news/jakarta-housing-prices", "source_type": "PUBLIC_INDEX", "category": "TANAH", "sub_category": "tanah kosong", "title": "Tanah Kelapa Dua Depok", "property_name": "Tanah Kelapa Dua Depok", "latitude": -6.36608, "longitude": 106.84353, "address": "Cimanggis, Depok", "district": "Cimanggis", "city": "Depok", "price": 1300000000.0, "price_min": 780000000, "price_max": 2600000000, "price_unit": "total", "area_land_m2": 200.0, "area_building_m2": null, "price_per_m2": 6500000, "listing_type": "sale", "sale_or_rent": "jual", "bedroom": null, "bathroom": null, "floor": null, "property_status": "index", "date_listed": "2026-06", "date_updated": "2026-09-13", "data_timestamp": "2026-09-13", "confidence_score": "MEDIUM", "geometry_source": "NEIGHBORHOOD_CENTROID", "corridor_id": "MRT-CASCADE-03", "corridor_type": "cascade", "distance_to_corridor": 1236.4, "distance_to_station": 1046.9, "nearest_station": "Universitas Indonesia", "existing_corridor_id": "krl-network", "existing_distance_m": 1242.1, "masterplan_corridor_id": "LRT_09", "masterplan_distance_m": 2447.3, "cascade_corridor_id": "MRT-CASCADE-03", "cascade_distance_m": 1236.4, "price_label": "ESTIMATED MARKET RANGE", "note": "Rumah123 — Cimanggis ~Rp1,5 M", "cell_id": "106.840:-6.360", "outlier_flag": 0, "price_class": "MURAH", "local_price_index": 0.591}, "geometry": {"type": "Point", "coordinates": [106.84353, -6.36608]}}, {"type": "Feature", "id": "P-33a7141ce959", "properties": {"property_id": "P-33a7141ce959", "source": "indeks publik 2026", "source_url": "https://bambooroutes.com/blogs/news/jakarta-housing-prices", "source_type": "PUBLIC_INDEX", "category": "APARTEMEN/KOS", "sub_category": "kos", "title": "Kos Kelapa Dua Depok", "property_name": "Kos Kelapa Dua Depok", "latitude": -6.36558, "longitude": 106.84253, "address": "Cimanggis, Depok", "district": "Cimanggis", "city": "Depok", "price": 1200000, "price_min": null, "price_max": null, "price_unit": "bulan", "area_land_m2": null, "area_building_m2": null, "price_per_m2": null, "listing_type": "rent", "sale_or_rent": "sewa", "bedroom": null, "bathroom": null, "floor": null, "property_status": "index", "date_listed": "2026-06", "date_updated": "2026-09-13", "data_timestamp": "2026-09-13", "confidence_score": "MEDIUM", "geometry_source": "NEIGHBORHOOD_CENTROID", "corridor_id": "krl-network", "corridor_type": "existing", "distance_to_corridor": 1127.0, "distance_to_station": 945.2, "nearest_station": "Universitas Indonesia", "existing_corridor_id": "krl-network", "existing_distance_m": 1127.0, "masterplan_corridor_id": "LRT_09", "masterplan_distance_m": 2470.4, "cascade_corridor_id": "MRT-CASCADE-03", "cascade_distance_m": 1179.8, "price_label": "ESTIMATED MARKET RANGE", "note": "Sewa bulanan kisaran publik, bukan asking unit tertentu", "cell_id": "106.840:-6.360", "outlier_flag": 0, "price_class": "MURAH", "local_price_index": 0.923}, "geometry": {"type": "Point", "coordinates": [106.84253, -6.36558]}}, {"type": "Feature", "id": "P-e6572d06effb", "properties": {"property_id": "P-e6572d06effb", "source": "indeks publik 2026", "source_url": "https://bambooroutes.com/blogs/news/jakarta-housing-prices", "source_type": "PUBLIC_INDEX", "category": "APARTEMEN/KOS", "sub_category": "apartemen", "title": "Apartemen/kos Cijantung", "property_name": "Apartemen/kos Cijantung", "latitude": -6.31215, "longitude": 106.86311, "address": "Pasar Rebo, Jakarta Timur", "district": "Pasar Rebo", "city": "Jakarta Timur", "price": 1102500000.0, "price_min": 882000000, "price_max": 1653750000, "price_unit": "total", "area_land_m2": null, "area_building_m2": 50.0, "price_per_m2": 22050000, "listing_type": "sale", "sale_or_rent": "jual", "bedroom": null, "bathroom": null, "floor": null, "property_status": "index", "date_listed": "2026-06", "date_updated": "2026-09-13", "data_timestamp": "2026-09-13", "confidence_score": "MEDIUM", "geometry_source": "NEIGHBORHOOD_CENTROID", "corridor_id": "CASTJ21", "corridor_type": "cascade", "distance_to_corridor": 72.5, "distance_to_station": 239.5, "nearest_station": "Cijantung", "existing_corridor_id": "tj-k7", "existing_distance_m": 671.7, "masterplan_corridor_id": "MRT_4", "masterplan_distance_m": 613.0, "cascade_corridor_id": "CASTJ21", "cascade_distance_m": 72.5, "price_label": "ESTIMATED MARKET RANGE", "note": "Colliers Jun 2026 — Jaktim apt ~Rp22,05 jt/m²", "cell_id": "106.860:-6.320", "outlier_flag": 0, "price_class": "MAHAL", "local_price_index": 1.378}, "geometry": {"type": "Point", "coordinates": [106.86311, -6.31215]}}, {"type": "Feature", "id": "P-0f5fd3fd3268", "properties": {"property_id": "P-0f5fd3fd3268", "source": "indeks publik 2026", "source_url": "https://bambooroutes.com/blogs/news/jakarta-housing-prices", "source_type": "PUBLIC_INDEX", "category": "RUKO", "sub_category": "ruko", "title": "Ruko Cijantung", "property_name": "Ruko Cijantung", "latitude": -6.31135, "longitude": 106.86081, "address": "Pasar Rebo, Jakarta Timur", "district": "Pasar Rebo", "city": "Jakarta Timur", "price": 2200000000, "price_min": 1540000000.0, "price_max": 3080000000.0, "price_unit": "total", "area_land_m2": null, "area_building_m2": 120.0, "price_per_m2": 18333333.333333332, "listing_type": "sale", "sale_or_rent": "jual", "bedroom": null, "bathroom": null, "floor": null, "property_status": "index", "date_listed": "2026-06", "date_updated": "2026-09-13", "data_timestamp": "2026-09-13", "confidence_score": "MEDIUM", "geometry_source": "NEIGHBORHOOD_CENTROID", "corridor_id": "MRT-CASCADE-04", "corridor_type": "cascade", "distance_to_corridor": 178.7, "distance_to_station": 281.9, "nearest_station": "Cijantung", "existing_corridor_id": "tj-k7", "existing_distance_m": 744.7, "masterplan_corridor_id": "MRT_4", "masterplan_distance_m": 435.4, "cascade_corridor_id": "MRT-CASCADE-04", "cascade_distance_m": 178.7, "price_label": "ESTIMATED MARKET RANGE", "note": "Colliers Jun 2026 — Jaktim apt ~Rp22,05 jt/m²", "cell_id": "106.860:-6.320", "outlier_flag": 0, "price_class": "SEDANG", "local_price_index": 1.146}, "geometry": {"type": "Point", "coordinates": [106.86081, -6.31135]}}, {"type": "Feature", "id": "P-2c8baa986adc", "properties": {"property_id": "P-2c8baa986adc", "source": "indeks publik 2026", "source_url": "https://bambooroutes.com/blogs/news/jakarta-housing-prices", "source_type": "PUBLIC_INDEX", "category": "TANAH", "sub_category": "tanah kosong", "title": "Tanah Cijantung", "property_name": "Tanah Cijantung", "latitude": -6.31315, "longitude": 106.86231, "address": "Pasar Rebo, Jakarta Timur", "district": "Pasar Rebo", "city": "Jakarta Timur", "price": 2400000000.0, "price_min": 1440000000, "price_max": 4800000000, "price_unit": "total", "area_land_m2": 200.0, "area_building_m2": null, "price_per_m2": 12000000, "listing_type": "sale", "sale_or_rent": "jual", "bedroom": null, "bathroom": null, "floor": null, "property_status": "index", "date_listed": "2026-06", "date_updated": "2026-09-13", "data_timestamp": "2026-09-13", "confidence_score": "MEDIUM", "geometry_source": "NEIGHBORHOOD_CENTROID", "corridor_id": "CASTJ21", "corridor_type": "cascade", "distance_to_corridor": 71.7, "distance_to_station": 357.7, "nearest_station": "Cijantung", "existing_corridor_id": "tj-k7", "existing_distance_m": 810.1, "masterplan_corridor_id": "MRT_4", "masterplan_distance_m": 673.2, "cascade_corridor_id": "CASTJ21", "cascade_distance_m": 71.7, "price_label": "ESTIMATED MARKET RANGE", "note": "Colliers Jun 2026 — Jaktim apt ~Rp22,05 jt/m²", "cell_id": "106.860:-6.320", "outlier_flag": 0, "price_class": "SEDANG", "local_price_index": 0.75}, "geometry": {"type": "Point", "coordinates": [106.86231, -6.31315]}}, {"type": "Feature", "id": "P-3326833b8e07", "properties": {"property_id": "P-3326833b8e07", "source": "indeks publik 2026", "source_url": "https://bambooroutes.com/blogs/news/jakarta-housing-prices", "source_type": "PUBLIC_INDEX", "category": "APARTEMEN/KOS", "sub_category": "kos", "title": "Kos Cijantung", "property_name": "Kos Cijantung", "latitude": -6.31265, "longitude": 106.86131, "address": "Pasar Rebo, Jakarta Timur", "district": "Pasar Rebo", "city": "Jakarta Timur", "price": 1400000, "price_min": null, "price_max": null, "price_unit": "bulan", "area_land_m2": null, "area_building_m2": null, "price_per_m2": null, "listing_type": "rent", "sale_or_rent": "sewa", "bedroom": null, "bathroom": null, "floor": null, "property_status": "index", "date_listed": "2026-06", "date_updated": "2026-09-13", "data_timestamp": "2026-09-13", "confidence_score": "MEDIUM", "geometry_source": "NEIGHBORHOOD_CENTROID", "corridor_id": "CASTJ21", "corridor_type": "cascade", "distance_to_corridor": 164.3, "distance_to_station": 300.9, "nearest_station": "KM 16", "existing_corridor_id": "tj-k7", "existing_distance_m": 819.4, "masterplan_corridor_id": "MRT_4", "masterplan_distance_m": 587.9, "cascade_corridor_id": "CASTJ21", "cascade_distance_m": 164.3, "price_label": "ESTIMATED MARKET RANGE", "note": "Sewa bulanan kisaran publik, bukan asking unit tertentu", "cell_id": "106.860:-6.320", "outlier_flag": 0, "price_class": "SEDANG", "local_price_index": 1.077}, "geometry": {"type": "Point", "coordinates": [106.86131, -6.31265]}}, {"type": "Feature", "id": "P-e8ace2191f3c", "properties": {"property_id": "P-e8ace2191f3c", "source": "indeks publik 2026", "source_url": "https://rumatemu.com/blog/harga-rumah-jakarta-2026-2/", "source_type": "PUBLIC_INDEX", "category": "APARTEMEN/KOS", "sub_category": "apartemen", "title": "Apartemen/kos Condet", "property_name": "Apartemen/kos Condet", "latitude": -6.27643, "longitude": 106.85292, "address": "Kramat Jati, Jakarta Timur", "district": "Kramat Jati", "city": "Jakarta Timur", "price": 1102500000.0, "price_min": 882000000, "price_max": 1653750000, "price_unit": "total", "area_land_m2": null, "area_building_m2": 50.0, "price_per_m2": 22050000, "listing_type": "sale", "sale_or_rent": "jual", "bedroom": null, "bathroom": null, "floor": null, "property_status": "index", "date_listed": "2026-06", "date_updated": "2026-09-13", "data_timestamp": "2026-09-13", "confidence_score": "MEDIUM", "geometry_source": "NEIGHBORHOOD_CENTROID", "corridor_id": "MRT-CASCADE-04", "corridor_type": "cascade", "distance_to_corridor": 357.6, "distance_to_station": 289.2, "nearest_station": "Kramat Jati", "existing_corridor_id": "krl-network", "existing_distance_m": 726.9, "masterplan_corridor_id": "MRT_4", "masterplan_distance_m": 2469.6, "cascade_corridor_id": "MRT-CASCADE-04", "cascade_distance_m": 357.6, "price_label": "ESTIMATED MARKET RANGE", "note": "Rumatemu 2026 — Jatinegara/Kramat Jati tanah Rp8–15 jt/m²", "cell_id": "106.860:-6.280", "outlier_flag": 0, "price_class": "MAHAL", "local_price_index": 1.378}, "geometry": {"type": "Point", "coordinates": [106.85292, -6.27643]}}, {"type": "Feature", "id": "P-b85221bec860", "properties": {"property_id": "P-b85221bec860", "source": "indeks publik 2026", "source_url": "https://rumatemu.com/blog/harga-rumah-jakarta-2026-2/", "source_type": "PUBLIC_INDEX", "category": "RUKO", "sub_category": "ruko", "title": "Ruko Condet", "property_name": "Ruko Condet", "latitude": -6.27563, "longitude": 106.85062, "address": "Kramat Jati, Jakarta Timur", "district": "Kramat Jati", "city": "Jakarta Timur", "price": 2000000000, "price_min": 1400000000.0, "price_max": 2800000000.0, "price_unit": "total", "area_land_m2": null, "area_building_m2": 120.0, "price_per_m2": 16666666.666666666, "listing_type": "sale", "sale_or_rent": "jual", "bedroom": null, "bathroom": null, "floor": null, "property_status": "index", "date_listed": "2026-06", "date_updated": "2026-09-13", "data_timestamp": "2026-09-13", "confidence_score": "MEDIUM", "geometry_source": "NEIGHBORHOOD_CENTROID", "corridor_id": "krl-network", "corridor_type": "existing", "distance_to_corridor": 457.9, "distance_to_station": 557.2, "nearest_station": "Kramat Jati", "existing_corridor_id": "krl-network", "existing_distance_m": 457.9, "masterplan_corridor_id": "MRT_4", "masterplan_distance_m": 2307.6, "cascade_corridor_id": "CASTJ19", "cascade_distance_m": 530.5, "price_label": "ESTIMATED MARKET RANGE", "note": "Rumatemu 2026 — Jatinegara/Kramat Jati tanah Rp8–15 jt/m²", "cell_id": "106.860:-6.280", "outlier_flag": 0, "price_class": "SEDANG", "local_price_index": 1.042}, "geometry": {"type": "Point", "coordinates": [106.85062, -6.27563]}}, {"type": "Feature", "id": "P-760bfc43e4fc", "properties": {"property_id": "P-760bfc43e4fc", "source": "indeks publik 2026", "source_url": "https://rumatemu.com/blog/harga-rumah-jakarta-2026-2/", "source_type": "PUBLIC_INDEX", "category": "TANAH", "sub_category": "tanah kosong", "title": "Tanah Condet", "property_name": "Tanah Condet", "latitude": -6.27743, "longitude": 106.85212, "address": "Kramat Jati, Jakarta Timur", "district": "Kramat Jati", "city": "Jakarta Timur", "price": 2200000000.0, "price_min": 1320000000, "price_max": 4400000000, "price_unit": "total", "area_land_m2": 200.0, "area_building_m2": null, "price_per_m2": 11000000, "listing_type": "sale", "sale_or_rent": "jual", "bedroom": null, "bathroom": null, "floor": null, "property_status": "index", "date_listed": "2026-06", "date_updated": "2026-09-13", "data_timestamp": "2026-09-13", "confidence_score": "MEDIUM", "geometry_source": "NEIGHBORHOOD_CENTROID", "corridor_id": "MRT-CASCADE-04", "corridor_type": "cascade", "distance_to_corridor": 479.9, "distance_to_station": 375.7, "nearest_station": "Kramat Jati", "existing_corridor_id": "krl-network", "existing_distance_m": 687.6, "masterplan_corridor_id": "MRT_4", "masterplan_distance_m": 2336.9, "cascade_corridor_id": "MRT-CASCADE-04", "cascade_distance_m": 479.9, "price_label": "ESTIMATED MARKET RANGE", "note": "Rumatemu 2026 — Jatinegara/Kramat Jati tanah Rp8–15 jt/m²", "cell_id": "106.860:-6.280", "outlier_flag": 0, "price_class": "MURAH", "local_price_index": 0.688}, "geometry": {"type": "Point", "coordinates": [106.85212, -6.27743]}}, {"type": "Feature", "id": "P-103ef204e678", "properties": {"property_id": "P-103ef204e678", "source": "indeks publik 2026", "source_url": "https://rumatemu.com/blog/harga-rumah-jakarta-2026-2/", "source_type": "PUBLIC_INDEX", "category": "APARTEMEN/KOS", "sub_category": "kos", "title": "Kos Condet", "property_name": "Kos Condet", "latitude": -6.27693, "longitude": 106.85112, "address": "Kramat Jati, Jakarta Timur", "district": "Kramat Jati", "city": "Jakarta Timur", "price": 1300000, "price_min": null, "price_max": null, "price_unit": "bulan", "area_land_m2": null, "area_building_m2": null, "price_per_m2": null, "listing_type": "rent", "sale_or_rent": "sewa", "bedroom": null, "bathroom": null, "floor": null, "property_status": "index", "date_listed": "2026-06", "date_updated": "2026-09-13", "data_timestamp": "2026-09-13", "confidence_score": "MEDIUM", "geometry_source": "NEIGHBORHOOD_CENTROID", "corridor_id": "krl-network", "corridor_type": "existing", "distance_to_corridor": 563.9, "distance_to_station": 482.3, "nearest_station": "Kramat Jati", "existing_corridor_id": "krl-network", "existing_distance_m": 563.9, "masterplan_corridor_id": "MRT_4", "masterplan_distance_m": 2271.3, "cascade_corridor_id": "MRT-CASCADE-04", "cascade_distance_m": 564.2, "price_label": "ESTIMATED MARKET RANGE", "note": "Sewa bulanan kisaran publik, bukan asking unit tertentu", "cell_id": "106.860:-6.280", "outlier_flag": 0, "price_class": "SEDANG", "local_price_index": 1.0}, "geometry": {"type": "Point", "coordinates": [106.85112, -6.27693]}}, {"type": "Feature", "id": "P-7ddeb16a9feb", "properties": {"property_id": "P-7ddeb16a9feb", "source": "indeks publik 2026", "source_url": "https://bambooroutes.com/blogs/news/jakarta-housing-prices", "source_type": "PUBLIC_INDEX", "category": "APARTEMEN/KOS", "sub_category": "apartemen", "title": "Apartemen/kos PGC Cililitan", "property_name": "Apartemen/kos PGC Cililitan", "latitude": -6.2619, "longitude": 106.8669, "address": "Kramat Jati, Jakarta Timur", "district": "Kramat Jati", "city": "Jakarta Timur", "price": 1102500000.0, "price_min": 882000000, "price_max": 1653750000, "price_unit": "total", "area_land_m2": null, "area_building_m2": 50.0, "price_per_m2": 22050000, "listing_type": "sale", "sale_or_rent": "jual", "bedroom": null, "bathroom": null, "floor": null, "property_status": "index", "date_listed": "2026-06", "date_updated": "2026-09-13", "data_timestamp": "2026-09-13", "confidence_score": "MEDIUM", "geometry_source": "NEIGHBORHOOD_CENTROID", "corridor_id": "tj-k10", "corridor_type": "existing", "distance_to_corridor": 18.1, "distance_to_station": 89.6, "nearest_station": "Cililitan", "existing_corridor_id": "tj-k10", "existing_distance_m": 18.1, "masterplan_corridor_id": "LRT_JKT_3B", "masterplan_distance_m": 2873.8, "cascade_corridor_id": "CASTJ07-EXT", "cascade_distance_m": 157.0, "price_label": "ESTIMATED MARKET RANGE", "note": "Colliers — Jaktim apt Rp22,05 jt/m²", "cell_id": "106.860:-6.260", "outlier_flag": 0, "price_class": "MAHAL", "local_price_index": 1.378}, "geometry": {"type": "Point", "coordinates": [106.8669, -6.2619]}}, {"type": "Feature", "id": "P-19c5f26428da", "properties": {"property_id": "P-19c5f26428da", "source": "indeks publik 2026", "source_url": "https://bambooroutes.com/blogs/news/jakarta-housing-prices", "source_type": "PUBLIC_INDEX", "category": "RUKO", "sub_category": "ruko", "title": "Ruko PGC Cililitan", "property_name": "Ruko PGC Cililitan", "latitude": -6.2611, "longitude": 106.8646, "address": "Kramat Jati, Jakarta Timur", "district": "Kramat Jati", "city": "Jakarta Timur", "price": 2400000000, "price_min": 1680000000.0, "price_max": 3360000000.0, "price_unit": "total", "area_land_m2": null, "area_building_m2": 120.0, "price_per_m2": 20000000.0, "listing_type": "sale", "sale_or_rent": "jual", "bedroom": null, "bathroom": null, "floor": null, "property_status": "index", "date_listed": "2026-06", "date_updated": "2026-09-13", "data_timestamp": "2026-09-13", "confidence_score": "MEDIUM", "geometry_source": "NEIGHBORHOOD_CENTROID", "corridor_id": "CASTJ07-EXT", "corridor_type": "cascade", "distance_to_corridor": 157.5, "distance_to_station": 150.3, "nearest_station": "PGC", "existing_corridor_id": "tj-k10", "existing_distance_m": 204.4, "masterplan_corridor_id": "LRT_JKT_3B", "masterplan_distance_m": 3026.4, "cascade_corridor_id": "CASTJ07-EXT", "cascade_distance_m": 157.5, "price_label": "ESTIMATED MARKET RANGE", "note": "Colliers — Jaktim apt Rp22,05 jt/m²", "cell_id": "106.860:-6.260", "outlier_flag": 0, "price_class": "MAHAL", "local_price_index": 1.25}, "geometry": {"type": "Point", "coordinates": [106.8646, -6.2611]}}, {"type": "Feature", "id": "P-6a8de169dd44", "properties": {"property_id": "P-6a8de169dd44", "source": "indeks publik 2026", "source_url": "https://bambooroutes.com/blogs/news/jakarta-housing-prices", "source_type": "PUBLIC_INDEX", "category": "TANAH", "sub_category": "tanah kosong", "title": "Tanah PGC Cililitan", "property_name": "Tanah PGC Cililitan", "latitude": -6.2629, "longitude": 106.8661, "address": "Kramat Jati, Jakarta Timur", "district": "Kramat Jati", "city": "Jakarta Timur", "price": 2400000000.0, "price_min": 1440000000, "price_max": 4800000000, "price_unit": "total", "area_land_m2": 200.0, "area_building_m2": null, "price_per_m2": 12000000, "listing_type": "sale", "sale_or_rent": "jual", "bedroom": null, "bathroom": null, "floor": null, "property_status": "index", "date_listed": "2026-06", "date_updated": "2026-09-13", "data_timestamp": "2026-09-13", "confidence_score": "MEDIUM", "geometry_source": "NEIGHBORHOOD_CENTROID", "corridor_id": "CASTJ07-EXT", "corridor_type": "cascade", "distance_to_corridor": 102.4, "distance_to_station": 53.0, "nearest_station": "Cililitan", "existing_corridor_id": "tj-k10", "existing_distance_m": 121.4, "masterplan_corridor_id": "LRT_JKT_3B", "masterplan_distance_m": 3012.3, "cascade_corridor_id": "CASTJ07-EXT", "cascade_distance_m": 102.4, "price_label": "ESTIMATED MARKET RANGE", "note": "Colliers — Jaktim apt Rp22,05 jt/m²", "cell_id": "106.860:-6.260", "outlier_flag": 0, "price_class": "SEDANG", "local_price_index": 0.75}, "geometry": {"type": "Point", "coordinates": [106.8661, -6.2629]}}, {"type": "Feature", "id": "P-895be7c26ff6", "properties": {"property_id": "P-895be7c26ff6", "source": "indeks publik 2026", "source_url": "https://bambooroutes.com/blogs/news/jakarta-housing-prices", "source_type": "PUBLIC_INDEX", "category": "APARTEMEN/KOS", "sub_category": "kos", "title": "Kos PGC Cililitan", "property_name": "Kos PGC Cililitan", "latitude": -6.2624, "longitude": 106.8651, "address": "Kramat Jati, Jakarta Timur", "district": "Kramat Jati", "city": "Jakarta Timur", "price": 1400000, "price_min": null, "price_max": null, "price_unit": "bulan", "area_land_m2": null, "area_building_m2": null, "price_per_m2": null, "listing_type": "rent", "sale_or_rent": "sewa", "bedroom": null, "bathroom": null, "floor": null, "property_status": "index", "date_listed": "2026-06", "date_updated": "2026-09-13", "data_timestamp": "2026-09-13", "confidence_score": "MEDIUM", "geometry_source": "NEIGHBORHOOD_CENTROID", "corridor_id": "CASTJ07-EXT", "corridor_type": "cascade", "distance_to_corridor": 51.0, "distance_to_station": 51.0, "nearest_station": "Trikora", "existing_corridor_id": "tj-k10", "existing_distance_m": 56.1, "masterplan_corridor_id": "LRT_JKT_3B", "masterplan_distance_m": 3065.3, "cascade_corridor_id": "CASTJ07-EXT", "cascade_distance_m": 51.0, "price_label": "ESTIMATED MARKET RANGE", "note": "Sewa bulanan kisaran publik, bukan asking unit tertentu", "cell_id": "106.860:-6.260", "outlier_flag": 0, "price_class": "SEDANG", "local_price_index": 1.077}, "geometry": {"type": "Point", "coordinates": [106.8651, -6.2624]}}, {"type": "Feature", "id": "P-63559a35004f", "properties": {"property_id": "P-63559a35004f", "source": "indeks publik 2026", "source_url": "https://bambooroutes.com/blogs/news/jakarta-how-much-apartment", "source_type": "PUBLIC_INDEX", "category": "APARTEMEN/KOS", "sub_category": "apartemen", "title": "Apartemen/kos Kampung Melayu", "property_name": "Apartemen/kos Kampung Melayu", "latitude": -6.22467, "longitude": 106.86802, "address": "Jatinegara, Jakarta Timur", "district": "Jatinegara", "city": "Jakarta Timur", "price": 1102500000.0, "price_min": 882000000, "price_max": 1653750000, "price_unit": "total", "area_land_m2": null, "area_building_m2": 50.0, "price_per_m2": 22050000, "listing_type": "sale", "sale_or_rent": "jual", "bedroom": null, "bathroom": null, "floor": null, "property_status": "index", "date_listed": "2026-06", "date_updated": "2026-09-13", "data_timestamp": "2026-09-13", "confidence_score": "MEDIUM", "geometry_source": "NEIGHBORHOOD_CENTROID", "corridor_id": "CASTJ15", "corridor_type": "cascade", "distance_to_corridor": 81.1, "distance_to_station": 126.1, "nearest_station": "Otista", "existing_corridor_id": "tj-k11", "existing_distance_m": 126.1, "masterplan_corridor_id": "LRT_JKT_1B", "masterplan_distance_m": 2391.4, "cascade_corridor_id": "CASTJ15", "cascade_distance_m": 81.1, "price_label": "ESTIMATED MARKET RANGE", "note": "Bamboo Routes 2026 — Jatinegara/Cawang apt Rp14–28 jt/m²", "cell_id": "106.860:-6.220", "outlier_flag": 0, "price_class": "SEDANG", "local_price_index": 1.0}, "geometry": {"type": "Point", "coordinates": [106.86802, -6.22467]}}, {"type": "Feature", "id": "P-983338252f71", "properties": {"property_id": "P-983338252f71", "source": "indeks publik 2026", "source_url": "https://bambooroutes.com/blogs/news/jakarta-how-much-apartment", "source_type": "PUBLIC_INDEX", "category": "RUKO", "sub_category": "ruko", "title": "Ruko Kampung Melayu", "property_name": "Ruko Kampung Melayu", "latitude": -6.22387, "longitude": 106.86572, "address": "Jatinegara, Jakarta Timur", "district": "Jatinegara", "city": "Jakarta Timur", "price": 2500000000, "price_min": 1750000000.0, "price_max": 3500000000.0, "price_unit": "total", "area_land_m2": null, "area_building_m2": 120.0, "price_per_m2": 20833333.333333332, "listing_type": "sale", "sale_or_rent": "jual", "bedroom": null, "bathroom": null, "floor": null, "property_status": "index", "date_listed": "2026-06", "date_updated": "2026-09-13", "data_timestamp": "2026-09-13", "confidence_score": "MEDIUM", "geometry_source": "NEIGHBORHOOD_CENTROID", "corridor_id": "tj-k5", "corridor_type": "existing", "distance_to_corridor": 122.0, "distance_to_station": 150.9, "nearest_station": "Kampung Melayu", "existing_corridor_id": "tj-k5", "existing_distance_m": 122.0, "masterplan_corridor_id": "LRT_JKT_1B", "masterplan_distance_m": 2184.6, "cascade_corridor_id": "MRT-CASCADE-04", "cascade_distance_m": 132.8, "price_label": "ESTIMATED MARKET RANGE", "note": "Bamboo Routes 2026 — Jatinegara/Cawang apt Rp14–28 jt/m²", "cell_id": "106.860:-6.220", "outlier_flag": 0, "price_class": "SEDANG", "local_price_index": 0.945}, "geometry": {"type": "Point", "coordinates": [106.86572, -6.22387]}}, {"type": "Feature", "id": "P-29186f38192e", "properties": {"property_id": "P-29186f38192e", "source": "indeks publik 2026", "source_url": "https://bambooroutes.com/blogs/news/jakarta-how-much-apartment", "source_type": "PUBLIC_INDEX", "category": "TANAH", "sub_category": "tanah kosong", "title": "Tanah Kampung Melayu", "property_name": "Tanah Kampung Melayu", "latitude": -6.22567, "longitude": 106.86722, "address": "Jatinegara, Jakarta Timur", "district": "Jatinegara", "city": "Jakarta Timur", "price": 2300000000.0, "price_min": 1380000000, "price_max": 4600000000, "price_unit": "total", "area_land_m2": 200.0, "area_building_m2": null, "price_per_m2": 11500000, "listing_type": "sale", "sale_or_rent": "jual", "bedroom": null, "bathroom": null, "floor": null, "property_status": "index", "date_listed": "2026-06", "date_updated": "2026-09-13", "data_timestamp": "2026-09-13", "confidence_score": "MEDIUM", "geometry_source": "NEIGHBORHOOD_CENTROID", "corridor_id": "tj-k7", "corridor_type": "existing", "distance_to_corridor": 116.9, "distance_to_station": 55.5, "nearest_station": "Matraman", "existing_corridor_id": "tj-k7", "existing_distance_m": 116.9, "masterplan_corridor_id": "LRT_JKT_1B", "masterplan_distance_m": 2442.8, "cascade_corridor_id": "CASTJ15", "cascade_distance_m": 116.9, "price_label": "ESTIMATED MARKET RANGE", "note": "Bamboo Routes 2026 — Jatinegara/Cawang apt Rp14–28 jt/m²", "cell_id": "106.860:-6.220", "outlier_flag": 0, "price_class": "MURAH", "local_price_index": 0.522}, "geometry": {"type": "Point", "coordinates": [106.86722, -6.22567]}}, {"type": "Feature", "id": "P-a1d57f02a4a0", "properties": {"property_id": "P-a1d57f02a4a0", "source": "indeks publik 2026", "source_url": "https://bambooroutes.com/blogs/news/jakarta-how-much-apartment", "source_type": "PUBLIC_INDEX", "category": "APARTEMEN/KOS", "sub_category": "kos", "title": "Kos Kampung Melayu", "property_name": "Kos Kampung Melayu", "latitude": -6.22517, "longitude": 106.86622, "address": "Jatinegara, Jakarta Timur", "district": "Jatinegara", "city": "Jakarta Timur", "price": 1500000, "price_min": null, "price_max": null, "price_unit": "bulan", "area_land_m2": null, "area_building_m2": null, "price_per_m2": null, "listing_type": "rent", "sale_or_rent": "sewa", "bedroom": null, "bathroom": null, "floor": null, "property_status": "index", "date_listed": "2026-06", "date_updated": "2026-09-13", "data_timestamp": "2026-09-13", "confidence_score": "MEDIUM", "geometry_source": "NEIGHBORHOOD_CENTROID", "corridor_id": "MRT-CASCADE-04", "corridor_type": "cascade", "distance_to_corridor": 38.3, "distance_to_station": 86.4, "nearest_station": "Kampung Melayu", "existing_corridor_id": "tj-k7", "existing_distance_m": 81.2, "masterplan_corridor_id": "LRT_JKT_1B", "masterplan_distance_m": 2325.1, "cascade_corridor_id": "MRT-CASCADE-04", "cascade_distance_m": 38.3, "price_label": "ESTIMATED MARKET RANGE", "note": "Sewa bulanan kisaran publik, bukan asking unit tertentu", "cell_id": "106.860:-6.220", "outlier_flag": 0, "price_class": "SEDANG", "local_price_index": 1.154}, "geometry": {"type": "Point", "coordinates": [106.86622, -6.22517]}}, {"type": "Feature", "id": "P-055b4dbd2f13", "properties": {"property_id": "P-055b4dbd2f13", "source": "indeks publik 2026", "source_url": "https://bambooroutes.com/blogs/news/jakarta-housing-prices", "source_type": "PUBLIC_INDEX", "category": "APARTEMEN/KOS", "sub_category": "apartemen", "title": "Apartemen/kos Matraman", "property_name": "Apartemen/kos Matraman", "latitude": -6.21212, "longitude": 106.8619, "address": "Matraman, Jakarta Timur", "district": "Matraman", "city": "Jakarta Timur", "price": 1200000000.0, "price_min": 960000000, "price_max": 1800000000, "price_unit": "total", "area_land_m2": null, "area_building_m2": 50.0, "price_per_m2": 24000000, "listing_type": "sale", "sale_or_rent": "jual", "bedroom": null, "bathroom": null, "floor": null, "property_status": "index", "date_listed": "2026-06", "date_updated": "2026-09-13", "data_timestamp": "2026-09-13", "confidence_score": "MEDIUM", "geometry_source": "NEIGHBORHOOD_CENTROID", "corridor_id": "krl-network", "corridor_type": "existing", "distance_to_corridor": 56.1, "distance_to_station": 118.2, "nearest_station": "Matraman Baru", "existing_corridor_id": "krl-network", "existing_distance_m": 56.1, "masterplan_corridor_id": "LRT_JKT_1B", "masterplan_distance_m": 859.8, "cascade_corridor_id": "MRT-CASCADE-04", "cascade_distance_m": 114.7, "price_label": "ESTIMATED MARKET RANGE", "note": "Colliers Jaktim + koridor Matraman", "cell_id": "106.860:-6.220", "outlier_flag": 0, "price_class": "MAHAL", "local_price_index": 1.088}, "geometry": {"type": "Point", "coordinates": [106.8619, -6.21212]}}, {"type": "Feature", "id": "P-ab2f4444af37", "properties": {"property_id": "P-ab2f4444af37", "source": "indeks publik 2026", "source_url": "https://bambooroutes.com/blogs/news/jakarta-housing-prices", "source_type": "PUBLIC_INDEX", "category": "RUKO", "sub_category": "ruko", "title": "Ruko Matraman", "property_name": "Ruko Matraman", "latitude": -6.21132, "longitude": 106.8596, "address": "Matraman, Jakarta Timur", "district": "Matraman", "city": "Jakarta Timur", "price": 2800000000, "price_min": 1959999999.9999998, "price_max": 3919999999.9999995, "price_unit": "total", "area_land_m2": null, "area_building_m2": 120.0, "price_per_m2": 23333333.333333332, "listing_type": "sale", "sale_or_rent": "jual", "bedroom": null, "bathroom": null, "floor": null, "property_status": "index", "date_listed": "2026-06", "date_updated": "2026-09-13", "data_timestamp": "2026-09-13", "confidence_score": "MEDIUM", "geometry_source": "NEIGHBORHOOD_CENTROID", "corridor_id": "tj-k4", "corridor_type": "existing", "distance_to_corridor": 101.9, "distance_to_station": 191.1, "nearest_station": "Matraman", "existing_corridor_id": "tj-k4", "existing_distance_m": 101.9, "masterplan_corridor_id": "LRT_JKT_1B", "masterplan_distance_m": 640.0, "cascade_corridor_id": "MRT-CASCADE-04", "cascade_distance_m": 202.5, "price_label": "ESTIMATED MARKET RANGE", "note": "Colliers Jaktim + koridor Matraman", "cell_id": "106.860:-6.220", "outlier_flag": 0, "price_class": "MAHAL", "local_price_index": 1.058}, "geometry": {"type": "Point", "coordinates": [106.8596, -6.21132]}}, {"type": "Feature", "id": "P-d8f3e543973d", "properties": {"property_id": "P-d8f3e543973d", "source": "indeks publik 2026", "source_url": "https://bambooroutes.com/blogs/news/jakarta-housing-prices", "source_type": "PUBLIC_INDEX", "category": "TANAH", "sub_category": "tanah kosong", "title": "Tanah Matraman", "property_name": "Tanah Matraman", "latitude": -6.21312, "longitude": 106.8611, "address": "Matraman, Jakarta Timur", "district": "Matraman", "city": "Jakarta Timur", "price": 2800000000.0, "price_min": 1680000000, "price_max": 5600000000, "price_unit": "total", "area_land_m2": 200.0, "area_building_m2": null, "price_per_m2": 14000000, "listing_type": "sale", "sale_or_rent": "jual", "bedroom": null, "bathroom": null, "floor": null, "property_status": "index", "date_listed": "2026-06", "date_updated": "2026-09-13", "data_timestamp": "2026-09-13", "confidence_score": "MEDIUM", "geometry_source": "NEIGHBORHOOD_CENTROID", "corridor_id": "MRT-CASCADE-04", "corridor_type": "cascade", "distance_to_corridor": 65.8, "distance_to_station": 27.3, "nearest_station": "Matraman Baru", "existing_corridor_id": "tj-k5", "existing_distance_m": 93.9, "masterplan_corridor_id": "LRT_JKT_1B", "masterplan_distance_m": 896.7, "cascade_corridor_id": "MRT-CASCADE-04", "cascade_distance_m": 65.8, "price_label": "ESTIMATED MARKET RANGE", "note": "Colliers Jaktim + koridor Matraman", "cell_id": "106.860:-6.220", "outlier_flag": 0, "price_class": "MURAH", "local_price_index": 0.635}, "geometry": {"type": "Point", "coordinates": [106.8611, -6.21312]}}, {"type": "Feature", "id": "P-5171f7a11df6", "properties": {"property_id": "P-5171f7a11df6", "source": "indeks publik 2026", "source_url": "https://bambooroutes.com/blogs/news/jakarta-housing-prices", "source_type": "PUBLIC_INDEX", "category": "APARTEMEN/KOS", "sub_category": "kos", "title": "Kos Matraman", "property_name": "Kos Matraman", "latitude": -6.21262, "longitude": 106.8601, "address": "Matraman, Jakarta Timur", "district": "Matraman", "city": "Jakarta Timur", "price": 1600000, "price_min": null, "price_max": null, "price_unit": "bulan", "area_land_m2": null, "area_building_m2": null, "price_per_m2": null, "listing_type": "rent", "sale_or_rent": "sewa", "bedroom": null, "bathroom": null, "floor": null, "property_status": "index", "date_listed": "2026-06", "date_updated": "2026-09-13", "data_timestamp": "2026-09-13", "confidence_score": "MEDIUM", "geometry_source": "NEIGHBORHOOD_CENTROID", "corridor_id": "krl-network", "corridor_type": "existing", "distance_to_corridor": 83.6, "distance_to_station": 119.8, "nearest_station": "Matraman Baru", "existing_corridor_id": "krl-network", "existing_distance_m": 83.6, "masterplan_corridor_id": "LRT_JKT_1B", "masterplan_distance_m": 793.6, "cascade_corridor_id": "MRT-CASCADE-04", "cascade_distance_m": 94.9, "price_label": "ESTIMATED MARKET RANGE", "note": "Sewa bulanan kisaran publik, bukan asking unit tertentu", "cell_id": "106.860:-6.220", "outlier_flag": 0, "price_class": "MAHAL", "local_price_index": 1.231}, "geometry": {"type": "Point", "coordinates": [106.8601, -6.21262]}}, {"type": "Feature", "id": "P-90c617825c73", "properties": {"property_id": "P-90c617825c73", "source": "indeks publik 2026", "source_url": "https://bambooroutes.com/blogs/news/jakarta-housing-prices", "source_type": "PUBLIC_INDEX", "category": "APARTEMEN/KOS", "sub_category": "apartemen", "title": "Apartemen/kos Pramuka", "property_name": "Apartemen/kos Pramuka", "latitude": -6.19241, "longitude": 106.8674, "address": "Matraman, Jakarta Pusat", "district": "Matraman", "city": "Jakarta Pusat", "price": 1837000000.0, "price_min": 1469600000, "price_max": 2755500000, "price_unit": "total", "area_land_m2": null, "area_building_m2": 50.0, "price_per_m2": 36740000, "listing_type": "sale", "sale_or_rent": "jual", "bedroom": null, "bathroom": null, "floor": null, "property_status": "index", "date_listed": "2026-06", "date_updated": "2026-09-13", "data_timestamp": "2026-09-13", "confidence_score": "MEDIUM", "geometry_source": "NEIGHBORHOOD_CENTROID", "corridor_id": "tj-k4", "corridor_type": "existing", "distance_to_corridor": 313.6, "distance_to_station": 131.4, "nearest_station": "Pramuka Sari", "existing_corridor_id": "tj-k4", "existing_distance_m": 313.6, "masterplan_corridor_id": "LRT_JKT_1B", "masterplan_distance_m": 559.2, "cascade_corridor_id": "MRT-CASCADE-04", "cascade_distance_m": 1631.9, "price_label": "ESTIMATED MARKET RANGE", "note": "Colliers Jun 2026 — Jakpus apt ~Rp36,74 jt/m²", "cell_id": "106.860:-6.200", "outlier_flag": 0, "price_class": "MAHAL", "local_price_index": 2.296}, "geometry": {"type": "Point", "coordinates": [106.8674, -6.19241]}}, {"type": "Feature", "id": "P-e3481d6db0c5", "properties": {"property_id": "P-e3481d6db0c5", "source": "indeks publik 2026", "source_url": "https://bambooroutes.com/blogs/news/jakarta-housing-prices", "source_type": "PUBLIC_INDEX", "category": "RUKO", "sub_category": "ruko", "title": "Ruko Pramuka", "property_name": "Ruko Pramuka", "latitude": -6.19161, "longitude": 106.8651, "address": "Matraman, Jakarta Pusat", "district": "Matraman", "city": "Jakarta Pusat", "price": 4000000000, "price_min": 2800000000.0, "price_max": 5600000000.0, "price_unit": "total", "area_land_m2": null, "area_building_m2": 120.0, "price_per_m2": 33333333.333333332, "listing_type": "sale", "sale_or_rent": "jual", "bedroom": null, "bathroom": null, "floor": null, "property_status": "index", "date_listed": "2026-06", "date_updated": "2026-09-13", "data_timestamp": "2026-09-13", "confidence_score": "MEDIUM", "geometry_source": "NEIGHBORHOOD_CENTROID", "corridor_id": "tj-k4", "corridor_type": "existing", "distance_to_corridor": 143.6, "distance_to_station": 137.4, "nearest_station": "Utan Kayu", "existing_corridor_id": "tj-k4", "existing_distance_m": 143.6, "masterplan_corridor_id": "LRT_JKT_1B", "masterplan_distance_m": 610.0, "cascade_corridor_id": "MRT-CASCADE-04", "cascade_distance_m": 1544.3, "price_label": "ESTIMATED MARKET RANGE", "note": "Colliers Jun 2026 — Jakpus apt ~Rp36,74 jt/m²", "cell_id": "106.860:-6.200", "outlier_flag": 0, "price_class": "MAHAL", "local_price_index": 2.083}, "geometry": {"type": "Point", "coordinates": [106.8651, -6.19161]}}, {"type": "Feature", "id": "P-aea5aa1c5500", "properties": {"property_id": "P-aea5aa1c5500", "source": "indeks publik 2026", "source_url": "https://bambooroutes.com/blogs/news/jakarta-housing-prices", "source_type": "PUBLIC_INDEX", "category": "TANAH", "sub_category": "tanah kosong", "title": "Tanah Pramuka", "property_name": "Tanah Pramuka", "latitude": -6.19341, "longitude": 106.8666, "address": "Matraman, Jakarta Pusat", "district": "Matraman", "city": "Jakarta Pusat", "price": 4000000000.0, "price_min": 2400000000, "price_max": 8000000000, "price_unit": "total", "area_land_m2": 200.0, "area_building_m2": null, "price_per_m2": 20000000, "listing_type": "sale", "sale_or_rent": "jual", "bedroom": null, "bathroom": null, "floor": null, "property_status": "index", "date_listed": "2026-06", "date_updated": "2026-09-13", "data_timestamp": "2026-09-13", "confidence_score": "MEDIUM", "geometry_source": "NEIGHBORHOOD_CENTROID", "corridor_id": "tj-k4", "corridor_type": "existing", "distance_to_corridor": 232.4, "distance_to_station": 236.9, "nearest_station": "Utan Kayu", "existing_corridor_id": "tj-k4", "existing_distance_m": 232.4, "masterplan_corridor_id": "LRT_JKT_1B", "masterplan_distance_m": 425.1, "cascade_corridor_id": "MRT-CASCADE-04", "cascade_distance_m": 1490.2, "price_label": "ESTIMATED MARKET RANGE", "note": "Colliers Jun 2026 — Jakpus apt ~Rp36,74 jt/m²", "cell_id": "106.860:-6.200", "outlier_flag": 0, "price_class": "MAHAL", "local_price_index": 1.25}, "geometry": {"type": "Point", "coordinates": [106.8666, -6.19341]}}, {"type": "Feature", "id": "P-a7647734ab28", "properties": {"property_id": "P-a7647734ab28", "source": "indeks publik 2026", "source_url": "https://bambooroutes.com/blogs/news/jakarta-housing-prices", "source_type": "PUBLIC_INDEX", "category": "APARTEMEN/KOS", "sub_category": "kos", "title": "Kos Pramuka", "property_name": "Kos Pramuka", "latitude": -6.19291, "longitude": 106.8656, "address": "Matraman, Jakarta Pusat", "district": "Matraman", "city": "Jakarta Pusat", "price": 2000000, "price_min": null, "price_max": null, "price_unit": "bulan", "area_land_m2": null, "area_building_m2": null, "price_per_m2": null, "listing_type": "rent", "sale_or_rent": "sewa", "bedroom": null, "bathroom": null, "floor": null, "property_status": "index", "date_listed": "2026-06", "date_updated": "2026-09-13", "data_timestamp": "2026-09-13", "confidence_score": "MEDIUM", "geometry_source": "NEIGHBORHOOD_CENTROID", "corridor_id": "tj-k4", "corridor_type": "existing", "distance_to_corridor": 112.3, "distance_to_station": 115.6, "nearest_station": "Utan Kayu", "existing_corridor_id": "tj-k4", "existing_distance_m": 112.3, "masterplan_corridor_id": "LRT_JKT_1B", "masterplan_distance_m": 463.7, "cascade_corridor_id": "MRT-CASCADE-04", "cascade_distance_m": 1459.9, "price_label": "ESTIMATED MARKET RANGE", "note": "Sewa bulanan kisaran publik, bukan asking unit tertentu", "cell_id": "106.860:-6.200", "outlier_flag": 0, "price_class": "MAHAL", "local_price_index": 1.538}, "geometry": {"type": "Point", "coordinates": [106.8656, -6.19291]}}, {"type": "Feature", "id": "P-2ada7d07419d", "properties": {"property_id": "P-2ada7d07419d", "source": "indeks publik 2026", "source_url": "https://www.99.co/id/jual/apartemen/jakarta-selatan/mampang-prapatan", "source_type": "PUBLIC_INDEX", "category": "APARTEMEN/KOS", "sub_category": "apartemen", "title": "Apartemen/kos Senen", "property_name": "Apartemen/kos Senen", "latitude": -6.17276, "longitude": 106.8453, "address": "Senen, Jakarta Pusat", "district": "Senen", "city": "Jakarta Pusat", "price": 1837000000.0, "price_min": 1469600000, "price_max": 2755500000, "price_unit": "total", "area_land_m2": null, "area_building_m2": 50.0, "price_per_m2": 36740000, "listing_type": "sale", "sale_or_rent": "jual", "bedroom": null, "bathroom": null, "floor": null, "property_status": "index", "date_listed": "2026-06", "date_updated": "2026-09-13", "data_timestamp": "2026-09-13", "confidence_score": "MEDIUM", "geometry_source": "NEIGHBORHOOD_CENTROID", "corridor_id": "krl-network", "corridor_type": "existing", "distance_to_corridor": 161.9, "distance_to_station": 133.2, "nearest_station": "Pasar Senen", "existing_corridor_id": "krl-network", "existing_distance_m": 161.9, "masterplan_corridor_id": "MRT_3", "masterplan_distance_m": 403.4, "cascade_corridor_id": "MRT-CASCADE-04", "cascade_distance_m": 747.4, "price_label": "ESTIMATED MARKET RANGE", "note": "99.co — Senen apt rata-rata Rp1,9 M (min Rp175 jt)", "cell_id": "106.840:-6.180", "outlier_flag": 0, "price_class": "MAHAL", "local_price_index": 2.296}, "geometry": {"type": "Point", "coordinates": [106.8453, -6.17276]}}, {"type": "Feature", "id": "P-7a6091041306", "properties": {"property_id": "P-7a6091041306", "source": "indeks publik 2026", "source_url": "https://www.99.co/id/jual/apartemen/jakarta-selatan/mampang-prapatan", "source_type": "PUBLIC_INDEX", "category": "RUKO", "sub_category": "ruko", "title": "Ruko Senen", "property_name": "Ruko Senen", "latitude": -6.17196, "longitude": 106.843, "address": "Senen, Jakarta Pusat", "district": "Senen", "city": "Jakarta Pusat", "price": 3500000000, "price_min": 2450000000.0, "price_max": 4900000000.0, "price_unit": "total", "area_land_m2": null, "area_building_m2": 120.0, "price_per_m2": 29166666.666666668, "listing_type": "sale", "sale_or_rent": "jual", "bedroom": null, "bathroom": null, "floor": null, "property_status": "index", "date_listed": "2026-06", "date_updated": "2026-09-13", "data_timestamp": "2026-09-13", "confidence_score": "MEDIUM", "geometry_source": "NEIGHBORHOOD_CENTROID", "corridor_id": "krl-network", "corridor_type": "existing", "distance_to_corridor": 76.3, "distance_to_station": 150.0, "nearest_station": "Pasar Senen", "existing_corridor_id": "krl-network", "existing_distance_m": 76.3, "masterplan_corridor_id": "MRT_3", "masterplan_distance_m": 598.4, "cascade_corridor_id": "MRT-CASCADE-04", "cascade_distance_m": 758.8, "price_label": "ESTIMATED MARKET RANGE", "note": "99.co — Senen apt rata-rata Rp1,9 M (min Rp175 jt)", "cell_id": "106.840:-6.180", "outlier_flag": 0, "price_class": "MAHAL", "local_price_index": 1.823}, "geometry": {"type": "Point", "coordinates": [106.843, -6.17196]}}, {"type": "Feature", "id": "P-da0674051562", "properties": {"property_id": "P-da0674051562", "source": "indeks publik 2026", "source_url": "https://www.99.co/id/jual/apartemen/jakarta-selatan/mampang-prapatan", "source_type": "PUBLIC_INDEX", "category": "TANAH", "sub_category": "tanah kosong", "title": "Tanah Senen", "property_name": "Tanah Senen", "latitude": -6.17376, "longitude": 106.8445, "address": "Senen, Jakarta Pusat", "district": "Senen", "city": "Jakarta Pusat", "price": 4000000000.0, "price_min": 2400000000, "price_max": 8000000000, "price_unit": "total", "area_land_m2": 200.0, "area_building_m2": null, "price_per_m2": 20000000, "listing_type": "sale", "sale_or_rent": "jual", "bedroom": null, "bathroom": null, "floor": null, "property_status": "index", "date_listed": "2026-06", "date_updated": "2026-09-13", "data_timestamp": "2026-09-13", "confidence_score": "MEDIUM", "geometry_source": "NEIGHBORHOOD_CENTROID", "corridor_id": "krl-network", "corridor_type": "existing", "distance_to_corridor": 35.7, "distance_to_station": 120.2, "nearest_station": "Pasar Senen", "existing_corridor_id": "krl-network", "existing_distance_m": 35.7, "masterplan_corridor_id": "MRT_3", "masterplan_distance_m": 339.0, "cascade_corridor_id": "MRT-CASCADE-04", "cascade_distance_m": 608.7, "price_label": "ESTIMATED MARKET RANGE", "note": "99.co — Senen apt rata-rata Rp1,9 M (min Rp175 jt)", "cell_id": "106.840:-6.180", "outlier_flag": 0, "price_class": "MAHAL", "local_price_index": 1.25}, "geometry": {"type": "Point", "coordinates": [106.8445, -6.17376]}}, {"type": "Feature", "id": "P-5f13876818dd", "properties": {"property_id": "P-5f13876818dd", "source": "indeks publik 2026", "source_url": "https://www.99.co/id/jual/apartemen/jakarta-selatan/mampang-prapatan", "source_type": "PUBLIC_INDEX", "category": "APARTEMEN/KOS", "sub_category": "kos", "title": "Kos Senen", "property_name": "Kos Senen", "latitude": -6.17326, "longitude": 106.8435, "address": "Senen, Jakarta Pusat", "district": "Senen", "city": "Jakarta Pusat", "price": 1900000, "price_min": null, "price_max": null, "price_unit": "bulan", "area_land_m2": null, "area_building_m2": null, "price_per_m2": null, "listing_type": "rent", "sale_or_rent": "sewa", "bedroom": null, "bathroom": null, "floor": null, "property_status": "index", "date_listed": "2026-06", "date_updated": "2026-09-13", "data_timestamp": "2026-09-13", "confidence_score": "MEDIUM", "geometry_source": "NEIGHBORHOOD_CENTROID", "corridor_id": "krl-network", "corridor_type": "existing", "distance_to_corridor": 90.0, "distance_to_station": 86.4, "nearest_station": "Pasar Senen", "existing_corridor_id": "krl-network", "existing_distance_m": 90.0, "masterplan_corridor_id": "MRT_3", "masterplan_distance_m": 451.6, "cascade_corridor_id": "MRT-CASCADE-04", "cascade_distance_m": 625.7, "price_label": "ESTIMATED MARKET RANGE", "note": "Sewa bulanan kisaran publik, bukan asking unit tertentu", "cell_id": "106.840:-6.180", "outlier_flag": 0, "price_class": "MAHAL", "local_price_index": 1.462}, "geometry": {"type": "Point", "coordinates": [106.8435, -6.17326]}}, {"type": "Feature", "id": "P-766b6690c033", "properties": {"property_id": "P-766b6690c033", "source": "indeks publik 2026", "source_url": "https://www.99.co/id/jual/apartemen/jakarta-selatan/mampang-prapatan", "source_type": "PUBLIC_INDEX", "category": "APARTEMEN/KOS", "sub_category": "apartemen", "title": "Apartemen/kos Gunung Sahari", "property_name": "Apartemen/kos Gunung Sahari", "latitude": -6.15, "longitude": 106.8392, "address": "Sawah Besar, Jakarta Pusat", "district": "Sawah Besar", "city": "Jakarta Pusat", "price": 1837000000.0, "price_min": 1469600000, "price_max": 2755500000, "price_unit": "total", "area_land_m2": null, "area_building_m2": 50.0, "price_per_m2": 36740000, "listing_type": "sale", "sale_or_rent": "jual", "bedroom": null, "bathroom": null, "floor": null, "property_status": "index", "date_listed": "2026-06", "date_updated": "2026-09-13", "data_timestamp": "2026-09-13", "confidence_score": "MEDIUM", "geometry_source": "NEIGHBORHOOD_CENTROID", "corridor_id": "tj-k14", "corridor_type": "existing", "distance_to_corridor": 85.0, "distance_to_station": 466.9, "nearest_station": "Rajawali", "existing_corridor_id": "tj-k14", "existing_distance_m": 85.0, "masterplan_corridor_id": "LRT_JKT_3A", "masterplan_distance_m": 591.4, "cascade_corridor_id": "MRT-CASCADE-04", "cascade_distance_m": 1544.3, "price_label": "ESTIMATED MARKET RANGE", "note": "99.co — Sawah Besar apt rata-rata Rp750 jt", "cell_id": "106.840:-6.160", "outlier_flag": 0, "price_class": "MAHAL", "local_price_index": 2.296}, "geometry": {"type": "Point", "coordinates": [106.8392, -6.15]}}, {"type": "Feature", "id": "P-610b0900fc7b", "properties": {"property_id": "P-610b0900fc7b", "source": "indeks publik 2026", "source_url": "https://www.99.co/id/jual/apartemen/jakarta-selatan/mampang-prapatan", "source_type": "PUBLIC_INDEX", "category": "RUKO", "sub_category": "ruko", "title": "Ruko Gunung Sahari", "property_name": "Ruko Gunung Sahari", "latitude": -6.1492, "longitude": 106.8369, "address": "Sawah Besar, Jakarta Pusat", "district": "Sawah Besar", "city": "Jakarta Pusat", "price": 3800000000, "price_min": 2660000000.0, "price_max": 5320000000.0, "price_unit": "total", "area_land_m2": null, "area_building_m2": 120.0, "price_per_m2": 31666666.666666668, "listing_type": "sale", "sale_or_rent": "jual", "bedroom": null, "bathroom": null, "floor": null, "property_status": "index", "date_listed": "2026-06", "date_updated": "2026-09-13", "data_timestamp": "2026-09-13", "confidence_score": "MEDIUM", "geometry_source": "NEIGHBORHOOD_CENTROID", "corridor_id": "krl-network", "corridor_type": "existing", "distance_to_corridor": 138.8, "distance_to_station": 322.7, "nearest_station": "Rajawali", "existing_corridor_id": "krl-network", "existing_distance_m": 138.8, "masterplan_corridor_id": "LRT_JKT_3A", "masterplan_distance_m": 414.0, "cascade_corridor_id": "MRT-CASCADE-04", "cascade_distance_m": 1641.3, "price_label": "ESTIMATED MARKET RANGE", "note": "99.co — Sawah Besar apt rata-rata Rp750 jt", "cell_id": "106.840:-6.140", "outlier_flag": 0, "price_class": "MAHAL", "local_price_index": 1.979}, "geometry": {"type": "Point", "coordinates": [106.8369, -6.1492]}}, {"type": "Feature", "id": "P-0b6df6bd4e25", "properties": {"property_id": "P-0b6df6bd4e25", "source": "indeks publik 2026", "source_url": "https://www.99.co/id/jual/apartemen/jakarta-selatan/mampang-prapatan", "source_type": "PUBLIC_INDEX", "category": "TANAH", "sub_category": "tanah kosong", "title": "Tanah Gunung Sahari", "property_name": "Tanah Gunung Sahari", "latitude": -6.151, "longitude": 106.8384, "address": "Sawah Besar, Jakarta Pusat", "district": "Sawah Besar", "city": "Jakarta Pusat", "price": 4400000000.0, "price_min": 2640000000, "price_max": 8800000000, "price_unit": "total", "area_land_m2": 200.0, "area_building_m2": null, "price_per_m2": 22000000, "listing_type": "sale", "sale_or_rent": "jual", "bedroom": null, "bathroom": null, "floor": null, "property_status": "index", "date_listed": "2026-06", "date_updated": "2026-09-13", "data_timestamp": "2026-09-13", "confidence_score": "MEDIUM", "geometry_source": "NEIGHBORHOOD_CENTROID", "corridor_id": "krl-network", "corridor_type": "existing", "distance_to_corridor": 140.6, "distance_to_station": 538.4, "nearest_station": "Rajawali", "existing_corridor_id": "krl-network", "existing_distance_m": 140.6, "masterplan_corridor_id": "LRT_JKT_3A", "masterplan_distance_m": 651.3, "cascade_corridor_id": "MRT-CASCADE-04", "cascade_distance_m": 1431.4, "price_label": "ESTIMATED MARKET RANGE", "note": "99.co — Sawah Besar apt rata-rata Rp750 jt", "cell_id": "106.840:-6.160", "outlier_flag": 0, "price_class": "MAHAL", "local_price_index": 1.375}, "geometry": {"type": "Point", "coordinates": [106.8384, -6.151]}}, {"type": "Feature", "id": "P-be194146525b", "properties": {"property_id": "P-be194146525b", "source": "indeks publik 2026", "source_url": "https://www.99.co/id/jual/apartemen/jakarta-selatan/mampang-prapatan", "source_type": "PUBLIC_INDEX", "category": "APARTEMEN/KOS", "sub_category": "kos", "title": "Kos Gunung Sahari", "property_name": "Kos Gunung Sahari", "latitude": -6.1505, "longitude": 106.8374, "address": "Sawah Besar, Jakarta Pusat", "district": "Sawah Besar", "city": "Jakarta Pusat", "price": 2000000, "price_min": null, "price_max": null, "price_unit": "bulan", "area_land_m2": null, "area_building_m2": null, "price_per_m2": null, "listing_type": "rent", "sale_or_rent": "sewa", "bedroom": null, "bathroom": null, "floor": null, "property_status": "index", "date_listed": "2026-06", "date_updated": "2026-09-13", "data_timestamp": "2026-09-13", "confidence_score": "MEDIUM", "geometry_source": "NEIGHBORHOOD_CENTROID", "corridor_id": "krl-network", "corridor_type": "existing", "distance_to_corridor": 243.6, "distance_to_station": 466.4, "nearest_station": "Rajawali", "existing_corridor_id": "krl-network", "existing_distance_m": 243.6, "masterplan_corridor_id": "LRT_JKT_3A", "masterplan_distance_m": 566.3, "cascade_corridor_id": "MRT-CASCADE-04", "cascade_distance_m": 1492.1, "price_label": "ESTIMATED MARKET RANGE", "note": "Sewa bulanan kisaran publik, bukan asking unit tertentu", "cell_id": "106.840:-6.160", "outlier_flag": 0, "price_class": "MAHAL", "local_price_index": 1.538}, "geometry": {"type": "Point", "coordinates": [106.8374, -6.1505]}}, {"type": "Feature", "id": "P-5f1acc155d4a", "properties": {"property_id": "P-5f1acc155d4a", "source": "indeks publik 2026", "source_url": "https://bambooroutes.com/blogs/news/jakarta-housing-prices", "source_type": "PUBLIC_INDEX", "category": "APARTEMEN/KOS", "sub_category": "apartemen", "title": "Apartemen/kos Ancol", "property_name": "Apartemen/kos Ancol", "latitude": -6.12786, "longitude": 106.84766, "address": "Pademangan, Jakarta Utara", "district": "Pademangan", "city": "Jakarta Utara", "price": 1356000000.0, "price_min": 1084800000, "price_max": 2034000000, "price_unit": "total", "area_land_m2": null, "area_building_m2": 50.0, "price_per_m2": 27120000, "listing_type": "sale", "sale_or_rent": "jual", "bedroom": null, "bathroom": null, "floor": null, "property_status": "index", "date_listed": "2026-06", "date_updated": "2026-09-13", "data_timestamp": "2026-09-13", "confidence_score": "MEDIUM", "geometry_source": "NEIGHBORHOOD_CENTROID", "corridor_id": "krl-network", "corridor_type": "existing", "distance_to_corridor": 133.1, "distance_to_station": 133.1, "nearest_station": "Ancol", "existing_corridor_id": "krl-network", "existing_distance_m": 133.1, "masterplan_corridor_id": "LRT_JKT_3A", "masterplan_distance_m": 553.5, "cascade_corridor_id": "MRT-CASCADE-04", "cascade_distance_m": 133.1, "price_label": "ESTIMATED MARKET RANGE", "note": "Colliers Jun 2026 — Jakut apt ~Rp27,12 jt/m²", "cell_id": "106.840:-6.120", "outlier_flag": 0, "price_class": "MAHAL", "local_price_index": 1.695}, "geometry": {"type": "Point", "coordinates": [106.84766, -6.12786]}}, {"type": "Feature", "id": "P-095783855e17", "properties": {"property_id": "P-095783855e17", "source": "indeks publik 2026", "source_url": "https://bambooroutes.com/blogs/news/jakarta-housing-prices", "source_type": "PUBLIC_INDEX", "category": "RUKO", "sub_category": "ruko", "title": "Ruko Ancol", "property_name": "Ruko Ancol", "latitude": -6.12706, "longitude": 106.84536, "address": "Pademangan, Jakarta Utara", "district": "Pademangan", "city": "Jakarta Utara", "price": 3200000000, "price_min": 2240000000.0, "price_max": 4480000000.0, "price_unit": "total", "area_land_m2": null, "area_building_m2": 120.0, "price_per_m2": 26666666.666666668, "listing_type": "sale", "sale_or_rent": "jual", "bedroom": null, "bathroom": null, "floor": null, "property_status": "index", "date_listed": "2026-06", "date_updated": "2026-09-13", "data_timestamp": "2026-09-13", "confidence_score": "MEDIUM", "geometry_source": "NEIGHBORHOOD_CENTROID", "corridor_id": "krl-network", "corridor_type": "existing", "distance_to_corridor": 150.0, "distance_to_station": 150.0, "nearest_station": "Ancol", "existing_corridor_id": "krl-network", "existing_distance_m": 150.0, "masterplan_corridor_id": "LRT_JKT_3A", "masterplan_distance_m": 498.2, "cascade_corridor_id": "MRT-CASCADE-04", "cascade_distance_m": 150.0, "price_label": "ESTIMATED MARKET RANGE", "note": "Colliers Jun 2026 — Jakut apt ~Rp27,12 jt/m²", "cell_id": "106.840:-6.120", "outlier_flag": 0, "price_class": "MAHAL", "local_price_index": 1.667}, "geometry": {"type": "Point", "coordinates": [106.84536, -6.12706]}}, {"type": "Feature", "id": "P-48f889f52b5d", "properties": {"property_id": "P-48f889f52b5d", "source": "indeks publik 2026", "source_url": "https://bambooroutes.com/blogs/news/jakarta-housing-prices", "source_type": "PUBLIC_INDEX", "category": "TANAH", "sub_category": "tanah kosong", "title": "Tanah Ancol", "property_name": "Tanah Ancol", "latitude": -6.12886, "longitude": 106.84686, "address": "Pademangan, Jakarta Utara", "district": "Pademangan", "city": "Jakarta Utara", "price": 3600000000.0, "price_min": 2160000000, "price_max": 7200000000, "price_unit": "total", "area_land_m2": 200.0, "area_building_m2": null, "price_per_m2": 18000000, "listing_type": "sale", "sale_or_rent": "jual", "bedroom": null, "bathroom": null, "floor": null, "property_status": "index", "date_listed": "2026-06", "date_updated": "2026-09-13", "data_timestamp": "2026-09-13", "confidence_score": "MEDIUM", "geometry_source": "NEIGHBORHOOD_CENTROID", "corridor_id": "krl-network", "corridor_type": "existing", "distance_to_corridor": 120.3, "distance_to_station": 120.3, "nearest_station": "Ancol", "existing_corridor_id": "krl-network", "existing_distance_m": 120.3, "masterplan_corridor_id": "LRT_JKT_3A", "masterplan_distance_m": 661.3, "cascade_corridor_id": "MRT-CASCADE-04", "cascade_distance_m": 120.3, "price_label": "ESTIMATED MARKET RANGE", "note": "Colliers Jun 2026 — Jakut apt ~Rp27,12 jt/m²", "cell_id": "106.840:-6.120", "outlier_flag": 0, "price_class": "SEDANG", "local_price_index": 1.125}, "geometry": {"type": "Point", "coordinates": [106.84686, -6.12886]}}, {"type": "Feature", "id": "P-001f447ce2c7", "properties": {"property_id": "P-001f447ce2c7", "source": "indeks publik 2026", "source_url": "https://bambooroutes.com/blogs/news/jakarta-housing-prices", "source_type": "PUBLIC_INDEX", "category": "APARTEMEN/KOS", "sub_category": "kos", "title": "Kos Ancol", "property_name": "Kos Ancol", "latitude": -6.12836, "longitude": 106.84586, "address": "Pademangan, Jakarta Utara", "district": "Pademangan", "city": "Jakarta Utara", "price": 1800000, "price_min": null, "price_max": null, "price_unit": "bulan", "area_land_m2": null, "area_building_m2": null, "price_per_m2": null, "listing_type": "rent", "sale_or_rent": "sewa", "bedroom": null, "bathroom": null, "floor": null, "property_status": "index", "date_listed": "2026-06", "date_updated": "2026-09-13", "data_timestamp": "2026-09-13", "confidence_score": "MEDIUM", "geometry_source": "NEIGHBORHOOD_CENTROID", "corridor_id": "krl-network", "corridor_type": "existing", "distance_to_corridor": 86.6, "distance_to_station": 86.6, "nearest_station": "Ancol", "existing_corridor_id": "krl-network", "existing_distance_m": 86.6, "masterplan_corridor_id": "LRT_JKT_3A", "masterplan_distance_m": 620.0, "cascade_corridor_id": "MRT-CASCADE-04", "cascade_distance_m": 86.6, "price_label": "ESTIMATED MARKET RANGE", "note": "Sewa bulanan kisaran publik, bukan asking unit tertentu", "cell_id": "106.840:-6.120", "outlier_flag": 0, "price_class": "MAHAL", "local_price_index": 1.385}, "geometry": {"type": "Point", "coordinates": [106.84586, -6.12836]}}, {"type": "Feature", "id": "P-182152364082", "properties": {"property_id": "P-182152364082", "source": "indeks publik 2026", "source_url": "https://rumatemu.com/blog/harga-rumah-jakarta-2026-2/", "source_type": "PUBLIC_INDEX", "category": "APARTEMEN/KOS", "sub_category": "apartemen", "title": "Apartemen/kos Cinere", "property_name": "Apartemen/kos Cinere", "latitude": -6.3325, "longitude": 106.7862, "address": "Cinere, Depok", "district": "Cinere", "city": "Depok", "price": 600000000.0, "price_min": 480000000, "price_max": 900000000, "price_unit": "total", "area_land_m2": null, "area_building_m2": 50.0, "price_per_m2": 12000000, "listing_type": "sale", "sale_or_rent": "jual", "bedroom": null, "bathroom": null, "floor": null, "property_status": "index", "date_listed": "2026-06", "date_updated": "2026-09-13", "data_timestamp": "2026-09-13", "confidence_score": "MEDIUM", "geometry_source": "NEIGHBORHOOD_CENTROID", "corridor_id": "MRT-CASCADE-02", "corridor_type": "cascade", "distance_to_corridor": 4084.9, "distance_to_station": 4089.7, "nearest_station": "Pamulang", "existing_corridor_id": "mrt-NS", "existing_distance_m": 4498.8, "masterplan_corridor_id": "MRT_4", "masterplan_distance_m": 4504.5, "cascade_corridor_id": "MRT-CASCADE-02", "cascade_distance_m": 4084.9, "price_label": "ESTIMATED MARKET RANGE", "note": "Rumatemu 2026 — Depok Rp4–10 jt/m²", "cell_id": "106.780:-6.340", "outlier_flag": 0, "price_class": "SEDANG", "local_price_index": 0.75}, "geometry": {"type": "Point", "coordinates": [106.7862, -6.3325]}}, {"type": "Feature", "id": "P-432278f0aae9", "properties": {"property_id": "P-432278f0aae9", "source": "indeks publik 2026", "source_url": "https://rumatemu.com/blog/harga-rumah-jakarta-2026-2/", "source_type": "PUBLIC_INDEX", "category": "RUKO", "sub_category": "ruko", "title": "Ruko Cinere", "property_name": "Ruko Cinere", "latitude": -6.3317, "longitude": 106.7839, "address": "Cinere, Depok", "district": "Cinere", "city": "Depok", "price": 1600000000, "price_min": 1120000000.0, "price_max": 2240000000.0, "price_unit": "total", "area_land_m2": null, "area_building_m2": 120.0, "price_per_m2": 13333333.333333334, "listing_type": "sale", "sale_or_rent": "jual", "bedroom": null, "bathroom": null, "floor": null, "property_status": "index", "date_listed": "2026-06", "date_updated": "2026-09-13", "data_timestamp": "2026-09-13", "confidence_score": "MEDIUM", "geometry_source": "NEIGHBORHOOD_CENTROID", "corridor_id": "MRT-CASCADE-02", "corridor_type": "cascade", "distance_to_corridor": 3838.3, "distance_to_station": 3842.3, "nearest_station": "Pamulang", "existing_corridor_id": "mrt-NS", "existing_distance_m": 4409.1, "masterplan_corridor_id": "MRT_4", "masterplan_distance_m": 4463.5, "cascade_corridor_id": "MRT-CASCADE-02", "cascade_distance_m": 3838.3, "price_label": "ESTIMATED MARKET RANGE", "note": "Rumatemu 2026 — Depok Rp4–10 jt/m²", "cell_id": "106.780:-6.340", "outlier_flag": 0, "price_class": "SEDANG", "local_price_index": 0.833}, "geometry": {"type": "Point", "coordinates": [106.7839, -6.3317]}}, {"type": "Feature", "id": "P-a9e61014b5e7", "properties": {"property_id": "P-a9e61014b5e7", "source": "indeks publik 2026", "source_url": "https://rumatemu.com/blog/harga-rumah-jakarta-2026-2/", "source_type": "PUBLIC_INDEX", "category": "TANAH", "sub_category": "tanah kosong", "title": "Tanah Cinere", "property_name": "Tanah Cinere", "latitude": -6.3335, "longitude": 106.7854, "address": "Cinere, Depok", "district": "Cinere", "city": "Depok", "price": 1600000000.0, "price_min": 960000000, "price_max": 3200000000, "price_unit": "total", "area_land_m2": 200.0, "area_building_m2": null, "price_per_m2": 8000000, "listing_type": "sale", "sale_or_rent": "jual", "bedroom": null, "bathroom": null, "floor": null, "property_status": "index", "date_listed": "2026-06", "date_updated": "2026-09-13", "data_timestamp": "2026-09-13", "confidence_score": "MEDIUM", "geometry_source": "NEIGHBORHOOD_CENTROID", "corridor_id": "MRT-CASCADE-02", "corridor_type": "cascade", "distance_to_corridor": 3991.0, "distance_to_station": 3996.5, "nearest_station": "Pamulang", "existing_corridor_id": "mrt-NS", "existing_distance_m": 4608.1, "masterplan_corridor_id": "MRT_4", "masterplan_distance_m": 4628.5, "cascade_corridor_id": "MRT-CASCADE-02", "cascade_distance_m": 3991.0, "price_label": "ESTIMATED MARKET RANGE", "note": "Rumatemu 2026 — Depok Rp4–10 jt/m²", "cell_id": "106.780:-6.340", "outlier_flag": 0, "price_class": "MURAH", "local_price_index": 0.5}, "geometry": {"type": "Point", "coordinates": [106.7854, -6.3335]}}, {"type": "Feature", "id": "P-0bd017c8a6a9", "properties": {"property_id": "P-0bd017c8a6a9", "source": "indeks publik 2026", "source_url": "https://rumatemu.com/blog/harga-rumah-jakarta-2026-2/", "source_type": "PUBLIC_INDEX", "category": "APARTEMEN/KOS", "sub_category": "kos", "title": "Kos Cinere", "property_name": "Kos Cinere", "latitude": -6.333, "longitude": 106.7844, "address": "Cinere, Depok", "district": "Cinere", "city": "Depok", "price": 1200000, "price_min": null, "price_max": null, "price_unit": "bulan", "area_land_m2": null, "area_building_m2": null, "price_per_m2": null, "listing_type": "rent", "sale_or_rent": "sewa", "bedroom": null, "bathroom": null, "floor": null, "property_status": "index", "date_listed": "2026-06", "date_updated": "2026-09-13", "data_timestamp": "2026-09-13", "confidence_score": "MEDIUM", "geometry_source": "NEIGHBORHOOD_CENTROID", "corridor_id": "MRT-CASCADE-02", "corridor_type": "cascade", "distance_to_corridor": 3883.1, "distance_to_station": 3888.1, "nearest_station": "Pamulang", "existing_corridor_id": "mrt-NS", "existing_distance_m": 4552.6, "masterplan_corridor_id": "MRT_4", "masterplan_distance_m": 4593.9, "cascade_corridor_id": "MRT-CASCADE-02", "cascade_distance_m": 3883.1, "price_label": "ESTIMATED MARKET RANGE", "note": "Sewa bulanan kisaran publik, bukan asking unit tertentu", "cell_id": "106.780:-6.340", "outlier_flag": 0, "price_class": "MURAH", "local_price_index": 0.923}, "geometry": {"type": "Point", "coordinates": [106.7844, -6.333]}}, {"type": "Feature", "id": "P-e08a72dadf06", "properties": {"property_id": "P-e08a72dadf06", "source": "indeks publik 2026", "source_url": "https://rumatemu.com/blog/harga-rumah-jakarta-2026-2/", "source_type": "PUBLIC_INDEX", "category": "APARTEMEN/KOS", "sub_category": "apartemen", "title": "Apartemen/kos Tangerang Kota", "property_name": "Apartemen/kos Tangerang Kota", "latitude": -6.17681, "longitude": 106.63192, "address": "Tangerang, Tangerang", "district": "Tangerang", "city": "Tangerang", "price": 700000000.0, "price_min": 560000000, "price_max": 1050000000, "price_unit": "total", "area_land_m2": null, "area_building_m2": 50.0, "price_per_m2": 14000000, "listing_type": "sale", "sale_or_rent": "jual", "bedroom": null, "bathroom": null, "floor": null, "property_status": "index", "date_listed": "2026-06", "date_updated": "2026-09-13", "data_timestamp": "2026-09-13", "confidence_score": "MEDIUM", "geometry_source": "NEIGHBORHOOD_CENTROID", "corridor_id": "KRL-C03-N", "corridor_type": "cascade", "distance_to_corridor": 133.0, "distance_to_station": 132.9, "nearest_station": "Tangerang", "existing_corridor_id": "krl-network", "existing_distance_m": 162.5, "masterplan_corridor_id": "MRT_3", "masterplan_distance_m": 364.6, "cascade_corridor_id": "KRL-C03-N", "cascade_distance_m": 133.0, "price_label": "ESTIMATED MARKET RANGE", "note": "Rumatemu 2026 — Tangerang second ring", "cell_id": "106.640:-6.180", "outlier_flag": 0, "price_class": "SEDANG", "local_price_index": 0.875}, "geometry": {"type": "Point", "coordinates": [106.63192, -6.17681]}}, {"type": "Feature", "id": "P-efbbde5b5291", "properties": {"property_id": "P-efbbde5b5291", "source": "indeks publik 2026", "source_url": "https://rumatemu.com/blog/harga-rumah-jakarta-2026-2/", "source_type": "PUBLIC_INDEX", "category": "RUKO", "sub_category": "ruko", "title": "Ruko Tangerang Kota", "property_name": "Ruko Tangerang Kota", "latitude": -6.17601, "longitude": 106.62962, "address": "Tangerang, Tangerang", "district": "Tangerang", "city": "Tangerang", "price": 2000000000, "price_min": 1400000000.0, "price_max": 2800000000.0, "price_unit": "total", "area_land_m2": null, "area_building_m2": 120.0, "price_per_m2": 16666666.666666666, "listing_type": "sale", "sale_or_rent": "jual", "bedroom": null, "bathroom": null, "floor": null, "property_status": "index", "date_listed": "2026-06", "date_updated": "2026-09-13", "data_timestamp": "2026-09-13", "confidence_score": "MEDIUM", "geometry_source": "NEIGHBORHOOD_CENTROID", "corridor_id": "krl-network", "corridor_type": "existing", "distance_to_corridor": 127.3, "distance_to_station": 150.7, "nearest_station": "Tangerang", "existing_corridor_id": "krl-network", "existing_distance_m": 127.3, "masterplan_corridor_id": "MRT_3", "masterplan_distance_m": 371.6, "cascade_corridor_id": "KRL-C03-N", "cascade_distance_m": 150.7, "price_label": "ESTIMATED MARKET RANGE", "note": "Rumatemu 2026 — Tangerang second ring", "cell_id": "106.620:-6.180", "outlier_flag": 0, "price_class": "SEDANG", "local_price_index": 1.042}, "geometry": {"type": "Point", "coordinates": [106.62962, -6.17601]}}, {"type": "Feature", "id": "P-091d5b7ad8a4", "properties": {"property_id": "P-091d5b7ad8a4", "source": "indeks publik 2026", "source_url": "https://rumatemu.com/blog/harga-rumah-jakarta-2026-2/", "source_type": "PUBLIC_INDEX", "category": "TANAH", "sub_category": "tanah kosong", "title": "Tanah Tangerang Kota", "property_name": "Tanah Tangerang Kota", "latitude": -6.17781, "longitude": 106.63112, "address": "Tangerang, Tangerang", "district": "Tangerang", "city": "Tangerang", "price": 1800000000.0, "price_min": 1080000000, "price_max": 3600000000, "price_unit": "total", "area_land_m2": 200.0, "area_building_m2": null, "price_per_m2": 9000000, "listing_type": "sale", "sale_or_rent": "jual", "bedroom": null, "bathroom": null, "floor": null, "property_status": "index", "date_listed": "2026-06", "date_updated": "2026-09-13", "data_timestamp": "2026-09-13", "confidence_score": "MEDIUM", "geometry_source": "NEIGHBORHOOD_CENTROID", "corridor_id": "KRL-C03-N", "corridor_type": "cascade", "distance_to_corridor": 119.4, "distance_to_station": 119.4, "nearest_station": "Tangerang", "existing_corridor_id": "krl-network", "existing_distance_m": 134.2, "masterplan_corridor_id": "MRT_3", "masterplan_distance_m": 222.5, "cascade_corridor_id": "KRL-C03-N", "cascade_distance_m": 119.4, "price_label": "ESTIMATED MARKET RANGE", "note": "Rumatemu 2026 — Tangerang second ring", "cell_id": "106.640:-6.180", "outlier_flag": 0, "price_class": "MURAH", "local_price_index": 0.562}, "geometry": {"type": "Point", "coordinates": [106.63112, -6.17781]}}, {"type": "Feature", "id": "P-bb33bf625b5c", "properties": {"property_id": "P-bb33bf625b5c", "source": "indeks publik 2026", "source_url": "https://rumatemu.com/blog/harga-rumah-jakarta-2026-2/", "source_type": "PUBLIC_INDEX", "category": "APARTEMEN/KOS", "sub_category": "kos", "title": "Kos Tangerang Kota", "property_name": "Kos Tangerang Kota", "latitude": -6.17731, "longitude": 106.63012, "address": "Tangerang, Tangerang", "district": "Tangerang", "city": "Tangerang", "price": 1200000, "price_min": null, "price_max": null, "price_unit": "bulan", "area_land_m2": null, "area_building_m2": null, "price_per_m2": null, "listing_type": "rent", "sale_or_rent": "sewa", "bedroom": null, "bathroom": null, "floor": null, "property_status": "index", "date_listed": "2026-06", "date_updated": "2026-09-13", "data_timestamp": "2026-09-13", "confidence_score": "MEDIUM", "geometry_source": "NEIGHBORHOOD_CENTROID", "corridor_id": "krl-network", "corridor_type": "existing", "distance_to_corridor": 67.1, "distance_to_station": 86.0, "nearest_station": "Tangerang", "existing_corridor_id": "krl-network", "existing_distance_m": 67.1, "masterplan_corridor_id": "MRT_3", "masterplan_distance_m": 228.6, "cascade_corridor_id": "KRL-C03-N", "cascade_distance_m": 86.0, "price_label": "ESTIMATED MARKET RANGE", "note": "Sewa bulanan kisaran publik, bukan asking unit tertentu", "cell_id": "106.640:-6.180", "outlier_flag": 0, "price_class": "MURAH", "local_price_index": 0.923}, "geometry": {"type": "Point", "coordinates": [106.63012, -6.17731]}}, {"type": "Feature", "id": "P-f3aa300f2e32", "properties": {"property_id": "P-f3aa300f2e32", "source": "indeks publik 2026", "source_url": "https://rumatemu.com/blog/harga-rumah-jakarta-2026-2/", "source_type": "PUBLIC_INDEX", "category": "APARTEMEN/KOS", "sub_category": "apartemen", "title": "Apartemen/kos Cibubur", "property_name": "Apartemen/kos Cibubur", "latitude": -6.351, "longitude": 106.8742, "address": "Ciracas, Jakarta Timur", "district": "Ciracas", "city": "Jakarta Timur", "price": 1000000000.0, "price_min": 800000000, "price_max": 1500000000, "price_unit": "total", "area_land_m2": null, "area_building_m2": 50.0, "price_per_m2": 20000000, "listing_type": "sale", "sale_or_rent": "jual", "bedroom": null, "bathroom": null, "floor": null, "property_status": "index", "date_listed": "2026-06", "date_updated": "2026-09-13", "data_timestamp": "2026-09-13", "confidence_score": "MEDIUM", "geometry_source": "NEIGHBORHOOD_CENTROID", "corridor_id": "LRT_09", "corridor_type": "masterplan", "distance_to_corridor": 831.6, "distance_to_station": 884.6, "nearest_station": "KM 10", "existing_corridor_id": "lrt-network", "existing_distance_m": 1830.5, "masterplan_corridor_id": "LRT_09", "masterplan_distance_m": 831.6, "cascade_corridor_id": "CASTJ07-EXT", "cascade_distance_m": 964.0, "price_label": "ESTIMATED MARKET RANGE", "note": "Rumatemu 2026 — Cipayung/Ciracas tanah Rp7–12 jt/m²", "cell_id": "106.880:-6.360", "outlier_flag": 0, "price_class": "MAHAL", "local_price_index": 1.25}, "geometry": {"type": "Point", "coordinates": [106.8742, -6.351]}}, {"type": "Feature", "id": "P-f221fb70fdc0", "properties": {"property_id": "P-f221fb70fdc0", "source": "indeks publik 2026", "source_url": "https://rumatemu.com/blog/harga-rumah-jakarta-2026-2/", "source_type": "PUBLIC_INDEX", "category": "RUKO", "sub_category": "ruko", "title": "Ruko Cibubur", "property_name": "Ruko Cibubur", "latitude": -6.3502, "longitude": 106.8719, "address": "Ciracas, Jakarta Timur", "district": "Ciracas", "city": "Jakarta Timur", "price": 2200000000, "price_min": 1540000000.0, "price_max": 3080000000.0, "price_unit": "total", "area_land_m2": null, "area_building_m2": 120.0, "price_per_m2": 18333333.333333332, "listing_type": "sale", "sale_or_rent": "jual", "bedroom": null, "bathroom": null, "floor": null, "property_status": "index", "date_listed": "2026-06", "date_updated": "2026-09-13", "data_timestamp": "2026-09-13", "confidence_score": "MEDIUM", "geometry_source": "NEIGHBORHOOD_CENTROID", "corridor_id": "CASTJ07-EXT", "corridor_type": "cascade", "distance_to_corridor": 703.5, "distance_to_station": 616.5, "nearest_station": "KM 10", "existing_corridor_id": "lrt-network", "existing_distance_m": 2078.8, "masterplan_corridor_id": "LRT_09", "masterplan_distance_m": 791.1, "cascade_corridor_id": "CASTJ07-EXT", "cascade_distance_m": 703.5, "price_label": "ESTIMATED MARKET RANGE", "note": "Rumatemu 2026 — Cipayung/Ciracas tanah Rp7–12 jt/m²", "cell_id": "106.880:-6.360", "outlier_flag": 0, "price_class": "SEDANG", "local_price_index": 1.146}, "geometry": {"type": "Point", "coordinates": [106.8719, -6.3502]}}, {"type": "Feature", "id": "P-0c0650e940e7", "properties": {"property_id": "P-0c0650e940e7", "source": "indeks publik 2026", "source_url": "https://rumatemu.com/blog/harga-rumah-jakarta-2026-2/", "source_type": "PUBLIC_INDEX", "category": "TANAH", "sub_category": "tanah kosong", "title": "Tanah Cibubur", "property_name": "Tanah Cibubur", "latitude": -6.352, "longitude": 106.8734, "address": "Ciracas, Jakarta Timur", "district": "Ciracas", "city": "Jakarta Timur", "price": 2000000000.0, "price_min": 1200000000, "price_max": 4000000000, "price_unit": "total", "area_land_m2": 200.0, "area_building_m2": null, "price_per_m2": 10000000, "listing_type": "sale", "sale_or_rent": "jual", "bedroom": null, "bathroom": null, "floor": null, "property_status": "index", "date_listed": "2026-06", "date_updated": "2026-09-13", "data_timestamp": "2026-09-13", "confidence_score": "MEDIUM", "geometry_source": "NEIGHBORHOOD_CENTROID", "corridor_id": "LRT_09", "corridor_type": "masterplan", "distance_to_corridor": 689.5, "distance_to_station": 859.7, "nearest_station": "KM 10", "existing_corridor_id": "lrt-network", "existing_distance_m": 1931.2, "masterplan_corridor_id": "LRT_09", "masterplan_distance_m": 689.5, "cascade_corridor_id": "CASTJ07-EXT", "cascade_distance_m": 897.5, "price_label": "ESTIMATED MARKET RANGE", "note": "Rumatemu 2026 — Cipayung/Ciracas tanah Rp7–12 jt/m²", "cell_id": "106.880:-6.360", "outlier_flag": 0, "price_class": "MURAH", "local_price_index": 0.625}, "geometry": {"type": "Point", "coordinates": [106.8734, -6.352]}}, {"type": "Feature", "id": "P-2539e8f28d73", "properties": {"property_id": "P-2539e8f28d73", "source": "indeks publik 2026", "source_url": "https://rumatemu.com/blog/harga-rumah-jakarta-2026-2/", "source_type": "PUBLIC_INDEX", "category": "APARTEMEN/KOS", "sub_category": "kos", "title": "Kos Cibubur", "property_name": "Kos Cibubur", "latitude": -6.3515, "longitude": 106.8724, "address": "Ciracas, Jakarta Timur", "district": "Ciracas", "city": "Jakarta Timur", "price": 1400000, "price_min": null, "price_max": null, "price_unit": "bulan", "area_land_m2": null, "area_building_m2": null, "price_per_m2": null, "listing_type": "rent", "sale_or_rent": "sewa", "bedroom": null, "bathroom": null, "floor": null, "property_status": "index", "date_listed": "2026-06", "date_updated": "2026-09-13", "data_timestamp": "2026-09-13", "confidence_score": "MEDIUM", "geometry_source": "NEIGHBORHOOD_CENTROID", "corridor_id": "LRT_09", "corridor_type": "masterplan", "distance_to_corridor": 678.4, "distance_to_station": 736.9, "nearest_station": "KM 10", "existing_corridor_id": "lrt-network", "existing_distance_m": 2034.0, "masterplan_corridor_id": "LRT_09", "masterplan_distance_m": 678.4, "cascade_corridor_id": "CASTJ07-EXT", "cascade_distance_m": 777.0, "price_label": "ESTIMATED MARKET RANGE", "note": "Sewa bulanan kisaran publik, bukan asking unit tertentu", "cell_id": "106.880:-6.360", "outlier_flag": 0, "price_class": "SEDANG", "local_price_index": 1.077}, "geometry": {"type": "Point", "coordinates": [106.8724, -6.3515]}}, {"type": "Feature", "id": "P-b061355b45a6", "properties": {"property_id": "P-b061355b45a6", "source": "indeks publik 2026", "source_url": "https://bambooroutes.com/blogs/news/jakarta-housing-prices", "source_type": "PUBLIC_INDEX", "category": "APARTEMEN/KOS", "sub_category": "apartemen", "title": "Apartemen/kos Dukuh Atas", "property_name": "Apartemen/kos Dukuh Atas", "latitude": -6.203, "longitude": 106.8242, "address": "Setiabudi, Jakarta Selatan", "district": "Setiabudi", "city": "Jakarta Selatan", "price": 2672000000.0, "price_min": 2137600000, "price_max": 4008000000, "price_unit": "total", "area_land_m2": null, "area_building_m2": 50.0, "price_per_m2": 53440000, "listing_type": "sale", "sale_or_rent": "jual", "bedroom": null, "bathroom": null, "floor": null, "property_status": "index", "date_listed": "2026-06", "date_updated": "2026-09-13", "data_timestamp": "2026-09-13", "confidence_score": "MEDIUM", "geometry_source": "NEIGHBORHOOD_CENTROID", "corridor_id": "krl-network", "corridor_type": "existing", "distance_to_corridor": 43.1, "distance_to_station": 46.7, "nearest_station": "Sudirman", "existing_corridor_id": "krl-network", "existing_distance_m": 43.1, "masterplan_corridor_id": "LRT_JKT_1C", "masterplan_distance_m": 249.1, "cascade_corridor_id": "CASTJ19", "cascade_distance_m": 93.4, "price_label": "ESTIMATED MARKET RANGE", "note": "Colliers — CBD apt ~Rp53,44 jt/m²", "cell_id": "106.820:-6.200", "outlier_flag": 0, "price_class": "MURAH", "local_price_index": 0.972}, "geometry": {"type": "Point", "coordinates": [106.8242, -6.203]}}, {"type": "Feature", "id": "P-ca29c2952f0e", "properties": {"property_id": "P-ca29c2952f0e", "source": "indeks publik 2026", "source_url": "https://bambooroutes.com/blogs/news/jakarta-housing-prices", "source_type": "PUBLIC_INDEX", "category": "RUKO", "sub_category": "ruko", "title": "Ruko Dukuh Atas", "property_name": "Ruko Dukuh Atas", "latitude": -6.2022, "longitude": 106.8219, "address": "Setiabudi, Jakarta Selatan", "district": "Setiabudi", "city": "Jakarta Selatan", "price": 12000000000, "price_min": 8399999999.999999, "price_max": 16799999999.999998, "price_unit": "total", "area_land_m2": null, "area_building_m2": 120.0, "price_per_m2": 100000000.0, "listing_type": "sale", "sale_or_rent": "jual", "bedroom": null, "bathroom": null, "floor": null, "property_status": "index", "date_listed": "2026-06", "date_updated": "2026-09-13", "data_timestamp": "2026-09-13", "confidence_score": "MEDIUM", "geometry_source": "NEIGHBORHOOD_CENTROID", "corridor_id": "krl-network", "corridor_type": "existing", "distance_to_corridor": 86.3, "distance_to_station": 126.7, "nearest_station": "Dukuh Atas", "existing_corridor_id": "krl-network", "existing_distance_m": 86.3, "masterplan_corridor_id": "LRT_JKT_1C", "masterplan_distance_m": 495.4, "cascade_corridor_id": "LRT-CASCADE-NEW-01", "cascade_distance_m": 186.2, "price_label": "ESTIMATED MARKET RANGE", "note": "Colliers — CBD apt ~Rp53,44 jt/m²", "cell_id": "106.820:-6.200", "outlier_flag": 1, "price_class": "MAHAL", "local_price_index": 1.818}, "geometry": {"type": "Point", "coordinates": [106.8219, -6.2022]}}, {"type": "Feature", "id": "P-338e3a48fb0d", "properties": {"property_id": "P-338e3a48fb0d", "source": "indeks publik 2026", "source_url": "https://bambooroutes.com/blogs/news/jakarta-housing-prices", "source_type": "PUBLIC_INDEX", "category": "TANAH", "sub_category": "tanah kosong", "title": "Tanah Dukuh Atas", "property_name": "Tanah Dukuh Atas", "latitude": -6.204, "longitude": 106.8234, "address": "Setiabudi, Jakarta Selatan", "district": "Setiabudi", "city": "Jakarta Selatan", "price": 11000000000.0, "price_min": 6600000000, "price_max": 22000000000, "price_unit": "total", "area_land_m2": 200.0, "area_building_m2": null, "price_per_m2": 55000000, "listing_type": "sale", "sale_or_rent": "jual", "bedroom": null, "bathroom": null, "floor": null, "property_status": "index", "date_listed": "2026-06", "date_updated": "2026-09-13", "data_timestamp": "2026-09-13", "confidence_score": "MEDIUM", "geometry_source": "NEIGHBORHOOD_CENTROID", "corridor_id": "tj-k4", "corridor_type": "existing", "distance_to_corridor": 36.0, "distance_to_station": 44.4, "nearest_station": "Galunggung", "existing_corridor_id": "tj-k4", "existing_distance_m": 36.0, "masterplan_corridor_id": "LRT_JKT_1C", "masterplan_distance_m": 252.5, "cascade_corridor_id": "CASTJ19", "cascade_distance_m": 61.2, "price_label": "ESTIMATED MARKET RANGE", "note": "Colliers — CBD apt ~Rp53,44 jt/m²", "cell_id": "106.820:-6.200", "outlier_flag": 0, "price_class": "SEDANG", "local_price_index": 1.0}, "geometry": {"type": "Point", "coordinates": [106.8234, -6.204]}}, {"type": "Feature", "id": "P-0e0a82e18332", "properties": {"property_id": "P-0e0a82e18332", "source": "indeks publik 2026", "source_url": "https://bambooroutes.com/blogs/news/jakarta-housing-prices", "source_type": "PUBLIC_INDEX", "category": "APARTEMEN/KOS", "sub_category": "kos", "title": "Kos Dukuh Atas", "property_name": "Kos Dukuh Atas", "latitude": -6.2035, "longitude": 106.8224, "address": "Setiabudi, Jakarta Selatan", "district": "Setiabudi", "city": "Jakarta Selatan", "price": 3500000, "price_min": null, "price_max": null, "price_unit": "bulan", "area_land_m2": null, "area_building_m2": null, "price_per_m2": null, "listing_type": "rent", "sale_or_rent": "sewa", "bedroom": null, "bathroom": null, "floor": null, "property_status": "index", "date_listed": "2026-06", "date_updated": "2026-09-13", "data_timestamp": "2026-09-13", "confidence_score": "MEDIUM", "geometry_source": "NEIGHBORHOOD_CENTROID", "corridor_id": "mrt-NS", "corridor_type": "existing", "distance_to_corridor": 128.7, "distance_to_station": 62.1, "nearest_station": "Dukuh Atas", "existing_corridor_id": "mrt-NS", "existing_distance_m": 128.7, "masterplan_corridor_id": "LRT_JKT_1C", "masterplan_distance_m": 375.8, "cascade_corridor_id": "CASTJ19", "cascade_distance_m": 171.5, "price_label": "ESTIMATED MARKET RANGE", "note": "Sewa bulanan kisaran publik, bukan asking unit tertentu", "cell_id": "106.820:-6.200", "outlier_flag": 0, "price_class": "MAHAL", "local_price_index": 2.692}, "geometry": {"type": "Point", "coordinates": [106.8224, -6.2035]}}, {"type": "Feature", "id": "P-e0f1b8e5cdc0", "properties": {"property_id": "P-e0f1b8e5cdc0", "source": "indeks publik 2026", "source_url": "https://rumatemu.com/blog/harga-rumah-jakarta-2026-2/", "source_type": "PUBLIC_INDEX", "category": "APARTEMEN/KOS", "sub_category": "apartemen", "title": "Apartemen/kos Bundaran HI", "property_name": "Apartemen/kos Bundaran HI", "latitude": -6.193, "longitude": 106.8242, "address": "Menteng, Jakarta Pusat", "district": "Menteng", "city": "Jakarta Pusat", "price": 2672000000.0, "price_min": 2137600000, "price_max": 4008000000, "price_unit": "total", "area_land_m2": null, "area_building_m2": 50.0, "price_per_m2": 53440000, "listing_type": "sale", "sale_or_rent": "jual", "bedroom": null, "bathroom": null, "floor": null, "property_status": "index", "date_listed": "2026-06", "date_updated": "2026-09-13", "data_timestamp": "2026-09-13", "confidence_score": "MEDIUM", "geometry_source": "NEIGHBORHOOD_CENTROID", "corridor_id": "tj-k1", "corridor_type": "existing", "distance_to_corridor": 137.5, "distance_to_station": 133.0, "nearest_station": "Bundaran HI Astra", "existing_corridor_id": "tj-k1", "existing_distance_m": 137.5, "masterplan_corridor_id": "MRT_2A", "masterplan_distance_m": 179.5, "cascade_corridor_id": "LRT-CASCADE-NEW-01", "cascade_distance_m": 880.7, "price_label": "ESTIMATED MARKET RANGE", "note": "Rumatemu 2026 — Menteng tanah Rp40–60 jt/m²", "cell_id": "106.820:-6.200", "outlier_flag": 0, "price_class": "MURAH", "local_price_index": 0.972}, "geometry": {"type": "Point", "coordinates": [106.8242, -6.193]}}, {"type": "Feature", "id": "P-d22d7d5786ca", "properties": {"property_id": "P-d22d7d5786ca", "source": "indeks publik 2026", "source_url": "https://rumatemu.com/blog/harga-rumah-jakarta-2026-2/", "source_type": "PUBLIC_INDEX", "category": "RUKO", "sub_category": "ruko", "title": "Ruko Bundaran HI", "property_name": "Ruko Bundaran HI", "latitude": -6.1922, "longitude": 106.8219, "address": "Menteng, Jakarta Pusat", "district": "Menteng", "city": "Jakarta Pusat", "price": 15000000000, "price_min": 10500000000.0, "price_max": 21000000000.0, "price_unit": "total", "area_land_m2": null, "area_building_m2": 120.0, "price_per_m2": 125000000.0, "listing_type": "sale", "sale_or_rent": "jual", "bedroom": null, "bathroom": null, "floor": null, "property_status": "index", "date_listed": "2026-06", "date_updated": "2026-09-13", "data_timestamp": "2026-09-13", "confidence_score": "MEDIUM", "geometry_source": "NEIGHBORHOOD_CENTROID", "corridor_id": "MRT_2A", "corridor_type": "masterplan", "distance_to_corridor": 134.3, "distance_to_station": 134.3, "nearest_station": "Bundaran HI", "existing_corridor_id": "mrt-NS", "existing_distance_m": 181.4, "masterplan_corridor_id": "MRT_2A", "masterplan_distance_m": 134.3, "cascade_corridor_id": "CASTJ15", "cascade_distance_m": 806.2, "price_label": "ESTIMATED MARKET RANGE", "note": "Rumatemu 2026 — Menteng tanah Rp40–60 jt/m²", "cell_id": "106.820:-6.200", "outlier_flag": 1, "price_class": "MAHAL", "local_price_index": 2.273}, "geometry": {"type": "Point", "coordinates": [106.8219, -6.1922]}}, {"type": "Feature", "id": "P-c726dc2cf82a", "properties": {"property_id": "P-c726dc2cf82a", "source": "indeks publik 2026", "source_url": "https://rumatemu.com/blog/harga-rumah-jakarta-2026-2/", "source_type": "PUBLIC_INDEX", "category": "TANAH", "sub_category": "tanah kosong", "title": "Tanah Bundaran HI", "property_name": "Tanah Bundaran HI", "latitude": -6.194, "longitude": 106.8234, "address": "Menteng, Jakarta Pusat", "district": "Menteng", "city": "Jakarta Pusat", "price": 10000000000.0, "price_min": 6000000000, "price_max": 20000000000, "price_unit": "total", "area_land_m2": 200.0, "area_building_m2": null, "price_per_m2": 50000000, "listing_type": "sale", "sale_or_rent": "jual", "bedroom": null, "bathroom": null, "floor": null, "property_status": "index", "date_listed": "2026-06", "date_updated": "2026-09-13", "data_timestamp": "2026-09-13", "confidence_score": "MEDIUM", "geometry_source": "NEIGHBORHOOD_CENTROID", "corridor_id": "tj-k1", "corridor_type": "existing", "distance_to_corridor": 57.6, "distance_to_station": 117.6, "nearest_station": "Bundaran HI Astra", "existing_corridor_id": "tj-k1", "existing_distance_m": 57.6, "masterplan_corridor_id": "MRT_2A", "masterplan_distance_m": 242.1, "cascade_corridor_id": "LRT-CASCADE-NEW-01", "cascade_distance_m": 759.0, "price_label": "ESTIMATED MARKET RANGE", "note": "Rumatemu 2026 — Menteng tanah Rp40–60 jt/m²", "cell_id": "106.820:-6.200", "outlier_flag": 0, "price_class": "MURAH", "local_price_index": 0.909}, "geometry": {"type": "Point", "coordinates": [106.8234, -6.194]}}, {"type": "Feature", "id": "P-0dca8a0b287a", "properties": {"property_id": "P-0dca8a0b287a", "source": "indeks publik 2026", "source_url": "https://rumatemu.com/blog/harga-rumah-jakarta-2026-2/", "source_type": "PUBLIC_INDEX", "category": "APARTEMEN/KOS", "sub_category": "kos", "title": "Kos Bundaran HI", "property_name": "Kos Bundaran HI", "latitude": -6.1935, "longitude": 106.8224, "address": "Menteng, Jakarta Pusat", "district": "Menteng", "city": "Jakarta Pusat", "price": 4000000, "price_min": null, "price_max": null, "price_unit": "bulan", "area_land_m2": null, "area_building_m2": null, "price_per_m2": null, "listing_type": "rent", "sale_or_rent": "sewa", "bedroom": null, "bathroom": null, "floor": null, "property_status": "index", "date_listed": "2026-06", "date_updated": "2026-09-13", "data_timestamp": "2026-09-13", "confidence_score": "MEDIUM", "geometry_source": "NEIGHBORHOOD_CENTROID", "corridor_id": "tj-k1", "corridor_type": "existing", "distance_to_corridor": 77.9, "distance_to_station": 84.8, "nearest_station": "Bundaran HI Astra", "existing_corridor_id": "tj-k1", "existing_distance_m": 77.9, "masterplan_corridor_id": "MRT_2A", "masterplan_distance_m": 197.7, "cascade_corridor_id": "LRT-CASCADE-NEW-01", "cascade_distance_m": 813.3, "price_label": "ESTIMATED MARKET RANGE", "note": "Sewa bulanan kisaran publik, bukan asking unit tertentu", "cell_id": "106.820:-6.200", "outlier_flag": 0, "price_class": "MAHAL", "local_price_index": 3.077}, "geometry": {"type": "Point", "coordinates": [106.8224, -6.1935]}}, {"type": "Feature", "id": "P-0f21a7e8f53f", "properties": {"property_id": "P-0f21a7e8f53f", "source": "indeks publik 2026", "source_url": "https://bambooroutes.com/blogs/news/jakarta-housing-prices", "source_type": "PUBLIC_INDEX", "category": "APARTEMEN/KOS", "sub_category": "apartemen", "title": "Apartemen/kos Palmerah", "property_name": "Apartemen/kos Palmerah", "latitude": -6.207, "longitude": 106.7952, "address": "Palmerah, Jakarta Barat", "district": "Palmerah", "city": "Jakarta Barat", "price": 1418000000.0, "price_min": 1134400000, "price_max": 2127000000, "price_unit": "total", "area_land_m2": null, "area_building_m2": 50.0, "price_per_m2": 28360000, "listing_type": "sale", "sale_or_rent": "jual", "bedroom": null, "bathroom": null, "floor": null, "property_status": "index", "date_listed": "2026-06", "date_updated": "2026-09-13", "data_timestamp": "2026-09-13", "confidence_score": "MEDIUM", "geometry_source": "NEIGHBORHOOD_CENTROID", "corridor_id": "CASTJ20", "corridor_type": "cascade", "distance_to_corridor": 115.9, "distance_to_station": 249.6, "nearest_station": "Palmerah", "existing_corridor_id": "krl-network", "existing_distance_m": 246.8, "masterplan_corridor_id": "LRT_JKT_1C", "masterplan_distance_m": 3362.3, "cascade_corridor_id": "CASTJ20", "cascade_distance_m": 115.9, "price_label": "ESTIMATED MARKET RANGE", "note": "Colliers — Jakbar apt ~Rp28,36 jt/m²", "cell_id": "106.800:-6.200", "outlier_flag": 0, "price_class": "MAHAL", "local_price_index": 1.772}, "geometry": {"type": "Point", "coordinates": [106.7952, -6.207]}}, {"type": "Feature", "id": "P-2d144dbe5136", "properties": {"property_id": "P-2d144dbe5136", "source": "indeks publik 2026", "source_url": "https://bambooroutes.com/blogs/news/jakarta-housing-prices", "source_type": "PUBLIC_INDEX", "category": "RUKO", "sub_category": "ruko", "title": "Ruko Palmerah", "property_name": "Ruko Palmerah", "latitude": -6.2062, "longitude": 106.7929, "address": "Palmerah, Jakarta Barat", "district": "Palmerah", "city": "Jakarta Barat", "price": 3800000000, "price_min": 2660000000.0, "price_max": 5320000000.0, "price_unit": "total", "area_land_m2": null, "area_building_m2": 120.0, "price_per_m2": 31666666.666666668, "listing_type": "sale", "sale_or_rent": "jual", "bedroom": null, "bathroom": null, "floor": null, "property_status": "index", "date_listed": "2026-06", "date_updated": "2026-09-13", "data_timestamp": "2026-09-13", "confidence_score": "MEDIUM", "geometry_source": "NEIGHBORHOOD_CENTROID", "corridor_id": "CASTJ20", "corridor_type": "cascade", "distance_to_corridor": 383.0, "distance_to_station": 177.7, "nearest_station": "KM 14", "existing_corridor_id": "krl-network", "existing_distance_m": 515.7, "masterplan_corridor_id": "LRT_JKT_1C", "masterplan_distance_m": 3611.0, "cascade_corridor_id": "CASTJ20", "cascade_distance_m": 383.0, "price_label": "ESTIMATED MARKET RANGE", "note": "Colliers — Jakbar apt ~Rp28,36 jt/m²", "cell_id": "106.800:-6.200", "outlier_flag": 0, "price_class": "MAHAL", "local_price_index": 1.979}, "geometry": {"type": "Point", "coordinates": [106.7929, -6.2062]}}, {"type": "Feature", "id": "P-f262102eed46", "properties": {"property_id": "P-f262102eed46", "source": "indeks publik 2026", "source_url": "https://bambooroutes.com/blogs/news/jakarta-housing-prices", "source_type": "PUBLIC_INDEX", "category": "TANAH", "sub_category": "tanah kosong", "title": "Tanah Palmerah", "property_name": "Tanah Palmerah", "latitude": -6.208, "longitude": 106.7944, "address": "Palmerah, Jakarta Barat", "district": "Palmerah", "city": "Jakarta Barat", "price": 4400000000.0, "price_min": 2640000000, "price_max": 8800000000, "price_unit": "total", "area_land_m2": 200.0, "area_building_m2": null, "price_per_m2": 22000000, "listing_type": "sale", "sale_or_rent": "jual", "bedroom": null, "bathroom": null, "floor": null, "property_status": "index", "date_listed": "2026-06", "date_updated": "2026-09-13", "data_timestamp": "2026-09-13", "confidence_score": "MEDIUM", "geometry_source": "NEIGHBORHOOD_CENTROID", "corridor_id": "CASTJ20", "corridor_type": "cascade", "distance_to_corridor": 192.2, "distance_to_station": 149.0, "nearest_station": "KM 14", "existing_corridor_id": "krl-network", "existing_distance_m": 313.2, "masterplan_corridor_id": "LRT_JKT_1C", "masterplan_distance_m": 3460.1, "cascade_corridor_id": "CASTJ20", "cascade_distance_m": 192.2, "price_label": "ESTIMATED MARKET RANGE", "note": "Colliers — Jakbar apt ~Rp28,36 jt/m²", "cell_id": "106.800:-6.200", "outlier_flag": 0, "price_class": "MAHAL", "local_price_index": 1.375}, "geometry": {"type": "Point", "coordinates": [106.7944, -6.208]}}, {"type": "Feature", "id": "P-31ca3cec9dfb", "properties": {"property_id": "P-31ca3cec9dfb", "source": "indeks publik 2026", "source_url": "https://bambooroutes.com/blogs/news/jakarta-housing-prices", "source_type": "PUBLIC_INDEX", "category": "APARTEMEN/KOS", "sub_category": "kos", "title": "Kos Palmerah", "property_name": "Kos Palmerah", "latitude": -6.2075, "longitude": 106.7934, "address": "Palmerah, Jakarta Barat", "district": "Palmerah", "city": "Jakarta Barat", "price": 1800000, "price_min": null, "price_max": null, "price_unit": "bulan", "area_land_m2": null, "area_building_m2": null, "price_per_m2": null, "listing_type": "rent", "sale_or_rent": "sewa", "bedroom": null, "bathroom": null, "floor": null, "property_status": "index", "date_listed": "2026-06", "date_updated": "2026-09-13", "data_timestamp": "2026-09-13", "confidence_score": "MEDIUM", "geometry_source": "NEIGHBORHOOD_CENTROID", "corridor_id": "CASTJ20", "corridor_type": "cascade", "distance_to_corridor": 296.6, "distance_to_station": 48.7, "nearest_station": "KM 14", "existing_corridor_id": "krl-network", "existing_distance_m": 426.2, "masterplan_corridor_id": "LRT_JKT_1C", "masterplan_distance_m": 3565.0, "cascade_corridor_id": "CASTJ20", "cascade_distance_m": 296.6, "price_label": "ESTIMATED MARKET RANGE", "note": "Sewa bulanan kisaran publik, bukan asking unit tertentu", "cell_id": "106.800:-6.200", "outlier_flag": 0, "price_class": "MAHAL", "local_price_index": 1.385}, "geometry": {"type": "Point", "coordinates": [106.7934, -6.2075]}}, {"type": "Feature", "id": "P-46c6cfeebec2", "properties": {"property_id": "P-46c6cfeebec2", "source": "indeks publik 2026", "source_url": "https://rumatemu.com/blog/harga-rumah-jakarta-2026-2/", "source_type": "PUBLIC_INDEX", "category": "APARTEMEN/KOS", "sub_category": "apartemen", "title": "Apartemen/kos Puri Indah", "property_name": "Apartemen/kos Puri Indah", "latitude": -6.187, "longitude": 106.7382, "address": "Kembangan, Jakarta Barat", "district": "Kembangan", "city": "Jakarta Barat", "price": 1418000000.0, "price_min": 1134400000, "price_max": 2127000000, "price_unit": "total", "area_land_m2": null, "area_building_m2": 50.0, "price_per_m2": 28360000, "listing_type": "sale", "sale_or_rent": "jual", "bedroom": null, "bathroom": null, "floor": null, "property_status": "index", "date_listed": "2026-06", "date_updated": "2026-09-13", "data_timestamp": "2026-09-13", "confidence_score": "MEDIUM", "geometry_source": "NEIGHBORHOOD_CENTROID", "corridor_id": "MRT_3", "corridor_type": "masterplan", "distance_to_corridor": 2259.1, "distance_to_station": 2213.6, "nearest_station": "Kembangan", "existing_corridor_id": "krl-network", "existing_distance_m": 2953.5, "masterplan_corridor_id": "MRT_3", "masterplan_distance_m": 2259.1, "cascade_corridor_id": "LRT-CASCADE-NEW-01", "cascade_distance_m": 3643.1, "price_label": "ESTIMATED MARKET RANGE", "note": "Rumatemu 2026 — Kebon Jeruk–Palmerah rumah Rp20–35 jt/m²", "cell_id": "106.740:-6.180", "outlier_flag": 0, "price_class": "MAHAL", "local_price_index": 1.772}, "geometry": {"type": "Point", "coordinates": [106.7382, -6.187]}}, {"type": "Feature", "id": "P-39cb2136fc58", "properties": {"property_id": "P-39cb2136fc58", "source": "indeks publik 2026", "source_url": "https://rumatemu.com/blog/harga-rumah-jakarta-2026-2/", "source_type": "PUBLIC_INDEX", "category": "RUKO", "sub_category": "ruko", "title": "Ruko Puri Indah", "property_name": "Ruko Puri Indah", "latitude": -6.1862, "longitude": 106.7359, "address": "Kembangan, Jakarta Barat", "district": "Kembangan", "city": "Jakarta Barat", "price": 4500000000, "price_min": 3150000000.0, "price_max": 6300000000.0, "price_unit": "total", "area_land_m2": null, "area_building_m2": 120.0, "price_per_m2": 37500000.0, "listing_type": "sale", "sale_or_rent": "jual", "bedroom": null, "bathroom": null, "floor": null, "property_status": "index", "date_listed": "2026-06", "date_updated": "2026-09-13", "data_timestamp": "2026-09-13", "confidence_score": "MEDIUM", "geometry_source": "NEIGHBORHOOD_CENTROID", "corridor_id": "MRT_3", "corridor_type": "masterplan", "distance_to_corridor": 2174.8, "distance_to_station": 2164.9, "nearest_station": "Kembangan", "existing_corridor_id": "krl-network", "existing_distance_m": 2829.2, "masterplan_corridor_id": "MRT_3", "masterplan_distance_m": 2174.8, "cascade_corridor_id": "LRT-CASCADE-NEW-01", "cascade_distance_m": 3649.1, "price_label": "ESTIMATED MARKET RANGE", "note": "Rumatemu 2026 — Kebon Jeruk–Palmerah rumah Rp20–35 jt/m²", "cell_id": "106.740:-6.180", "outlier_flag": 0, "price_class": "MAHAL", "local_price_index": 2.344}, "geometry": {"type": "Point", "coordinates": [106.7359, -6.1862]}}, {"type": "Feature", "id": "P-4b524ebb5509", "properties": {"property_id": "P-4b524ebb5509", "source": "indeks publik 2026", "source_url": "https://rumatemu.com/blog/harga-rumah-jakarta-2026-2/", "source_type": "PUBLIC_INDEX", "category": "TANAH", "sub_category": "tanah kosong", "title": "Tanah Puri Indah", "property_name": "Tanah Puri Indah", "latitude": -6.188, "longitude": 106.7374, "address": "Kembangan, Jakarta Barat", "district": "Kembangan", "city": "Jakarta Barat", "price": 4000000000.0, "price_min": 2400000000, "price_max": 8000000000, "price_unit": "total", "area_land_m2": 200.0, "area_building_m2": null, "price_per_m2": 20000000, "listing_type": "sale", "sale_or_rent": "jual", "bedroom": null, "bathroom": null, "floor": null, "property_status": "index", "date_listed": "2026-06", "date_updated": "2026-09-13", "data_timestamp": "2026-09-13", "confidence_score": "MEDIUM", "geometry_source": "NEIGHBORHOOD_CENTROID", "corridor_id": "MRT_3", "corridor_type": "masterplan", "distance_to_corridor": 2377.3, "distance_to_station": 2334.0, "nearest_station": "Kembangan", "existing_corridor_id": "krl-network", "existing_distance_m": 3048.5, "masterplan_corridor_id": "MRT_3", "masterplan_distance_m": 2377.3, "cascade_corridor_id": "LRT-CASCADE-NEW-01", "cascade_distance_m": 3776.9, "price_label": "ESTIMATED MARKET RANGE", "note": "Rumatemu 2026 — Kebon Jeruk–Palmerah rumah Rp20–35 jt/m²", "cell_id": "106.740:-6.180", "outlier_flag": 0, "price_class": "MAHAL", "local_price_index": 1.25}, "geometry": {"type": "Point", "coordinates": [106.7374, -6.188]}}, {"type": "Feature", "id": "P-d5a8dd8d025b", "properties": {"property_id": "P-d5a8dd8d025b", "source": "indeks publik 2026", "source_url": "https://rumatemu.com/blog/harga-rumah-jakarta-2026-2/", "source_type": "PUBLIC_INDEX", "category": "APARTEMEN/KOS", "sub_category": "kos", "title": "Kos Puri Indah", "property_name": "Kos Puri Indah", "latitude": -6.1875, "longitude": 106.7364, "address": "Kembangan, Jakarta Barat", "district": "Kembangan", "city": "Jakarta Barat", "price": 1900000, "price_min": null, "price_max": null, "price_unit": "bulan", "area_land_m2": null, "area_building_m2": null, "price_per_m2": null, "listing_type": "rent", "sale_or_rent": "sewa", "bedroom": null, "bathroom": null, "floor": null, "property_status": "index", "date_listed": "2026-06", "date_updated": "2026-09-13", "data_timestamp": "2026-09-13", "confidence_score": "MEDIUM", "geometry_source": "NEIGHBORHOOD_CENTROID", "corridor_id": "MRT_3", "corridor_type": "masterplan", "distance_to_corridor": 2318.8, "distance_to_station": 2295.9, "nearest_station": "Kembangan", "existing_corridor_id": "krl-network", "existing_distance_m": 2978.9, "masterplan_corridor_id": "MRT_3", "masterplan_distance_m": 2318.8, "cascade_corridor_id": "LRT-CASCADE-NEW-01", "cascade_distance_m": 3762.7, "price_label": "ESTIMATED MARKET RANGE", "note": "Sewa bulanan kisaran publik, bukan asking unit tertentu", "cell_id": "106.740:-6.180", "outlier_flag": 0, "price_class": "MAHAL", "local_price_index": 1.462}, "geometry": {"type": "Point", "coordinates": [106.7364, -6.1875]}}, {"type": "Feature", "id": "P-f7549b4d15c4", "properties": {"property_id": "P-f7549b4d15c4", "source": "indeks publik 2026", "source_url": "https://bambooroutes.com/blogs/news/jakarta-housing-prices", "source_type": "PUBLIC_INDEX", "category": "APARTEMEN/KOS", "sub_category": "apartemen", "title": "Apartemen/kos Kalideres", "property_name": "Apartemen/kos Kalideres", "latitude": -6.155, "longitude": 106.7062, "address": "Kalideres, Jakarta Barat", "district": "Kalideres", "city": "Jakarta Barat", "price": 1100000000.0, "price_min": 880000000, "price_max": 1650000000, "price_unit": "total", "area_land_m2": null, "area_building_m2": 50.0, "price_per_m2": 22000000, "listing_type": "sale", "sale_or_rent": "jual", "bedroom": null, "bathroom": null, "floor": null, "property_status": "index", "date_listed": "2026-06", "date_updated": "2026-09-13", "data_timestamp": "2026-09-13", "confidence_score": "MEDIUM", "geometry_source": "NEIGHBORHOOD_CENTROID", "corridor_id": "tj-k3", "corridor_type": "existing", "distance_to_corridor": 16.2, "distance_to_station": 101.1, "nearest_station": "Kalideres", "existing_corridor_id": "tj-k3", "existing_distance_m": 16.2, "masterplan_corridor_id": "MRT_3", "masterplan_distance_m": 1177.1, "cascade_corridor_id": "LRT-CASCADE-NEW-01", "cascade_distance_m": 4692.1, "price_label": "ESTIMATED MARKET RANGE", "note": "Colliers Jakbar secondary", "cell_id": "106.700:-6.160", "outlier_flag": 0, "price_class": "MAHAL", "local_price_index": 1.375}, "geometry": {"type": "Point", "coordinates": [106.7062, -6.155]}}, {"type": "Feature", "id": "P-977502f17420", "properties": {"property_id": "P-977502f17420", "source": "indeks publik 2026", "source_url": "https://bambooroutes.com/blogs/news/jakarta-housing-prices", "source_type": "PUBLIC_INDEX", "category": "RUKO", "sub_category": "ruko", "title": "Ruko Kalideres", "property_name": "Ruko Kalideres", "latitude": -6.1542, "longitude": 106.7039, "address": "Kalideres, Jakarta Barat", "district": "Kalideres", "city": "Jakarta Barat", "price": 2200000000, "price_min": 1540000000.0, "price_max": 3080000000.0, "price_unit": "total", "area_land_m2": null, "area_building_m2": 120.0, "price_per_m2": 18333333.333333332, "listing_type": "sale", "sale_or_rent": "jual", "bedroom": null, "bathroom": null, "floor": null, "property_status": "index", "date_listed": "2026-06", "date_updated": "2026-09-13", "data_timestamp": "2026-09-13", "confidence_score": "MEDIUM", "geometry_source": "NEIGHBORHOOD_CENTROID", "corridor_id": "tj-k3", "corridor_type": "existing", "distance_to_corridor": 285.6, "distance_to_station": 178.8, "nearest_station": "Kalideres", "existing_corridor_id": "tj-k3", "existing_distance_m": 285.6, "masterplan_corridor_id": "MRT_3", "masterplan_distance_m": 1359.5, "cascade_corridor_id": "LRT-CASCADE-NEW-01", "cascade_distance_m": 4949.0, "price_label": "ESTIMATED MARKET RANGE", "note": "Colliers Jakbar secondary", "cell_id": "106.700:-6.160", "outlier_flag": 0, "price_class": "SEDANG", "local_price_index": 1.146}, "geometry": {"type": "Point", "coordinates": [106.7039, -6.1542]}}, {"type": "Feature", "id": "P-7cd29ed72f17", "properties": {"property_id": "P-7cd29ed72f17", "source": "indeks publik 2026", "source_url": "https://bambooroutes.com/blogs/news/jakarta-housing-prices", "source_type": "PUBLIC_INDEX", "category": "TANAH", "sub_category": "tanah kosong", "title": "Tanah Kalideres", "property_name": "Tanah Kalideres", "latitude": -6.156, "longitude": 106.7054, "address": "Kalideres, Jakarta Barat", "district": "Kalideres", "city": "Jakarta Barat", "price": 2400000000.0, "price_min": 1440000000, "price_max": 4800000000, "price_unit": "total", "area_land_m2": 200.0, "area_building_m2": null, "price_per_m2": 12000000, "listing_type": "sale", "sale_or_rent": "jual", "bedroom": null, "bathroom": null, "floor": null, "property_status": "index", "date_listed": "2026-06", "date_updated": "2026-09-13", "data_timestamp": "2026-09-13", "confidence_score": "MEDIUM", "geometry_source": "NEIGHBORHOOD_CENTROID", "corridor_id": "tj-k3", "corridor_type": "existing", "distance_to_corridor": 147.3, "distance_to_station": 176.9, "nearest_station": "Kalideres", "existing_corridor_id": "tj-k3", "existing_distance_m": 147.3, "masterplan_corridor_id": "MRT_3", "masterplan_distance_m": 1106.6, "cascade_corridor_id": "LRT-CASCADE-NEW-01", "cascade_distance_m": 4779.5, "price_label": "ESTIMATED MARKET RANGE", "note": "Colliers Jakbar secondary", "cell_id": "106.700:-6.160", "outlier_flag": 0, "price_class": "SEDANG", "local_price_index": 0.75}, "geometry": {"type": "Point", "coordinates": [106.7054, -6.156]}}, {"type": "Feature", "id": "P-05b28982c70c", "properties": {"property_id": "P-05b28982c70c", "source": "indeks publik 2026", "source_url": "https://bambooroutes.com/blogs/news/jakarta-housing-prices", "source_type": "PUBLIC_INDEX", "category": "APARTEMEN/KOS", "sub_category": "kos", "title": "Kos Kalideres", "property_name": "Kos Kalideres", "latitude": -6.1555, "longitude": 106.7044, "address": "Kalideres, Jakarta Barat", "district": "Kalideres", "city": "Jakarta Barat", "price": 1300000, "price_min": null, "price_max": null, "price_unit": "bulan", "area_land_m2": null, "area_building_m2": null, "price_per_m2": null, "listing_type": "rent", "sale_or_rent": "sewa", "bedroom": null, "bathroom": null, "floor": null, "property_status": "index", "date_listed": "2026-06", "date_updated": "2026-09-13", "data_timestamp": "2026-09-13", "confidence_score": "MEDIUM", "geometry_source": "NEIGHBORHOOD_CENTROID", "corridor_id": "tj-k3", "corridor_type": "existing", "distance_to_corridor": 219.5, "distance_to_station": 171.8, "nearest_station": "Kalideres", "existing_corridor_id": "tj-k3", "existing_distance_m": 219.5, "masterplan_corridor_id": "MRT_3", "masterplan_distance_m": 1206.0, "cascade_corridor_id": "LRT-CASCADE-NEW-01", "cascade_distance_m": 4890.2, "price_label": "ESTIMATED MARKET RANGE", "note": "Sewa bulanan kisaran publik, bukan asking unit tertentu", "cell_id": "106.700:-6.160", "outlier_flag": 0, "price_class": "SEDANG", "local_price_index": 1.0}, "geometry": {"type": "Point", "coordinates": [106.7044, -6.1555]}}, {"type": "Feature", "id": "P-58abe31f9f52", "properties": {"property_id": "P-58abe31f9f52", "source": "indeks publik 2026", "source_url": "https://bambooroutes.com/blogs/news/jakarta-housing-prices", "source_type": "PUBLIC_INDEX", "category": "APARTEMEN/KOS", "sub_category": "apartemen", "title": "Apartemen/kos Pulo Gadung", "property_name": "Apartemen/kos Pulo Gadung", "latitude": -6.183, "longitude": 106.9092, "address": "Pulo Gadung, Jakarta Timur", "district": "Pulo Gadung", "city": "Jakarta Timur", "price": 1102500000.0, "price_min": 882000000, "price_max": 1653750000, "price_unit": "total", "area_land_m2": null, "area_building_m2": 50.0, "price_per_m2": 22050000, "listing_type": "sale", "sale_or_rent": "jual", "bedroom": null, "bathroom": null, "floor": null, "property_status": "index", "date_listed": "2026-06", "date_updated": "2026-09-13", "data_timestamp": "2026-09-13", "confidence_score": "MEDIUM", "geometry_source": "NEIGHBORHOOD_CENTROID", "corridor_id": "tj-k2", "corridor_type": "existing", "distance_to_corridor": 39.3, "distance_to_station": 52.9, "nearest_station": "Pulo Gadung", "existing_corridor_id": "tj-k2", "existing_distance_m": 39.3, "masterplan_corridor_id": "MRT_3", "masterplan_distance_m": 280.9, "cascade_corridor_id": "CASTJ18", "cascade_distance_m": 71.6, "price_label": "ESTIMATED MARKET RANGE", "note": "Colliers Jaktim", "cell_id": "106.900:-6.180", "outlier_flag": 0, "price_class": "MAHAL", "local_price_index": 1.378}, "geometry": {"type": "Point", "coordinates": [106.9092, -6.183]}}, {"type": "Feature", "id": "P-fa35cf57f1f8", "properties": {"property_id": "P-fa35cf57f1f8", "source": "indeks publik 2026", "source_url": "https://bambooroutes.com/blogs/news/jakarta-housing-prices", "source_type": "PUBLIC_INDEX", "category": "RUKO", "sub_category": "ruko", "title": "Ruko Pulo Gadung", "property_name": "Ruko Pulo Gadung", "latitude": -6.1822, "longitude": 106.9069, "address": "Pulo Gadung, Jakarta Timur", "district": "Pulo Gadung", "city": "Jakarta Timur", "price": 2400000000, "price_min": 1680000000.0, "price_max": 3360000000.0, "price_unit": "total", "area_land_m2": null, "area_building_m2": 120.0, "price_per_m2": 20000000.0, "listing_type": "sale", "sale_or_rent": "jual", "bedroom": null, "bathroom": null, "floor": null, "property_status": "index", "date_listed": "2026-06", "date_updated": "2026-09-13", "data_timestamp": "2026-09-13", "confidence_score": "MEDIUM", "geometry_source": "NEIGHBORHOOD_CENTROID", "corridor_id": "tj-k4", "corridor_type": "existing", "distance_to_corridor": 210.2, "distance_to_station": 249.2, "nearest_station": "Pulo Gadung", "existing_corridor_id": "tj-k4", "existing_distance_m": 210.2, "masterplan_corridor_id": "MRT_3", "masterplan_distance_m": 513.2, "cascade_corridor_id": "CASTJ18", "cascade_distance_m": 337.0, "price_label": "ESTIMATED MARKET RANGE", "note": "Colliers Jaktim", "cell_id": "106.900:-6.180", "outlier_flag": 0, "price_class": "MAHAL", "local_price_index": 1.25}, "geometry": {"type": "Point", "coordinates": [106.9069, -6.1822]}}, {"type": "Feature", "id": "P-e041a904f49d", "properties": {"property_id": "P-e041a904f49d", "source": "indeks publik 2026", "source_url": "https://bambooroutes.com/blogs/news/jakarta-housing-prices", "source_type": "PUBLIC_INDEX", "category": "TANAH", "sub_category": "tanah kosong", "title": "Tanah Pulo Gadung", "property_name": "Tanah Pulo Gadung", "latitude": -6.184, "longitude": 106.9084, "address": "Pulo Gadung, Jakarta Timur", "district": "Pulo Gadung", "city": "Jakarta Timur", "price": 2400000000.0, "price_min": 1440000000, "price_max": 4800000000, "price_unit": "total", "area_land_m2": 200.0, "area_building_m2": null, "price_per_m2": 12000000, "listing_type": "sale", "sale_or_rent": "jual", "bedroom": null, "bathroom": null, "floor": null, "property_status": "index", "date_listed": "2026-06", "date_updated": "2026-09-13", "data_timestamp": "2026-09-13", "confidence_score": "MEDIUM", "geometry_source": "NEIGHBORHOOD_CENTROID", "corridor_id": "tj-k4", "corridor_type": "existing", "distance_to_corridor": 63.0, "distance_to_station": 90.0, "nearest_station": "Pulo Gadung", "existing_corridor_id": "tj-k4", "existing_distance_m": 63.0, "masterplan_corridor_id": "MRT_3", "masterplan_distance_m": 411.4, "cascade_corridor_id": "CASTJ18", "cascade_distance_m": 196.3, "price_label": "ESTIMATED MARKET RANGE", "note": "Colliers Jaktim", "cell_id": "106.900:-6.180", "outlier_flag": 0, "price_class": "SEDANG", "local_price_index": 0.75}, "geometry": {"type": "Point", "coordinates": [106.9084, -6.184]}}, {"type": "Feature", "id": "P-784e5938454b", "properties": {"property_id": "P-784e5938454b", "source": "indeks publik 2026", "source_url": "https://bambooroutes.com/blogs/news/jakarta-housing-prices", "source_type": "PUBLIC_INDEX", "category": "APARTEMEN/KOS", "sub_category": "kos", "title": "Kos Pulo Gadung", "property_name": "Kos Pulo Gadung", "latitude": -6.1835, "longitude": 106.9074, "address": "Pulo Gadung, Jakarta Timur", "district": "Pulo Gadung", "city": "Jakarta Timur", "price": 1400000, "price_min": null, "price_max": null, "price_unit": "bulan", "area_land_m2": null, "area_building_m2": null, "price_per_m2": null, "listing_type": "rent", "sale_or_rent": "sewa", "bedroom": null, "bathroom": null, "floor": null, "property_status": "index", "date_listed": "2026-06", "date_updated": "2026-09-13", "data_timestamp": "2026-09-13", "confidence_score": "MEDIUM", "geometry_source": "NEIGHBORHOOD_CENTROID", "corridor_id": "tj-k4", "corridor_type": "existing", "distance_to_corridor": 151.7, "distance_to_station": 161.5, "nearest_station": "Pulo Gadung", "existing_corridor_id": "tj-k4", "existing_distance_m": 151.7, "masterplan_corridor_id": "MRT_3", "masterplan_distance_m": 486.5, "cascade_corridor_id": "CASTJ18", "cascade_distance_m": 276.7, "price_label": "ESTIMATED MARKET RANGE", "note": "Sewa bulanan kisaran publik, bukan asking unit tertentu", "cell_id": "106.900:-6.180", "outlier_flag": 0, "price_class": "SEDANG", "local_price_index": 1.077}, "geometry": {"type": "Point", "coordinates": [106.9074, -6.1835]}}, {"type": "Feature", "id": "P-0e0f302852ab", "properties": {"property_id": "P-0e0f302852ab", "source": "indeks publik 2026", "source_url": "https://bambooroutes.com/blogs/news/jakarta-how-much-apartment", "source_type": "PUBLIC_INDEX", "category": "APARTEMEN/KOS", "sub_category": "apartemen", "title": "Apartemen/kos Cawang", "property_name": "Apartemen/kos Cawang", "latitude": -6.243, "longitude": 106.8692, "address": "Kramat Jati, Jakarta Timur", "district": "Kramat Jati", "city": "Jakarta Timur", "price": 1102500000.0, "price_min": 882000000, "price_max": 1653750000, "price_unit": "total", "area_land_m2": null, "area_building_m2": 50.0, "price_per_m2": 22050000, "listing_type": "sale", "sale_or_rent": "jual", "bedroom": null, "bathroom": null, "floor": null, "property_status": "index", "date_listed": "2026-06", "date_updated": "2026-09-13", "data_timestamp": "2026-09-13", "confidence_score": "MEDIUM", "geometry_source": "NEIGHBORHOOD_CENTROID", "corridor_id": "tj-k7", "corridor_type": "existing", "distance_to_corridor": 86.6, "distance_to_station": 83.0, "nearest_station": "Cawang Baru", "existing_corridor_id": "tj-k7", "existing_distance_m": 86.6, "masterplan_corridor_id": "LRT_JKT_3B", "masterplan_distance_m": 2023.4, "cascade_corridor_id": "MRT-CASCADE-04", "cascade_distance_m": 399.4, "price_label": "ESTIMATED MARKET RANGE", "note": "Bamboo Routes — Cawang/Kalibata apt Rp14–28 jt/m²", "cell_id": "106.860:-6.240", "outlier_flag": 0, "price_class": "MAHAL", "local_price_index": 1.378}, "geometry": {"type": "Point", "coordinates": [106.8692, -6.243]}}, {"type": "Feature", "id": "P-87d2a5a3d9d1", "properties": {"property_id": "P-87d2a5a3d9d1", "source": "indeks publik 2026", "source_url": "https://bambooroutes.com/blogs/news/jakarta-how-much-apartment", "source_type": "PUBLIC_INDEX", "category": "RUKO", "sub_category": "ruko", "title": "Ruko Cawang", "property_name": "Ruko Cawang", "latitude": -6.2422, "longitude": 106.8669, "address": "Kramat Jati, Jakarta Timur", "district": "Kramat Jati", "city": "Jakarta Timur", "price": 2300000000, "price_min": 1610000000.0, "price_max": 3220000000.0, "price_unit": "total", "area_land_m2": null, "area_building_m2": 120.0, "price_per_m2": 19166666.666666668, "listing_type": "sale", "sale_or_rent": "jual", "bedroom": null, "bathroom": null, "floor": null, "property_status": "index", "date_listed": "2026-06", "date_updated": "2026-09-13", "data_timestamp": "2026-09-13", "confidence_score": "MEDIUM", "geometry_source": "NEIGHBORHOOD_CENTROID", "corridor_id": "tj-k9", "corridor_type": "existing", "distance_to_corridor": 173.4, "distance_to_station": 258.6, "nearest_station": "Cawang Baru", "existing_corridor_id": "tj-k9", "existing_distance_m": 173.4, "masterplan_corridor_id": "LRT_JKT_3B", "masterplan_distance_m": 2289.0, "cascade_corridor_id": "MRT-CASCADE-04", "cascade_distance_m": 426.0, "price_label": "ESTIMATED MARKET RANGE", "note": "Bamboo Routes — Cawang/Kalibata apt Rp14–28 jt/m²", "cell_id": "106.860:-6.240", "outlier_flag": 0, "price_class": "SEDANG", "local_price_index": 1.198}, "geometry": {"type": "Point", "coordinates": [106.8669, -6.2422]}}, {"type": "Feature", "id": "P-27e5e262458a", "properties": {"property_id": "P-27e5e262458a", "source": "indeks publik 2026", "source_url": "https://bambooroutes.com/blogs/news/jakarta-how-much-apartment", "source_type": "PUBLIC_INDEX", "category": "TANAH", "sub_category": "tanah kosong", "title": "Tanah Cawang", "property_name": "Tanah Cawang", "latitude": -6.244, "longitude": 106.8684, "address": "Kramat Jati, Jakarta Timur", "district": "Kramat Jati", "city": "Jakarta Timur", "price": 2400000000.0, "price_min": 1440000000, "price_max": 4800000000, "price_unit": "total", "area_land_m2": 200.0, "area_building_m2": null, "price_per_m2": 12000000, "listing_type": "sale", "sale_or_rent": "jual", "bedroom": null, "bathroom": null, "floor": null, "property_status": "index", "date_listed": "2026-06", "date_updated": "2026-09-13", "data_timestamp": "2026-09-13", "confidence_score": "MEDIUM", "geometry_source": "NEIGHBORHOOD_CENTROID", "corridor_id": "tj-k7", "corridor_type": "existing", "distance_to_corridor": 55.5, "distance_to_station": 59.3, "nearest_station": "Cawang Baru", "existing_corridor_id": "tj-k7", "existing_distance_m": 55.5, "masterplan_corridor_id": "LRT_JKT_3B", "masterplan_distance_m": 2097.0, "cascade_corridor_id": "MRT-CASCADE-04", "cascade_distance_m": 524.5, "price_label": "ESTIMATED MARKET RANGE", "note": "Bamboo Routes — Cawang/Kalibata apt Rp14–28 jt/m²", "cell_id": "106.860:-6.240", "outlier_flag": 0, "price_class": "SEDANG", "local_price_index": 0.75}, "geometry": {"type": "Point", "coordinates": [106.8684, -6.244]}}, {"type": "Feature", "id": "P-6434ec5450b7", "properties": {"property_id": "P-6434ec5450b7", "source": "indeks publik 2026", "source_url": "https://bambooroutes.com/blogs/news/jakarta-how-much-apartment", "source_type": "PUBLIC_INDEX", "category": "APARTEMEN/KOS", "sub_category": "kos", "title": "Kos Cawang", "property_name": "Kos Cawang", "latitude": -6.2435, "longitude": 106.8674, "address": "Kramat Jati, Jakarta Timur", "district": "Kramat Jati", "city": "Jakarta Timur", "price": 1400000, "price_min": null, "price_max": null, "price_unit": "bulan", "area_land_m2": null, "area_building_m2": null, "price_per_m2": null, "listing_type": "rent", "sale_or_rent": "sewa", "bedroom": null, "bathroom": null, "floor": null, "property_status": "index", "date_listed": "2026-06", "date_updated": "2026-09-13", "data_timestamp": "2026-09-13", "confidence_score": "MEDIUM", "geometry_source": "NEIGHBORHOOD_CENTROID", "corridor_id": "tj-k9", "corridor_type": "existing", "distance_to_corridor": 45.9, "distance_to_station": 151.1, "nearest_station": "Cawang Baru", "existing_corridor_id": "tj-k9", "existing_distance_m": 45.9, "masterplan_corridor_id": "LRT_JKT_3B", "masterplan_distance_m": 2212.9, "cascade_corridor_id": "MRT-CASCADE-04", "cascade_distance_m": 512.0, "price_label": "ESTIMATED MARKET RANGE", "note": "Sewa bulanan kisaran publik, bukan asking unit tertentu", "cell_id": "106.860:-6.240", "outlier_flag": 0, "price_class": "SEDANG", "local_price_index": 1.077}, "geometry": {"type": "Point", "coordinates": [106.8674, -6.2435]}}, {"type": "Feature", "id": "P-dfd3cfe2d640", "properties": {"property_id": "P-dfd3cfe2d640", "source": "indeks publik 2026", "source_url": "https://rumatemu.com/blog/harga-rumah-jakarta-2026-2/", "source_type": "PUBLIC_INDEX", "category": "APARTEMEN/KOS", "sub_category": "apartemen", "title": "Apartemen/kos Bekasi Barat", "property_name": "Apartemen/kos Bekasi Barat", "latitude": -6.238, "longitude": 106.9782, "address": "Bekasi Barat, Bekasi", "district": "Bekasi Barat", "city": "Bekasi", "price": 600000000.0, "price_min": 480000000, "price_max": 900000000, "price_unit": "total", "area_land_m2": null, "area_building_m2": 50.0, "price_per_m2": 12000000, "listing_type": "sale", "sale_or_rent": "jual", "bedroom": null, "bathroom": null, "floor": null, "property_status": "index", "date_listed": "2026-06", "date_updated": "2026-09-13", "data_timestamp": "2026-09-13", "confidence_score": "MEDIUM", "geometry_source": "NEIGHBORHOOD_CENTROID", "corridor_id": "CASTJ17", "corridor_type": "cascade", "distance_to_corridor": 713.8, "distance_to_station": 702.1, "nearest_station": "KM 14 2", "existing_corridor_id": "lrt-network", "existing_distance_m": 1194.2, "masterplan_corridor_id": "MRT_3", "masterplan_distance_m": 5322.4, "cascade_corridor_id": "CASTJ17", "cascade_distance_m": 713.8, "price_label": "ESTIMATED MARKET RANGE", "note": "Rumatemu 2026 — Bekasi second ring", "cell_id": "106.980:-6.240", "outlier_flag": 0, "price_class": "SEDANG", "local_price_index": 0.75}, "geometry": {"type": "Point", "coordinates": [106.9782, -6.238]}}, {"type": "Feature", "id": "P-5b6de939683b", "properties": {"property_id": "P-5b6de939683b", "source": "indeks publik 2026", "source_url": "https://rumatemu.com/blog/harga-rumah-jakarta-2026-2/", "source_type": "PUBLIC_INDEX", "category": "RUKO", "sub_category": "ruko", "title": "Ruko Bekasi Barat", "property_name": "Ruko Bekasi Barat", "latitude": -6.2372, "longitude": 106.9759, "address": "Bekasi Barat, Bekasi", "district": "Bekasi Barat", "city": "Bekasi", "price": 1600000000, "price_min": 1120000000.0, "price_max": 2240000000.0, "price_unit": "total", "area_land_m2": null, "area_building_m2": 120.0, "price_per_m2": 13333333.333333334, "listing_type": "sale", "sale_or_rent": "jual", "bedroom": null, "bathroom": null, "floor": null, "property_status": "index", "date_listed": "2026-06", "date_updated": "2026-09-13", "data_timestamp": "2026-09-13", "confidence_score": "MEDIUM", "geometry_source": "NEIGHBORHOOD_CENTROID", "corridor_id": "CASTJ17", "corridor_type": "cascade", "distance_to_corridor": 454.3, "distance_to_station": 494.6, "nearest_station": "KM 14 2", "existing_corridor_id": "lrt-network", "existing_distance_m": 1263.7, "masterplan_corridor_id": "MRT_3", "masterplan_distance_m": 5349.0, "cascade_corridor_id": "CASTJ17", "cascade_distance_m": 454.3, "price_label": "ESTIMATED MARKET RANGE", "note": "Rumatemu 2026 — Bekasi second ring", "cell_id": "106.980:-6.240", "outlier_flag": 0, "price_class": "SEDANG", "local_price_index": 0.833}, "geometry": {"type": "Point", "coordinates": [106.9759, -6.2372]}}, {"type": "Feature", "id": "P-665fee9fa3ae", "properties": {"property_id": "P-665fee9fa3ae", "source": "indeks publik 2026", "source_url": "https://rumatemu.com/blog/harga-rumah-jakarta-2026-2/", "source_type": "PUBLIC_INDEX", "category": "TANAH", "sub_category": "tanah kosong", "title": "Tanah Bekasi Barat", "property_name": "Tanah Bekasi Barat", "latitude": -6.239, "longitude": 106.9774, "address": "Bekasi Barat, Bekasi", "district": "Bekasi Barat", "city": "Bekasi", "price": 1400000000.0, "price_min": 840000000, "price_max": 2800000000, "price_unit": "total", "area_land_m2": 200.0, "area_building_m2": null, "price_per_m2": 7000000, "listing_type": "sale", "sale_or_rent": "jual", "bedroom": null, "bathroom": null, "floor": null, "property_status": "index", "date_listed": "2026-06", "date_updated": "2026-09-13", "data_timestamp": "2026-09-13", "confidence_score": "MEDIUM", "geometry_source": "NEIGHBORHOOD_CENTROID", "corridor_id": "CASTJ17", "corridor_type": "cascade", "distance_to_corridor": 651.0, "distance_to_station": 746.5, "nearest_station": "KM 14 2", "existing_corridor_id": "lrt-network", "existing_distance_m": 1070.8, "masterplan_corridor_id": "MRT_3", "masterplan_distance_m": 5462.9, "cascade_corridor_id": "CASTJ17", "cascade_distance_m": 651.0, "price_label": "ESTIMATED MARKET RANGE", "note": "Rumatemu 2026 — Bekasi second ring", "cell_id": "106.980:-6.240", "outlier_flag": 0, "price_class": "MURAH", "local_price_index": 0.438}, "geometry": {"type": "Point", "coordinates": [106.9774, -6.239]}}, {"type": "Feature", "id": "P-b502d9458020", "properties": {"property_id": "P-b502d9458020", "source": "indeks publik 2026", "source_url": "https://rumatemu.com/blog/harga-rumah-jakarta-2026-2/", "source_type": "PUBLIC_INDEX", "category": "APARTEMEN/KOS", "sub_category": "kos", "title": "Kos Bekasi Barat", "property_name": "Kos Bekasi Barat", "latitude": -6.2385, "longitude": 106.9764, "address": "Bekasi Barat, Bekasi", "district": "Bekasi Barat", "city": "Bekasi", "price": 1000000, "price_min": null, "price_max": null, "price_unit": "bulan", "area_land_m2": null, "area_building_m2": null, "price_per_m2": null, "listing_type": "rent", "sale_or_rent": "sewa", "bedroom": null, "bathroom": null, "floor": null, "property_status": "index", "date_listed": "2026-06", "date_updated": "2026-09-13", "data_timestamp": "2026-09-13", "confidence_score": "MEDIUM", "geometry_source": "NEIGHBORHOOD_CENTROID", "corridor_id": "CASTJ17", "corridor_type": "cascade", "distance_to_corridor": 529.1, "distance_to_station": 649.4, "nearest_station": "KM 14 2", "existing_corridor_id": "lrt-network", "existing_distance_m": 1118.8, "masterplan_corridor_id": "MRT_3", "masterplan_distance_m": 5456.6, "cascade_corridor_id": "CASTJ17", "cascade_distance_m": 529.1, "price_label": "ESTIMATED MARKET RANGE", "note": "Sewa bulanan kisaran publik, bukan asking unit tertentu", "cell_id": "106.980:-6.240", "outlier_flag": 0, "price_class": "MURAH", "local_price_index": 0.769}, "geometry": {"type": "Point", "coordinates": [106.9764, -6.2385]}}, {"type": "Feature", "id": "P-860b81651dd2", "properties": {"property_id": "P-860b81651dd2", "source": "indeks publik 2026", "source_url": "https://rumatemu.com/blog/harga-rumah-jakarta-2026-2/", "source_type": "PUBLIC_INDEX", "category": "APARTEMEN/KOS", "sub_category": "apartemen", "title": "Apartemen/kos Kampung Rambutan", "property_name": "Apartemen/kos Kampung Rambutan", "latitude": -6.30988, "longitude": 106.88335, "address": "Ciracas, Jakarta Timur", "district": "Ciracas", "city": "Jakarta Timur", "price": 1000000000.0, "price_min": 800000000, "price_max": 1500000000, "price_unit": "total", "area_land_m2": null, "area_building_m2": 50.0, "price_per_m2": 20000000, "listing_type": "sale", "sale_or_rent": "jual", "bedroom": null, "bathroom": null, "floor": null, "property_status": "index", "date_listed": "2026-06", "date_updated": "2026-09-13", "data_timestamp": "2026-09-13", "confidence_score": "MEDIUM", "geometry_source": "NEIGHBORHOOD_CENTROID", "corridor_id": "tj-k7", "corridor_type": "existing", "distance_to_corridor": 87.9, "distance_to_station": 122.2, "nearest_station": "Kampung Rambutan", "existing_corridor_id": "tj-k7", "existing_distance_m": 87.9, "masterplan_corridor_id": "MRT_4", "masterplan_distance_m": 329.4, "cascade_corridor_id": "CASTJ16", "cascade_distance_m": 262.0, "price_label": "ESTIMATED MARKET RANGE", "note": "Rumatemu — Ciracas Rp7–12 jt/m²", "cell_id": "106.880:-6.300", "outlier_flag": 0, "price_class": "MAHAL", "local_price_index": 1.143}, "geometry": {"type": "Point", "coordinates": [106.88335, -6.30988]}}, {"type": "Feature", "id": "P-4ff90289de99", "properties": {"property_id": "P-4ff90289de99", "source": "indeks publik 2026", "source_url": "https://rumatemu.com/blog/harga-rumah-jakarta-2026-2/", "source_type": "PUBLIC_INDEX", "category": "RUKO", "sub_category": "ruko", "title": "Ruko Kampung Rambutan", "property_name": "Ruko Kampung Rambutan", "latitude": -6.30908, "longitude": 106.88105, "address": "Ciracas, Jakarta Timur", "district": "Ciracas", "city": "Jakarta Timur", "price": 2000000000, "price_min": 1400000000.0, "price_max": 2800000000.0, "price_unit": "total", "area_land_m2": null, "area_building_m2": 120.0, "price_per_m2": 16666666.666666666, "listing_type": "sale", "sale_or_rent": "jual", "bedroom": null, "bathroom": null, "floor": null, "property_status": "index", "date_listed": "2026-06", "date_updated": "2026-09-13", "data_timestamp": "2026-09-13", "confidence_score": "MEDIUM", "geometry_source": "NEIGHBORHOOD_CENTROID", "corridor_id": "MRT_4", "corridor_type": "masterplan", "distance_to_corridor": 72.5, "distance_to_station": 151.4, "nearest_station": "Kampung Rambutan", "existing_corridor_id": "tj-k7", "existing_distance_m": 137.5, "masterplan_corridor_id": "MRT_4", "masterplan_distance_m": 72.5, "cascade_corridor_id": "CASTJ16", "cascade_distance_m": 275.9, "price_label": "ESTIMATED MARKET RANGE", "note": "Rumatemu — Ciracas Rp7–12 jt/m²", "cell_id": "106.880:-6.300", "outlier_flag": 0, "price_class": "SEDANG", "local_price_index": 0.952}, "geometry": {"type": "Point", "coordinates": [106.88105, -6.30908]}}, {"type": "Feature", "id": "P-24872ea1e73d", "properties": {"property_id": "P-24872ea1e73d", "source": "indeks publik 2026", "source_url": "https://rumatemu.com/blog/harga-rumah-jakarta-2026-2/", "source_type": "PUBLIC_INDEX", "category": "TANAH", "sub_category": "tanah kosong", "title": "Tanah Kampung Rambutan", "property_name": "Tanah Kampung Rambutan", "latitude": -6.31088, "longitude": 106.88255, "address": "Ciracas, Jakarta Timur", "district": "Ciracas", "city": "Jakarta Timur", "price": 2000000000.0, "price_min": 1200000000, "price_max": 4000000000, "price_unit": "total", "area_land_m2": 200.0, "area_building_m2": null, "price_per_m2": 10000000, "listing_type": "sale", "sale_or_rent": "jual", "bedroom": null, "bathroom": null, "floor": null, "property_status": "index", "date_listed": "2026-06", "date_updated": "2026-09-13", "data_timestamp": "2026-09-13", "confidence_score": "MEDIUM", "geometry_source": "NEIGHBORHOOD_CENTROID", "corridor_id": "tj-k7", "corridor_type": "existing", "distance_to_corridor": 132.1, "distance_to_station": 118.9, "nearest_station": "Kampung Rambutan", "existing_corridor_id": "tj-k7", "existing_distance_m": 132.1, "masterplan_corridor_id": "MRT_4", "masterplan_distance_m": 293.6, "cascade_corridor_id": "CASTJ16", "cascade_distance_m": 374.0, "price_label": "ESTIMATED MARKET RANGE", "note": "Rumatemu — Ciracas Rp7–12 jt/m²", "cell_id": "106.880:-6.320", "outlier_flag": 0, "price_class": "MURAH", "local_price_index": 0.6}, "geometry": {"type": "Point", "coordinates": [106.88255, -6.31088]}}, {"type": "Feature", "id": "P-5f1b2b26a164", "properties": {"property_id": "P-5f1b2b26a164", "source": "indeks publik 2026", "source_url": "https://rumatemu.com/blog/harga-rumah-jakarta-2026-2/", "source_type": "PUBLIC_INDEX", "category": "APARTEMEN/KOS", "sub_category": "kos", "title": "Kos Kampung Rambutan", "property_name": "Kos Kampung Rambutan", "latitude": -6.31038, "longitude": 106.88155, "address": "Ciracas, Jakarta Timur", "district": "Ciracas", "city": "Jakarta Timur", "price": 1300000, "price_min": null, "price_max": null, "price_unit": "bulan", "area_land_m2": null, "area_building_m2": null, "price_per_m2": null, "listing_type": "rent", "sale_or_rent": "sewa", "bedroom": null, "bathroom": null, "floor": null, "property_status": "index", "date_listed": "2026-06", "date_updated": "2026-09-13", "data_timestamp": "2026-09-13", "confidence_score": "MEDIUM", "geometry_source": "NEIGHBORHOOD_CENTROID", "corridor_id": "tj-k7", "corridor_type": "existing", "distance_to_corridor": 87.7, "distance_to_station": 86.6, "nearest_station": "Kampung Rambutan", "existing_corridor_id": "tj-k7", "existing_distance_m": 87.7, "masterplan_corridor_id": "MRT_4", "masterplan_distance_m": 173.3, "cascade_corridor_id": "CASTJ16", "cascade_distance_m": 354.0, "price_label": "ESTIMATED MARKET RANGE", "note": "Sewa bulanan kisaran publik, bukan asking unit tertentu", "cell_id": "106.880:-6.320", "outlier_flag": 0, "price_class": "SEDANG", "local_price_index": 1.0}, "geometry": {"type": "Point", "coordinates": [106.88155, -6.31038]}}, {"type": "Feature", "id": "P-c0e0cabf2c8e", "properties": {"property_id": "P-c0e0cabf2c8e", "source": "indeks publik 2026", "source_url": "https://rumatemu.com/blog/harga-rumah-jakarta-2026-2/", "source_type": "PUBLIC_INDEX", "category": "APARTEMEN/KOS", "sub_category": "apartemen", "title": "Apartemen/kos Soekarno-Hatta", "property_name": "Apartemen/kos Soekarno-Hatta", "latitude": -6.127, "longitude": 106.6562, "address": "Benda, Tangerang", "district": "Benda", "city": "Tangerang", "price": 750000000.0, "price_min": 600000000, "price_max": 1125000000, "price_unit": "total", "area_land_m2": null, "area_building_m2": 50.0, "price_per_m2": 15000000, "listing_type": "sale", "sale_or_rent": "jual", "bedroom": null, "bathroom": null, "floor": null, "property_status": "index", "date_listed": "2026-06", "date_updated": "2026-09-13", "data_timestamp": "2026-09-13", "confidence_score": "MEDIUM", "geometry_source": "NEIGHBORHOOD_CENTROID", "corridor_id": "LRT-CASCADE-NEW-01", "corridor_type": "cascade", "distance_to_corridor": 179.0, "distance_to_station": 179.0, "nearest_station": "Bandara Soekarno-Hatta", "existing_corridor_id": "krl-network", "existing_distance_m": 5121.1, "masterplan_corridor_id": "MRT_3", "masterplan_distance_m": 5119.5, "cascade_corridor_id": "LRT-CASCADE-NEW-01", "cascade_distance_m": 179.0, "price_label": "ESTIMATED MARKET RANGE", "note": "Rumatemu — Tangerang second ring", "cell_id": "106.660:-6.120", "outlier_flag": 0, "price_class": "SEDANG", "local_price_index": 0.938}, "geometry": {"type": "Point", "coordinates": [106.6562, -6.127]}}, {"type": "Feature", "id": "P-601f35885294", "properties": {"property_id": "P-601f35885294", "source": "indeks publik 2026", "source_url": "https://rumatemu.com/blog/harga-rumah-jakarta-2026-2/", "source_type": "PUBLIC_INDEX", "category": "RUKO", "sub_category": "ruko", "title": "Ruko Soekarno-Hatta", "property_name": "Ruko Soekarno-Hatta", "latitude": -6.1262, "longitude": 106.6539, "address": "Benda, Tangerang", "district": "Benda", "city": "Tangerang", "price": 2200000000, "price_min": 1540000000.0, "price_max": 3080000000.0, "price_unit": "total", "area_land_m2": null, "area_building_m2": 120.0, "price_per_m2": 18333333.333333332, "listing_type": "sale", "sale_or_rent": "jual", "bedroom": null, "bathroom": null, "floor": null, "property_status": "index", "date_listed": "2026-06", "date_updated": "2026-09-13", "data_timestamp": "2026-09-13", "confidence_score": "MEDIUM", "geometry_source": "NEIGHBORHOOD_CENTROID", "corridor_id": "LRT-CASCADE-NEW-01", "corridor_type": "cascade", "distance_to_corridor": 178.8, "distance_to_station": 178.8, "nearest_station": "Bandara Soekarno-Hatta", "existing_corridor_id": "krl-network", "existing_distance_m": 5256.6, "masterplan_corridor_id": "MRT_3", "masterplan_distance_m": 5250.4, "cascade_corridor_id": "LRT-CASCADE-NEW-01", "cascade_distance_m": 178.8, "price_label": "ESTIMATED MARKET RANGE", "note": "Rumatemu — Tangerang second ring", "cell_id": "106.660:-6.120", "outlier_flag": 0, "price_class": "SEDANG", "local_price_index": 1.146}, "geometry": {"type": "Point", "coordinates": [106.6539, -6.1262]}}, {"type": "Feature", "id": "P-f2bea02514e8", "properties": {"property_id": "P-f2bea02514e8", "source": "indeks publik 2026", "source_url": "https://rumatemu.com/blog/harga-rumah-jakarta-2026-2/", "source_type": "PUBLIC_INDEX", "category": "TANAH", "sub_category": "tanah kosong", "title": "Tanah Soekarno-Hatta", "property_name": "Tanah Soekarno-Hatta", "latitude": -6.128, "longitude": 106.6554, "address": "Benda, Tangerang", "district": "Benda", "city": "Tangerang", "price": 2000000000.0, "price_min": 1200000000, "price_max": 4000000000, "price_unit": "total", "area_land_m2": 200.0, "area_building_m2": null, "price_per_m2": 10000000, "listing_type": "sale", "sale_or_rent": "jual", "bedroom": null, "bathroom": null, "floor": null, "property_status": "index", "date_listed": "2026-06", "date_updated": "2026-09-13", "data_timestamp": "2026-09-13", "confidence_score": "MEDIUM", "geometry_source": "NEIGHBORHOOD_CENTROID", "corridor_id": "LRT-CASCADE-NEW-01", "corridor_type": "cascade", "distance_to_corridor": 266.9, "distance_to_station": 266.9, "nearest_station": "Bandara Soekarno-Hatta", "existing_corridor_id": "krl-network", "existing_distance_m": 5027.4, "masterplan_corridor_id": "MRT_3", "masterplan_distance_m": 5023.7, "cascade_corridor_id": "LRT-CASCADE-NEW-01", "cascade_distance_m": 266.9, "price_label": "ESTIMATED MARKET RANGE", "note": "Rumatemu — Tangerang second ring", "cell_id": "106.660:-6.120", "outlier_flag": 0, "price_class": "MURAH", "local_price_index": 0.625}, "geometry": {"type": "Point", "coordinates": [106.6554, -6.128]}}, {"type": "Feature", "id": "P-4698db3ec9f1", "properties": {"property_id": "P-4698db3ec9f1", "source": "indeks publik 2026", "source_url": "https://rumatemu.com/blog/harga-rumah-jakarta-2026-2/", "source_type": "PUBLIC_INDEX", "category": "APARTEMEN/KOS", "sub_category": "kos", "title": "Kos Soekarno-Hatta", "property_name": "Kos Soekarno-Hatta", "latitude": -6.1275, "longitude": 106.6544, "address": "Benda, Tangerang", "district": "Benda", "city": "Tangerang", "price": 1400000, "price_min": null, "price_max": null, "price_unit": "bulan", "area_land_m2": null, "area_building_m2": null, "price_per_m2": null, "listing_type": "rent", "sale_or_rent": "sewa", "bedroom": null, "bathroom": null, "floor": null, "property_status": "index", "date_listed": "2026-06", "date_updated": "2026-09-13", "data_timestamp": "2026-09-13", "confidence_score": "MEDIUM", "geometry_source": "NEIGHBORHOOD_CENTROID", "corridor_id": "LRT-CASCADE-NEW-01", "corridor_type": "cascade", "distance_to_corridor": 238.5, "distance_to_station": 238.5, "nearest_station": "Bandara Soekarno-Hatta", "existing_corridor_id": "krl-network", "existing_distance_m": 5103.7, "masterplan_corridor_id": "MRT_3", "masterplan_distance_m": 5098.0, "cascade_corridor_id": "LRT-CASCADE-NEW-01", "cascade_distance_m": 238.5, "price_label": "ESTIMATED MARKET RANGE", "note": "Sewa bulanan kisaran publik, bukan asking unit tertentu", "cell_id": "106.660:-6.120", "outlier_flag": 0, "price_class": "SEDANG", "local_price_index": 1.077}, "geometry": {"type": "Point", "coordinates": [106.6544, -6.1275]}}, {"type": "Feature", "id": "P-a0b93920ccaf", "properties": {"property_id": "P-a0b93920ccaf", "source": "indeks publik 2026", "source_url": "https://rumatemu.com/blog/harga-rumah-jakarta-2026-2/", "source_type": "PUBLIC_INDEX", "category": "APARTEMEN/KOS", "sub_category": "apartemen", "title": "Apartemen/kos Mauk", "property_name": "Apartemen/kos Mauk", "latitude": -6.066, "longitude": 106.5242, "address": "Mauk, Tangerang", "district": "Mauk", "city": "Tangerang", "price": 300000000.0, "price_min": 240000000, "price_max": 450000000, "price_unit": "total", "area_land_m2": null, "area_building_m2": 50.0, "price_per_m2": 6000000, "listing_type": "sale", "sale_or_rent": "jual", "bedroom": null, "bathroom": null, "floor": null, "property_status": "index", "date_listed": "2026-06", "date_updated": "2026-09-13", "data_timestamp": "2026-09-13", "confidence_score": "MEDIUM", "geometry_source": "NEIGHBORHOOD_CENTROID", "corridor_id": "KRL-C03-N", "corridor_type": "cascade", "distance_to_corridor": 181.8, "distance_to_station": 203.1, "nearest_station": "Mauk", "existing_corridor_id": "krl-network", "existing_distance_m": 17023.4, "masterplan_corridor_id": "MRT_3", "masterplan_distance_m": 14665.1, "cascade_corridor_id": "KRL-C03-N", "cascade_distance_m": 181.8, "price_label": "ESTIMATED MARKET RANGE", "note": "Rumatemu 2026 — pinggiran Tangerang", "cell_id": "106.520:-6.060", "outlier_flag": 0, "price_class": "MURAH", "local_price_index": 0.375}, "geometry": {"type": "Point", "coordinates": [106.5242, -6.066]}}, {"type": "Feature", "id": "P-cf87945b2293", "properties": {"property_id": "P-cf87945b2293", "source": "indeks publik 2026", "source_url": "https://rumatemu.com/blog/harga-rumah-jakarta-2026-2/", "source_type": "PUBLIC_INDEX", "category": "RUKO", "sub_category": "ruko", "title": "Ruko Mauk", "property_name": "Ruko Mauk", "latitude": -6.0652, "longitude": 106.5219, "address": "Mauk, Tangerang", "district": "Mauk", "city": "Tangerang", "price": 650000000, "price_min": 455000000.0, "price_max": 910000000.0, "price_unit": "total", "area_land_m2": null, "area_building_m2": 120.0, "price_per_m2": 5416666.666666667, "listing_type": "sale", "sale_or_rent": "jual", "bedroom": null, "bathroom": null, "floor": null, "property_status": "index", "date_listed": "2026-06", "date_updated": "2026-09-13", "data_timestamp": "2026-09-13", "confidence_score": "MEDIUM", "geometry_source": "NEIGHBORHOOD_CENTROID", "corridor_id": "KRL-C03-N", "corridor_type": "cascade", "distance_to_corridor": 395.1, "distance_to_station": 250.2, "nearest_station": "Mauk", "existing_corridor_id": "krl-network", "existing_distance_m": 17263.7, "masterplan_corridor_id": "MRT_3", "masterplan_distance_m": 14725.5, "cascade_corridor_id": "KRL-C03-N", "cascade_distance_m": 395.1, "price_label": "ESTIMATED MARKET RANGE", "note": "Rumatemu 2026 — pinggiran Tangerang", "cell_id": "106.520:-6.060", "outlier_flag": 0, "price_class": "MURAH", "local_price_index": 0.339}, "geometry": {"type": "Point", "coordinates": [106.5219, -6.0652]}}, {"type": "Feature", "id": "P-e7d62a122086", "properties": {"property_id": "P-e7d62a122086", "source": "indeks publik 2026", "source_url": "https://rumatemu.com/blog/harga-rumah-jakarta-2026-2/", "source_type": "PUBLIC_INDEX", "category": "TANAH", "sub_category": "tanah kosong", "title": "Tanah Mauk", "property_name": "Tanah Mauk", "latitude": -6.067, "longitude": 106.5234, "address": "Mauk, Tangerang", "district": "Mauk", "city": "Tangerang", "price": 700000000.0, "price_min": 420000000, "price_max": 1400000000, "price_unit": "total", "area_land_m2": 200.0, "area_building_m2": null, "price_per_m2": 3500000, "listing_type": "sale", "sale_or_rent": "jual", "bedroom": null, "bathroom": null, "floor": null, "property_status": "index", "date_listed": "2026-06", "date_updated": "2026-09-13", "data_timestamp": "2026-09-13", "confidence_score": "MEDIUM", "geometry_source": "NEIGHBORHOOD_CENTROID", "corridor_id": "KRL-C03-N", "corridor_type": "cascade", "distance_to_corridor": 320.4, "distance_to_station": 317.3, "nearest_station": "Mauk", "existing_corridor_id": "krl-network", "existing_distance_m": 17004.5, "masterplan_corridor_id": "MRT_3", "masterplan_distance_m": 14545.2, "cascade_corridor_id": "KRL-C03-N", "cascade_distance_m": 320.4, "price_label": "ESTIMATED MARKET RANGE", "note": "Rumatemu 2026 — pinggiran Tangerang", "cell_id": "106.520:-6.060", "outlier_flag": 0, "price_class": "MURAH", "local_price_index": 0.219}, "geometry": {"type": "Point", "coordinates": [106.5234, -6.067]}}, {"type": "Feature", "id": "P-510d530d910c", "properties": {"property_id": "P-510d530d910c", "source": "indeks publik 2026", "source_url": "https://rumatemu.com/blog/harga-rumah-jakarta-2026-2/", "source_type": "PUBLIC_INDEX", "category": "APARTEMEN/KOS", "sub_category": "kos", "title": "Kos Mauk", "property_name": "Kos Mauk", "latitude": -6.0665, "longitude": 106.5224, "address": "Mauk, Tangerang", "district": "Mauk", "city": "Tangerang", "price": 600000, "price_min": null, "price_max": null, "price_unit": "bulan", "area_land_m2": null, "area_building_m2": null, "price_per_m2": null, "listing_type": "rent", "sale_or_rent": "sewa", "bedroom": null, "bathroom": null, "floor": null, "property_status": "index", "date_listed": "2026-06", "date_updated": "2026-09-13", "data_timestamp": "2026-09-13", "confidence_score": "MEDIUM", "geometry_source": "NEIGHBORHOOD_CENTROID", "corridor_id": "KRL-C03-N", "corridor_type": "cascade", "distance_to_corridor": 383.2, "distance_to_station": 306.8, "nearest_station": "Mauk", "existing_corridor_id": "krl-network", "existing_distance_m": 17121.4, "masterplan_corridor_id": "MRT_3", "masterplan_distance_m": 14589.6, "cascade_corridor_id": "KRL-C03-N", "cascade_distance_m": 383.2, "price_label": "ESTIMATED MARKET RANGE", "note": "Sewa bulanan kisaran publik, bukan asking unit tertentu", "cell_id": "106.520:-6.060", "outlier_flag": 0, "price_class": "MURAH", "local_price_index": 0.462}, "geometry": {"type": "Point", "coordinates": [106.5224, -6.0665]}}, {"type": "Feature", "id": "P-be18b5e8ec31", "properties": {"property_id": "P-be18b5e8ec31", "source": "indeks publik 2026", "source_url": "https://rumatemu.com/blog/harga-rumah-jakarta-2026-2/", "source_type": "PUBLIC_INDEX", "category": "APARTEMEN/KOS", "sub_category": "apartemen", "title": "Apartemen/kos Rajeg", "property_name": "Apartemen/kos Rajeg", "latitude": -6.11275, "longitude": 106.51943, "address": "Rajeg, Tangerang", "district": "Rajeg", "city": "Tangerang", "price": 290000000.0, "price_min": 232000000, "price_max": 435000000, "price_unit": "total", "area_land_m2": null, "area_building_m2": 50.0, "price_per_m2": 5800000, "listing_type": "sale", "sale_or_rent": "jual", "bedroom": null, "bathroom": null, "floor": null, "property_status": "index", "date_listed": "2026-06", "date_updated": "2026-09-13", "data_timestamp": "2026-09-13", "confidence_score": "MEDIUM", "geometry_source": "NEIGHBORHOOD_CENTROID", "corridor_id": "KRL-C03-N", "corridor_type": "cascade", "distance_to_corridor": 4146.1, "distance_to_station": 4254.2, "nearest_station": "Buaran Jati", "existing_corridor_id": "krl-network", "existing_distance_m": 14190.8, "masterplan_corridor_id": "MRT_3", "masterplan_distance_m": 9440.2, "cascade_corridor_id": "KRL-C03-N", "cascade_distance_m": 4146.1, "price_label": "ESTIMATED MARKET RANGE", "note": "Rumatemu 2026 — pinggiran Tangerang", "cell_id": "106.520:-6.120", "outlier_flag": 0, "price_class": "MURAH", "local_price_index": 0.362}, "geometry": {"type": "Point", "coordinates": [106.51943, -6.11275]}}, {"type": "Feature", "id": "P-7f632d475fcf", "properties": {"property_id": "P-7f632d475fcf", "source": "indeks publik 2026", "source_url": "https://rumatemu.com/blog/harga-rumah-jakarta-2026-2/", "source_type": "PUBLIC_INDEX", "category": "RUKO", "sub_category": "ruko", "title": "Ruko Rajeg", "property_name": "Ruko Rajeg", "latitude": -6.11195, "longitude": 106.51713, "address": "Rajeg, Tangerang", "district": "Rajeg", "city": "Tangerang", "price": 580000000, "price_min": 406000000.0, "price_max": 812000000.0, "price_unit": "total", "area_land_m2": null, "area_building_m2": 120.0, "price_per_m2": 4833333.333333333, "listing_type": "sale", "sale_or_rent": "jual", "bedroom": null, "bathroom": null, "floor": null, "property_status": "index", "date_listed": "2026-06", "date_updated": "2026-09-13", "data_timestamp": "2026-09-13", "confidence_score": "MEDIUM", "geometry_source": "NEIGHBORHOOD_CENTROID", "corridor_id": "KRL-C03-N", "corridor_type": "cascade", "distance_to_corridor": 4288.4, "distance_to_station": 4415.9, "nearest_station": "Buaran Jati", "existing_corridor_id": "krl-network", "existing_distance_m": 14455.4, "masterplan_corridor_id": "MRT_3", "masterplan_distance_m": 9503.9, "cascade_corridor_id": "KRL-C03-N", "cascade_distance_m": 4288.4, "price_label": "ESTIMATED MARKET RANGE", "note": "Rumatemu 2026 — pinggiran Tangerang", "cell_id": "106.520:-6.120", "outlier_flag": 0, "price_class": "MURAH", "local_price_index": 0.302}, "geometry": {"type": "Point", "coordinates": [106.51713, -6.11195]}}, {"type": "Feature", "id": "P-4d5f17f9626c", "properties": {"property_id": "P-4d5f17f9626c", "source": "indeks publik 2026", "source_url": "https://rumatemu.com/blog/harga-rumah-jakarta-2026-2/", "source_type": "PUBLIC_INDEX", "category": "TANAH", "sub_category": "tanah kosong", "title": "Tanah Rajeg", "property_name": "Tanah Rajeg", "latitude": -6.11375, "longitude": 106.51863, "address": "Rajeg, Tangerang", "district": "Rajeg", "city": "Tangerang", "price": 640000000.0, "price_min": 384000000, "price_max": 1280000000, "price_unit": "total", "area_land_m2": 200.0, "area_building_m2": null, "price_per_m2": 3200000, "listing_type": "sale", "sale_or_rent": "jual", "bedroom": null, "bathroom": null, "floor": null, "property_status": "index", "date_listed": "2026-06", "date_updated": "2026-09-13", "data_timestamp": "2026-09-13", "confidence_score": "MEDIUM", "geometry_source": "NEIGHBORHOOD_CENTROID", "corridor_id": "KRL-C03-N", "corridor_type": "cascade", "distance_to_corridor": 4285.6, "distance_to_station": 4390.8, "nearest_station": "Buaran Jati", "existing_corridor_id": "krl-network", "existing_distance_m": 14212.1, "masterplan_corridor_id": "MRT_3", "masterplan_distance_m": 9320.1, "cascade_corridor_id": "KRL-C03-N", "cascade_distance_m": 4285.6, "price_label": "ESTIMATED MARKET RANGE", "note": "Rumatemu 2026 — pinggiran Tangerang", "cell_id": "106.520:-6.120", "outlier_flag": 0, "price_class": "MURAH", "local_price_index": 0.2}, "geometry": {"type": "Point", "coordinates": [106.51863, -6.11375]}}, {"type": "Feature", "id": "P-ac22e971c97c", "properties": {"property_id": "P-ac22e971c97c", "source": "indeks publik 2026", "source_url": "https://rumatemu.com/blog/harga-rumah-jakarta-2026-2/", "source_type": "PUBLIC_INDEX", "category": "APARTEMEN/KOS", "sub_category": "kos", "title": "Kos Rajeg", "property_name": "Kos Rajeg", "latitude": -6.11325, "longitude": 106.51763, "address": "Rajeg, Tangerang", "district": "Rajeg", "city": "Tangerang", "price": 550000, "price_min": null, "price_max": null, "price_unit": "bulan", "area_land_m2": null, "area_building_m2": null, "price_per_m2": null, "listing_type": "rent", "sale_or_rent": "sewa", "bedroom": null, "bathroom": null, "floor": null, "property_status": "index", "date_listed": "2026-06", "date_updated": "2026-09-13", "data_timestamp": "2026-09-13", "confidence_score": "MEDIUM", "geometry_source": "NEIGHBORHOOD_CENTROID", "corridor_id": "KRL-C03-N", "corridor_type": "cascade", "distance_to_corridor": 4334.6, "distance_to_station": 4449.3, "nearest_station": "Buaran Jati", "existing_corridor_id": "krl-network", "existing_distance_m": 14335.7, "masterplan_corridor_id": "MRT_3", "masterplan_distance_m": 9364.7, "cascade_corridor_id": "KRL-C03-N", "cascade_distance_m": 4334.6, "price_label": "ESTIMATED MARKET RANGE", "note": "Sewa bulanan kisaran publik, bukan asking unit tertentu", "cell_id": "106.520:-6.120", "outlier_flag": 0, "price_class": "MURAH", "local_price_index": 0.423}, "geometry": {"type": "Point", "coordinates": [106.51763, -6.11325]}}, {"type": "Feature", "id": "P-482cd6737f80", "properties": {"property_id": "P-482cd6737f80", "source": "indeks publik 2026", "source_url": "https://rumatemu.com/blog/harga-rumah-jakarta-2026-2/", "source_type": "PUBLIC_INDEX", "category": "APARTEMEN/KOS", "sub_category": "apartemen", "title": "Apartemen/kos Curug", "property_name": "Apartemen/kos Curug", "latitude": -6.23906, "longitude": 106.56715, "address": "Curug, Tangerang", "district": "Curug", "city": "Tangerang", "price": 350000000.0, "price_min": 280000000, "price_max": 525000000, "price_unit": "total", "area_land_m2": null, "area_building_m2": 50.0, "price_per_m2": 7000000, "listing_type": "sale", "sale_or_rent": "jual", "bedroom": null, "bathroom": null, "floor": null, "property_status": "index", "date_listed": "2026-06", "date_updated": "2026-09-13", "data_timestamp": "2026-09-13", "confidence_score": "MEDIUM", "geometry_source": "NEIGHBORHOOD_CENTROID", "corridor_id": "KRL-C03-S", "corridor_type": "cascade", "distance_to_corridor": 605.8, "distance_to_station": 598.2, "nearest_station": "Kadujaya", "existing_corridor_id": "krl-network", "existing_distance_m": 9843.0, "masterplan_corridor_id": "MRT_3", "masterplan_distance_m": 4869.5, "cascade_corridor_id": "KRL-C03-S", "cascade_distance_m": 605.8, "price_label": "ESTIMATED MARKET RANGE", "note": "Rumatemu 2026 — Tangerang barat", "cell_id": "106.560:-6.240", "outlier_flag": 0, "price_class": "MURAH", "local_price_index": 0.438}, "geometry": {"type": "Point", "coordinates": [106.56715, -6.23906]}}, {"type": "Feature", "id": "P-75baec8bc336", "properties": {"property_id": "P-75baec8bc336", "source": "indeks publik 2026", "source_url": "https://rumatemu.com/blog/harga-rumah-jakarta-2026-2/", "source_type": "PUBLIC_INDEX", "category": "RUKO", "sub_category": "ruko", "title": "Ruko Curug", "property_name": "Ruko Curug", "latitude": -6.23826, "longitude": 106.56485, "address": "Curug, Tangerang", "district": "Curug", "city": "Tangerang", "price": 750000000, "price_min": 524999999.99999994, "price_max": 1049999999.9999999, "price_unit": "total", "area_land_m2": null, "area_building_m2": 120.0, "price_per_m2": 6250000.0, "listing_type": "sale", "sale_or_rent": "jual", "bedroom": null, "bathroom": null, "floor": null, "property_status": "index", "date_listed": "2026-06", "date_updated": "2026-09-13", "data_timestamp": "2026-09-13", "confidence_score": "MEDIUM", "geometry_source": "NEIGHBORHOOD_CENTROID", "corridor_id": "KRL-C03-S", "corridor_type": "cascade", "distance_to_corridor": 502.2, "distance_to_station": 376.8, "nearest_station": "Kadujaya", "existing_corridor_id": "krl-network", "existing_distance_m": 9964.2, "masterplan_corridor_id": "MRT_3", "masterplan_distance_m": 4730.8, "cascade_corridor_id": "KRL-C03-S", "cascade_distance_m": 502.2, "price_label": "ESTIMATED MARKET RANGE", "note": "Rumatemu 2026 — Tangerang barat", "cell_id": "106.560:-6.240", "outlier_flag": 0, "price_class": "MURAH", "local_price_index": 0.391}, "geometry": {"type": "Point", "coordinates": [106.56485, -6.23826]}}, {"type": "Feature", "id": "P-347c4a665065", "properties": {"property_id": "P-347c4a665065", "source": "indeks publik 2026", "source_url": "https://rumatemu.com/blog/harga-rumah-jakarta-2026-2/", "source_type": "PUBLIC_INDEX", "category": "TANAH", "sub_category": "tanah kosong", "title": "Tanah Curug", "property_name": "Tanah Curug", "latitude": -6.24006, "longitude": 106.56635, "address": "Curug, Tangerang", "district": "Curug", "city": "Tangerang", "price": 800000000.0, "price_min": 480000000, "price_max": 1600000000, "price_unit": "total", "area_land_m2": 200.0, "area_building_m2": null, "price_per_m2": 4000000, "listing_type": "sale", "sale_or_rent": "jual", "bedroom": null, "bathroom": null, "floor": null, "property_status": "index", "date_listed": "2026-06", "date_updated": "2026-09-13", "data_timestamp": "2026-09-13", "confidence_score": "MEDIUM", "geometry_source": "NEIGHBORHOOD_CENTROID", "corridor_id": "KRL-C03-S", "corridor_type": "cascade", "distance_to_corridor": 465.4, "distance_to_station": 506.3, "nearest_station": "Kadujaya", "existing_corridor_id": "krl-network", "existing_distance_m": 9984.1, "masterplan_corridor_id": "MRT_3", "masterplan_distance_m": 4959.1, "cascade_corridor_id": "KRL-C03-S", "cascade_distance_m": 465.4, "price_label": "ESTIMATED MARKET RANGE", "note": "Rumatemu 2026 — Tangerang barat", "cell_id": "106.560:-6.240", "outlier_flag": 0, "price_class": "MURAH", "local_price_index": 0.25}, "geometry": {"type": "Point", "coordinates": [106.56635, -6.24006]}}, {"type": "Feature", "id": "P-a3d2af1ac241", "properties": {"property_id": "P-a3d2af1ac241", "source": "indeks publik 2026", "source_url": "https://rumatemu.com/blog/harga-rumah-jakarta-2026-2/", "source_type": "PUBLIC_INDEX", "category": "APARTEMEN/KOS", "sub_category": "kos", "title": "Kos Curug", "property_name": "Kos Curug", "latitude": -6.23956, "longitude": 106.56535, "address": "Curug, Tangerang", "district": "Curug", "city": "Tangerang", "price": 650000, "price_min": null, "price_max": null, "price_unit": "bulan", "area_land_m2": null, "area_building_m2": null, "price_per_m2": null, "listing_type": "rent", "sale_or_rent": "sewa", "bedroom": null, "bathroom": null, "floor": null, "property_status": "index", "date_listed": "2026-06", "date_updated": "2026-09-13", "data_timestamp": "2026-09-13", "confidence_score": "MEDIUM", "geometry_source": "NEIGHBORHOOD_CENTROID", "corridor_id": "KRL-C03-S", "corridor_type": "cascade", "distance_to_corridor": 434.5, "distance_to_station": 395.0, "nearest_station": "Kadujaya", "existing_corridor_id": "krl-network", "existing_distance_m": 10024.1, "masterplan_corridor_id": "MRT_3", "masterplan_distance_m": 4883.0, "cascade_corridor_id": "KRL-C03-S", "cascade_distance_m": 434.5, "price_label": "ESTIMATED MARKET RANGE", "note": "Sewa bulanan kisaran publik, bukan asking unit tertentu", "cell_id": "106.560:-6.240", "outlier_flag": 0, "price_class": "MURAH", "local_price_index": 0.5}, "geometry": {"type": "Point", "coordinates": [106.56535, -6.23956]}}, {"type": "Feature", "id": "P-63bcd3b03a10", "properties": {"property_id": "P-63bcd3b03a10", "source": "indeks publik 2026", "source_url": "https://rumatemu.com/blog/harga-rumah-jakarta-2026-2/", "source_type": "PUBLIC_INDEX", "category": "APARTEMEN/KOS", "sub_category": "apartemen", "title": "Apartemen/kos Legok", "property_name": "Apartemen/kos Legok", "latitude": -6.30248, "longitude": 106.57586, "address": "Legok, Tangerang", "district": "Legok", "city": "Tangerang", "price": 360000000.0, "price_min": 288000000, "price_max": 540000000, "price_unit": "total", "area_land_m2": null, "area_building_m2": 50.0, "price_per_m2": 7200000, "listing_type": "sale", "sale_or_rent": "jual", "bedroom": null, "bathroom": null, "floor": null, "property_status": "index", "date_listed": "2026-06", "date_updated": "2026-09-13", "data_timestamp": "2026-09-13", "confidence_score": "MEDIUM", "geometry_source": "NEIGHBORHOOD_CENTROID", "corridor_id": "KRL-C03-S", "corridor_type": "cascade", "distance_to_corridor": 2943.0, "distance_to_station": 3031.6, "nearest_station": "Serdang Kulon", "existing_corridor_id": "krl-network", "existing_distance_m": 4324.6, "masterplan_corridor_id": "KRL_PP_CITAYAM", "masterplan_distance_m": 4711.8, "cascade_corridor_id": "KRL-C03-S", "cascade_distance_m": 2943.0, "price_label": "ESTIMATED MARKET RANGE", "note": "Rumatemu 2026 — Tangerang barat", "cell_id": "106.580:-6.300", "outlier_flag": 0, "price_class": "MURAH", "local_price_index": 0.45}, "geometry": {"type": "Point", "coordinates": [106.57586, -6.30248]}}, {"type": "Feature", "id": "P-9eb380d08c02", "properties": {"property_id": "P-9eb380d08c02", "source": "indeks publik 2026", "source_url": "https://rumatemu.com/blog/harga-rumah-jakarta-2026-2/", "source_type": "PUBLIC_INDEX", "category": "RUKO", "sub_category": "ruko", "title": "Ruko Legok", "property_name": "Ruko Legok", "latitude": -6.30168, "longitude": 106.57356, "address": "Legok, Tangerang", "district": "Legok", "city": "Tangerang", "price": 780000000, "price_min": 546000000.0, "price_max": 1092000000.0, "price_unit": "total", "area_land_m2": null, "area_building_m2": 120.0, "price_per_m2": 6500000.0, "listing_type": "sale", "sale_or_rent": "jual", "bedroom": null, "bathroom": null, "floor": null, "property_status": "index", "date_listed": "2026-06", "date_updated": "2026-09-13", "data_timestamp": "2026-09-13", "confidence_score": "MEDIUM", "geometry_source": "NEIGHBORHOOD_CENTROID", "corridor_id": "KRL-C03-S", "corridor_type": "cascade", "distance_to_corridor": 2679.7, "distance_to_station": 2763.4, "nearest_station": "Serdang Kulon", "existing_corridor_id": "krl-network", "existing_distance_m": 4507.4, "masterplan_corridor_id": "KRL_PP_CITAYAM", "masterplan_distance_m": 4764.2, "cascade_corridor_id": "KRL-C03-S", "cascade_distance_m": 2679.7, "price_label": "ESTIMATED MARKET RANGE", "note": "Rumatemu 2026 — Tangerang barat", "cell_id": "106.580:-6.300", "outlier_flag": 0, "price_class": "MURAH", "local_price_index": 0.406}, "geometry": {"type": "Point", "coordinates": [106.57356, -6.30168]}}, {"type": "Feature", "id": "P-7db27305dfbc", "properties": {"property_id": "P-7db27305dfbc", "source": "indeks publik 2026", "source_url": "https://rumatemu.com/blog/harga-rumah-jakarta-2026-2/", "source_type": "PUBLIC_INDEX", "category": "TANAH", "sub_category": "tanah kosong", "title": "Tanah Legok", "property_name": "Tanah Legok", "latitude": -6.30348, "longitude": 106.57506, "address": "Legok, Tangerang", "district": "Legok", "city": "Tangerang", "price": 840000000.0, "price_min": 504000000, "price_max": 1680000000, "price_unit": "total", "area_land_m2": 200.0, "area_building_m2": null, "price_per_m2": 4200000, "listing_type": "sale", "sale_or_rent": "jual", "bedroom": null, "bathroom": null, "floor": null, "property_status": "index", "date_listed": "2026-06", "date_updated": "2026-09-13", "data_timestamp": "2026-09-13", "confidence_score": "MEDIUM", "geometry_source": "NEIGHBORHOOD_CENTROID", "corridor_id": "KRL-C03-S", "corridor_type": "cascade", "distance_to_corridor": 2872.8, "distance_to_station": 2999.8, "nearest_station": "Serdang Kulon", "existing_corridor_id": "krl-network", "existing_distance_m": 4256.8, "masterplan_corridor_id": "KRL_PP_CITAYAM", "masterplan_distance_m": 4587.8, "cascade_corridor_id": "KRL-C03-S", "cascade_distance_m": 2872.8, "price_label": "ESTIMATED MARKET RANGE", "note": "Rumatemu 2026 — Tangerang barat", "cell_id": "106.580:-6.300", "outlier_flag": 0, "price_class": "MURAH", "local_price_index": 0.263}, "geometry": {"type": "Point", "coordinates": [106.57506, -6.30348]}}, {"type": "Feature", "id": "P-fa8cca4f0d94", "properties": {"property_id": "P-fa8cca4f0d94", "source": "indeks publik 2026", "source_url": "https://rumatemu.com/blog/harga-rumah-jakarta-2026-2/", "source_type": "PUBLIC_INDEX", "category": "APARTEMEN/KOS", "sub_category": "kos", "title": "Kos Legok", "property_name": "Kos Legok", "latitude": -6.30298, "longitude": 106.57406, "address": "Legok, Tangerang", "district": "Legok", "city": "Tangerang", "price": 650000, "price_min": null, "price_max": null, "price_unit": "bulan", "area_land_m2": null, "area_building_m2": null, "price_per_m2": null, "listing_type": "rent", "sale_or_rent": "sewa", "bedroom": null, "bathroom": null, "floor": null, "property_status": "index", "date_listed": "2026-06", "date_updated": "2026-09-13", "data_timestamp": "2026-09-13", "confidence_score": "MEDIUM", "geometry_source": "NEIGHBORHOOD_CENTROID", "corridor_id": "KRL-C03-S", "corridor_type": "cascade", "distance_to_corridor": 2754.5, "distance_to_station": 2876.1, "nearest_station": "Serdang Kulon", "existing_corridor_id": "krl-network", "existing_distance_m": 4353.0, "masterplan_corridor_id": "KRL_PP_CITAYAM", "masterplan_distance_m": 4627.3, "cascade_corridor_id": "KRL-C03-S", "cascade_distance_m": 2754.5, "price_label": "ESTIMATED MARKET RANGE", "note": "Sewa bulanan kisaran publik, bukan asking unit tertentu", "cell_id": "106.580:-6.300", "outlier_flag": 0, "price_class": "MURAH", "local_price_index": 0.5}, "geometry": {"type": "Point", "coordinates": [106.57406, -6.30298]}}, {"type": "Feature", "id": "P-3806da37a509", "properties": {"property_id": "P-3806da37a509", "source": "indeks publik 2026", "source_url": "https://rumatemu.com/blog/harga-rumah-jakarta-2026-2/", "source_type": "PUBLIC_INDEX", "category": "APARTEMEN/KOS", "sub_category": "apartemen", "title": "Apartemen/kos Bitung", "property_name": "Apartemen/kos Bitung", "latitude": -6.2086, "longitude": 106.5758, "address": "Batuceper, Tangerang", "district": "Batuceper", "city": "Tangerang", "price": 400000000.0, "price_min": 320000000, "price_max": 600000000, "price_unit": "total", "area_land_m2": null, "area_building_m2": 50.0, "price_per_m2": 8000000, "listing_type": "sale", "sale_or_rent": "jual", "bedroom": null, "bathroom": null, "floor": null, "property_status": "index", "date_listed": "2026-06", "date_updated": "2026-09-13", "data_timestamp": "2026-09-13", "confidence_score": "MEDIUM", "geometry_source": "NEIGHBORHOOD_CENTROID", "corridor_id": "KRL-C03-S", "corridor_type": "cascade", "distance_to_corridor": 804.2, "distance_to_station": 1018.6, "nearest_station": "Cikupa", "existing_corridor_id": "krl-network", "existing_distance_m": 6999.9, "masterplan_corridor_id": "MRT_3", "masterplan_distance_m": 1738.1, "cascade_corridor_id": "KRL-C03-S", "cascade_distance_m": 804.2, "price_label": "ESTIMATED MARKET RANGE", "note": "Rumatemu 2026 — Tangerang", "cell_id": "106.580:-6.200", "outlier_flag": 0, "price_class": "MURAH", "local_price_index": 0.5}, "geometry": {"type": "Point", "coordinates": [106.5758, -6.2086]}}, {"type": "Feature", "id": "P-60d0e2dbceff", "properties": {"property_id": "P-60d0e2dbceff", "source": "indeks publik 2026", "source_url": "https://rumatemu.com/blog/harga-rumah-jakarta-2026-2/", "source_type": "PUBLIC_INDEX", "category": "RUKO", "sub_category": "ruko", "title": "Ruko Bitung", "property_name": "Ruko Bitung", "latitude": -6.2078, "longitude": 106.5735, "address": "Batuceper, Tangerang", "district": "Batuceper", "city": "Tangerang", "price": 850000000, "price_min": 595000000.0, "price_max": 1190000000.0, "price_unit": "total", "area_land_m2": null, "area_building_m2": 120.0, "price_per_m2": 7083333.333333333, "listing_type": "sale", "sale_or_rent": "jual", "bedroom": null, "bathroom": null, "floor": null, "property_status": "index", "date_listed": "2026-06", "date_updated": "2026-09-13", "data_timestamp": "2026-09-13", "confidence_score": "MEDIUM", "geometry_source": "NEIGHBORHOOD_CENTROID", "corridor_id": "KRL-C03-S", "corridor_type": "cascade", "distance_to_corridor": 613.0, "distance_to_station": 750.6, "nearest_station": "Cikupa", "existing_corridor_id": "krl-network", "existing_distance_m": 7177.3, "masterplan_corridor_id": "MRT_3", "masterplan_distance_m": 1582.9, "cascade_corridor_id": "KRL-C03-S", "cascade_distance_m": 613.0, "price_label": "ESTIMATED MARKET RANGE", "note": "Rumatemu 2026 — Tangerang", "cell_id": "106.580:-6.200", "outlier_flag": 0, "price_class": "MURAH", "local_price_index": 0.443}, "geometry": {"type": "Point", "coordinates": [106.5735, -6.2078]}}, {"type": "Feature", "id": "P-b7347badade1", "properties": {"property_id": "P-b7347badade1", "source": "indeks publik 2026", "source_url": "https://rumatemu.com/blog/harga-rumah-jakarta-2026-2/", "source_type": "PUBLIC_INDEX", "category": "TANAH", "sub_category": "tanah kosong", "title": "Tanah Bitung", "property_name": "Tanah Bitung", "latitude": -6.2096, "longitude": 106.575, "address": "Batuceper, Tangerang", "district": "Batuceper", "city": "Tangerang", "price": 900000000.0, "price_min": 540000000, "price_max": 1800000000, "price_unit": "total", "area_land_m2": 200.0, "area_building_m2": null, "price_per_m2": 4500000, "listing_type": "sale", "sale_or_rent": "jual", "bedroom": null, "bathroom": null, "floor": null, "property_status": "index", "date_listed": "2026-06", "date_updated": "2026-09-13", "data_timestamp": "2026-09-13", "confidence_score": "MEDIUM", "geometry_source": "NEIGHBORHOOD_CENTROID", "corridor_id": "KRL-C03-S", "corridor_type": "cascade", "distance_to_corridor": 859.5, "distance_to_station": 969.2, "nearest_station": "Cikupa", "existing_corridor_id": "krl-network", "existing_distance_m": 7132.5, "masterplan_corridor_id": "MRT_3", "masterplan_distance_m": 1817.2, "cascade_corridor_id": "KRL-C03-S", "cascade_distance_m": 859.5, "price_label": "ESTIMATED MARKET RANGE", "note": "Rumatemu 2026 — Tangerang", "cell_id": "106.580:-6.200", "outlier_flag": 0, "price_class": "MURAH", "local_price_index": 0.281}, "geometry": {"type": "Point", "coordinates": [106.575, -6.2096]}}, {"type": "Feature", "id": "P-6f3872688d54", "properties": {"property_id": "P-6f3872688d54", "source": "indeks publik 2026", "source_url": "https://rumatemu.com/blog/harga-rumah-jakarta-2026-2/", "source_type": "PUBLIC_INDEX", "category": "APARTEMEN/KOS", "sub_category": "kos", "title": "Kos Bitung", "property_name": "Kos Bitung", "latitude": -6.2091, "longitude": 106.574, "address": "Batuceper, Tangerang", "district": "Batuceper", "city": "Tangerang", "price": 700000, "price_min": null, "price_max": null, "price_unit": "bulan", "area_land_m2": null, "area_building_m2": null, "price_per_m2": null, "listing_type": "rent", "sale_or_rent": "sewa", "bedroom": null, "bathroom": null, "floor": null, "property_status": "index", "date_listed": "2026-06", "date_updated": "2026-09-13", "data_timestamp": "2026-09-13", "confidence_score": "MEDIUM", "geometry_source": "NEIGHBORHOOD_CENTROID", "corridor_id": "KRL-C03-S", "corridor_type": "cascade", "distance_to_corridor": 767.5, "distance_to_station": 845.9, "nearest_station": "Cikupa", "existing_corridor_id": "krl-network", "existing_distance_m": 7199.9, "masterplan_corridor_id": "MRT_3", "masterplan_distance_m": 1735.9, "cascade_corridor_id": "KRL-C03-S", "cascade_distance_m": 767.5, "price_label": "ESTIMATED MARKET RANGE", "note": "Sewa bulanan kisaran publik, bukan asking unit tertentu", "cell_id": "106.580:-6.200", "outlier_flag": 0, "price_class": "MURAH", "local_price_index": 0.538}, "geometry": {"type": "Point", "coordinates": [106.574, -6.2091]}}, {"type": "Feature", "id": "P-16d32e496c07", "properties": {"property_id": "P-16d32e496c07", "source": "indeks publik 2026", "source_url": "https://rumatemu.com/blog/harga-rumah-jakarta-2026-2/", "source_type": "PUBLIC_INDEX", "category": "APARTEMEN/KOS", "sub_category": "apartemen", "title": "Apartemen/kos Parung Panjang", "property_name": "Apartemen/kos Parung Panjang", "latitude": -6.34425, "longitude": 106.56989, "address": "Parung Panjang, Bogor", "district": "Parung Panjang", "city": "Bogor", "price": 325000000.0, "price_min": 260000000, "price_max": 487500000, "price_unit": "total", "area_land_m2": null, "area_building_m2": 50.0, "price_per_m2": 6500000, "listing_type": "sale", "sale_or_rent": "jual", "bedroom": null, "bathroom": null, "floor": null, "property_status": "index", "date_listed": "2026-06", "date_updated": "2026-09-13", "data_timestamp": "2026-09-13", "confidence_score": "MEDIUM", "geometry_source": "NEIGHBORHOOD_CENTROID", "corridor_id": "krl-network", "corridor_type": "existing", "distance_to_corridor": 58.9, "distance_to_station": 132.7, "nearest_station": "Parung Panjang", "existing_corridor_id": "krl-network", "existing_distance_m": 58.9, "masterplan_corridor_id": "KRL_PP_CITAYAM", "masterplan_distance_m": 132.7, "cascade_corridor_id": "KRL-C03-S", "cascade_distance_m": 132.7, "price_label": "ESTIMATED MARKET RANGE", "note": "Rumatemu 2026 — Bogor barat", "cell_id": "106.560:-6.340", "outlier_flag": 0, "price_class": "MURAH", "local_price_index": 0.406}, "geometry": {"type": "Point", "coordinates": [106.56989, -6.34425]}}, {"type": "Feature", "id": "P-777db5b5e737", "properties": {"property_id": "P-777db5b5e737", "source": "indeks publik 2026", "source_url": "https://rumatemu.com/blog/harga-rumah-jakarta-2026-2/", "source_type": "PUBLIC_INDEX", "category": "RUKO", "sub_category": "ruko", "title": "Ruko Parung Panjang", "property_name": "Ruko Parung Panjang", "latitude": -6.34345, "longitude": 106.56759, "address": "Parung Panjang, Bogor", "district": "Parung Panjang", "city": "Bogor", "price": 700000000, "price_min": 489999999.99999994, "price_max": 979999999.9999999, "price_unit": "total", "area_land_m2": null, "area_building_m2": 120.0, "price_per_m2": 5833333.333333333, "listing_type": "sale", "sale_or_rent": "jual", "bedroom": null, "bathroom": null, "floor": null, "property_status": "index", "date_listed": "2026-06", "date_updated": "2026-09-13", "data_timestamp": "2026-09-13", "confidence_score": "MEDIUM", "geometry_source": "NEIGHBORHOOD_CENTROID", "corridor_id": "KRL_PP_CITAYAM", "corridor_type": "masterplan", "distance_to_corridor": 150.6, "distance_to_station": 150.6, "nearest_station": "Parung Panjang", "existing_corridor_id": "krl-network", "existing_distance_m": 216.6, "masterplan_corridor_id": "KRL_PP_CITAYAM", "masterplan_distance_m": 150.6, "cascade_corridor_id": "KRL-C03-S", "cascade_distance_m": 150.6, "price_label": "ESTIMATED MARKET RANGE", "note": "Rumatemu 2026 — Bogor barat", "cell_id": "106.560:-6.340", "outlier_flag": 0, "price_class": "MURAH", "local_price_index": 0.365}, "geometry": {"type": "Point", "coordinates": [106.56759, -6.34345]}}, {"type": "Feature", "id": "P-a4d69a0d78f7", "properties": {"property_id": "P-a4d69a0d78f7", "source": "indeks publik 2026", "source_url": "https://rumatemu.com/blog/harga-rumah-jakarta-2026-2/", "source_type": "PUBLIC_INDEX", "category": "TANAH", "sub_category": "tanah kosong", "title": "Tanah Parung Panjang", "property_name": "Tanah Parung Panjang", "latitude": -6.34525, "longitude": 106.56909, "address": "Parung Panjang, Bogor", "district": "Parung Panjang", "city": "Bogor", "price": 760000000.0, "price_min": 456000000, "price_max": 1520000000, "price_unit": "total", "area_land_m2": 200.0, "area_building_m2": null, "price_per_m2": 3800000, "listing_type": "sale", "sale_or_rent": "jual", "bedroom": null, "bathroom": null, "floor": null, "property_status": "index", "date_listed": "2026-06", "date_updated": "2026-09-13", "data_timestamp": "2026-09-13", "confidence_score": "MEDIUM", "geometry_source": "NEIGHBORHOOD_CENTROID", "corridor_id": "krl-network", "corridor_type": "existing", "distance_to_corridor": 110.7, "distance_to_station": 119.6, "nearest_station": "Parung Panjang", "existing_corridor_id": "krl-network", "existing_distance_m": 110.7, "masterplan_corridor_id": "KRL_PP_CITAYAM", "masterplan_distance_m": 119.6, "cascade_corridor_id": "KRL-C03-S", "cascade_distance_m": 119.6, "price_label": "ESTIMATED MARKET RANGE", "note": "Rumatemu 2026 — Bogor barat", "cell_id": "106.560:-6.340", "outlier_flag": 0, "price_class": "MURAH", "local_price_index": 0.237}, "geometry": {"type": "Point", "coordinates": [106.56909, -6.34525]}}, {"type": "Feature", "id": "P-fa6406319cd8", "properties": {"property_id": "P-fa6406319cd8", "source": "indeks publik 2026", "source_url": "https://rumatemu.com/blog/harga-rumah-jakarta-2026-2/", "source_type": "PUBLIC_INDEX", "category": "APARTEMEN/KOS", "sub_category": "kos", "title": "Kos Parung Panjang", "property_name": "Kos Parung Panjang", "latitude": -6.34475, "longitude": 106.56809, "address": "Parung Panjang, Bogor", "district": "Parung Panjang", "city": "Bogor", "price": 650000, "price_min": null, "price_max": null, "price_unit": "bulan", "area_land_m2": null, "area_building_m2": null, "price_per_m2": null, "listing_type": "rent", "sale_or_rent": "sewa", "bedroom": null, "bathroom": null, "floor": null, "property_status": "index", "date_listed": "2026-06", "date_updated": "2026-09-13", "data_timestamp": "2026-09-13", "confidence_score": "MEDIUM", "geometry_source": "NEIGHBORHOOD_CENTROID", "corridor_id": "KRL-C03-S", "corridor_type": "cascade", "distance_to_corridor": 86.4, "distance_to_station": 86.4, "nearest_station": "Parung Panjang", "existing_corridor_id": "krl-network", "existing_distance_m": 149.2, "masterplan_corridor_id": "KRL_PP_CITAYAM", "masterplan_distance_m": 86.4, "cascade_corridor_id": "KRL-C03-S", "cascade_distance_m": 86.4, "price_label": "ESTIMATED MARKET RANGE", "note": "Sewa bulanan kisaran publik, bukan asking unit tertentu", "cell_id": "106.560:-6.340", "outlier_flag": 0, "price_class": "MURAH", "local_price_index": 0.5}, "geometry": {"type": "Point", "coordinates": [106.56809, -6.34475]}}, {"type": "Feature", "id": "P-0e136b1b0098", "properties": {"property_id": "P-0e136b1b0098", "source": "indeks publik 2026", "source_url": "https://rumatemu.com/blog/harga-rumah-jakarta-2026-2/", "source_type": "PUBLIC_INDEX", "category": "APARTEMEN/KOS", "sub_category": "apartemen", "title": "Apartemen/kos Dramaga IPB", "property_name": "Apartemen/kos Dramaga IPB", "latitude": -6.5574, "longitude": 106.7304, "address": "Dramaga, Bogor", "district": "Dramaga", "city": "Bogor", "price": 425000000.0, "price_min": 340000000, "price_max": 637500000, "price_unit": "total", "area_land_m2": null, "area_building_m2": 50.0, "price_per_m2": 8500000, "listing_type": "sale", "sale_or_rent": "jual", "bedroom": null, "bathroom": null, "floor": null, "property_status": "index", "date_listed": "2026-06", "date_updated": "2026-09-13", "data_timestamp": "2026-09-13", "confidence_score": "MEDIUM", "geometry_source": "NEIGHBORHOOD_CENTROID", "corridor_id": "KRL-C04", "corridor_type": "cascade", "distance_to_corridor": 571.2, "distance_to_station": 490.5, "nearest_station": "Dramaga", "existing_corridor_id": "krl-B", "existing_distance_m": 7215.1, "masterplan_corridor_id": "LRT_BOGOR", "masterplan_distance_m": 10626.0, "cascade_corridor_id": "KRL-C04", "cascade_distance_m": 571.2, "price_label": "ESTIMATED MARKET RANGE", "note": "Rumatemu 2026 — koridor kampus IPB Dramaga", "cell_id": "106.740:-6.560", "outlier_flag": 0, "price_class": "MURAH", "local_price_index": 0.531}, "geometry": {"type": "Point", "coordinates": [106.7304, -6.5574]}}, {"type": "Feature", "id": "P-6b3ea46734b3", "properties": {"property_id": "P-6b3ea46734b3", "source": "indeks publik 2026", "source_url": "https://rumatemu.com/blog/harga-rumah-jakarta-2026-2/", "source_type": "PUBLIC_INDEX", "category": "RUKO", "sub_category": "ruko", "title": "Ruko Dramaga IPB", "property_name": "Ruko Dramaga IPB", "latitude": -6.5566, "longitude": 106.7281, "address": "Dramaga, Bogor", "district": "Dramaga", "city": "Bogor", "price": 1100000000, "price_min": 770000000.0, "price_max": 1540000000.0, "price_unit": "total", "area_land_m2": null, "area_building_m2": 120.0, "price_per_m2": 9166666.666666666, "listing_type": "sale", "sale_or_rent": "jual", "bedroom": null, "bathroom": null, "floor": null, "property_status": "index", "date_listed": "2026-06", "date_updated": "2026-09-13", "data_timestamp": "2026-09-13", "confidence_score": "MEDIUM", "geometry_source": "NEIGHBORHOOD_CENTROID", "corridor_id": "KRL-C04", "corridor_type": "cascade", "distance_to_corridor": 656.6, "distance_to_station": 617.6, "nearest_station": "Dramaga", "existing_corridor_id": "krl-B", "existing_distance_m": 7483.8, "masterplan_corridor_id": "LRT_BOGOR", "masterplan_distance_m": 10892.8, "cascade_corridor_id": "KRL-C04", "cascade_distance_m": 656.6, "price_label": "ESTIMATED MARKET RANGE", "note": "Rumatemu 2026 — koridor kampus IPB Dramaga", "cell_id": "106.720:-6.560", "outlier_flag": 0, "price_class": "MURAH", "local_price_index": 0.573}, "geometry": {"type": "Point", "coordinates": [106.7281, -6.5566]}}, {"type": "Feature", "id": "P-6e7711203b06", "properties": {"property_id": "P-6e7711203b06", "source": "indeks publik 2026", "source_url": "https://rumatemu.com/blog/harga-rumah-jakarta-2026-2/", "source_type": "PUBLIC_INDEX", "category": "TANAH", "sub_category": "tanah kosong", "title": "Tanah Dramaga IPB", "property_name": "Tanah Dramaga IPB", "latitude": -6.5584, "longitude": 106.7296, "address": "Dramaga, Bogor", "district": "Dramaga", "city": "Bogor", "price": 1000000000.0, "price_min": 600000000, "price_max": 2000000000, "price_unit": "total", "area_land_m2": 200.0, "area_building_m2": null, "price_per_m2": 5000000, "listing_type": "sale", "sale_or_rent": "jual", "bedroom": null, "bathroom": null, "floor": null, "property_status": "index", "date_listed": "2026-06", "date_updated": "2026-09-13", "data_timestamp": "2026-09-13", "confidence_score": "MEDIUM", "geometry_source": "NEIGHBORHOOD_CENTROID", "corridor_id": "KRL-C04", "corridor_type": "cascade", "distance_to_corridor": 446.8, "distance_to_station": 381.5, "nearest_station": "Dramaga", "existing_corridor_id": "krl-B", "existing_distance_m": 7271.3, "masterplan_corridor_id": "LRT_BOGOR", "masterplan_distance_m": 10654.8, "cascade_corridor_id": "KRL-C04", "cascade_distance_m": 446.8, "price_label": "ESTIMATED MARKET RANGE", "note": "Rumatemu 2026 — koridor kampus IPB Dramaga", "cell_id": "106.720:-6.560", "outlier_flag": 0, "price_class": "MURAH", "local_price_index": 0.312}, "geometry": {"type": "Point", "coordinates": [106.7296, -6.5584]}}, {"type": "Feature", "id": "P-1dd2827587ae", "properties": {"property_id": "P-1dd2827587ae", "source": "indeks publik 2026", "source_url": "https://rumatemu.com/blog/harga-rumah-jakarta-2026-2/", "source_type": "PUBLIC_INDEX", "category": "APARTEMEN/KOS", "sub_category": "kos", "title": "Kos Dramaga IPB", "property_name": "Kos Dramaga IPB", "latitude": -6.5579, "longitude": 106.7286, "address": "Dramaga, Bogor", "district": "Dramaga", "city": "Bogor", "price": 1200000, "price_min": null, "price_max": null, "price_unit": "bulan", "area_land_m2": null, "area_building_m2": null, "price_per_m2": null, "listing_type": "rent", "sale_or_rent": "sewa", "bedroom": null, "bathroom": null, "floor": null, "property_status": "index", "date_listed": "2026-06", "date_updated": "2026-09-13", "data_timestamp": "2026-09-13", "confidence_score": "MEDIUM", "geometry_source": "NEIGHBORHOOD_CENTROID", "corridor_id": "KRL-C04", "corridor_type": "cascade", "distance_to_corridor": 505.0, "distance_to_station": 462.9, "nearest_station": "Dramaga", "existing_corridor_id": "krl-B", "existing_distance_m": 7392.3, "masterplan_corridor_id": "LRT_BOGOR", "masterplan_distance_m": 10778.5, "cascade_corridor_id": "KRL-C04", "cascade_distance_m": 505.0, "price_label": "ESTIMATED MARKET RANGE", "note": "Sewa bulanan kisaran publik, bukan asking unit tertentu", "cell_id": "106.720:-6.560", "outlier_flag": 0, "price_class": "MURAH", "local_price_index": 0.923}, "geometry": {"type": "Point", "coordinates": [106.7286, -6.5579]}}, {"type": "Feature", "id": "P-47560917cd5c", "properties": {"property_id": "P-47560917cd5c", "source": "indeks publik 2026", "source_url": "https://rumatemu.com/blog/harga-rumah-jakarta-2026-2/", "source_type": "PUBLIC_INDEX", "category": "APARTEMEN/KOS", "sub_category": "apartemen", "title": "Apartemen/kos Leuwiliang", "property_name": "Apartemen/kos Leuwiliang", "latitude": -6.567, "longitude": 106.6332, "address": "Leuwiliang, Bogor", "district": "Leuwiliang", "city": "Bogor", "price": 275000000.0, "price_min": 220000000, "price_max": 412500000, "price_unit": "total", "area_land_m2": null, "area_building_m2": 50.0, "price_per_m2": 5500000, "listing_type": "sale", "sale_or_rent": "jual", "bedroom": null, "bathroom": null, "floor": null, "property_status": "index", "date_listed": "2026-06", "date_updated": "2026-09-13", "data_timestamp": "2026-09-13", "confidence_score": "MEDIUM", "geometry_source": "NEIGHBORHOOD_CENTROID", "corridor_id": "KRL-C04", "corridor_type": "cascade", "distance_to_corridor": 366.1, "distance_to_station": 326.6, "nearest_station": "Leuwiliang", "existing_corridor_id": "krl-network", "existing_distance_m": 17657.5, "masterplan_corridor_id": "KRL_PP_CITAYAM", "masterplan_distance_m": 19692.3, "cascade_corridor_id": "KRL-C04", "cascade_distance_m": 366.1, "price_label": "ESTIMATED MARKET RANGE", "note": "Rumatemu 2026 — Bogor barat", "cell_id": "106.640:-6.560", "outlier_flag": 0, "price_class": "MURAH", "local_price_index": 0.344}, "geometry": {"type": "Point", "coordinates": [106.6332, -6.567]}}, {"type": "Feature", "id": "P-884f34a0091a", "properties": {"property_id": "P-884f34a0091a", "source": "indeks publik 2026", "source_url": "https://rumatemu.com/blog/harga-rumah-jakarta-2026-2/", "source_type": "PUBLIC_INDEX", "category": "RUKO", "sub_category": "ruko", "title": "Ruko Leuwiliang", "property_name": "Ruko Leuwiliang", "latitude": -6.5662, "longitude": 106.6309, "address": "Leuwiliang, Bogor", "district": "Leuwiliang", "city": "Bogor", "price": 550000000, "price_min": 385000000.0, "price_max": 770000000.0, "price_unit": "total", "area_land_m2": null, "area_building_m2": 120.0, "price_per_m2": 4583333.333333333, "listing_type": "sale", "sale_or_rent": "jual", "bedroom": null, "bathroom": null, "floor": null, "property_status": "index", "date_listed": "2026-06", "date_updated": "2026-09-13", "data_timestamp": "2026-09-13", "confidence_score": "MEDIUM", "geometry_source": "NEIGHBORHOOD_CENTROID", "corridor_id": "KRL-C04", "corridor_type": "cascade", "distance_to_corridor": 216.2, "distance_to_station": 256.4, "nearest_station": "Leuwiliang", "existing_corridor_id": "krl-network", "existing_distance_m": 17922.1, "masterplan_corridor_id": "KRL_PP_CITAYAM", "masterplan_distance_m": 19744.9, "cascade_corridor_id": "KRL-C04", "cascade_distance_m": 216.2, "price_label": "ESTIMATED MARKET RANGE", "note": "Rumatemu 2026 — Bogor barat", "cell_id": "106.640:-6.560", "outlier_flag": 0, "price_class": "MURAH", "local_price_index": 0.286}, "geometry": {"type": "Point", "coordinates": [106.6309, -6.5662]}}, {"type": "Feature", "id": "P-698eb15c69b0", "properties": {"property_id": "P-698eb15c69b0", "source": "indeks publik 2026", "source_url": "https://rumatemu.com/blog/harga-rumah-jakarta-2026-2/", "source_type": "PUBLIC_INDEX", "category": "TANAH", "sub_category": "tanah kosong", "title": "Tanah Leuwiliang", "property_name": "Tanah Leuwiliang", "latitude": -6.568, "longitude": 106.6324, "address": "Leuwiliang, Bogor", "district": "Leuwiliang", "city": "Bogor", "price": 600000000.0, "price_min": 360000000, "price_max": 1200000000, "price_unit": "total", "area_land_m2": 200.0, "area_building_m2": null, "price_per_m2": 3000000, "listing_type": "sale", "sale_or_rent": "jual", "bedroom": null, "bathroom": null, "floor": null, "property_status": "index", "date_listed": "2026-06", "date_updated": "2026-09-13", "data_timestamp": "2026-09-13", "confidence_score": "MEDIUM", "geometry_source": "NEIGHBORHOOD_CENTROID", "corridor_id": "KRL-C04", "corridor_type": "cascade", "distance_to_corridor": 262.7, "distance_to_station": 200.5, "nearest_station": "Leuwiliang", "existing_corridor_id": "krl-network", "existing_distance_m": 17728.6, "masterplan_corridor_id": "KRL_PP_CITAYAM", "masterplan_distance_m": 19832.8, "cascade_corridor_id": "KRL-C04", "cascade_distance_m": 262.7, "price_label": "ESTIMATED MARKET RANGE", "note": "Rumatemu 2026 — Bogor barat", "cell_id": "106.640:-6.560", "outlier_flag": 0, "price_class": "MURAH", "local_price_index": 0.188}, "geometry": {"type": "Point", "coordinates": [106.6324, -6.568]}}, {"type": "Feature", "id": "P-6e35382e50ce", "properties": {"property_id": "P-6e35382e50ce", "source": "indeks publik 2026", "source_url": "https://rumatemu.com/blog/harga-rumah-jakarta-2026-2/", "source_type": "PUBLIC_INDEX", "category": "APARTEMEN/KOS", "sub_category": "kos", "title": "Kos Leuwiliang", "property_name": "Kos Leuwiliang", "latitude": -6.5675, "longitude": 106.6314, "address": "Leuwiliang, Bogor", "district": "Leuwiliang", "city": "Bogor", "price": 500000, "price_min": null, "price_max": null, "price_unit": "bulan", "area_land_m2": null, "area_building_m2": null, "price_per_m2": null, "listing_type": "rent", "sale_or_rent": "sewa", "bedroom": null, "bathroom": null, "floor": null, "property_status": "index", "date_listed": "2026-06", "date_updated": "2026-09-13", "data_timestamp": "2026-09-13", "confidence_score": "MEDIUM", "geometry_source": "NEIGHBORHOOD_CENTROID", "corridor_id": "KRL-C04", "corridor_type": "cascade", "distance_to_corridor": 159.7, "distance_to_station": 137.8, "nearest_station": "Leuwiliang", "existing_corridor_id": "krl-network", "existing_distance_m": 17846.0, "masterplan_corridor_id": "KRL_PP_CITAYAM", "masterplan_distance_m": 19840.8, "cascade_corridor_id": "KRL-C04", "cascade_distance_m": 159.7, "price_label": "ESTIMATED MARKET RANGE", "note": "Sewa bulanan kisaran publik, bukan asking unit tertentu", "cell_id": "106.640:-6.560", "outlier_flag": 0, "price_class": "MURAH", "local_price_index": 0.385}, "geometry": {"type": "Point", "coordinates": [106.6314, -6.5675]}}, {"type": "Feature", "id": "P-8cbe35c76fe1", "properties": {"property_id": "P-8cbe35c76fe1", "source": "indeks publik 2026", "source_url": "https://rumatemu.com/blog/harga-rumah-jakarta-2026-2/", "source_type": "PUBLIC_INDEX", "category": "APARTEMEN/KOS", "sub_category": "apartemen", "title": "Apartemen/kos Jasinga", "property_name": "Apartemen/kos Jasinga", "latitude": -6.455, "longitude": 106.4532, "address": "Jasinga, Bogor", "district": "Jasinga", "city": "Bogor", "price": 240000000.0, "price_min": 192000000, "price_max": 360000000, "price_unit": "total", "area_land_m2": null, "area_building_m2": 50.0, "price_per_m2": 4800000, "listing_type": "sale", "sale_or_rent": "jual", "bedroom": null, "bathroom": null, "floor": null, "property_status": "index", "date_listed": "2026-06", "date_updated": "2026-09-13", "data_timestamp": "2026-09-13", "confidence_score": "MEDIUM", "geometry_source": "NEIGHBORHOOD_CENTROID", "corridor_id": "KRL-C04", "corridor_type": "cascade", "distance_to_corridor": 376.2, "distance_to_station": 169.5, "nearest_station": "Jasinga", "existing_corridor_id": "krl-R", "existing_distance_m": 12879.6, "masterplan_corridor_id": "KRL_PP_CITAYAM", "masterplan_distance_m": 17734.6, "cascade_corridor_id": "KRL-C04", "cascade_distance_m": 376.2, "price_label": "ESTIMATED MARKET RANGE", "note": "Rumatemu 2026 — Bogor barat", "cell_id": "106.460:-6.460", "outlier_flag": 0, "price_class": "MURAH", "local_price_index": 0.3}, "geometry": {"type": "Point", "coordinates": [106.4532, -6.455]}}, {"type": "Feature", "id": "P-22e4ea9b602e", "properties": {"property_id": "P-22e4ea9b602e", "source": "indeks publik 2026", "source_url": "https://rumatemu.com/blog/harga-rumah-jakarta-2026-2/", "source_type": "PUBLIC_INDEX", "category": "RUKO", "sub_category": "ruko", "title": "Ruko Jasinga", "property_name": "Ruko Jasinga", "latitude": -6.4542, "longitude": 106.4509, "address": "Jasinga, Bogor", "district": "Jasinga", "city": "Bogor", "price": 420000000, "price_min": 294000000.0, "price_max": 588000000.0, "price_unit": "total", "area_land_m2": null, "area_building_m2": 120.0, "price_per_m2": 3500000.0, "listing_type": "sale", "sale_or_rent": "jual", "bedroom": null, "bathroom": null, "floor": null, "property_status": "index", "date_listed": "2026-06", "date_updated": "2026-09-13", "data_timestamp": "2026-09-13", "confidence_score": "MEDIUM", "geometry_source": "NEIGHBORHOOD_CENTROID", "corridor_id": "KRL-C04", "corridor_type": "cascade", "distance_to_corridor": 116.2, "distance_to_station": 177.6, "nearest_station": "Jasinga", "existing_corridor_id": "krl-R", "existing_distance_m": 12923.4, "masterplan_corridor_id": "KRL_PP_CITAYAM", "masterplan_distance_m": 17857.3, "cascade_corridor_id": "KRL-C04", "cascade_distance_m": 116.2, "price_label": "ESTIMATED MARKET RANGE", "note": "Rumatemu 2026 — Bogor barat", "cell_id": "106.460:-6.460", "outlier_flag": 0, "price_class": "MURAH", "local_price_index": 0.219}, "geometry": {"type": "Point", "coordinates": [106.4509, -6.4542]}}, {"type": "Feature", "id": "P-0b914d554949", "properties": {"property_id": "P-0b914d554949", "source": "indeks publik 2026", "source_url": "https://rumatemu.com/blog/harga-rumah-jakarta-2026-2/", "source_type": "PUBLIC_INDEX", "category": "TANAH", "sub_category": "tanah kosong", "title": "Tanah Jasinga", "property_name": "Tanah Jasinga", "latitude": -6.456, "longitude": 106.4524, "address": "Jasinga, Bogor", "district": "Jasinga", "city": "Bogor", "price": 500000000.0, "price_min": 300000000, "price_max": 1000000000, "price_unit": "total", "area_land_m2": 200.0, "area_building_m2": null, "price_per_m2": 2500000, "listing_type": "sale", "sale_or_rent": "jual", "bedroom": null, "bathroom": null, "floor": null, "property_status": "index", "date_listed": "2026-06", "date_updated": "2026-09-13", "data_timestamp": "2026-09-13", "confidence_score": "MEDIUM", "geometry_source": "NEIGHBORHOOD_CENTROID", "corridor_id": "KRL-C04", "corridor_type": "cascade", "distance_to_corridor": 335.6, "distance_to_station": 86.3, "nearest_station": "Jasinga", "existing_corridor_id": "krl-R", "existing_distance_m": 13019.3, "masterplan_corridor_id": "KRL_PP_CITAYAM", "masterplan_distance_m": 17875.4, "cascade_corridor_id": "KRL-C04", "cascade_distance_m": 335.6, "price_label": "ESTIMATED MARKET RANGE", "note": "Rumatemu 2026 — Bogor barat", "cell_id": "106.460:-6.460", "outlier_flag": 0, "price_class": "MURAH", "local_price_index": 0.156}, "geometry": {"type": "Point", "coordinates": [106.4524, -6.456]}}, {"type": "Feature", "id": "P-7205044051cf", "properties": {"property_id": "P-7205044051cf", "source": "indeks publik 2026", "source_url": "https://rumatemu.com/blog/harga-rumah-jakarta-2026-2/", "source_type": "PUBLIC_INDEX", "category": "APARTEMEN/KOS", "sub_category": "kos", "title": "Kos Jasinga", "property_name": "Kos Jasinga", "latitude": -6.4555, "longitude": 106.4514, "address": "Jasinga, Bogor", "district": "Jasinga", "city": "Bogor", "price": 400000, "price_min": null, "price_max": null, "price_unit": "bulan", "area_land_m2": null, "area_building_m2": null, "price_per_m2": null, "listing_type": "rent", "sale_or_rent": "sewa", "bedroom": null, "bathroom": null, "floor": null, "property_status": "index", "date_listed": "2026-06", "date_updated": "2026-09-13", "data_timestamp": "2026-09-13", "confidence_score": "MEDIUM", "geometry_source": "NEIGHBORHOOD_CENTROID", "corridor_id": "KRL-C04", "corridor_type": "cascade", "distance_to_corridor": 213.1, "distance_to_station": 40.9, "nearest_station": "Jasinga", "existing_corridor_id": "krl-R", "existing_distance_m": 13023.1, "masterplan_corridor_id": "KRL_PP_CITAYAM", "masterplan_distance_m": 17916.6, "cascade_corridor_id": "KRL-C04", "cascade_distance_m": 213.1, "price_label": "ESTIMATED MARKET RANGE", "note": "Sewa bulanan kisaran publik, bukan asking unit tertentu", "cell_id": "106.460:-6.460", "outlier_flag": 0, "price_class": "MURAH", "local_price_index": 0.308}, "geometry": {"type": "Point", "coordinates": [106.4514, -6.4555]}}, {"type": "Feature", "id": "P-8807dc5a1630", "properties": {"property_id": "P-8807dc5a1630", "source": "indeks publik 2026", "source_url": "https://rumatemu.com/blog/harga-rumah-jakarta-2026-2/", "source_type": "PUBLIC_INDEX", "category": "APARTEMEN/KOS", "sub_category": "apartemen", "title": "Apartemen/kos Maja", "property_name": "Apartemen/kos Maja", "latitude": -6.33183, "longitude": 106.39613, "address": "Maja, Lebak", "district": "Maja", "city": "Lebak", "price": 260000000.0, "price_min": 208000000, "price_max": 390000000, "price_unit": "total", "area_land_m2": null, "area_building_m2": 50.0, "price_per_m2": 5200000, "listing_type": "sale", "sale_or_rent": "jual", "bedroom": null, "bathroom": null, "floor": null, "property_status": "index", "date_listed": "2026-06", "date_updated": "2026-09-13", "data_timestamp": "2026-09-13", "confidence_score": "MEDIUM", "geometry_source": "NEIGHBORHOOD_CENTROID", "corridor_id": "krl-R", "corridor_type": "existing", "distance_to_corridor": 132.4, "distance_to_station": 132.4, "nearest_station": "Maja", "existing_corridor_id": "krl-R", "existing_distance_m": 132.4, "masterplan_corridor_id": "MRT_3", "masterplan_distance_m": 17294.3, "cascade_corridor_id": "KRL-C04", "cascade_distance_m": 132.4, "price_label": "ESTIMATED MARKET RANGE", "note": "Rumatemu 2026 — Lebak / ujung KRL Rangkasbitung", "cell_id": "106.400:-6.340", "outlier_flag": 0, "price_class": "MURAH", "local_price_index": 0.325}, "geometry": {"type": "Point", "coordinates": [106.39613, -6.33183]}}, {"type": "Feature", "id": "P-bb10521425ba", "properties": {"property_id": "P-bb10521425ba", "source": "indeks publik 2026", "source_url": "https://rumatemu.com/blog/harga-rumah-jakarta-2026-2/", "source_type": "PUBLIC_INDEX", "category": "RUKO", "sub_category": "ruko", "title": "Ruko Maja", "property_name": "Ruko Maja", "latitude": -6.33103, "longitude": 106.39383, "address": "Maja, Lebak", "district": "Maja", "city": "Lebak", "price": 480000000, "price_min": 336000000.0, "price_max": 672000000.0, "price_unit": "total", "area_land_m2": null, "area_building_m2": 120.0, "price_per_m2": 4000000.0, "listing_type": "sale", "sale_or_rent": "jual", "bedroom": null, "bathroom": null, "floor": null, "property_status": "index", "date_listed": "2026-06", "date_updated": "2026-09-13", "data_timestamp": "2026-09-13", "confidence_score": "MEDIUM", "geometry_source": "NEIGHBORHOOD_CENTROID", "corridor_id": "krl-network", "corridor_type": "existing", "distance_to_corridor": 119.2, "distance_to_station": 150.8, "nearest_station": "Maja", "existing_corridor_id": "krl-network", "existing_distance_m": 119.2, "masterplan_corridor_id": "MRT_3", "masterplan_distance_m": 17324.2, "cascade_corridor_id": "KRL-C04", "cascade_distance_m": 150.8, "price_label": "ESTIMATED MARKET RANGE", "note": "Rumatemu 2026 — Lebak / ujung KRL Rangkasbitung", "cell_id": "106.400:-6.340", "outlier_flag": 0, "price_class": "MURAH", "local_price_index": 0.25}, "geometry": {"type": "Point", "coordinates": [106.39383, -6.33103]}}, {"type": "Feature", "id": "P-1a815c677d84", "properties": {"property_id": "P-1a815c677d84", "source": "indeks publik 2026", "source_url": "https://rumatemu.com/blog/harga-rumah-jakarta-2026-2/", "source_type": "PUBLIC_INDEX", "category": "TANAH", "sub_category": "tanah kosong", "title": "Tanah Maja", "property_name": "Tanah Maja", "latitude": -6.33283, "longitude": 106.39533, "address": "Maja, Lebak", "district": "Maja", "city": "Lebak", "price": 560000000.0, "price_min": 336000000, "price_max": 1120000000, "price_unit": "total", "area_land_m2": 200.0, "area_building_m2": null, "price_per_m2": 2800000, "listing_type": "sale", "sale_or_rent": "jual", "bedroom": null, "bathroom": null, "floor": null, "property_status": "index", "date_listed": "2026-06", "date_updated": "2026-09-13", "data_timestamp": "2026-09-13", "confidence_score": "MEDIUM", "geometry_source": "NEIGHBORHOOD_CENTROID", "corridor_id": "krl-R", "corridor_type": "existing", "distance_to_corridor": 119.5, "distance_to_station": 119.5, "nearest_station": "Maja", "existing_corridor_id": "krl-R", "existing_distance_m": 119.5, "masterplan_corridor_id": "MRT_3", "masterplan_distance_m": 17432.6, "cascade_corridor_id": "KRL-C04", "cascade_distance_m": 119.6, "price_label": "ESTIMATED MARKET RANGE", "note": "Rumatemu 2026 — Lebak / ujung KRL Rangkasbitung", "cell_id": "106.400:-6.340", "outlier_flag": 0, "price_class": "MURAH", "local_price_index": 0.175}, "geometry": {"type": "Point", "coordinates": [106.39533, -6.33283]}}, {"type": "Feature", "id": "P-bdf01ad82a9c", "properties": {"property_id": "P-bdf01ad82a9c", "source": "indeks publik 2026", "source_url": "https://rumatemu.com/blog/harga-rumah-jakarta-2026-2/", "source_type": "PUBLIC_INDEX", "category": "APARTEMEN/KOS", "sub_category": "kos", "title": "Kos Maja", "property_name": "Kos Maja", "latitude": -6.33233, "longitude": 106.39433, "address": "Maja, Lebak", "district": "Maja", "city": "Lebak", "price": 450000, "price_min": null, "price_max": null, "price_unit": "bulan", "area_land_m2": null, "area_building_m2": null, "price_per_m2": null, "listing_type": "rent", "sale_or_rent": "sewa", "bedroom": null, "bathroom": null, "floor": null, "property_status": "index", "date_listed": "2026-06", "date_updated": "2026-09-13", "data_timestamp": "2026-09-13", "confidence_score": "MEDIUM", "geometry_source": "NEIGHBORHOOD_CENTROID", "corridor_id": "krl-network", "corridor_type": "existing", "distance_to_corridor": 77.5, "distance_to_station": 86.7, "nearest_station": "Maja", "existing_corridor_id": "krl-network", "existing_distance_m": 77.5, "masterplan_corridor_id": "MRT_3", "masterplan_distance_m": 17430.1, "cascade_corridor_id": "KRL-C04", "cascade_distance_m": 86.7, "price_label": "ESTIMATED MARKET RANGE", "note": "Sewa bulanan kisaran publik, bukan asking unit tertentu", "cell_id": "106.400:-6.340", "outlier_flag": 0, "price_class": "MURAH", "local_price_index": 0.346}, "geometry": {"type": "Point", "coordinates": [106.39433, -6.33233]}}, {"type": "Feature", "id": "P-c46811e67621", "properties": {"property_id": "P-c46811e67621", "source": "indeks publik 2026", "source_url": "https://rumatemu.com/blog/harga-rumah-jakarta-2026-2/", "source_type": "PUBLIC_INDEX", "category": "APARTEMEN/KOS", "sub_category": "apartemen", "title": "Apartemen/kos Sentul", "property_name": "Apartemen/kos Sentul", "latitude": -6.5324, "longitude": 106.8561, "address": "Babakan Madang, Bogor", "district": "Babakan Madang", "city": "Bogor", "price": 600000000.0, "price_min": 480000000, "price_max": 900000000, "price_unit": "total", "area_land_m2": null, "area_building_m2": 50.0, "price_per_m2": 12000000, "listing_type": "sale", "sale_or_rent": "jual", "bedroom": null, "bathroom": null, "floor": null, "property_status": "index", "date_listed": "2026-06", "date_updated": "2026-09-13", "data_timestamp": "2026-09-13", "confidence_score": "MEDIUM", "geometry_source": "NEIGHBORHOOD_CENTROID", "corridor_id": "KRL-C04", "corridor_type": "cascade", "distance_to_corridor": 127.6, "distance_to_station": 127.6, "nearest_station": "Sentul", "existing_corridor_id": "krl-network", "existing_distance_m": 6122.3, "masterplan_corridor_id": "LRT_BOGOR", "masterplan_distance_m": 483.5, "cascade_corridor_id": "KRL-C04", "cascade_distance_m": 127.6, "price_label": "ESTIMATED MARKET RANGE", "note": "Rumatemu 2026 — Sentul / kota penyangga", "cell_id": "106.860:-6.540", "outlier_flag": 0, "price_class": "SEDANG", "local_price_index": 0.75}, "geometry": {"type": "Point", "coordinates": [106.8561, -6.5324]}}, {"type": "Feature", "id": "P-443f58520154", "properties": {"property_id": "P-443f58520154", "source": "indeks publik 2026", "source_url": "https://rumatemu.com/blog/harga-rumah-jakarta-2026-2/", "source_type": "PUBLIC_INDEX", "category": "RUKO", "sub_category": "ruko", "title": "Ruko Sentul", "property_name": "Ruko Sentul", "latitude": -6.5316, "longitude": 106.8538, "address": "Babakan Madang, Bogor", "district": "Babakan Madang", "city": "Bogor", "price": 1800000000, "price_min": 1260000000.0, "price_max": 2520000000.0, "price_unit": "total", "area_land_m2": null, "area_building_m2": 120.0, "price_per_m2": 15000000.0, "listing_type": "sale", "sale_or_rent": "jual", "bedroom": null, "bathroom": null, "floor": null, "property_status": "index", "date_listed": "2026-06", "date_updated": "2026-09-13", "data_timestamp": "2026-09-13", "confidence_score": "MEDIUM", "geometry_source": "NEIGHBORHOOD_CENTROID", "corridor_id": "KRL-C04", "corridor_type": "cascade", "distance_to_corridor": 155.5, "distance_to_station": 155.5, "nearest_station": "Sentul", "existing_corridor_id": "krl-network", "existing_distance_m": 5859.9, "masterplan_corridor_id": "LRT_BOGOR", "masterplan_distance_m": 672.6, "cascade_corridor_id": "KRL-C04", "cascade_distance_m": 155.5, "price_label": "ESTIMATED MARKET RANGE", "note": "Rumatemu 2026 — Sentul / kota penyangga", "cell_id": "106.860:-6.540", "outlier_flag": 0, "price_class": "SEDANG", "local_price_index": 0.938}, "geometry": {"type": "Point", "coordinates": [106.8538, -6.5316]}}, {"type": "Feature", "id": "P-ac7b08130feb", "properties": {"property_id": "P-ac7b08130feb", "source": "indeks publik 2026", "source_url": "https://rumatemu.com/blog/harga-rumah-jakarta-2026-2/", "source_type": "PUBLIC_INDEX", "category": "TANAH", "sub_category": "tanah kosong", "title": "Tanah Sentul", "property_name": "Tanah Sentul", "latitude": -6.5334, "longitude": 106.8553, "address": "Babakan Madang, Bogor", "district": "Babakan Madang", "city": "Bogor", "price": 1400000000.0, "price_min": 840000000, "price_max": 2800000000, "price_unit": "total", "area_land_m2": 200.0, "area_building_m2": null, "price_per_m2": 7000000, "listing_type": "sale", "sale_or_rent": "jual", "bedroom": null, "bathroom": null, "floor": null, "property_status": "index", "date_listed": "2026-06", "date_updated": "2026-09-13", "data_timestamp": "2026-09-13", "confidence_score": "MEDIUM", "geometry_source": "NEIGHBORHOOD_CENTROID", "corridor_id": "KRL-C04", "corridor_type": "cascade", "distance_to_corridor": 116.5, "distance_to_station": 116.5, "nearest_station": "Sentul", "existing_corridor_id": "krl-B", "existing_distance_m": 6045.1, "masterplan_corridor_id": "LRT_BOGOR", "masterplan_distance_m": 601.8, "cascade_corridor_id": "KRL-C04", "cascade_distance_m": 116.5, "price_label": "ESTIMATED MARKET RANGE", "note": "Rumatemu 2026 — Sentul / kota penyangga", "cell_id": "106.860:-6.540", "outlier_flag": 0, "price_class": "MURAH", "local_price_index": 0.438}, "geometry": {"type": "Point", "coordinates": [106.8553, -6.5334]}}, {"type": "Feature", "id": "P-ba1a23c6420a", "properties": {"property_id": "P-ba1a23c6420a", "source": "indeks publik 2026", "source_url": "https://rumatemu.com/blog/harga-rumah-jakarta-2026-2/", "source_type": "PUBLIC_INDEX", "category": "APARTEMEN/KOS", "sub_category": "kos", "title": "Kos Sentul", "property_name": "Kos Sentul", "latitude": -6.5329, "longitude": 106.8543, "address": "Babakan Madang, Bogor", "district": "Babakan Madang", "city": "Bogor", "price": 1200000, "price_min": null, "price_max": null, "price_unit": "bulan", "area_land_m2": null, "area_building_m2": null, "price_per_m2": null, "listing_type": "rent", "sale_or_rent": "sewa", "bedroom": null, "bathroom": null, "floor": null, "property_status": "index", "date_listed": "2026-06", "date_updated": "2026-09-13", "data_timestamp": "2026-09-13", "confidence_score": "MEDIUM", "geometry_source": "NEIGHBORHOOD_CENTROID", "corridor_id": "KRL-C04", "corridor_type": "cascade", "distance_to_corridor": 89.5, "distance_to_station": 89.5, "nearest_station": "Sentul", "existing_corridor_id": "krl-network", "existing_distance_m": 5931.7, "masterplan_corridor_id": "LRT_BOGOR", "masterplan_distance_m": 680.4, "cascade_corridor_id": "KRL-C04", "cascade_distance_m": 89.5, "price_label": "ESTIMATED MARKET RANGE", "note": "Sewa bulanan kisaran publik, bukan asking unit tertentu", "cell_id": "106.860:-6.540", "outlier_flag": 0, "price_class": "MURAH", "local_price_index": 0.923}, "geometry": {"type": "Point", "coordinates": [106.8543, -6.5329]}}, {"type": "Feature", "id": "P-04985f893bef", "properties": {"property_id": "P-04985f893bef", "source": "indeks publik 2026", "source_url": "https://rumatemu.com/blog/harga-rumah-jakarta-2026-2/", "source_type": "PUBLIC_INDEX", "category": "APARTEMEN/KOS", "sub_category": "apartemen", "title": "Apartemen/kos Jonggol", "property_name": "Apartemen/kos Jonggol", "latitude": -6.4667, "longitude": 107.0659, "address": "Jonggol, Bogor", "district": "Jonggol", "city": "Bogor", "price": 275000000.0, "price_min": 220000000, "price_max": 412500000, "price_unit": "total", "area_land_m2": null, "area_building_m2": 50.0, "price_per_m2": 5500000, "listing_type": "sale", "sale_or_rent": "jual", "bedroom": null, "bathroom": null, "floor": null, "property_status": "index", "date_listed": "2026-06", "date_updated": "2026-09-13", "data_timestamp": "2026-09-13", "confidence_score": "MEDIUM", "geometry_source": "NEIGHBORHOOD_CENTROID", "corridor_id": "MRT-CASCADE-03", "corridor_type": "cascade", "distance_to_corridor": 131.5, "distance_to_station": 131.5, "nearest_station": "Jonggol", "existing_corridor_id": "krl-network", "existing_distance_m": 17407.7, "masterplan_corridor_id": "LRT_09", "masterplan_distance_m": 10882.7, "cascade_corridor_id": "MRT-CASCADE-03", "cascade_distance_m": 131.5, "price_label": "ESTIMATED MARKET RANGE", "note": "Rumatemu 2026 — Bogor timur / Jonggol", "cell_id": "107.060:-6.460", "outlier_flag": 0, "price_class": "MURAH", "local_price_index": 0.344}, "geometry": {"type": "Point", "coordinates": [107.0659, -6.4667]}}, {"type": "Feature", "id": "P-968781a1f458", "properties": {"property_id": "P-968781a1f458", "source": "indeks publik 2026", "source_url": "https://rumatemu.com/blog/harga-rumah-jakarta-2026-2/", "source_type": "PUBLIC_INDEX", "category": "RUKO", "sub_category": "ruko", "title": "Ruko Jonggol", "property_name": "Ruko Jonggol", "latitude": -6.4659, "longitude": 107.0636, "address": "Jonggol, Bogor", "district": "Jonggol", "city": "Bogor", "price": 520000000, "price_min": 364000000.0, "price_max": 728000000.0, "price_unit": "total", "area_land_m2": null, "area_building_m2": 120.0, "price_per_m2": 4333333.333333333, "listing_type": "sale", "sale_or_rent": "jual", "bedroom": null, "bathroom": null, "floor": null, "property_status": "index", "date_listed": "2026-06", "date_updated": "2026-09-13", "data_timestamp": "2026-09-13", "confidence_score": "MEDIUM", "geometry_source": "NEIGHBORHOOD_CENTROID", "corridor_id": "MRT-CASCADE-03", "corridor_type": "cascade", "distance_to_corridor": 150.4, "distance_to_station": 150.4, "nearest_station": "Jonggol", "existing_corridor_id": "krl-network", "existing_distance_m": 17153.0, "masterplan_corridor_id": "LRT_09", "masterplan_distance_m": 10633.7, "cascade_corridor_id": "MRT-CASCADE-03", "cascade_distance_m": 150.4, "price_label": "ESTIMATED MARKET RANGE", "note": "Rumatemu 2026 — Bogor timur / Jonggol", "cell_id": "107.060:-6.460", "outlier_flag": 0, "price_class": "MURAH", "local_price_index": 0.271}, "geometry": {"type": "Point", "coordinates": [107.0636, -6.4659]}}, {"type": "Feature", "id": "P-2703acf9ba75", "properties": {"property_id": "P-2703acf9ba75", "source": "indeks publik 2026", "source_url": "https://rumatemu.com/blog/harga-rumah-jakarta-2026-2/", "source_type": "PUBLIC_INDEX", "category": "TANAH", "sub_category": "tanah kosong", "title": "Tanah Jonggol", "property_name": "Tanah Jonggol", "latitude": -6.4677, "longitude": 107.0651, "address": "Jonggol, Bogor", "district": "Jonggol", "city": "Bogor", "price": 600000000.0, "price_min": 360000000, "price_max": 1200000000, "price_unit": "total", "area_land_m2": 200.0, "area_building_m2": null, "price_per_m2": 3000000, "listing_type": "sale", "sale_or_rent": "jual", "bedroom": null, "bathroom": null, "floor": null, "property_status": "index", "date_listed": "2026-06", "date_updated": "2026-09-13", "data_timestamp": "2026-09-13", "confidence_score": "MEDIUM", "geometry_source": "NEIGHBORHOOD_CENTROID", "corridor_id": "MRT-CASCADE-03", "corridor_type": "cascade", "distance_to_corridor": 121.0, "distance_to_station": 121.0, "nearest_station": "Jonggol", "existing_corridor_id": "krl-network", "existing_distance_m": 17320.5, "masterplan_corridor_id": "LRT_09", "masterplan_distance_m": 10890.8, "cascade_corridor_id": "MRT-CASCADE-03", "cascade_distance_m": 121.0, "price_label": "ESTIMATED MARKET RANGE", "note": "Rumatemu 2026 — Bogor timur / Jonggol", "cell_id": "107.060:-6.460", "outlier_flag": 0, "price_class": "MURAH", "local_price_index": 0.188}, "geometry": {"type": "Point", "coordinates": [107.0651, -6.4677]}}, {"type": "Feature", "id": "P-6083666103d9", "properties": {"property_id": "P-6083666103d9", "source": "indeks publik 2026", "source_url": "https://rumatemu.com/blog/harga-rumah-jakarta-2026-2/", "source_type": "PUBLIC_INDEX", "category": "APARTEMEN/KOS", "sub_category": "kos", "title": "Kos Jonggol", "property_name": "Kos Jonggol", "latitude": -6.4672, "longitude": 107.0641, "address": "Jonggol, Bogor", "district": "Jonggol", "city": "Bogor", "price": 450000, "price_min": null, "price_max": null, "price_unit": "bulan", "area_land_m2": null, "area_building_m2": null, "price_per_m2": null, "listing_type": "rent", "sale_or_rent": "sewa", "bedroom": null, "bathroom": null, "floor": null, "property_status": "index", "date_listed": "2026-06", "date_updated": "2026-09-13", "data_timestamp": "2026-09-13", "confidence_score": "MEDIUM", "geometry_source": "NEIGHBORHOOD_CENTROID", "corridor_id": "MRT-CASCADE-03", "corridor_type": "cascade", "distance_to_corridor": 88.6, "distance_to_station": 88.6, "nearest_station": "Jonggol", "existing_corridor_id": "krl-network", "existing_distance_m": 17209.3, "masterplan_corridor_id": "LRT_09", "masterplan_distance_m": 10771.7, "cascade_corridor_id": "MRT-CASCADE-03", "cascade_distance_m": 88.6, "price_label": "ESTIMATED MARKET RANGE", "note": "Sewa bulanan kisaran publik, bukan asking unit tertentu", "cell_id": "107.060:-6.460", "outlier_flag": 0, "price_class": "MURAH", "local_price_index": 0.346}, "geometry": {"type": "Point", "coordinates": [107.0641, -6.4672]}}, {"type": "Feature", "id": "P-b06d5791e05f", "properties": {"property_id": "P-b06d5791e05f", "source": "indeks publik 2026", "source_url": "https://rumatemu.com/blog/harga-rumah-jakarta-2026-2/", "source_type": "PUBLIC_INDEX", "category": "APARTEMEN/KOS", "sub_category": "apartemen", "title": "Apartemen/kos ICE BSD", "property_name": "Apartemen/kos ICE BSD", "latitude": -6.30068, "longitude": 106.63777, "address": "Serpong, Tangerang Selatan", "district": "Serpong", "city": "Tangerang Selatan", "price": 900000000.0, "price_min": 720000000, "price_max": 1350000000, "price_unit": "total", "area_land_m2": null, "area_building_m2": 50.0, "price_per_m2": 18000000, "listing_type": "sale", "sale_or_rent": "jual", "bedroom": null, "bathroom": null, "floor": null, "property_status": "index", "date_listed": "2026-06", "date_updated": "2026-09-13", "data_timestamp": "2026-09-13", "confidence_score": "MEDIUM", "geometry_source": "NEIGHBORHOOD_CENTROID", "corridor_id": "MRT-CASCADE-01", "corridor_type": "cascade", "distance_to_corridor": 132.6, "distance_to_station": 132.6, "nearest_station": "ICE BSD", "existing_corridor_id": "krl-R", "existing_distance_m": 2634.7, "masterplan_corridor_id": "KRL_PP_CITAYAM", "masterplan_distance_m": 7320.7, "cascade_corridor_id": "MRT-CASCADE-01", "cascade_distance_m": 132.6, "price_label": "ESTIMATED MARKET RANGE", "note": "Rumatemu 2026 — BSD / ICE", "cell_id": "106.640:-6.300", "outlier_flag": 0, "price_class": "SEDANG", "local_price_index": 1.0}, "geometry": {"type": "Point", "coordinates": [106.63777, -6.30068]}}, {"type": "Feature", "id": "P-4bf3dc66ab6f", "properties": {"property_id": "P-4bf3dc66ab6f", "source": "indeks publik 2026", "source_url": "https://rumatemu.com/blog/harga-rumah-jakarta-2026-2/", "source_type": "PUBLIC_INDEX", "category": "RUKO", "sub_category": "ruko", "title": "Ruko ICE BSD", "property_name": "Ruko ICE BSD", "latitude": -6.29988, "longitude": 106.63547, "address": "Serpong, Tangerang Selatan", "district": "Serpong", "city": "Tangerang Selatan", "price": 3500000000, "price_min": 2450000000.0, "price_max": 4900000000.0, "price_unit": "total", "area_land_m2": null, "area_building_m2": 120.0, "price_per_m2": 29166666.666666668, "listing_type": "sale", "sale_or_rent": "jual", "bedroom": null, "bathroom": null, "floor": null, "property_status": "index", "date_listed": "2026-06", "date_updated": "2026-09-13", "data_timestamp": "2026-09-13", "confidence_score": "MEDIUM", "geometry_source": "NEIGHBORHOOD_CENTROID", "corridor_id": "MRT-CASCADE-01", "corridor_type": "cascade", "distance_to_corridor": 150.6, "distance_to_station": 150.6, "nearest_station": "ICE BSD", "existing_corridor_id": "krl-R", "existing_distance_m": 2784.4, "masterplan_corridor_id": "KRL_PP_CITAYAM", "masterplan_distance_m": 7284.8, "cascade_corridor_id": "MRT-CASCADE-01", "cascade_distance_m": 150.6, "price_label": "ESTIMATED MARKET RANGE", "note": "Rumatemu 2026 — BSD / ICE", "cell_id": "106.640:-6.300", "outlier_flag": 0, "price_class": "MAHAL", "local_price_index": 1.62}, "geometry": {"type": "Point", "coordinates": [106.63547, -6.29988]}}, {"type": "Feature", "id": "P-e76d38deda03", "properties": {"property_id": "P-e76d38deda03", "source": "indeks publik 2026", "source_url": "https://rumatemu.com/blog/harga-rumah-jakarta-2026-2/", "source_type": "PUBLIC_INDEX", "category": "TANAH", "sub_category": "tanah kosong", "title": "Tanah ICE BSD", "property_name": "Tanah ICE BSD", "latitude": -6.30168, "longitude": 106.63697, "address": "Serpong, Tangerang Selatan", "district": "Serpong", "city": "Tangerang Selatan", "price": 3000000000.0, "price_min": 1800000000, "price_max": 6000000000, "price_unit": "total", "area_land_m2": 200.0, "area_building_m2": null, "price_per_m2": 15000000, "listing_type": "sale", "sale_or_rent": "jual", "bedroom": null, "bathroom": null, "floor": null, "property_status": "index", "date_listed": "2026-06", "date_updated": "2026-09-13", "data_timestamp": "2026-09-13", "confidence_score": "MEDIUM", "geometry_source": "NEIGHBORHOOD_CENTROID", "corridor_id": "MRT-CASCADE-01", "corridor_type": "cascade", "distance_to_corridor": 119.7, "distance_to_station": 119.7, "nearest_station": "ICE BSD", "existing_corridor_id": "krl-R", "existing_distance_m": 2546.8, "masterplan_corridor_id": "KRL_PP_CITAYAM", "masterplan_distance_m": 7181.0, "cascade_corridor_id": "MRT-CASCADE-01", "cascade_distance_m": 119.7, "price_label": "ESTIMATED MARKET RANGE", "note": "Rumatemu 2026 — BSD / ICE", "cell_id": "106.640:-6.300", "outlier_flag": 0, "price_class": "MURAH", "local_price_index": 0.833}, "geometry": {"type": "Point", "coordinates": [106.63697, -6.30168]}}, {"type": "Feature", "id": "P-9c7e61fb9595", "properties": {"property_id": "P-9c7e61fb9595", "source": "indeks publik 2026", "source_url": "https://rumatemu.com/blog/harga-rumah-jakarta-2026-2/", "source_type": "PUBLIC_INDEX", "category": "APARTEMEN/KOS", "sub_category": "kos", "title": "Kos ICE BSD", "property_name": "Kos ICE BSD", "latitude": -6.30118, "longitude": 106.63597, "address": "Serpong, Tangerang Selatan", "district": "Serpong", "city": "Tangerang Selatan", "price": 1800000, "price_min": null, "price_max": null, "price_unit": "bulan", "area_land_m2": null, "area_building_m2": null, "price_per_m2": null, "listing_type": "rent", "sale_or_rent": "sewa", "bedroom": null, "bathroom": null, "floor": null, "property_status": "index", "date_listed": "2026-06", "date_updated": "2026-09-13", "data_timestamp": "2026-09-13", "confidence_score": "MEDIUM", "geometry_source": "NEIGHBORHOOD_CENTROID", "corridor_id": "MRT-CASCADE-01", "corridor_type": "cascade", "distance_to_corridor": 86.5, "distance_to_station": 86.5, "nearest_station": "ICE BSD", "existing_corridor_id": "krl-R", "existing_distance_m": 2630.1, "masterplan_corridor_id": "KRL_PP_CITAYAM", "masterplan_distance_m": 7179.8, "cascade_corridor_id": "MRT-CASCADE-01", "cascade_distance_m": 86.5, "price_label": "ESTIMATED MARKET RANGE", "note": "Sewa bulanan kisaran publik, bukan asking unit tertentu", "cell_id": "106.640:-6.300", "outlier_flag": 0, "price_class": "MAHAL", "local_price_index": 1.385}, "geometry": {"type": "Point", "coordinates": [106.63597, -6.30118]}}, {"type": "Feature", "id": "P-152d7031f07c", "properties": {"property_id": "P-152d7031f07c", "source": "indeks publik 2026", "source_url": "https://rumatemu.com/blog/harga-rumah-jakarta-2026-2/", "source_type": "PUBLIC_INDEX", "category": "APARTEMEN/KOS", "sub_category": "apartemen", "title": "Apartemen/kos PIK 2", "property_name": "Apartemen/kos PIK 2", "latitude": -6.1088, "longitude": 106.7386, "address": "Kosambi, Tangerang", "district": "Kosambi", "city": "Tangerang", "price": 1100000000.0, "price_min": 880000000, "price_max": 1650000000, "price_unit": "total", "area_land_m2": null, "area_building_m2": 50.0, "price_per_m2": 22000000, "listing_type": "sale", "sale_or_rent": "jual", "bedroom": null, "bathroom": null, "floor": null, "property_status": "index", "date_listed": "2026-06", "date_updated": "2026-09-13", "data_timestamp": "2026-09-13", "confidence_score": "MEDIUM", "geometry_source": "NEIGHBORHOOD_CENTROID", "corridor_id": "LRT-CASCADE-NEW-01", "corridor_type": "cascade", "distance_to_corridor": 295.7, "distance_to_station": 137.7, "nearest_station": "Kamal Muara", "existing_corridor_id": "tj-k3", "existing_distance_m": 5101.6, "masterplan_corridor_id": "MRT_3", "masterplan_distance_m": 6315.0, "cascade_corridor_id": "LRT-CASCADE-NEW-01", "cascade_distance_m": 295.7, "price_label": "ESTIMATED MARKET RANGE", "note": "Rumatemu 2026 — PIK 2 / pantai utara", "cell_id": "106.740:-6.100", "outlier_flag": 0, "price_class": "MAHAL", "local_price_index": 1.375}, "geometry": {"type": "Point", "coordinates": [106.7386, -6.1088]}}, {"type": "Feature", "id": "P-f2f5f556b069", "properties": {"property_id": "P-f2f5f556b069", "source": "indeks publik 2026", "source_url": "https://rumatemu.com/blog/harga-rumah-jakarta-2026-2/", "source_type": "PUBLIC_INDEX", "category": "RUKO", "sub_category": "ruko", "title": "Ruko PIK 2", "property_name": "Ruko PIK 2", "latitude": -6.108, "longitude": 106.7363, "address": "Kosambi, Tangerang", "district": "Kosambi", "city": "Tangerang", "price": 4500000000, "price_min": 3150000000.0, "price_max": 6300000000.0, "price_unit": "total", "area_land_m2": null, "area_building_m2": 120.0, "price_per_m2": 37500000.0, "listing_type": "sale", "sale_or_rent": "jual", "bedroom": null, "bathroom": null, "floor": null, "property_status": "index", "date_listed": "2026-06", "date_updated": "2026-09-13", "data_timestamp": "2026-09-13", "confidence_score": "MEDIUM", "geometry_source": "NEIGHBORHOOD_CENTROID", "corridor_id": "LRT-CASCADE-NEW-01", "corridor_type": "cascade", "distance_to_corridor": 559.5, "distance_to_station": 405.3, "nearest_station": "Kamal Muara", "existing_corridor_id": "tj-k3", "existing_distance_m": 5187.0, "masterplan_corridor_id": "MRT_3", "masterplan_distance_m": 6369.2, "cascade_corridor_id": "LRT-CASCADE-NEW-01", "cascade_distance_m": 559.5, "price_label": "ESTIMATED MARKET RANGE", "note": "Rumatemu 2026 — PIK 2 / pantai utara", "cell_id": "106.740:-6.100", "outlier_flag": 0, "price_class": "MAHAL", "local_price_index": 2.344}, "geometry": {"type": "Point", "coordinates": [106.7363, -6.108]}}, {"type": "Feature", "id": "P-011bf5235ce5", "properties": {"property_id": "P-011bf5235ce5", "source": "indeks publik 2026", "source_url": "https://rumatemu.com/blog/harga-rumah-jakarta-2026-2/", "source_type": "PUBLIC_INDEX", "category": "TANAH", "sub_category": "tanah kosong", "title": "Tanah PIK 2", "property_name": "Tanah PIK 2", "latitude": -6.1098, "longitude": 106.7378, "address": "Kosambi, Tangerang", "district": "Kosambi", "city": "Tangerang", "price": 3200000000.0, "price_min": 1920000000, "price_max": 6400000000, "price_unit": "total", "area_land_m2": 200.0, "area_building_m2": null, "price_per_m2": 16000000, "listing_type": "sale", "sale_or_rent": "jual", "bedroom": null, "bathroom": null, "floor": null, "property_status": "index", "date_listed": "2026-06", "date_updated": "2026-09-13", "data_timestamp": "2026-09-13", "confidence_score": "MEDIUM", "geometry_source": "NEIGHBORHOOD_CENTROID", "corridor_id": "LRT-CASCADE-NEW-01", "corridor_type": "cascade", "distance_to_corridor": 334.9, "distance_to_station": 242.9, "nearest_station": "Kamal Muara", "existing_corridor_id": "tj-k3", "existing_distance_m": 4987.8, "masterplan_corridor_id": "MRT_3", "masterplan_distance_m": 6191.9, "cascade_corridor_id": "LRT-CASCADE-NEW-01", "cascade_distance_m": 334.9, "price_label": "ESTIMATED MARKET RANGE", "note": "Rumatemu 2026 — PIK 2 / pantai utara", "cell_id": "106.740:-6.100", "outlier_flag": 0, "price_class": "SEDANG", "local_price_index": 1.0}, "geometry": {"type": "Point", "coordinates": [106.7378, -6.1098]}}, {"type": "Feature", "id": "P-ae3c71022055", "properties": {"property_id": "P-ae3c71022055", "source": "indeks publik 2026", "source_url": "https://rumatemu.com/blog/harga-rumah-jakarta-2026-2/", "source_type": "PUBLIC_INDEX", "category": "APARTEMEN/KOS", "sub_category": "kos", "title": "Kos PIK 2", "property_name": "Kos PIK 2", "latitude": -6.1093, "longitude": 106.7368, "address": "Kosambi, Tangerang", "district": "Kosambi", "city": "Tangerang", "price": 2000000, "price_min": null, "price_max": null, "price_unit": "bulan", "area_land_m2": null, "area_building_m2": null, "price_per_m2": null, "listing_type": "rent", "sale_or_rent": "sewa", "bedroom": null, "bathroom": null, "floor": null, "property_status": "index", "date_listed": "2026-06", "date_updated": "2026-09-13", "data_timestamp": "2026-09-13", "confidence_score": "MEDIUM", "geometry_source": "NEIGHBORHOOD_CENTROID", "corridor_id": "LRT-CASCADE-NEW-01", "corridor_type": "cascade", "distance_to_corridor": 455.0, "distance_to_station": 337.3, "nearest_station": "Kamal Muara", "existing_corridor_id": "tj-k3", "existing_distance_m": 5042.1, "masterplan_corridor_id": "MRT_3", "masterplan_distance_m": 6232.2, "cascade_corridor_id": "LRT-CASCADE-NEW-01", "cascade_distance_m": 455.0, "price_label": "ESTIMATED MARKET RANGE", "note": "Sewa bulanan kisaran publik, bukan asking unit tertentu", "cell_id": "106.740:-6.100", "outlier_flag": 0, "price_class": "MAHAL", "local_price_index": 1.538}, "geometry": {"type": "Point", "coordinates": [106.7368, -6.1093]}}, {"type": "Feature", "id": "P-b9bfd7a791a7", "properties": {"property_id": "P-b9bfd7a791a7", "source": "indeks publik 2026", "source_url": "https://bambooroutes.com/blogs/news/jakarta-housing-prices", "source_type": "PUBLIC_INDEX", "category": "APARTEMEN/KOS", "sub_category": "apartemen", "title": "Apartemen/kos Tanah Abang", "property_name": "Apartemen/kos Tanah Abang", "latitude": -6.18653, "longitude": 106.81199, "address": "Tanah Abang, Jakarta Pusat", "district": "Tanah Abang", "city": "Jakarta Pusat", "price": 1837000000.0, "price_min": 1469600000, "price_max": 2755500000, "price_unit": "total", "area_land_m2": null, "area_building_m2": 50.0, "price_per_m2": 36740000, "listing_type": "sale", "sale_or_rent": "jual", "bedroom": null, "bathroom": null, "floor": null, "property_status": "index", "date_listed": "2026-06", "date_updated": "2026-09-13", "data_timestamp": "2026-09-13", "confidence_score": "MEDIUM", "geometry_source": "NEIGHBORHOOD_CENTROID", "corridor_id": "krl-C", "corridor_type": "existing", "distance_to_corridor": 130.6, "distance_to_station": 132.2, "nearest_station": "Tanah Abang", "existing_corridor_id": "krl-C", "existing_distance_m": 130.6, "masterplan_corridor_id": "MRT_3", "masterplan_distance_m": 966.6, "cascade_corridor_id": "LRT-CASCADE-NEW-01", "cascade_distance_m": 339.4, "price_label": "ESTIMATED MARKET RANGE", "note": "Colliers — Jakpus apt ~Rp36,74 jt/m²", "cell_id": "106.820:-6.180", "outlier_flag": 0, "price_class": "MAHAL", "local_price_index": 2.296}, "geometry": {"type": "Point", "coordinates": [106.81199, -6.18653]}}, {"type": "Feature", "id": "P-a642df00a516", "properties": {"property_id": "P-a642df00a516", "source": "indeks publik 2026", "source_url": "https://bambooroutes.com/blogs/news/jakarta-housing-prices", "source_type": "PUBLIC_INDEX", "category": "RUKO", "sub_category": "ruko", "title": "Ruko Tanah Abang", "property_name": "Ruko Tanah Abang", "latitude": -6.18573, "longitude": 106.80969, "address": "Tanah Abang, Jakarta Pusat", "district": "Tanah Abang", "city": "Jakarta Pusat", "price": 4200000000, "price_min": 2940000000.0, "price_max": 5880000000.0, "price_unit": "total", "area_land_m2": null, "area_building_m2": 120.0, "price_per_m2": 35000000.0, "listing_type": "sale", "sale_or_rent": "jual", "bedroom": null, "bathroom": null, "floor": null, "property_status": "index", "date_listed": "2026-06", "date_updated": "2026-09-13", "data_timestamp": "2026-09-13", "confidence_score": "MEDIUM", "geometry_source": "NEIGHBORHOOD_CENTROID", "corridor_id": "krl-network", "corridor_type": "existing", "distance_to_corridor": 140.7, "distance_to_station": 150.8, "nearest_station": "Tanah Abang", "existing_corridor_id": "krl-network", "existing_distance_m": 140.7, "masterplan_corridor_id": "MRT_3", "masterplan_distance_m": 1104.1, "cascade_corridor_id": "LRT-CASCADE-NEW-01", "cascade_distance_m": 531.1, "price_label": "ESTIMATED MARKET RANGE", "note": "Colliers — Jakpus apt ~Rp36,74 jt/m²", "cell_id": "106.800:-6.180", "outlier_flag": 0, "price_class": "MAHAL", "local_price_index": 2.188}, "geometry": {"type": "Point", "coordinates": [106.80969, -6.18573]}}, {"type": "Feature", "id": "P-306a52a588b8", "properties": {"property_id": "P-306a52a588b8", "source": "indeks publik 2026", "source_url": "https://bambooroutes.com/blogs/news/jakarta-housing-prices", "source_type": "PUBLIC_INDEX", "category": "TANAH", "sub_category": "tanah kosong", "title": "Tanah Tanah Abang", "property_name": "Tanah Tanah Abang", "latitude": -6.18753, "longitude": 106.81119, "address": "Tanah Abang, Jakarta Pusat", "district": "Tanah Abang", "city": "Jakarta Pusat", "price": 4400000000.0, "price_min": 2640000000, "price_max": 8800000000, "price_unit": "total", "area_land_m2": 200.0, "area_building_m2": null, "price_per_m2": 22000000, "listing_type": "sale", "sale_or_rent": "jual", "bedroom": null, "bathroom": null, "floor": null, "property_status": "index", "date_listed": "2026-06", "date_updated": "2026-09-13", "data_timestamp": "2026-09-13", "confidence_score": "MEDIUM", "geometry_source": "NEIGHBORHOOD_CENTROID", "corridor_id": "krl-C", "corridor_type": "existing", "distance_to_corridor": 12.2, "distance_to_station": 119.8, "nearest_station": "Tanah Abang", "existing_corridor_id": "krl-C", "existing_distance_m": 12.2, "masterplan_corridor_id": "MRT_3", "masterplan_distance_m": 1108.2, "cascade_corridor_id": "LRT-CASCADE-NEW-01", "cascade_distance_m": 479.3, "price_label": "ESTIMATED MARKET RANGE", "note": "Colliers — Jakpus apt ~Rp36,74 jt/m²", "cell_id": "106.820:-6.180", "outlier_flag": 0, "price_class": "MAHAL", "local_price_index": 1.375}, "geometry": {"type": "Point", "coordinates": [106.81119, -6.18753]}}, {"type": "Feature", "id": "P-75f4b07cf5a9", "properties": {"property_id": "P-75f4b07cf5a9", "source": "indeks publik 2026", "source_url": "https://bambooroutes.com/blogs/news/jakarta-housing-prices", "source_type": "PUBLIC_INDEX", "category": "APARTEMEN/KOS", "sub_category": "kos", "title": "Kos Tanah Abang", "property_name": "Kos Tanah Abang", "latitude": -6.18703, "longitude": 106.81019, "address": "Tanah Abang, Jakarta Pusat", "district": "Tanah Abang", "city": "Jakarta Pusat", "price": 2200000, "price_min": null, "price_max": null, "price_unit": "bulan", "area_land_m2": null, "area_building_m2": null, "price_per_m2": null, "listing_type": "rent", "sale_or_rent": "sewa", "bedroom": null, "bathroom": null, "floor": null, "property_status": "index", "date_listed": "2026-06", "date_updated": "2026-09-13", "data_timestamp": "2026-09-13", "confidence_score": "MEDIUM", "geometry_source": "NEIGHBORHOOD_CENTROID", "corridor_id": "krl-network", "corridor_type": "existing", "distance_to_corridor": 87.1, "distance_to_station": 87.1, "nearest_station": "Tanah Abang", "existing_corridor_id": "krl-network", "existing_distance_m": 87.1, "masterplan_corridor_id": "MRT_3", "masterplan_distance_m": 1148.5, "cascade_corridor_id": "LRT-CASCADE-NEW-01", "cascade_distance_m": 534.7, "price_label": "ESTIMATED MARKET RANGE", "note": "Sewa bulanan kisaran publik, bukan asking unit tertentu", "cell_id": "106.820:-6.180", "outlier_flag": 0, "price_class": "MAHAL", "local_price_index": 1.692}, "geometry": {"type": "Point", "coordinates": [106.81019, -6.18703]}}, {"type": "Feature", "id": "P-4a78621a5b3f", "properties": {"property_id": "P-4a78621a5b3f", "source": "indeks publik 2026", "source_url": "https://rumatemu.com/blog/harga-rumah-jakarta-2026-2/", "source_type": "PUBLIC_INDEX", "category": "APARTEMEN/KOS", "sub_category": "apartemen", "title": "Apartemen/kos Jagakarsa", "property_name": "Apartemen/kos Jagakarsa", "latitude": -6.3058, "longitude": 106.8202, "address": "Jagakarsa, Jakarta Selatan", "district": "Jagakarsa", "city": "Jakarta Selatan", "price": 900000000.0, "price_min": 720000000, "price_max": 1350000000, "price_unit": "total", "area_land_m2": null, "area_building_m2": 50.0, "price_per_m2": 18000000, "listing_type": "sale", "sale_or_rent": "jual", "bedroom": null, "bathroom": null, "floor": null, "property_status": "index", "date_listed": "2026-06", "date_updated": "2026-09-13", "data_timestamp": "2026-09-13", "confidence_score": "MEDIUM", "geometry_source": "NEIGHBORHOOD_CENTROID", "corridor_id": "tj-k6", "corridor_type": "existing", "distance_to_corridor": 32.4, "distance_to_station": 50.8, "nearest_station": "Ragunan", "existing_corridor_id": "tj-k6", "existing_distance_m": 32.4, "masterplan_corridor_id": "MRT_4", "masterplan_distance_m": 1943.7, "cascade_corridor_id": "CASTJ06-EXT", "cascade_distance_m": 50.8, "price_label": "ESTIMATED MARKET RANGE", "note": "Rumatemu 2026 — Jaksel pinggiran", "cell_id": "106.820:-6.300", "outlier_flag": 0, "price_class": "SEDANG", "local_price_index": 1.125}, "geometry": {"type": "Point", "coordinates": [106.8202, -6.3058]}}, {"type": "Feature", "id": "P-e4cd4471f3b8", "properties": {"property_id": "P-e4cd4471f3b8", "source": "indeks publik 2026", "source_url": "https://rumatemu.com/blog/harga-rumah-jakarta-2026-2/", "source_type": "PUBLIC_INDEX", "category": "RUKO", "sub_category": "ruko", "title": "Ruko Jagakarsa", "property_name": "Ruko Jagakarsa", "latitude": -6.305, "longitude": 106.8179, "address": "Jagakarsa, Jakarta Selatan", "district": "Jagakarsa", "city": "Jakarta Selatan", "price": 2200000000, "price_min": 1540000000.0, "price_max": 3080000000.0, "price_unit": "total", "area_land_m2": null, "area_building_m2": 120.0, "price_per_m2": 18333333.333333332, "listing_type": "sale", "sale_or_rent": "jual", "bedroom": null, "bathroom": null, "floor": null, "property_status": "index", "date_listed": "2026-06", "date_updated": "2026-09-13", "data_timestamp": "2026-09-13", "confidence_score": "MEDIUM", "geometry_source": "NEIGHBORHOOD_CENTROID", "corridor_id": "CASTJ06-EXT", "corridor_type": "cascade", "distance_to_corridor": 232.0, "distance_to_station": 194.9, "nearest_station": "Ragunan", "existing_corridor_id": "tj-k6", "existing_distance_m": 301.0, "masterplan_corridor_id": "MRT_4", "masterplan_distance_m": 1765.9, "cascade_corridor_id": "CASTJ06-EXT", "cascade_distance_m": 232.0, "price_label": "ESTIMATED MARKET RANGE", "note": "Rumatemu 2026 — Jaksel pinggiran", "cell_id": "106.820:-6.300", "outlier_flag": 0, "price_class": "SEDANG", "local_price_index": 1.146}, "geometry": {"type": "Point", "coordinates": [106.8179, -6.305]}}, {"type": "Feature", "id": "P-512941b83758", "properties": {"property_id": "P-512941b83758", "source": "indeks publik 2026", "source_url": "https://rumatemu.com/blog/harga-rumah-jakarta-2026-2/", "source_type": "PUBLIC_INDEX", "category": "TANAH", "sub_category": "tanah kosong", "title": "Tanah Jagakarsa", "property_name": "Tanah Jagakarsa", "latitude": -6.3068, "longitude": 106.8194, "address": "Jagakarsa, Jakarta Selatan", "district": "Jagakarsa", "city": "Jakarta Selatan", "price": 2000000000.0, "price_min": 1200000000, "price_max": 4000000000, "price_unit": "total", "area_land_m2": 200.0, "area_building_m2": null, "price_per_m2": 10000000, "listing_type": "sale", "sale_or_rent": "jual", "bedroom": null, "bathroom": null, "floor": null, "property_status": "index", "date_listed": "2026-06", "date_updated": "2026-09-13", "data_timestamp": "2026-09-13", "confidence_score": "MEDIUM", "geometry_source": "NEIGHBORHOOD_CENTROID", "corridor_id": "CASTJ06-EXT", "corridor_type": "cascade", "distance_to_corridor": 102.5, "distance_to_station": 102.5, "nearest_station": "Ragunan", "existing_corridor_id": "tj-k6", "existing_distance_m": 161.7, "masterplan_corridor_id": "MRT_4", "masterplan_distance_m": 2011.0, "cascade_corridor_id": "CASTJ06-EXT", "cascade_distance_m": 102.5, "price_label": "ESTIMATED MARKET RANGE", "note": "Rumatemu 2026 — Jaksel pinggiran", "cell_id": "106.820:-6.300", "outlier_flag": 0, "price_class": "MURAH", "local_price_index": 0.625}, "geometry": {"type": "Point", "coordinates": [106.8194, -6.3068]}}, {"type": "Feature", "id": "P-51453556701c", "properties": {"property_id": "P-51453556701c", "source": "indeks publik 2026", "source_url": "https://rumatemu.com/blog/harga-rumah-jakarta-2026-2/", "source_type": "PUBLIC_INDEX", "category": "APARTEMEN/KOS", "sub_category": "kos", "title": "Kos Jagakarsa", "property_name": "Kos Jagakarsa", "latitude": -6.3063, "longitude": 106.8184, "address": "Jagakarsa, Jakarta Selatan", "district": "Jagakarsa", "city": "Jakarta Selatan", "price": 1300000, "price_min": null, "price_max": null, "price_unit": "bulan", "area_land_m2": null, "area_building_m2": null, "price_per_m2": null, "listing_type": "rent", "sale_or_rent": "sewa", "bedroom": null, "bathroom": null, "floor": null, "property_status": "index", "date_listed": "2026-06", "date_updated": "2026-09-13", "data_timestamp": "2026-09-13", "confidence_score": "MEDIUM", "geometry_source": "NEIGHBORHOOD_CENTROID", "corridor_id": "CASTJ06-EXT", "corridor_type": "cascade", "distance_to_corridor": 155.9, "distance_to_station": 133.7, "nearest_station": "Ragunan", "existing_corridor_id": "tj-k6", "existing_distance_m": 237.0, "masterplan_corridor_id": "MRT_4", "masterplan_distance_m": 1920.6, "cascade_corridor_id": "CASTJ06-EXT", "cascade_distance_m": 155.9, "price_label": "ESTIMATED MARKET RANGE", "note": "Sewa bulanan kisaran publik, bukan asking unit tertentu", "cell_id": "106.820:-6.300", "outlier_flag": 0, "price_class": "SEDANG", "local_price_index": 1.0}, "geometry": {"type": "Point", "coordinates": [106.8184, -6.3063]}}, {"type": "Feature", "id": "P-195007190529", "properties": {"property_id": "P-195007190529", "source": "indeks publik 2026", "source_url": "https://rumatemu.com/blog/harga-rumah-jakarta-2026-2/", "source_type": "PUBLIC_INDEX", "category": "APARTEMEN/KOS", "sub_category": "apartemen", "title": "Apartemen/kos Kemang", "property_name": "Apartemen/kos Kemang", "latitude": -6.2605, "longitude": 106.8147, "address": "Mampang Prapatan, Jakarta Selatan", "district": "Mampang Prapatan", "city": "Jakarta Selatan", "price": 2250000000.0, "price_min": 1800000000, "price_max": 3375000000, "price_unit": "total", "area_land_m2": null, "area_building_m2": 50.0, "price_per_m2": 45000000, "listing_type": "sale", "sale_or_rent": "jual", "bedroom": null, "bathroom": null, "floor": null, "property_status": "index", "date_listed": "2026-06", "date_updated": "2026-09-13", "data_timestamp": "2026-09-13", "confidence_score": "MEDIUM", "geometry_source": "NEIGHBORHOOD_CENTROID", "corridor_id": "CASTJ21", "corridor_type": "cascade", "distance_to_corridor": 98.9, "distance_to_station": 98.9, "nearest_station": "Kemang 2", "existing_corridor_id": "tj-k6", "existing_distance_m": 1533.1, "masterplan_corridor_id": "MRT_4", "masterplan_distance_m": 2929.0, "cascade_corridor_id": "CASTJ21", "cascade_distance_m": 98.9, "price_label": "ESTIMATED MARKET RANGE", "note": "Rumatemu 2026 — Kemang/Mampang premium", "cell_id": "106.820:-6.260", "outlier_flag": 0, "price_class": "MAHAL", "local_price_index": 2.812}, "geometry": {"type": "Point", "coordinates": [106.8147, -6.2605]}}, {"type": "Feature", "id": "P-206730f8d22d", "properties": {"property_id": "P-206730f8d22d", "source": "indeks publik 2026", "source_url": "https://rumatemu.com/blog/harga-rumah-jakarta-2026-2/", "source_type": "PUBLIC_INDEX", "category": "RUKO", "sub_category": "ruko", "title": "Ruko Kemang", "property_name": "Ruko Kemang", "latitude": -6.2597, "longitude": 106.8124, "address": "Mampang Prapatan, Jakarta Selatan", "district": "Mampang Prapatan", "city": "Jakarta Selatan", "price": 8000000000, "price_min": 5600000000.0, "price_max": 11200000000.0, "price_unit": "total", "area_land_m2": null, "area_building_m2": 120.0, "price_per_m2": 66666666.666666664, "listing_type": "sale", "sale_or_rent": "jual", "bedroom": null, "bathroom": null, "floor": null, "property_status": "index", "date_listed": "2026-06", "date_updated": "2026-09-13", "data_timestamp": "2026-09-13", "confidence_score": "MEDIUM", "geometry_source": "NEIGHBORHOOD_CENTROID", "corridor_id": "CASTJ21", "corridor_type": "cascade", "distance_to_corridor": 358.9, "distance_to_station": 358.9, "nearest_station": "Kemang 2", "existing_corridor_id": "mrt-NS", "existing_distance_m": 1745.0, "masterplan_corridor_id": "MRT_4", "masterplan_distance_m": 3117.2, "cascade_corridor_id": "CASTJ21", "cascade_distance_m": 358.9, "price_label": "ESTIMATED MARKET RANGE", "note": "Rumatemu 2026 — Kemang/Mampang premium", "cell_id": "106.820:-6.260", "outlier_flag": 1, "price_class": "MAHAL", "local_price_index": 4.167}, "geometry": {"type": "Point", "coordinates": [106.8124, -6.2597]}}, {"type": "Feature", "id": "P-8351407bd4c6", "properties": {"property_id": "P-8351407bd4c6", "source": "indeks publik 2026", "source_url": "https://rumatemu.com/blog/harga-rumah-jakarta-2026-2/", "source_type": "PUBLIC_INDEX", "category": "TANAH", "sub_category": "tanah kosong", "title": "Tanah Kemang", "property_name": "Tanah Kemang", "latitude": -6.2615, "longitude": 106.8139, "address": "Mampang Prapatan, Jakarta Selatan", "district": "Mampang Prapatan", "city": "Jakarta Selatan", "price": 7000000000.0, "price_min": 4200000000, "price_max": 14000000000, "price_unit": "total", "area_land_m2": 200.0, "area_building_m2": null, "price_per_m2": 35000000, "listing_type": "sale", "sale_or_rent": "jual", "bedroom": null, "bathroom": null, "floor": null, "property_status": "index", "date_listed": "2026-06", "date_updated": "2026-09-13", "data_timestamp": "2026-09-13", "confidence_score": "MEDIUM", "geometry_source": "NEIGHBORHOOD_CENTROID", "corridor_id": "CASTJ20", "corridor_type": "cascade", "distance_to_corridor": 209.3, "distance_to_station": 225.7, "nearest_station": "Kemang 2", "existing_corridor_id": "tj-k6", "existing_distance_m": 1640.9, "masterplan_corridor_id": "MRT_4", "masterplan_distance_m": 2864.3, "cascade_corridor_id": "CASTJ20", "cascade_distance_m": 209.3, "price_label": "ESTIMATED MARKET RANGE", "note": "Rumatemu 2026 — Kemang/Mampang premium", "cell_id": "106.820:-6.260", "outlier_flag": 0, "price_class": "MAHAL", "local_price_index": 2.188}, "geometry": {"type": "Point", "coordinates": [106.8139, -6.2615]}}, {"type": "Feature", "id": "P-84e6e2509918", "properties": {"property_id": "P-84e6e2509918", "source": "indeks publik 2026", "source_url": "https://rumatemu.com/blog/harga-rumah-jakarta-2026-2/", "source_type": "PUBLIC_INDEX", "category": "APARTEMEN/KOS", "sub_category": "kos", "title": "Kos Kemang", "property_name": "Kos Kemang", "latitude": -6.261, "longitude": 106.8129, "address": "Mampang Prapatan, Jakarta Selatan", "district": "Mampang Prapatan", "city": "Jakarta Selatan", "price": 2800000, "price_min": null, "price_max": null, "price_unit": "bulan", "area_land_m2": null, "area_building_m2": null, "price_per_m2": null, "listing_type": "rent", "sale_or_rent": "sewa", "bedroom": null, "bathroom": null, "floor": null, "property_status": "index", "date_listed": "2026-06", "date_updated": "2026-09-13", "data_timestamp": "2026-09-13", "confidence_score": "MEDIUM", "geometry_source": "NEIGHBORHOOD_CENTROID", "corridor_id": "CASTJ21", "corridor_type": "cascade", "distance_to_corridor": 305.1, "distance_to_station": 305.1, "nearest_station": "Kemang 2", "existing_corridor_id": "tj-k6", "existing_distance_m": 1738.6, "masterplan_corridor_id": "MRT_4", "masterplan_distance_m": 2963.3, "cascade_corridor_id": "CASTJ21", "cascade_distance_m": 305.1, "price_label": "ESTIMATED MARKET RANGE", "note": "Sewa bulanan kisaran publik, bukan asking unit tertentu", "cell_id": "106.820:-6.260", "outlier_flag": 0, "price_class": "MAHAL", "local_price_index": 2.154}, "geometry": {"type": "Point", "coordinates": [106.8129, -6.261]}}, {"type": "Feature", "id": "P-258596ee3724", "properties": {"property_id": "P-258596ee3724", "source": "indeks publik 2026", "source_url": "https://bambooroutes.com/blogs/news/jakarta-housing-prices", "source_type": "PUBLIC_INDEX", "category": "APARTEMEN/KOS", "sub_category": "apartemen", "title": "Apartemen/kos Grogol", "property_name": "Apartemen/kos Grogol", "latitude": -6.1665, "longitude": 106.7906, "address": "Grogol Petamburan, Jakarta Barat", "district": "Grogol Petamburan", "city": "Jakarta Barat", "price": 1418000000.0, "price_min": 1134400000, "price_max": 2127000000, "price_unit": "total", "area_land_m2": null, "area_building_m2": 50.0, "price_per_m2": 28360000, "listing_type": "sale", "sale_or_rent": "jual", "bedroom": null, "bathroom": null, "floor": null, "property_status": "index", "date_listed": "2026-06", "date_updated": "2026-09-13", "data_timestamp": "2026-09-13", "confidence_score": "MEDIUM", "geometry_source": "NEIGHBORHOOD_CENTROID", "corridor_id": "tj-k3", "corridor_type": "existing", "distance_to_corridor": 62.0, "distance_to_station": 105.3, "nearest_station": "Grogol", "existing_corridor_id": "tj-k3", "existing_distance_m": 62.0, "masterplan_corridor_id": "MRT_3", "masterplan_distance_m": 362.1, "cascade_corridor_id": "CASTJ20", "cascade_distance_m": 227.9, "price_label": "ESTIMATED MARKET RANGE", "note": "Colliers — Jakbar apt ~Rp28,36 jt/m²", "cell_id": "106.800:-6.160", "outlier_flag": 0, "price_class": "MAHAL", "local_price_index": 1.772}, "geometry": {"type": "Point", "coordinates": [106.7906, -6.1665]}}, {"type": "Feature", "id": "P-8aae3ea9cb8c", "properties": {"property_id": "P-8aae3ea9cb8c", "source": "indeks publik 2026", "source_url": "https://bambooroutes.com/blogs/news/jakarta-housing-prices", "source_type": "PUBLIC_INDEX", "category": "RUKO", "sub_category": "ruko", "title": "Ruko Grogol", "property_name": "Ruko Grogol", "latitude": -6.1657, "longitude": 106.7883, "address": "Grogol Petamburan, Jakarta Barat", "district": "Grogol Petamburan", "city": "Jakarta Barat", "price": 3800000000, "price_min": 2660000000.0, "price_max": 5320000000.0, "price_unit": "total", "area_land_m2": null, "area_building_m2": 120.0, "price_per_m2": 31666666.666666668, "listing_type": "sale", "sale_or_rent": "jual", "bedroom": null, "bathroom": null, "floor": null, "property_status": "index", "date_listed": "2026-06", "date_updated": "2026-09-13", "data_timestamp": "2026-09-13", "confidence_score": "MEDIUM", "geometry_source": "NEIGHBORHOOD_CENTROID", "corridor_id": "tj-k8", "corridor_type": "existing", "distance_to_corridor": 150.3, "distance_to_station": 163.1, "nearest_station": "Grogol Reformasi", "existing_corridor_id": "tj-k8", "existing_distance_m": 150.3, "masterplan_corridor_id": "MRT_3", "masterplan_distance_m": 312.8, "cascade_corridor_id": "CASTJ20", "cascade_distance_m": 163.1, "price_label": "ESTIMATED MARKET RANGE", "note": "Colliers — Jakbar apt ~Rp28,36 jt/m²", "cell_id": "106.780:-6.160", "outlier_flag": 0, "price_class": "MAHAL", "local_price_index": 1.979}, "geometry": {"type": "Point", "coordinates": [106.7883, -6.1657]}}, {"type": "Feature", "id": "P-30bcccce192c", "properties": {"property_id": "P-30bcccce192c", "source": "indeks publik 2026", "source_url": "https://bambooroutes.com/blogs/news/jakarta-housing-prices", "source_type": "PUBLIC_INDEX", "category": "TANAH", "sub_category": "tanah kosong", "title": "Tanah Grogol", "property_name": "Tanah Grogol", "latitude": -6.1675, "longitude": 106.7898, "address": "Grogol Petamburan, Jakarta Barat", "district": "Grogol Petamburan", "city": "Jakarta Barat", "price": 4000000000.0, "price_min": 2400000000, "price_max": 8000000000, "price_unit": "total", "area_land_m2": 200.0, "area_building_m2": null, "price_per_m2": 20000000, "listing_type": "sale", "sale_or_rent": "jual", "bedroom": null, "bathroom": null, "floor": null, "property_status": "index", "date_listed": "2026-06", "date_updated": "2026-09-13", "data_timestamp": "2026-09-13", "confidence_score": "MEDIUM", "geometry_source": "NEIGHBORHOOD_CENTROID", "corridor_id": "tj-k3", "corridor_type": "existing", "distance_to_corridor": 80.7, "distance_to_station": 75.9, "nearest_station": "Grogol", "existing_corridor_id": "tj-k3", "existing_distance_m": 80.7, "masterplan_corridor_id": "MRT_3", "masterplan_distance_m": 463.2, "cascade_corridor_id": "CASTJ20", "cascade_distance_m": 135.0, "price_label": "ESTIMATED MARKET RANGE", "note": "Colliers — Jakbar apt ~Rp28,36 jt/m²", "cell_id": "106.780:-6.160", "outlier_flag": 0, "price_class": "MAHAL", "local_price_index": 1.25}, "geometry": {"type": "Point", "coordinates": [106.7898, -6.1675]}}, {"type": "Feature", "id": "P-d8128ad13abc", "properties": {"property_id": "P-d8128ad13abc", "source": "indeks publik 2026", "source_url": "https://bambooroutes.com/blogs/news/jakarta-housing-prices", "source_type": "PUBLIC_INDEX", "category": "APARTEMEN/KOS", "sub_category": "kos", "title": "Kos Grogol", "property_name": "Kos Grogol", "latitude": -6.167, "longitude": 106.7888, "address": "Grogol Petamburan, Jakarta Barat", "district": "Grogol Petamburan", "city": "Jakarta Barat", "price": 1800000, "price_min": null, "price_max": null, "price_unit": "bulan", "area_land_m2": null, "area_building_m2": null, "price_per_m2": null, "listing_type": "rent", "sale_or_rent": "sewa", "bedroom": null, "bathroom": null, "floor": null, "property_status": "index", "date_listed": "2026-06", "date_updated": "2026-09-13", "data_timestamp": "2026-09-13", "confidence_score": "MEDIUM", "geometry_source": "NEIGHBORHOOD_CENTROID", "corridor_id": "CASTJ20", "corridor_type": "cascade", "distance_to_corridor": 22.9, "distance_to_station": 22.9, "nearest_station": "Grogol Reformasi", "existing_corridor_id": "tj-k8", "existing_distance_m": 111.2, "masterplan_corridor_id": "MRT_3", "masterplan_distance_m": 423.2, "cascade_corridor_id": "CASTJ20", "cascade_distance_m": 22.9, "price_label": "ESTIMATED MARKET RANGE", "note": "Sewa bulanan kisaran publik, bukan asking unit tertentu", "cell_id": "106.780:-6.160", "outlier_flag": 0, "price_class": "MAHAL", "local_price_index": 1.385}, "geometry": {"type": "Point", "coordinates": [106.7888, -6.167]}}, {"type": "Feature", "id": "P-f7510221e249", "properties": {"property_id": "P-f7510221e249", "source": "indeks publik 2026", "source_url": "https://bambooroutes.com/blogs/news/jakarta-housing-prices", "source_type": "PUBLIC_INDEX", "category": "APARTEMEN/KOS", "sub_category": "apartemen", "title": "Apartemen/kos Blok M", "property_name": "Apartemen/kos Blok M", "latitude": -6.2444, "longitude": 106.8124, "address": "Kebayoran Baru, Jakarta Selatan", "district": "Kebayoran Baru", "city": "Jakarta Selatan", "price": 2672000000.0, "price_min": 2137600000, "price_max": 4008000000, "price_unit": "total", "area_land_m2": null, "area_building_m2": 50.0, "price_per_m2": 53440000, "listing_type": "sale", "sale_or_rent": "jual", "bedroom": null, "bathroom": null, "floor": null, "property_status": "index", "date_listed": "2026-06", "date_updated": "2026-09-13", "data_timestamp": "2026-09-13", "confidence_score": "MEDIUM", "geometry_source": "NEIGHBORHOOD_CENTROID", "corridor_id": "CASTJ20", "corridor_type": "cascade", "distance_to_corridor": 459.9, "distance_to_station": 459.9, "nearest_station": "Blok M", "existing_corridor_id": "tj-k13", "existing_distance_m": 640.2, "masterplan_corridor_id": "LRT_JKT_1C", "masterplan_distance_m": 4636.0, "cascade_corridor_id": "CASTJ20", "cascade_distance_m": 459.9, "price_label": "ESTIMATED MARKET RANGE", "note": "Colliers — Jaksel CBD sekunder", "cell_id": "106.820:-6.240", "outlier_flag": 0, "price_class": "MAHAL", "local_price_index": 3.34}, "geometry": {"type": "Point", "coordinates": [106.8124, -6.2444]}}, {"type": "Feature", "id": "P-a978d877fa41", "properties": {"property_id": "P-a978d877fa41", "source": "indeks publik 2026", "source_url": "https://bambooroutes.com/blogs/news/jakarta-housing-prices", "source_type": "PUBLIC_INDEX", "category": "RUKO", "sub_category": "ruko", "title": "Ruko Blok M", "property_name": "Ruko Blok M", "latitude": -6.2436, "longitude": 106.8101, "address": "Kebayoran Baru, Jakarta Selatan", "district": "Kebayoran Baru", "city": "Jakarta Selatan", "price": 9000000000, "price_min": 6300000000.0, "price_max": 12600000000.0, "price_unit": "total", "area_land_m2": null, "area_building_m2": 120.0, "price_per_m2": 75000000.0, "listing_type": "sale", "sale_or_rent": "jual", "bedroom": null, "bathroom": null, "floor": null, "property_status": "index", "date_listed": "2026-06", "date_updated": "2026-09-13", "data_timestamp": "2026-09-13", "confidence_score": "MEDIUM", "geometry_source": "NEIGHBORHOOD_CENTROID", "corridor_id": "tj-k13", "corridor_type": "existing", "distance_to_corridor": 509.1, "distance_to_station": 552.2, "nearest_station": "Pasar Santa", "existing_corridor_id": "tj-k13", "existing_distance_m": 509.1, "masterplan_corridor_id": "LRT_JKT_1C", "masterplan_distance_m": 4639.0, "cascade_corridor_id": "CASTJ20", "cascade_distance_m": 621.9, "price_label": "ESTIMATED MARKET RANGE", "note": "Colliers — Jaksel CBD sekunder", "cell_id": "106.820:-6.240", "outlier_flag": 1, "price_class": "MAHAL", "local_price_index": 4.688}, "geometry": {"type": "Point", "coordinates": [106.8101, -6.2436]}}, {"type": "Feature", "id": "P-38fc6ef58358", "properties": {"property_id": "P-38fc6ef58358", "source": "indeks publik 2026", "source_url": "https://bambooroutes.com/blogs/news/jakarta-housing-prices", "source_type": "PUBLIC_INDEX", "category": "TANAH", "sub_category": "tanah kosong", "title": "Tanah Blok M", "property_name": "Tanah Blok M", "latitude": -6.2454, "longitude": 106.8116, "address": "Kebayoran Baru, Jakarta Selatan", "district": "Kebayoran Baru", "city": "Jakarta Selatan", "price": 8000000000.0, "price_min": 4800000000, "price_max": 16000000000, "price_unit": "total", "area_land_m2": 200.0, "area_building_m2": null, "price_per_m2": 40000000, "listing_type": "sale", "sale_or_rent": "jual", "bedroom": null, "bathroom": null, "floor": null, "property_status": "index", "date_listed": "2026-06", "date_updated": "2026-09-13", "data_timestamp": "2026-09-13", "confidence_score": "MEDIUM", "geometry_source": "NEIGHBORHOOD_CENTROID", "corridor_id": "CASTJ20", "corridor_type": "cascade", "distance_to_corridor": 451.9, "distance_to_station": 451.9, "nearest_station": "Blok M", "existing_corridor_id": "tj-k13", "existing_distance_m": 748.1, "masterplan_corridor_id": "MRT_4", "masterplan_distance_m": 4584.3, "cascade_corridor_id": "CASTJ20", "cascade_distance_m": 451.9, "price_label": "ESTIMATED MARKET RANGE", "note": "Colliers — Jaksel CBD sekunder", "cell_id": "106.820:-6.240", "outlier_flag": 0, "price_class": "MAHAL", "local_price_index": 2.5}, "geometry": {"type": "Point", "coordinates": [106.8116, -6.2454]}}, {"type": "Feature", "id": "P-0eec41bea773", "properties": {"property_id": "P-0eec41bea773", "source": "indeks publik 2026", "source_url": "https://bambooroutes.com/blogs/news/jakarta-housing-prices", "source_type": "PUBLIC_INDEX", "category": "APARTEMEN/KOS", "sub_category": "kos", "title": "Kos Blok M", "property_name": "Kos Blok M", "latitude": -6.2449, "longitude": 106.8106, "address": "Kebayoran Baru, Jakarta Selatan", "district": "Kebayoran Baru", "city": "Jakarta Selatan", "price": 3000000, "price_min": null, "price_max": null, "price_unit": "bulan", "area_land_m2": null, "area_building_m2": null, "price_per_m2": null, "listing_type": "rent", "sale_or_rent": "sewa", "bedroom": null, "bathroom": null, "floor": null, "property_status": "index", "date_listed": "2026-06", "date_updated": "2026-09-13", "data_timestamp": "2026-09-13", "confidence_score": "MEDIUM", "geometry_source": "NEIGHBORHOOD_CENTROID", "corridor_id": "CASTJ20", "corridor_type": "cascade", "distance_to_corridor": 575.1, "distance_to_station": 575.1, "nearest_station": "Blok M", "existing_corridor_id": "tj-k13", "existing_distance_m": 662.2, "masterplan_corridor_id": "MRT_4", "masterplan_distance_m": 4685.1, "cascade_corridor_id": "CASTJ20", "cascade_distance_m": 575.1, "price_label": "ESTIMATED MARKET RANGE", "note": "Sewa bulanan kisaran publik, bukan asking unit tertentu", "cell_id": "106.820:-6.240", "outlier_flag": 0, "price_class": "MAHAL", "local_price_index": 2.308}, "geometry": {"type": "Point", "coordinates": [106.8106, -6.2449]}}, {"type": "Feature", "id": "P-2ffe7fe55152", "properties": {"property_id": "P-2ffe7fe55152", "source": "indeks publik 2026", "source_url": "https://rumatemu.com/blog/harga-rumah-jakarta-2026-2/", "source_type": "PUBLIC_INDEX", "category": "APARTEMEN/KOS", "sub_category": "apartemen", "title": "Apartemen/kos Pinang Ranti", "property_name": "Apartemen/kos Pinang Ranti", "latitude": -6.2911, "longitude": 106.8875, "address": "Makasar, Jakarta Timur", "district": "Makasar", "city": "Jakarta Timur", "price": 1000000000.0, "price_min": 800000000, "price_max": 1500000000, "price_unit": "total", "area_land_m2": null, "area_building_m2": 50.0, "price_per_m2": 20000000, "listing_type": "sale", "sale_or_rent": "jual", "bedroom": null, "bathroom": null, "floor": null, "property_status": "index", "date_listed": "2026-06", "date_updated": "2026-09-13", "data_timestamp": "2026-09-13", "confidence_score": "MEDIUM", "geometry_source": "NEIGHBORHOOD_CENTROID", "corridor_id": "tj-k9", "corridor_type": "existing", "distance_to_corridor": 134.5, "distance_to_station": 128.5, "nearest_station": "Pinang Ranti", "existing_corridor_id": "tj-k9", "existing_distance_m": 134.5, "masterplan_corridor_id": "MRT_4", "masterplan_distance_m": 790.9, "cascade_corridor_id": "CASTJ17", "cascade_distance_m": 169.1, "price_label": "ESTIMATED MARKET RANGE", "note": "Rumatemu Jaktim", "cell_id": "106.880:-6.300", "outlier_flag": 0, "price_class": "MAHAL", "local_price_index": 1.143}, "geometry": {"type": "Point", "coordinates": [106.8875, -6.2911]}}, {"type": "Feature", "id": "P-faeeef85e54b", "properties": {"property_id": "P-faeeef85e54b", "source": "indeks publik 2026", "source_url": "https://rumatemu.com/blog/harga-rumah-jakarta-2026-2/", "source_type": "PUBLIC_INDEX", "category": "RUKO", "sub_category": "ruko", "title": "Ruko Pinang Ranti", "property_name": "Ruko Pinang Ranti", "latitude": -6.2903, "longitude": 106.8852, "address": "Makasar, Jakarta Timur", "district": "Makasar", "city": "Jakarta Timur", "price": 2100000000, "price_min": 1470000000.0, "price_max": 2940000000.0, "price_unit": "total", "area_land_m2": null, "area_building_m2": 120.0, "price_per_m2": 17500000.0, "listing_type": "sale", "sale_or_rent": "jual", "bedroom": null, "bathroom": null, "floor": null, "property_status": "index", "date_listed": "2026-06", "date_updated": "2026-09-13", "data_timestamp": "2026-09-13", "confidence_score": "MEDIUM", "geometry_source": "NEIGHBORHOOD_CENTROID", "corridor_id": "tj-k9", "corridor_type": "existing", "distance_to_corridor": 89.3, "distance_to_station": 152.5, "nearest_station": "Pinang Ranti", "existing_corridor_id": "tj-k9", "existing_distance_m": 89.3, "masterplan_corridor_id": "MRT_4", "masterplan_distance_m": 587.2, "cascade_corridor_id": "CASTJ16", "cascade_distance_m": 165.8, "price_label": "ESTIMATED MARKET RANGE", "note": "Rumatemu Jaktim", "cell_id": "106.880:-6.300", "outlier_flag": 0, "price_class": "SEDANG", "local_price_index": 1.0}, "geometry": {"type": "Point", "coordinates": [106.8852, -6.2903]}}, {"type": "Feature", "id": "P-6c648f736879", "properties": {"property_id": "P-6c648f736879", "source": "indeks publik 2026", "source_url": "https://rumatemu.com/blog/harga-rumah-jakarta-2026-2/", "source_type": "PUBLIC_INDEX", "category": "TANAH", "sub_category": "tanah kosong", "title": "Tanah Pinang Ranti", "property_name": "Tanah Pinang Ranti", "latitude": -6.2921, "longitude": 106.8867, "address": "Makasar, Jakarta Timur", "district": "Makasar", "city": "Jakarta Timur", "price": 2000000000.0, "price_min": 1200000000, "price_max": 4000000000, "price_unit": "total", "area_land_m2": 200.0, "area_building_m2": null, "price_per_m2": 10000000, "listing_type": "sale", "sale_or_rent": "jual", "bedroom": null, "bathroom": null, "floor": null, "property_status": "index", "date_listed": "2026-06", "date_updated": "2026-09-13", "data_timestamp": "2026-09-13", "confidence_score": "MEDIUM", "geometry_source": "NEIGHBORHOOD_CENTROID", "corridor_id": "CASTJ17", "corridor_type": "cascade", "distance_to_corridor": 89.7, "distance_to_station": 89.7, "nearest_station": "Pinang Ranti", "existing_corridor_id": "tj-k9", "existing_distance_m": 118.7, "masterplan_corridor_id": "MRT_4", "masterplan_distance_m": 682.5, "cascade_corridor_id": "CASTJ17", "cascade_distance_m": 89.7, "price_label": "ESTIMATED MARKET RANGE", "note": "Rumatemu Jaktim", "cell_id": "106.880:-6.300", "outlier_flag": 0, "price_class": "MURAH", "local_price_index": 0.571}, "geometry": {"type": "Point", "coordinates": [106.8867, -6.2921]}}, {"type": "Feature", "id": "P-a1f033a9e865", "properties": {"property_id": "P-a1f033a9e865", "source": "indeks publik 2026", "source_url": "https://rumatemu.com/blog/harga-rumah-jakarta-2026-2/", "source_type": "PUBLIC_INDEX", "category": "APARTEMEN/KOS", "sub_category": "kos", "title": "Kos Pinang Ranti", "property_name": "Kos Pinang Ranti", "latitude": -6.2916, "longitude": 106.8857, "address": "Makasar, Jakarta Timur", "district": "Makasar", "city": "Jakarta Timur", "price": 1300000, "price_min": null, "price_max": null, "price_unit": "bulan", "area_land_m2": null, "area_building_m2": null, "price_per_m2": null, "listing_type": "rent", "sale_or_rent": "sewa", "bedroom": null, "bathroom": null, "floor": null, "property_status": "index", "date_listed": "2026-06", "date_updated": "2026-09-13", "data_timestamp": "2026-09-13", "confidence_score": "MEDIUM", "geometry_source": "NEIGHBORHOOD_CENTROID", "corridor_id": "CASTJ18", "corridor_type": "cascade", "distance_to_corridor": 22.9, "distance_to_station": 22.9, "nearest_station": "Pinang Ranti", "existing_corridor_id": "tj-k9", "existing_distance_m": 84.0, "masterplan_corridor_id": "MRT_4", "masterplan_distance_m": 584.4, "cascade_corridor_id": "CASTJ18", "cascade_distance_m": 22.9, "price_label": "ESTIMATED MARKET RANGE", "note": "Sewa bulanan kisaran publik, bukan asking unit tertentu", "cell_id": "106.880:-6.300", "outlier_flag": 0, "price_class": "SEDANG", "local_price_index": 1.0}, "geometry": {"type": "Point", "coordinates": [106.8857, -6.2916]}}, {"type": "Feature", "id": "P-6cb80ce67658", "properties": {"property_id": "P-6cb80ce67658", "source": "indeks publik 2026", "source_url": "https://rumatemu.com/blog/harga-rumah-jakarta-2026-2/", "source_type": "PUBLIC_INDEX", "category": "APARTEMEN/KOS", "sub_category": "apartemen", "title": "Apartemen/kos Jatiwaringin", "property_name": "Apartemen/kos Jatiwaringin", "latitude": -6.2559, "longitude": 106.912, "address": "Pondok Gede, Bekasi", "district": "Pondok Gede", "city": "Bekasi", "price": 700000000.0, "price_min": 560000000, "price_max": 1050000000, "price_unit": "total", "area_land_m2": null, "area_building_m2": 50.0, "price_per_m2": 14000000, "listing_type": "sale", "sale_or_rent": "jual", "bedroom": null, "bathroom": null, "floor": null, "property_status": "index", "date_listed": "2026-06", "date_updated": "2026-09-13", "data_timestamp": "2026-09-13", "confidence_score": "MEDIUM", "geometry_source": "NEIGHBORHOOD_CENTROID", "corridor_id": "CASTJ18", "corridor_type": "cascade", "distance_to_corridor": 323.3, "distance_to_station": 231.7, "nearest_station": "Jatiwaringin", "existing_corridor_id": "lrt-network", "existing_distance_m": 381.3, "masterplan_corridor_id": "LRT_JKT_3B", "masterplan_distance_m": 2364.6, "cascade_corridor_id": "CASTJ18", "cascade_distance_m": 323.3, "price_label": "ESTIMATED MARKET RANGE", "note": "Rumatemu 2026 — Bekasi barat", "cell_id": "106.920:-6.260", "outlier_flag": 0, "price_class": "SEDANG", "local_price_index": 0.875}, "geometry": {"type": "Point", "coordinates": [106.912, -6.2559]}}, {"type": "Feature", "id": "P-6b29e25a458d", "properties": {"property_id": "P-6b29e25a458d", "source": "indeks publik 2026", "source_url": "https://rumatemu.com/blog/harga-rumah-jakarta-2026-2/", "source_type": "PUBLIC_INDEX", "category": "RUKO", "sub_category": "ruko", "title": "Ruko Jatiwaringin", "property_name": "Ruko Jatiwaringin", "latitude": -6.2551, "longitude": 106.9097, "address": "Pondok Gede, Bekasi", "district": "Pondok Gede", "city": "Bekasi", "price": 1800000000, "price_min": 1260000000.0, "price_max": 2520000000.0, "price_unit": "total", "area_land_m2": null, "area_building_m2": 120.0, "price_per_m2": 15000000.0, "listing_type": "sale", "sale_or_rent": "jual", "bedroom": null, "bathroom": null, "floor": null, "property_status": "index", "date_listed": "2026-06", "date_updated": "2026-09-13", "data_timestamp": "2026-09-13", "confidence_score": "MEDIUM", "geometry_source": "NEIGHBORHOOD_CENTROID", "corridor_id": "lrt-network", "corridor_type": "existing", "distance_to_corridor": 141.9, "distance_to_station": 101.7, "nearest_station": "Jatiwaringin", "existing_corridor_id": "lrt-network", "existing_distance_m": 141.9, "masterplan_corridor_id": "LRT_JKT_3B", "masterplan_distance_m": 2131.2, "cascade_corridor_id": "CASTJ18", "cascade_distance_m": 348.8, "price_label": "ESTIMATED MARKET RANGE", "note": "Rumatemu 2026 — Bekasi barat", "cell_id": "106.900:-6.260", "outlier_flag": 0, "price_class": "SEDANG", "local_price_index": 0.938}, "geometry": {"type": "Point", "coordinates": [106.9097, -6.2551]}}, {"type": "Feature", "id": "P-47b4537c5adc", "properties": {"property_id": "P-47b4537c5adc", "source": "indeks publik 2026", "source_url": "https://rumatemu.com/blog/harga-rumah-jakarta-2026-2/", "source_type": "PUBLIC_INDEX", "category": "TANAH", "sub_category": "tanah kosong", "title": "Tanah Jatiwaringin", "property_name": "Tanah Jatiwaringin", "latitude": -6.2569, "longitude": 106.9112, "address": "Pondok Gede, Bekasi", "district": "Pondok Gede", "city": "Bekasi", "price": 1600000000.0, "price_min": 960000000, "price_max": 3200000000, "price_unit": "total", "area_land_m2": 200.0, "area_building_m2": null, "price_per_m2": 8000000, "listing_type": "sale", "sale_or_rent": "jual", "bedroom": null, "bathroom": null, "floor": null, "property_status": "index", "date_listed": "2026-06", "date_updated": "2026-09-13", "data_timestamp": "2026-09-13", "confidence_score": "MEDIUM", "geometry_source": "NEIGHBORHOOD_CENTROID", "corridor_id": "CASTJ18", "corridor_type": "cascade", "distance_to_corridor": 181.2, "distance_to_station": 175.1, "nearest_station": "Jatiwaringin", "existing_corridor_id": "lrt-network", "existing_distance_m": 322.0, "masterplan_corridor_id": "LRT_JKT_3B", "masterplan_distance_m": 2391.1, "cascade_corridor_id": "CASTJ18", "cascade_distance_m": 181.2, "price_label": "ESTIMATED MARKET RANGE", "note": "Rumatemu 2026 — Bekasi barat", "cell_id": "106.920:-6.260", "outlier_flag": 0, "price_class": "MURAH", "local_price_index": 0.5}, "geometry": {"type": "Point", "coordinates": [106.9112, -6.2569]}}, {"type": "Feature", "id": "P-2d2328ac176c", "properties": {"property_id": "P-2d2328ac176c", "source": "indeks publik 2026", "source_url": "https://rumatemu.com/blog/harga-rumah-jakarta-2026-2/", "source_type": "PUBLIC_INDEX", "category": "APARTEMEN/KOS", "sub_category": "kos", "title": "Kos Jatiwaringin", "property_name": "Kos Jatiwaringin", "latitude": -6.2564, "longitude": 106.9102, "address": "Pondok Gede, Bekasi", "district": "Pondok Gede", "city": "Bekasi", "price": 1100000, "price_min": null, "price_max": null, "price_unit": "bulan", "area_land_m2": null, "area_building_m2": null, "price_per_m2": null, "listing_type": "rent", "sale_or_rent": "sewa", "bedroom": null, "bathroom": null, "floor": null, "property_status": "index", "date_listed": "2026-06", "date_updated": "2026-09-13", "data_timestamp": "2026-09-13", "confidence_score": "MEDIUM", "geometry_source": "NEIGHBORHOOD_CENTROID", "corridor_id": "lrt-network", "corridor_type": "existing", "distance_to_corridor": 198.4, "distance_to_station": 55.9, "nearest_station": "Jatiwaringin", "existing_corridor_id": "lrt-network", "existing_distance_m": 198.4, "masterplan_corridor_id": "LRT_JKT_3B", "masterplan_distance_m": 2278.8, "cascade_corridor_id": "CASTJ18", "cascade_distance_m": 199.7, "price_label": "ESTIMATED MARKET RANGE", "note": "Sewa bulanan kisaran publik, bukan asking unit tertentu", "cell_id": "106.920:-6.260", "outlier_flag": 0, "price_class": "MURAH", "local_price_index": 0.846}, "geometry": {"type": "Point", "coordinates": [106.9102, -6.2564]}}, {"type": "Feature", "id": "P-925468022483", "properties": {"property_id": "P-925468022483", "source": "indeks publik 2026", "source_url": "https://bambooroutes.com/blogs/news/jakarta-housing-prices", "source_type": "PUBLIC_INDEX", "category": "APARTEMEN/KOS", "sub_category": "apartemen", "title": "Apartemen/kos Koja", "property_name": "Apartemen/kos Koja", "latitude": -6.1085, "longitude": 106.905, "address": "Koja, Jakarta Utara", "district": "Koja", "city": "Jakarta Utara", "price": 1100000000.0, "price_min": 880000000, "price_max": 1650000000, "price_unit": "total", "area_land_m2": null, "area_building_m2": 50.0, "price_per_m2": 22000000, "listing_type": "sale", "sale_or_rent": "jual", "bedroom": null, "bathroom": null, "floor": null, "property_status": "index", "date_listed": "2026-06", "date_updated": "2026-09-13", "data_timestamp": "2026-09-13", "confidence_score": "MEDIUM", "geometry_source": "NEIGHBORHOOD_CENTROID", "corridor_id": "CASTJ18", "corridor_type": "cascade", "distance_to_corridor": 320.5, "distance_to_station": 127.8, "nearest_station": "Koja 2", "existing_corridor_id": "tj-k10", "existing_distance_m": 1351.1, "masterplan_corridor_id": "OUTER_RING_RAIL", "masterplan_distance_m": 455.1, "cascade_corridor_id": "CASTJ18", "cascade_distance_m": 320.5, "price_label": "ESTIMATED MARKET RANGE", "note": "Colliers Jakut secondary", "cell_id": "106.900:-6.100", "outlier_flag": 0, "price_class": "MAHAL", "local_price_index": 1.375}, "geometry": {"type": "Point", "coordinates": [106.905, -6.1085]}}, {"type": "Feature", "id": "P-59aae357ed98", "properties": {"property_id": "P-59aae357ed98", "source": "indeks publik 2026", "source_url": "https://bambooroutes.com/blogs/news/jakarta-housing-prices", "source_type": "PUBLIC_INDEX", "category": "RUKO", "sub_category": "ruko", "title": "Ruko Koja", "property_name": "Ruko Koja", "latitude": -6.1077, "longitude": 106.9027, "address": "Koja, Jakarta Utara", "district": "Koja", "city": "Jakarta Utara", "price": 2200000000, "price_min": 1540000000.0, "price_max": 3080000000.0, "price_unit": "total", "area_land_m2": null, "area_building_m2": 120.0, "price_per_m2": 18333333.333333332, "listing_type": "sale", "sale_or_rent": "jual", "bedroom": null, "bathroom": null, "floor": null, "property_status": "index", "date_listed": "2026-06", "date_updated": "2026-09-13", "data_timestamp": "2026-09-13", "confidence_score": "MEDIUM", "geometry_source": "NEIGHBORHOOD_CENTROID", "corridor_id": "CASTJ18", "corridor_type": "cascade", "distance_to_corridor": 93.9, "distance_to_station": 155.9, "nearest_station": "Koja 2", "existing_corridor_id": "tj-k10", "existing_distance_m": 1117.0, "masterplan_corridor_id": "OUTER_RING_RAIL", "masterplan_distance_m": 619.9, "cascade_corridor_id": "CASTJ18", "cascade_distance_m": 93.9, "price_label": "ESTIMATED MARKET RANGE", "note": "Colliers Jakut secondary", "cell_id": "106.900:-6.100", "outlier_flag": 0, "price_class": "SEDANG", "local_price_index": 1.146}, "geometry": {"type": "Point", "coordinates": [106.9027, -6.1077]}}, {"type": "Feature", "id": "P-d37151568f55", "properties": {"property_id": "P-d37151568f55", "source": "indeks publik 2026", "source_url": "https://bambooroutes.com/blogs/news/jakarta-housing-prices", "source_type": "PUBLIC_INDEX", "category": "TANAH", "sub_category": "tanah kosong", "title": "Tanah Koja", "property_name": "Tanah Koja", "latitude": -6.1095, "longitude": 106.9042, "address": "Koja, Jakarta Utara", "district": "Koja", "city": "Jakarta Utara", "price": 2400000000.0, "price_min": 1440000000, "price_max": 4800000000, "price_unit": "total", "area_land_m2": 200.0, "area_building_m2": null, "price_per_m2": 12000000, "listing_type": "sale", "sale_or_rent": "jual", "bedroom": null, "bathroom": null, "floor": null, "property_status": "index", "date_listed": "2026-06", "date_updated": "2026-09-13", "data_timestamp": "2026-09-13", "confidence_score": "MEDIUM", "geometry_source": "NEIGHBORHOOD_CENTROID", "corridor_id": "CASTJ18", "corridor_type": "cascade", "distance_to_corridor": 266.8, "distance_to_station": 116.0, "nearest_station": "Koja 2", "existing_corridor_id": "tj-k12", "existing_distance_m": 1252.8, "masterplan_corridor_id": "OUTER_RING_RAIL", "masterplan_distance_m": 388.1, "cascade_corridor_id": "CASTJ18", "cascade_distance_m": 266.8, "price_label": "ESTIMATED MARKET RANGE", "note": "Colliers Jakut secondary", "cell_id": "106.900:-6.100", "outlier_flag": 0, "price_class": "SEDANG", "local_price_index": 0.75}, "geometry": {"type": "Point", "coordinates": [106.9042, -6.1095]}}, {"type": "Feature", "id": "P-513df956aa65", "properties": {"property_id": "P-513df956aa65", "source": "indeks publik 2026", "source_url": "https://bambooroutes.com/blogs/news/jakarta-housing-prices", "source_type": "PUBLIC_INDEX", "category": "APARTEMEN/KOS", "sub_category": "kos", "title": "Kos Koja", "property_name": "Kos Koja", "latitude": -6.109, "longitude": 106.9032, "address": "Koja, Jakarta Utara", "district": "Koja", "city": "Jakarta Utara", "price": 1300000, "price_min": null, "price_max": null, "price_unit": "bulan", "area_land_m2": null, "area_building_m2": null, "price_per_m2": null, "listing_type": "rent", "sale_or_rent": "sewa", "bedroom": null, "bathroom": null, "floor": null, "property_status": "index", "date_listed": "2026-06", "date_updated": "2026-09-13", "data_timestamp": "2026-09-13", "confidence_score": "MEDIUM", "geometry_source": "NEIGHBORHOOD_CENTROID", "corridor_id": "CASTJ18", "corridor_type": "cascade", "distance_to_corridor": 143.4, "distance_to_station": 89.1, "nearest_station": "Koja 2", "existing_corridor_id": "tj-k10", "existing_distance_m": 1146.9, "masterplan_corridor_id": "OUTER_RING_RAIL", "masterplan_distance_m": 498.3, "cascade_corridor_id": "CASTJ18", "cascade_distance_m": 143.4, "price_label": "ESTIMATED MARKET RANGE", "note": "Sewa bulanan kisaran publik, bukan asking unit tertentu", "cell_id": "106.900:-6.100", "outlier_flag": 0, "price_class": "SEDANG", "local_price_index": 1.0}, "geometry": {"type": "Point", "coordinates": [106.9032, -6.109]}}, {"type": "Feature", "id": "P-d921c413aa09", "properties": {"property_id": "P-d921c413aa09", "source": "indeks publik 2026", "source_url": "https://rumatemu.com/blog/harga-rumah-jakarta-2026-2/", "source_type": "PUBLIC_INDEX", "category": "APARTEMEN/KOS", "sub_category": "apartemen", "title": "Apartemen/kos Pasar Minggu", "property_name": "Apartemen/kos Pasar Minggu", "latitude": -6.2817, "longitude": 106.846, "address": "Pasar Minggu, Jakarta Selatan", "district": "Pasar Minggu", "city": "Jakarta Selatan", "price": 1400000000.0, "price_min": 1120000000, "price_max": 2100000000, "price_unit": "total", "area_land_m2": null, "area_building_m2": 50.0, "price_per_m2": 28000000, "listing_type": "sale", "sale_or_rent": "jual", "bedroom": null, "bathroom": null, "floor": null, "property_status": "index", "date_listed": "2026-06", "date_updated": "2026-09-13", "data_timestamp": "2026-09-13", "confidence_score": "MEDIUM", "geometry_source": "NEIGHBORHOOD_CENTROID", "corridor_id": "krl-network", "corridor_type": "existing", "distance_to_corridor": 96.4, "distance_to_station": 131.7, "nearest_station": "Condet", "existing_corridor_id": "krl-network", "existing_distance_m": 96.4, "masterplan_corridor_id": "MRT_4", "masterplan_distance_m": 1515.4, "cascade_corridor_id": "CASTJ19", "cascade_distance_m": 163.4, "price_label": "ESTIMATED MARKET RANGE", "note": "Rumatemu Jaksel", "cell_id": "106.840:-6.280", "outlier_flag": 0, "price_class": "MAHAL", "local_price_index": 1.75}, "geometry": {"type": "Point", "coordinates": [106.846, -6.2817]}}, {"type": "Feature", "id": "P-ac4fb6d579a9", "properties": {"property_id": "P-ac4fb6d579a9", "source": "indeks publik 2026", "source_url": "https://rumatemu.com/blog/harga-rumah-jakarta-2026-2/", "source_type": "PUBLIC_INDEX", "category": "RUKO", "sub_category": "ruko", "title": "Ruko Pasar Minggu", "property_name": "Ruko Pasar Minggu", "latitude": -6.2809, "longitude": 106.8437, "address": "Pasar Minggu, Jakarta Selatan", "district": "Pasar Minggu", "city": "Jakarta Selatan", "price": 3200000000, "price_min": 2240000000.0, "price_max": 4480000000.0, "price_unit": "total", "area_land_m2": null, "area_building_m2": 120.0, "price_per_m2": 26666666.666666668, "listing_type": "sale", "sale_or_rent": "jual", "bedroom": null, "bathroom": null, "floor": null, "property_status": "index", "date_listed": "2026-06", "date_updated": "2026-09-13", "data_timestamp": "2026-09-13", "confidence_score": "MEDIUM", "geometry_source": "NEIGHBORHOOD_CENTROID", "corridor_id": "CASTJ19", "corridor_type": "cascade", "distance_to_corridor": 148.8, "distance_to_station": 153.4, "nearest_station": "Condet", "existing_corridor_id": "krl-network", "existing_distance_m": 173.8, "masterplan_corridor_id": "MRT_4", "masterplan_distance_m": 1344.3, "cascade_corridor_id": "CASTJ19", "cascade_distance_m": 148.8, "price_label": "ESTIMATED MARKET RANGE", "note": "Rumatemu Jaksel", "cell_id": "106.840:-6.280", "outlier_flag": 0, "price_class": "MAHAL", "local_price_index": 1.667}, "geometry": {"type": "Point", "coordinates": [106.8437, -6.2809]}}, {"type": "Feature", "id": "P-e0bef06df58c", "properties": {"property_id": "P-e0bef06df58c", "source": "indeks publik 2026", "source_url": "https://rumatemu.com/blog/harga-rumah-jakarta-2026-2/", "source_type": "PUBLIC_INDEX", "category": "TANAH", "sub_category": "tanah kosong", "title": "Tanah Pasar Minggu", "property_name": "Tanah Pasar Minggu", "latitude": -6.2827, "longitude": 106.8452, "address": "Pasar Minggu, Jakarta Selatan", "district": "Pasar Minggu", "city": "Jakarta Selatan", "price": 3200000000.0, "price_min": 1920000000, "price_max": 6400000000, "price_unit": "total", "area_land_m2": 200.0, "area_building_m2": null, "price_per_m2": 16000000, "listing_type": "sale", "sale_or_rent": "jual", "bedroom": null, "bathroom": null, "floor": null, "property_status": "index", "date_listed": "2026-06", "date_updated": "2026-09-13", "data_timestamp": "2026-09-13", "confidence_score": "MEDIUM", "geometry_source": "NEIGHBORHOOD_CENTROID", "corridor_id": "krl-network", "corridor_type": "existing", "distance_to_corridor": 133.3, "distance_to_station": 116.2, "nearest_station": "Condet", "existing_corridor_id": "krl-network", "existing_distance_m": 133.3, "masterplan_corridor_id": "MRT_4", "masterplan_distance_m": 1387.2, "cascade_corridor_id": "CASTJ19", "cascade_distance_m": 233.8, "price_label": "ESTIMATED MARKET RANGE", "note": "Rumatemu Jaksel", "cell_id": "106.840:-6.280", "outlier_flag": 0, "price_class": "SEDANG", "local_price_index": 1.0}, "geometry": {"type": "Point", "coordinates": [106.8452, -6.2827]}}, {"type": "Feature", "id": "P-a6956289dd65", "properties": {"property_id": "P-a6956289dd65", "source": "indeks publik 2026", "source_url": "https://rumatemu.com/blog/harga-rumah-jakarta-2026-2/", "source_type": "PUBLIC_INDEX", "category": "APARTEMEN/KOS", "sub_category": "kos", "title": "Kos Pasar Minggu", "property_name": "Kos Pasar Minggu", "latitude": -6.2822, "longitude": 106.8442, "address": "Pasar Minggu, Jakarta Selatan", "district": "Pasar Minggu", "city": "Jakarta Selatan", "price": 1800000, "price_min": null, "price_max": null, "price_unit": "bulan", "area_land_m2": null, "area_building_m2": null, "price_per_m2": null, "listing_type": "rent", "sale_or_rent": "sewa", "bedroom": null, "bathroom": null, "floor": null, "property_status": "index", "date_listed": "2026-06", "date_updated": "2026-09-13", "data_timestamp": "2026-09-13", "confidence_score": "MEDIUM", "geometry_source": "NEIGHBORHOOD_CENTROID", "corridor_id": "krl-network", "corridor_type": "existing", "distance_to_corridor": 130.6, "distance_to_station": 85.2, "nearest_station": "Condet", "existing_corridor_id": "krl-network", "existing_distance_m": 130.6, "masterplan_corridor_id": "MRT_4", "masterplan_distance_m": 1313.8, "cascade_corridor_id": "CASTJ19", "cascade_distance_m": 198.7, "price_label": "ESTIMATED MARKET RANGE", "note": "Sewa bulanan kisaran publik, bukan asking unit tertentu", "cell_id": "106.840:-6.280", "outlier_flag": 0, "price_class": "MAHAL", "local_price_index": 1.385}, "geometry": {"type": "Point", "coordinates": [106.8442, -6.2822]}}, {"type": "Feature", "id": "P-2de3ce75bb45", "properties": {"property_id": "P-2de3ce75bb45", "source": "indeks publik 2026", "source_url": "https://rumatemu.com/blog/harga-rumah-jakarta-2026-2/", "source_type": "PUBLIC_INDEX", "category": "APARTEMEN/KOS", "sub_category": "apartemen", "title": "Apartemen/kos Ciracas", "property_name": "Apartemen/kos Ciracas", "latitude": -6.329, "longitude": 106.8772, "address": "Ciracas, Jakarta Timur", "district": "Ciracas", "city": "Jakarta Timur", "price": 1000000000.0, "price_min": 800000000, "price_max": 1500000000, "price_unit": "total", "area_land_m2": null, "area_building_m2": 50.0, "price_per_m2": 20000000, "listing_type": "sale", "sale_or_rent": "jual", "bedroom": null, "bathroom": null, "floor": null, "property_status": "index", "date_listed": "2026-06", "date_updated": "2026-09-13", "data_timestamp": "2026-09-13", "confidence_score": "MEDIUM", "geometry_source": "NEIGHBORHOOD_CENTROID", "corridor_id": "CASTJ21", "corridor_type": "cascade", "distance_to_corridor": 312.5, "distance_to_station": 79.4, "nearest_station": "Ciracas 2", "existing_corridor_id": "lrt-network", "existing_distance_m": 1128.0, "masterplan_corridor_id": "MRT_4", "masterplan_distance_m": 2220.5, "cascade_corridor_id": "CASTJ21", "cascade_distance_m": 312.5, "price_label": "ESTIMATED MARKET RANGE", "note": "Rumatemu — Ciracas Rp7–12 jt/m²", "cell_id": "106.880:-6.320", "outlier_flag": 0, "price_class": "MAHAL", "local_price_index": 1.2}, "geometry": {"type": "Point", "coordinates": [106.8772, -6.329]}}, {"type": "Feature", "id": "P-0b0ff1b2d4b8", "properties": {"property_id": "P-0b0ff1b2d4b8", "source": "indeks publik 2026", "source_url": "https://rumatemu.com/blog/harga-rumah-jakarta-2026-2/", "source_type": "PUBLIC_INDEX", "category": "RUKO", "sub_category": "ruko", "title": "Ruko Ciracas", "property_name": "Ruko Ciracas", "latitude": -6.3282, "longitude": 106.8749, "address": "Ciracas, Jakarta Timur", "district": "Ciracas", "city": "Jakarta Timur", "price": 2000000000, "price_min": 1400000000.0, "price_max": 2800000000.0, "price_unit": "total", "area_land_m2": null, "area_building_m2": 120.0, "price_per_m2": 16666666.666666666, "listing_type": "sale", "sale_or_rent": "jual", "bedroom": null, "bathroom": null, "floor": null, "property_status": "index", "date_listed": "2026-06", "date_updated": "2026-09-13", "data_timestamp": "2026-09-13", "confidence_score": "MEDIUM", "geometry_source": "NEIGHBORHOOD_CENTROID", "corridor_id": "CASTJ21", "corridor_type": "cascade", "distance_to_corridor": 221.6, "distance_to_station": 237.8, "nearest_station": "Ciracas 2", "existing_corridor_id": "lrt-network", "existing_distance_m": 1369.0, "masterplan_corridor_id": "MRT_4", "masterplan_distance_m": 2189.7, "cascade_corridor_id": "CASTJ21", "cascade_distance_m": 221.6, "price_label": "ESTIMATED MARKET RANGE", "note": "Rumatemu — Ciracas Rp7–12 jt/m²", "cell_id": "106.880:-6.320", "outlier_flag": 0, "price_class": "MAHAL", "local_price_index": 1.0}, "geometry": {"type": "Point", "coordinates": [106.8749, -6.3282]}}, {"type": "Feature", "id": "P-651d1f8f87e0", "properties": {"property_id": "P-651d1f8f87e0", "source": "indeks publik 2026", "source_url": "https://rumatemu.com/blog/harga-rumah-jakarta-2026-2/", "source_type": "PUBLIC_INDEX", "category": "TANAH", "sub_category": "tanah kosong", "title": "Tanah Ciracas", "property_name": "Tanah Ciracas", "latitude": -6.33, "longitude": 106.8764, "address": "Ciracas, Jakarta Timur", "district": "Ciracas", "city": "Jakarta Timur", "price": 2000000000.0, "price_min": 1200000000, "price_max": 4000000000, "price_unit": "total", "area_land_m2": 200.0, "area_building_m2": null, "price_per_m2": 10000000, "listing_type": "sale", "sale_or_rent": "jual", "bedroom": null, "bathroom": null, "floor": null, "property_status": "index", "date_listed": "2026-06", "date_updated": "2026-09-13", "data_timestamp": "2026-09-13", "confidence_score": "MEDIUM", "geometry_source": "NEIGHBORHOOD_CENTROID", "corridor_id": "CASTJ21", "corridor_type": "cascade", "distance_to_corridor": 196.5, "distance_to_station": 66.6, "nearest_station": "Ciracas 2", "existing_corridor_id": "lrt-network", "existing_distance_m": 1191.9, "masterplan_corridor_id": "MRT_4", "masterplan_distance_m": 2345.5, "cascade_corridor_id": "CASTJ21", "cascade_distance_m": 196.5, "price_label": "ESTIMATED MARKET RANGE", "note": "Rumatemu — Ciracas Rp7–12 jt/m²", "cell_id": "106.880:-6.320", "outlier_flag": 0, "price_class": "MURAH", "local_price_index": 0.6}, "geometry": {"type": "Point", "coordinates": [106.8764, -6.33]}}, {"type": "Feature", "id": "P-58a7cd0b6b60", "properties": {"property_id": "P-58a7cd0b6b60", "source": "indeks publik 2026", "source_url": "https://rumatemu.com/blog/harga-rumah-jakarta-2026-2/", "source_type": "PUBLIC_INDEX", "category": "APARTEMEN/KOS", "sub_category": "kos", "title": "Kos Ciracas", "property_name": "Kos Ciracas", "latitude": -6.3295, "longitude": 106.8754, "address": "Ciracas, Jakarta Timur", "district": "Ciracas", "city": "Jakarta Timur", "price": 1300000, "price_min": null, "price_max": null, "price_unit": "bulan", "area_land_m2": null, "area_building_m2": null, "price_per_m2": null, "listing_type": "rent", "sale_or_rent": "sewa", "bedroom": null, "bathroom": null, "floor": null, "property_status": "index", "date_listed": "2026-06", "date_updated": "2026-09-13", "data_timestamp": "2026-09-13", "confidence_score": "MEDIUM", "geometry_source": "NEIGHBORHOOD_CENTROID", "corridor_id": "CASTJ21", "corridor_type": "cascade", "distance_to_corridor": 113.4, "distance_to_station": 137.6, "nearest_station": "Ciracas 2", "existing_corridor_id": "lrt-network", "existing_distance_m": 1310.1, "masterplan_corridor_id": "MRT_4", "masterplan_distance_m": 2315.0, "cascade_corridor_id": "CASTJ21", "cascade_distance_m": 113.4, "price_label": "ESTIMATED MARKET RANGE", "note": "Sewa bulanan kisaran publik, bukan asking unit tertentu", "cell_id": "106.880:-6.320", "outlier_flag": 0, "price_class": "SEDANG", "local_price_index": 1.0}, "geometry": {"type": "Point", "coordinates": [106.8754, -6.3295]}}, {"type": "Feature", "id": "P-022773aa5dd6", "properties": {"property_id": "P-022773aa5dd6", "source": "indeks publik 2026", "source_url": "https://bambooroutes.com/blogs/news/jakarta-housing-prices", "source_type": "PUBLIC_INDEX", "category": "APARTEMEN/KOS", "sub_category": "apartemen", "title": "Apartemen/kos Pulo Gebang", "property_name": "Apartemen/kos Pulo Gebang", "latitude": -6.2127, "longitude": 106.9539, "address": "Cakung, Jakarta Timur", "district": "Cakung", "city": "Jakarta Timur", "price": 900000000.0, "price_min": 720000000, "price_max": 1350000000, "price_unit": "total", "area_land_m2": null, "area_building_m2": 50.0, "price_per_m2": 18000000, "listing_type": "sale", "sale_or_rent": "jual", "bedroom": null, "bathroom": null, "floor": null, "property_status": "index", "date_listed": "2026-06", "date_updated": "2026-09-13", "data_timestamp": "2026-09-13", "confidence_score": "MEDIUM", "geometry_source": "NEIGHBORHOOD_CENTROID", "corridor_id": "tj-k11", "corridor_type": "existing", "distance_to_corridor": 93.1, "distance_to_station": 138.1, "nearest_station": "Pulo Gebang", "existing_corridor_id": "tj-k11", "existing_distance_m": 93.1, "masterplan_corridor_id": "MRT_3", "masterplan_distance_m": 3095.3, "cascade_corridor_id": "CASTJ17", "cascade_distance_m": 303.3, "price_label": "ESTIMATED MARKET RANGE", "note": "Colliers Jaktim secondary", "cell_id": "106.960:-6.220", "outlier_flag": 0, "price_class": "MAHAL", "local_price_index": 1.137}, "geometry": {"type": "Point", "coordinates": [106.9539, -6.2127]}}, {"type": "Feature", "id": "P-a4d88d4fd01a", "properties": {"property_id": "P-a4d88d4fd01a", "source": "indeks publik 2026", "source_url": "https://bambooroutes.com/blogs/news/jakarta-housing-prices", "source_type": "PUBLIC_INDEX", "category": "RUKO", "sub_category": "ruko", "title": "Ruko Pulo Gebang", "property_name": "Ruko Pulo Gebang", "latitude": -6.2119, "longitude": 106.9516, "address": "Cakung, Jakarta Timur", "district": "Cakung", "city": "Jakarta Timur", "price": 1900000000, "price_min": 1330000000.0, "price_max": 2660000000.0, "price_unit": "total", "area_land_m2": null, "area_building_m2": 120.0, "price_per_m2": 15833333.333333334, "listing_type": "sale", "sale_or_rent": "jual", "bedroom": null, "bathroom": null, "floor": null, "property_status": "index", "date_listed": "2026-06", "date_updated": "2026-09-13", "data_timestamp": "2026-09-13", "confidence_score": "MEDIUM", "geometry_source": "NEIGHBORHOOD_CENTROID", "corridor_id": "tj-k11", "corridor_type": "existing", "distance_to_corridor": 86.8, "distance_to_station": 112.3, "nearest_station": "Pulo Gebang", "existing_corridor_id": "tj-k11", "existing_distance_m": 86.8, "masterplan_corridor_id": "MRT_3", "masterplan_distance_m": 2991.6, "cascade_corridor_id": "CASTJ15", "cascade_distance_m": 204.8, "price_label": "ESTIMATED MARKET RANGE", "note": "Colliers Jaktim secondary", "cell_id": "106.960:-6.220", "outlier_flag": 0, "price_class": "MAHAL", "local_price_index": 1.0}, "geometry": {"type": "Point", "coordinates": [106.9516, -6.2119]}}, {"type": "Feature", "id": "P-c97b6a46c918", "properties": {"property_id": "P-c97b6a46c918", "source": "indeks publik 2026", "source_url": "https://bambooroutes.com/blogs/news/jakarta-housing-prices", "source_type": "PUBLIC_INDEX", "category": "TANAH", "sub_category": "tanah kosong", "title": "Tanah Pulo Gebang", "property_name": "Tanah Pulo Gebang", "latitude": -6.2137, "longitude": 106.9531, "address": "Cakung, Jakarta Timur", "district": "Cakung", "city": "Jakarta Timur", "price": 1800000000.0, "price_min": 1080000000, "price_max": 3600000000, "price_unit": "total", "area_land_m2": 200.0, "area_building_m2": null, "price_per_m2": 9000000, "listing_type": "sale", "sale_or_rent": "jual", "bedroom": null, "bathroom": null, "floor": null, "property_status": "index", "date_listed": "2026-06", "date_updated": "2026-09-13", "data_timestamp": "2026-09-13", "confidence_score": "MEDIUM", "geometry_source": "NEIGHBORHOOD_CENTROID", "corridor_id": "tj-k11", "corridor_type": "existing", "distance_to_corridor": 57.3, "distance_to_station": 122.1, "nearest_station": "Pulo Gebang", "existing_corridor_id": "tj-k11", "existing_distance_m": 57.3, "masterplan_corridor_id": "MRT_3", "masterplan_distance_m": 3198.7, "cascade_corridor_id": "CASTJ17", "cascade_distance_m": 167.0, "price_label": "ESTIMATED MARKET RANGE", "note": "Colliers Jaktim secondary", "cell_id": "106.960:-6.220", "outlier_flag": 0, "price_class": "MURAH", "local_price_index": 0.568}, "geometry": {"type": "Point", "coordinates": [106.9531, -6.2137]}}, {"type": "Feature", "id": "P-650cfe824ef6", "properties": {"property_id": "P-650cfe824ef6", "source": "indeks publik 2026", "source_url": "https://bambooroutes.com/blogs/news/jakarta-housing-prices", "source_type": "PUBLIC_INDEX", "category": "APARTEMEN/KOS", "sub_category": "kos", "title": "Kos Pulo Gebang", "property_name": "Kos Pulo Gebang", "latitude": -6.2132, "longitude": 106.9521, "address": "Cakung, Jakarta Timur", "district": "Cakung", "city": "Jakarta Timur", "price": 1200000, "price_min": null, "price_max": null, "price_unit": "bulan", "area_land_m2": null, "area_building_m2": null, "price_per_m2": null, "listing_type": "rent", "sale_or_rent": "sewa", "bedroom": null, "bathroom": null, "floor": null, "property_status": "index", "date_listed": "2026-06", "date_updated": "2026-09-13", "data_timestamp": "2026-09-13", "confidence_score": "MEDIUM", "geometry_source": "NEIGHBORHOOD_CENTROID", "corridor_id": "tj-k11", "corridor_type": "existing", "distance_to_corridor": 91.0, "distance_to_station": 82.7, "nearest_station": "Pulo Gebang", "existing_corridor_id": "tj-k11", "existing_distance_m": 91.0, "masterplan_corridor_id": "MRT_3", "masterplan_distance_m": 3137.5, "cascade_corridor_id": "CASTJ17", "cascade_distance_m": 141.6, "price_label": "ESTIMATED MARKET RANGE", "note": "Sewa bulanan kisaran publik, bukan asking unit tertentu", "cell_id": "106.960:-6.220", "outlier_flag": 0, "price_class": "MURAH", "local_price_index": 0.923}, "geometry": {"type": "Point", "coordinates": [106.9521, -6.2132]}}, {"type": "Feature", "id": "P-0834007ed5e3", "properties": {"property_id": "P-0834007ed5e3", "source": "indeks publik 2026", "source_url": "https://rumatemu.com/blog/harga-rumah-jakarta-2026-2/", "source_type": "PUBLIC_INDEX", "category": "APARTEMEN/KOS", "sub_category": "apartemen", "title": "Apartemen/kos Rawa Buntu", "property_name": "Apartemen/kos Rawa Buntu", "latitude": -6.31551, "longitude": 106.67625, "address": "Serpong, Tangerang Selatan", "district": "Serpong", "city": "Tangerang Selatan", "price": 800000000.0, "price_min": 640000000, "price_max": 1200000000, "price_unit": "total", "area_land_m2": null, "area_building_m2": 50.0, "price_per_m2": 16000000, "listing_type": "sale", "sale_or_rent": "jual", "bedroom": null, "bathroom": null, "floor": null, "property_status": "index", "date_listed": "2026-06", "date_updated": "2026-09-13", "data_timestamp": "2026-09-13", "confidence_score": "MEDIUM", "geometry_source": "NEIGHBORHOOD_CENTROID", "corridor_id": "krl-R", "corridor_type": "existing", "distance_to_corridor": 69.4, "distance_to_station": 132.9, "nearest_station": "Rawa Buntu", "existing_corridor_id": "krl-R", "existing_distance_m": 69.4, "masterplan_corridor_id": "KRL_PP_CITAYAM", "masterplan_distance_m": 7623.5, "cascade_corridor_id": "MRT-CASCADE-01", "cascade_distance_m": 269.6, "price_label": "ESTIMATED MARKET RANGE", "note": "Rumatemu — Serpong/BSD", "cell_id": "106.680:-6.320", "outlier_flag": 0, "price_class": "SEDANG", "local_price_index": 1.0}, "geometry": {"type": "Point", "coordinates": [106.67625, -6.31551]}}, {"type": "Feature", "id": "P-46f3c901cc15", "properties": {"property_id": "P-46f3c901cc15", "source": "indeks publik 2026", "source_url": "https://rumatemu.com/blog/harga-rumah-jakarta-2026-2/", "source_type": "PUBLIC_INDEX", "category": "RUKO", "sub_category": "ruko", "title": "Ruko Rawa Buntu", "property_name": "Ruko Rawa Buntu", "latitude": -6.31471, "longitude": 106.67395, "address": "Serpong, Tangerang Selatan", "district": "Serpong", "city": "Tangerang Selatan", "price": 2800000000, "price_min": 1959999999.9999998, "price_max": 3919999999.9999995, "price_unit": "total", "area_land_m2": null, "area_building_m2": 120.0, "price_per_m2": 23333333.333333332, "listing_type": "sale", "sale_or_rent": "jual", "bedroom": null, "bathroom": null, "floor": null, "property_status": "index", "date_listed": "2026-06", "date_updated": "2026-09-13", "data_timestamp": "2026-09-13", "confidence_score": "MEDIUM", "geometry_source": "NEIGHBORHOOD_CENTROID", "corridor_id": "krl-network", "corridor_type": "existing", "distance_to_corridor": 142.4, "distance_to_station": 150.2, "nearest_station": "Rawa Buntu", "existing_corridor_id": "krl-network", "existing_distance_m": 142.4, "masterplan_corridor_id": "KRL_PP_CITAYAM", "masterplan_distance_m": 7612.7, "cascade_corridor_id": "MRT-CASCADE-01", "cascade_distance_m": 314.8, "price_label": "ESTIMATED MARKET RANGE", "note": "Rumatemu — Serpong/BSD", "cell_id": "106.680:-6.320", "outlier_flag": 0, "price_class": "MAHAL", "local_price_index": 1.458}, "geometry": {"type": "Point", "coordinates": [106.67395, -6.31471]}}, {"type": "Feature", "id": "P-21b8bd026c01", "properties": {"property_id": "P-21b8bd026c01", "source": "indeks publik 2026", "source_url": "https://rumatemu.com/blog/harga-rumah-jakarta-2026-2/", "source_type": "PUBLIC_INDEX", "category": "TANAH", "sub_category": "tanah kosong", "title": "Tanah Rawa Buntu", "property_name": "Tanah Rawa Buntu", "latitude": -6.31651, "longitude": 106.67545, "address": "Serpong, Tangerang Selatan", "district": "Serpong", "city": "Tangerang Selatan", "price": 2400000000.0, "price_min": 1440000000, "price_max": 4800000000, "price_unit": "total", "area_land_m2": 200.0, "area_building_m2": null, "price_per_m2": 12000000, "listing_type": "sale", "sale_or_rent": "jual", "bedroom": null, "bathroom": null, "floor": null, "property_status": "index", "date_listed": "2026-06", "date_updated": "2026-09-13", "data_timestamp": "2026-09-13", "confidence_score": "MEDIUM", "geometry_source": "NEIGHBORHOOD_CENTROID", "corridor_id": "krl-network", "corridor_type": "existing", "distance_to_corridor": 147.2, "distance_to_station": 120.1, "nearest_station": "Rawa Buntu", "existing_corridor_id": "krl-network", "existing_distance_m": 147.2, "masterplan_corridor_id": "KRL_PP_CITAYAM", "masterplan_distance_m": 7487.0, "cascade_corridor_id": "MRT-CASCADE-01", "cascade_distance_m": 391.7, "price_label": "ESTIMATED MARKET RANGE", "note": "Rumatemu — Serpong/BSD", "cell_id": "106.680:-6.320", "outlier_flag": 0, "price_class": "SEDANG", "local_price_index": 0.75}, "geometry": {"type": "Point", "coordinates": [106.67545, -6.31651]}}, {"type": "Feature", "id": "P-7b60816616bb", "properties": {"property_id": "P-7b60816616bb", "source": "indeks publik 2026", "source_url": "https://rumatemu.com/blog/harga-rumah-jakarta-2026-2/", "source_type": "PUBLIC_INDEX", "category": "APARTEMEN/KOS", "sub_category": "kos", "title": "Kos Rawa Buntu", "property_name": "Kos Rawa Buntu", "latitude": -6.31601, "longitude": 106.67445, "address": "Serpong, Tangerang Selatan", "district": "Serpong", "city": "Tangerang Selatan", "price": 1600000, "price_min": null, "price_max": null, "price_unit": "bulan", "area_land_m2": null, "area_building_m2": null, "price_per_m2": null, "listing_type": "rent", "sale_or_rent": "sewa", "bedroom": null, "bathroom": null, "floor": null, "property_status": "index", "date_listed": "2026-06", "date_updated": "2026-09-13", "data_timestamp": "2026-09-13", "confidence_score": "MEDIUM", "geometry_source": "NEIGHBORHOOD_CENTROID", "corridor_id": "krl-network", "corridor_type": "existing", "distance_to_corridor": 23.9, "distance_to_station": 86.6, "nearest_station": "Rawa Buntu", "existing_corridor_id": "krl-network", "existing_distance_m": 23.9, "masterplan_corridor_id": "KRL_PP_CITAYAM", "masterplan_distance_m": 7497.5, "cascade_corridor_id": "MRT-CASCADE-01", "cascade_distance_m": 383.1, "price_label": "ESTIMATED MARKET RANGE", "note": "Sewa bulanan kisaran publik, bukan asking unit tertentu", "cell_id": "106.680:-6.320", "outlier_flag": 0, "price_class": "MAHAL", "local_price_index": 1.231}, "geometry": {"type": "Point", "coordinates": [106.67445, -6.31601]}}, {"type": "Feature", "id": "P-ec46fcea0efc", "properties": {"property_id": "P-ec46fcea0efc", "source": "indeks publik 2026", "source_url": "https://www.99.co/id/jual/apartemen/jakarta-selatan/mampang-prapatan", "source_type": "PUBLIC_INDEX", "category": "APARTEMEN/KOS", "sub_category": "apartemen", "title": "Apartemen/kos Kelapa Gading", "property_name": "Apartemen/kos Kelapa Gading", "latitude": -6.157, "longitude": 106.9062, "address": "Kelapa Gading, Jakarta Utara", "district": "Kelapa Gading", "city": "Jakarta Utara", "price": 1356000000.0, "price_min": 1084800000, "price_max": 2034000000, "price_unit": "total", "area_land_m2": null, "area_building_m2": 50.0, "price_per_m2": 27120000, "listing_type": "sale", "sale_or_rent": "jual", "bedroom": null, "bathroom": null, "floor": null, "property_status": "index", "date_listed": "2026-06", "date_updated": "2026-09-13", "data_timestamp": "2026-09-13", "confidence_score": "MEDIUM", "geometry_source": "NEIGHBORHOOD_CENTROID", "corridor_id": "LRT_JKT_2A", "corridor_type": "masterplan", "distance_to_corridor": 394.2, "distance_to_station": 328.2, "nearest_station": "Kelapa Gading Timur", "existing_corridor_id": "tj-k10", "existing_distance_m": 2048.8, "masterplan_corridor_id": "LRT_JKT_2A", "masterplan_distance_m": 394.2, "cascade_corridor_id": "CASTJ18", "cascade_distance_m": 1122.4, "price_label": "ESTIMATED MARKET RANGE", "note": "99.co — Kelapa Gading apt rata-rata Rp982 jt", "cell_id": "106.900:-6.160", "outlier_flag": 0, "price_class": "MAHAL", "local_price_index": 1.695}, "geometry": {"type": "Point", "coordinates": [106.9062, -6.157]}}, {"type": "Feature", "id": "P-b856b61ddc60", "properties": {"property_id": "P-b856b61ddc60", "source": "indeks publik 2026", "source_url": "https://www.99.co/id/jual/apartemen/jakarta-selatan/mampang-prapatan", "source_type": "PUBLIC_INDEX", "category": "RUKO", "sub_category": "ruko", "title": "Ruko Kelapa Gading", "property_name": "Ruko Kelapa Gading", "latitude": -6.1562, "longitude": 106.9039, "address": "Kelapa Gading, Jakarta Utara", "district": "Kelapa Gading", "city": "Jakarta Utara", "price": 4000000000, "price_min": 2800000000.0, "price_max": 5600000000.0, "price_unit": "total", "area_land_m2": null, "area_building_m2": 120.0, "price_per_m2": 33333333.333333332, "listing_type": "sale", "sale_or_rent": "jual", "bedroom": null, "bathroom": null, "floor": null, "property_status": "index", "date_listed": "2026-06", "date_updated": "2026-09-13", "data_timestamp": "2026-09-13", "confidence_score": "MEDIUM", "geometry_source": "NEIGHBORHOOD_CENTROID", "corridor_id": "MRT_3", "corridor_type": "masterplan", "distance_to_corridor": 288.9, "distance_to_station": 336.1, "nearest_station": "Kelapa Gading Timur", "existing_corridor_id": "tj-k10", "existing_distance_m": 1782.9, "masterplan_corridor_id": "MRT_3", "masterplan_distance_m": 288.9, "cascade_corridor_id": "CASTJ18", "cascade_distance_m": 1383.9, "price_label": "ESTIMATED MARKET RANGE", "note": "99.co — Kelapa Gading apt rata-rata Rp982 jt", "cell_id": "106.900:-6.160", "outlier_flag": 0, "price_class": "MAHAL", "local_price_index": 2.083}, "geometry": {"type": "Point", "coordinates": [106.9039, -6.1562]}}, {"type": "Feature", "id": "P-42e297c7a9df", "properties": {"property_id": "P-42e297c7a9df", "source": "indeks publik 2026", "source_url": "https://www.99.co/id/jual/apartemen/jakarta-selatan/mampang-prapatan", "source_type": "PUBLIC_INDEX", "category": "TANAH", "sub_category": "tanah kosong", "title": "Tanah Kelapa Gading", "property_name": "Tanah Kelapa Gading", "latitude": -6.158, "longitude": 106.9054, "address": "Kelapa Gading, Jakarta Utara", "district": "Kelapa Gading", "city": "Jakarta Utara", "price": 4400000000.0, "price_min": 2640000000, "price_max": 8800000000, "price_unit": "total", "area_land_m2": 200.0, "area_building_m2": null, "price_per_m2": 22000000, "listing_type": "sale", "sale_or_rent": "jual", "bedroom": null, "bathroom": null, "floor": null, "property_status": "index", "date_listed": "2026-06", "date_updated": "2026-09-13", "data_timestamp": "2026-09-13", "confidence_score": "MEDIUM", "geometry_source": "NEIGHBORHOOD_CENTROID", "corridor_id": "MRT_3", "corridor_type": "masterplan", "distance_to_corridor": 294.5, "distance_to_station": 186.5, "nearest_station": "Kelapa Gading Timur", "existing_corridor_id": "tj-k10", "existing_distance_m": 2027.2, "masterplan_corridor_id": "MRT_3", "masterplan_distance_m": 294.5, "cascade_corridor_id": "CASTJ18", "cascade_distance_m": 1208.9, "price_label": "ESTIMATED MARKET RANGE", "note": "99.co — Kelapa Gading apt rata-rata Rp982 jt", "cell_id": "106.900:-6.160", "outlier_flag": 0, "price_class": "MAHAL", "local_price_index": 1.375}, "geometry": {"type": "Point", "coordinates": [106.9054, -6.158]}}, {"type": "Feature", "id": "P-e8b8e2cb7065", "properties": {"property_id": "P-e8b8e2cb7065", "source": "indeks publik 2026", "source_url": "https://www.99.co/id/jual/apartemen/jakarta-selatan/mampang-prapatan", "source_type": "PUBLIC_INDEX", "category": "APARTEMEN/KOS", "sub_category": "kos", "title": "Kos Kelapa Gading", "property_name": "Kos Kelapa Gading", "latitude": -6.1575, "longitude": 106.9044, "address": "Kelapa Gading, Jakarta Utara", "district": "Kelapa Gading", "city": "Jakarta Utara", "price": 2000000, "price_min": null, "price_max": null, "price_unit": "bulan", "area_land_m2": null, "area_building_m2": null, "price_per_m2": null, "listing_type": "rent", "sale_or_rent": "sewa", "bedroom": null, "bathroom": null, "floor": null, "property_status": "index", "date_listed": "2026-06", "date_updated": "2026-09-13", "data_timestamp": "2026-09-13", "confidence_score": "MEDIUM", "geometry_source": "NEIGHBORHOOD_CENTROID", "corridor_id": "MRT_3", "corridor_type": "masterplan", "distance_to_corridor": 212.7, "distance_to_station": 190.6, "nearest_station": "Kelapa Gading Timur", "existing_corridor_id": "tj-k10", "existing_distance_m": 1904.0, "masterplan_corridor_id": "MRT_3", "masterplan_distance_m": 212.7, "cascade_corridor_id": "CASTJ18", "cascade_distance_m": 1319.0, "price_label": "ESTIMATED MARKET RANGE", "note": "Sewa bulanan kisaran publik, bukan asking unit tertentu", "cell_id": "106.900:-6.160", "outlier_flag": 0, "price_class": "MAHAL", "local_price_index": 1.538}, "geometry": {"type": "Point", "coordinates": [106.9044, -6.1575]}}, {"type": "Feature", "id": "P-3b040a0898c6", "properties": {"property_id": "P-3b040a0898c6", "source": "indeks publik 2026", "source_url": "https://rumatemu.com/blog/harga-rumah-jakarta-2026-2/", "source_type": "PUBLIC_INDEX", "category": "APARTEMEN/KOS", "sub_category": "apartemen", "title": "Apartemen/kos Marunda", "property_name": "Apartemen/kos Marunda", "latitude": -6.125, "longitude": 106.9592, "address": "Cilincing, Jakarta Utara", "district": "Cilincing", "city": "Jakarta Utara", "price": 900000000.0, "price_min": 720000000, "price_max": 1350000000, "price_unit": "total", "area_land_m2": null, "area_building_m2": 50.0, "price_per_m2": 18000000, "listing_type": "sale", "sale_or_rent": "jual", "bedroom": null, "bathroom": null, "floor": null, "property_status": "index", "date_listed": "2026-06", "date_updated": "2026-09-13", "data_timestamp": "2026-09-13", "confidence_score": "MEDIUM", "geometry_source": "NEIGHBORHOOD_CENTROID", "corridor_id": "OUTER_RING_RAIL", "corridor_type": "masterplan", "distance_to_corridor": 705.4, "distance_to_station": 842.5, "nearest_station": "Marunda", "existing_corridor_id": "tj-k12", "existing_distance_m": 7246.3, "masterplan_corridor_id": "OUTER_RING_RAIL", "masterplan_distance_m": 705.4, "cascade_corridor_id": "CASTJ17", "cascade_distance_m": 1787.6, "price_label": "ESTIMATED MARKET RANGE", "note": "Rumatemu 2026 — Sunter–Kelapa Gading Rp18–40 jt/m² (Marunda lebih rendah)", "cell_id": "106.960:-6.120", "outlier_flag": 0, "price_class": "SEDANG", "local_price_index": 1.125}, "geometry": {"type": "Point", "coordinates": [106.9592, -6.125]}}, {"type": "Feature", "id": "P-777398d48138", "properties": {"property_id": "P-777398d48138", "source": "indeks publik 2026", "source_url": "https://rumatemu.com/blog/harga-rumah-jakarta-2026-2/", "source_type": "PUBLIC_INDEX", "category": "RUKO", "sub_category": "ruko", "title": "Ruko Marunda", "property_name": "Ruko Marunda", "latitude": -6.1242, "longitude": 106.9569, "address": "Cilincing, Jakarta Utara", "district": "Cilincing", "city": "Jakarta Utara", "price": 1800000000, "price_min": 1260000000.0, "price_max": 2520000000.0, "price_unit": "total", "area_land_m2": null, "area_building_m2": 120.0, "price_per_m2": 15000000.0, "listing_type": "sale", "sale_or_rent": "jual", "bedroom": null, "bathroom": null, "floor": null, "property_status": "index", "date_listed": "2026-06", "date_updated": "2026-09-13", "data_timestamp": "2026-09-13", "confidence_score": "MEDIUM", "geometry_source": "NEIGHBORHOOD_CENTROID", "corridor_id": "OUTER_RING_RAIL", "corridor_type": "masterplan", "distance_to_corridor": 685.4, "distance_to_station": 994.3, "nearest_station": "Marunda", "existing_corridor_id": "tj-k12", "existing_distance_m": 6993.4, "masterplan_corridor_id": "OUTER_RING_RAIL", "masterplan_distance_m": 685.4, "cascade_corridor_id": "CASTJ17", "cascade_distance_m": 1649.2, "price_label": "ESTIMATED MARKET RANGE", "note": "Rumatemu 2026 — Sunter–Kelapa Gading Rp18–40 jt/m² (Marunda lebih rendah)", "cell_id": "106.960:-6.120", "outlier_flag": 0, "price_class": "SEDANG", "local_price_index": 0.938}, "geometry": {"type": "Point", "coordinates": [106.9569, -6.1242]}}, {"type": "Feature", "id": "P-946f39f83860", "properties": {"property_id": "P-946f39f83860", "source": "indeks publik 2026", "source_url": "https://rumatemu.com/blog/harga-rumah-jakarta-2026-2/", "source_type": "PUBLIC_INDEX", "category": "TANAH", "sub_category": "tanah kosong", "title": "Tanah Marunda", "property_name": "Tanah Marunda", "latitude": -6.126, "longitude": 106.9584, "address": "Cilincing, Jakarta Utara", "district": "Cilincing", "city": "Jakarta Utara", "price": 2000000000.0, "price_min": 1200000000, "price_max": 4000000000, "price_unit": "total", "area_land_m2": 200.0, "area_building_m2": null, "price_per_m2": 10000000, "listing_type": "sale", "sale_or_rent": "jual", "bedroom": null, "bathroom": null, "floor": null, "property_status": "index", "date_listed": "2026-06", "date_updated": "2026-09-13", "data_timestamp": "2026-09-13", "confidence_score": "MEDIUM", "geometry_source": "NEIGHBORHOOD_CENTROID", "corridor_id": "OUTER_RING_RAIL", "corridor_type": "masterplan", "distance_to_corridor": 845.0, "distance_to_station": 983.5, "nearest_station": "Marunda", "existing_corridor_id": "tj-k10", "existing_distance_m": 7153.3, "masterplan_corridor_id": "OUTER_RING_RAIL", "masterplan_distance_m": 845.0, "cascade_corridor_id": "CASTJ17", "cascade_distance_m": 1874.8, "price_label": "ESTIMATED MARKET RANGE", "note": "Rumatemu 2026 — Sunter–Kelapa Gading Rp18–40 jt/m² (Marunda lebih rendah)", "cell_id": "106.960:-6.120", "outlier_flag": 0, "price_class": "MURAH", "local_price_index": 0.625}, "geometry": {"type": "Point", "coordinates": [106.9584, -6.126]}}, {"type": "Feature", "id": "P-37dca938c5a8", "properties": {"property_id": "P-37dca938c5a8", "source": "indeks publik 2026", "source_url": "https://rumatemu.com/blog/harga-rumah-jakarta-2026-2/", "source_type": "PUBLIC_INDEX", "category": "APARTEMEN/KOS", "sub_category": "kos", "title": "Kos Marunda", "property_name": "Kos Marunda", "latitude": -6.1255, "longitude": 106.9574, "address": "Cilincing, Jakarta Utara", "district": "Cilincing", "city": "Jakarta Utara", "price": 1100000, "price_min": null, "price_max": null, "price_unit": "bulan", "area_land_m2": null, "area_building_m2": null, "price_per_m2": null, "listing_type": "rent", "sale_or_rent": "sewa", "bedroom": null, "bathroom": null, "floor": null, "property_status": "index", "date_listed": "2026-06", "date_updated": "2026-09-13", "data_timestamp": "2026-09-13", "confidence_score": "MEDIUM", "geometry_source": "NEIGHBORHOOD_CENTROID", "corridor_id": "OUTER_RING_RAIL", "corridor_type": "masterplan", "distance_to_corridor": 839.9, "distance_to_station": 1029.4, "nearest_station": "Marunda", "existing_corridor_id": "tj-k10", "existing_distance_m": 7046.9, "masterplan_corridor_id": "OUTER_RING_RAIL", "masterplan_distance_m": 839.9, "cascade_corridor_id": "CASTJ17", "cascade_distance_m": 1800.2, "price_label": "ESTIMATED MARKET RANGE", "note": "Sewa bulanan kisaran publik, bukan asking unit tertentu", "cell_id": "106.960:-6.120", "outlier_flag": 0, "price_class": "MURAH", "local_price_index": 0.846}, "geometry": {"type": "Point", "coordinates": [106.9574, -6.1255]}}, {"type": "Feature", "id": "P-4175531ba7bf", "properties": {"property_id": "P-4175531ba7bf", "source": "indeks publik 2026", "source_url": "https://bambooroutes.com/blogs/news/jakarta-housing-prices", "source_type": "PUBLIC_INDEX", "category": "APARTEMEN/KOS", "sub_category": "apartemen", "title": "Apartemen/kos Pulo Gebang", "property_name": "Apartemen/kos Pulo Gebang", "latitude": -6.21, "longitude": 106.9562, "address": "Cakung, Jakarta Timur", "district": "Cakung", "city": "Jakarta Timur", "price": 900000000.0, "price_min": 720000000, "price_max": 1350000000, "price_unit": "total", "area_land_m2": null, "area_building_m2": 50.0, "price_per_m2": 18000000, "listing_type": "sale", "sale_or_rent": "jual", "bedroom": null, "bathroom": null, "floor": null, "property_status": "index", "date_listed": "2026-06", "date_updated": "2026-09-13", "data_timestamp": "2026-09-13", "confidence_score": "MEDIUM", "geometry_source": "NEIGHBORHOOD_CENTROID", "corridor_id": "tj-k11", "corridor_type": "existing", "distance_to_corridor": 412.5, "distance_to_station": 439.9, "nearest_station": "Pulo Gebang", "existing_corridor_id": "tj-k11", "existing_distance_m": 412.5, "masterplan_corridor_id": "MRT_3", "masterplan_distance_m": 2821.2, "cascade_corridor_id": "CASTJ15", "cascade_distance_m": 547.1, "price_label": "ESTIMATED MARKET RANGE", "note": "Colliers Jaktim secondary", "cell_id": "106.960:-6.200", "outlier_flag": 0, "price_class": "SEDANG", "local_price_index": 1.125}, "geometry": {"type": "Point", "coordinates": [106.9562, -6.21]}}, {"type": "Feature", "id": "P-9dd9c7d2781e", "properties": {"property_id": "P-9dd9c7d2781e", "source": "indeks publik 2026", "source_url": "https://bambooroutes.com/blogs/news/jakarta-housing-prices", "source_type": "PUBLIC_INDEX", "category": "RUKO", "sub_category": "ruko", "title": "Ruko Pulo Gebang", "property_name": "Ruko Pulo Gebang", "latitude": -6.2092, "longitude": 106.9539, "address": "Cakung, Jakarta Timur", "district": "Cakung", "city": "Jakarta Timur", "price": 1900000000, "price_min": 1330000000.0, "price_max": 2660000000.0, "price_unit": "total", "area_land_m2": null, "area_building_m2": 120.0, "price_per_m2": 15833333.333333334, "listing_type": "sale", "sale_or_rent": "jual", "bedroom": null, "bathroom": null, "floor": null, "property_status": "index", "date_listed": "2026-06", "date_updated": "2026-09-13", "data_timestamp": "2026-09-13", "confidence_score": "MEDIUM", "geometry_source": "NEIGHBORHOOD_CENTROID", "corridor_id": "tj-k11", "corridor_type": "existing", "distance_to_corridor": 240.0, "distance_to_station": 289.2, "nearest_station": "Pulo Gebang", "existing_corridor_id": "tj-k11", "existing_distance_m": 240.0, "masterplan_corridor_id": "MRT_3", "masterplan_distance_m": 2708.3, "cascade_corridor_id": "CASTJ15", "cascade_distance_m": 309.0, "price_label": "ESTIMATED MARKET RANGE", "note": "Colliers Jaktim secondary", "cell_id": "106.960:-6.200", "outlier_flag": 0, "price_class": "SEDANG", "local_price_index": 0.99}, "geometry": {"type": "Point", "coordinates": [106.9539, -6.2092]}}, {"type": "Feature", "id": "P-357a6565f7c2", "properties": {"property_id": "P-357a6565f7c2", "source": "indeks publik 2026", "source_url": "https://bambooroutes.com/blogs/news/jakarta-housing-prices", "source_type": "PUBLIC_INDEX", "category": "TANAH", "sub_category": "tanah kosong", "title": "Tanah Pulo Gebang", "property_name": "Tanah Pulo Gebang", "latitude": -6.211, "longitude": 106.9554, "address": "Cakung, Jakarta Timur", "district": "Cakung", "city": "Jakarta Timur", "price": 1800000000.0, "price_min": 1080000000, "price_max": 3600000000, "price_unit": "total", "area_land_m2": 200.0, "area_building_m2": null, "price_per_m2": 9000000, "listing_type": "sale", "sale_or_rent": "jual", "bedroom": null, "bathroom": null, "floor": null, "property_status": "index", "date_listed": "2026-06", "date_updated": "2026-09-13", "data_timestamp": "2026-09-13", "confidence_score": "MEDIUM", "geometry_source": "NEIGHBORHOOD_CENTROID", "corridor_id": "tj-k11", "corridor_type": "existing", "distance_to_corridor": 277.5, "distance_to_station": 326.7, "nearest_station": "Pulo Gebang", "existing_corridor_id": "tj-k11", "existing_distance_m": 277.5, "masterplan_corridor_id": "MRT_3", "masterplan_distance_m": 2929.4, "cascade_corridor_id": "CASTJ15", "cascade_distance_m": 469.5, "price_label": "ESTIMATED MARKET RANGE", "note": "Colliers Jaktim secondary", "cell_id": "106.960:-6.220", "outlier_flag": 0, "price_class": "MURAH", "local_price_index": 0.568}, "geometry": {"type": "Point", "coordinates": [106.9554, -6.211]}}, {"type": "Feature", "id": "P-9db0d845d3db", "properties": {"property_id": "P-9db0d845d3db", "source": "indeks publik 2026", "source_url": "https://bambooroutes.com/blogs/news/jakarta-housing-prices", "source_type": "PUBLIC_INDEX", "category": "APARTEMEN/KOS", "sub_category": "kos", "title": "Kos Pulo Gebang", "property_name": "Kos Pulo Gebang", "latitude": -6.2105, "longitude": 106.9544, "address": "Cakung, Jakarta Timur", "district": "Cakung", "city": "Jakarta Timur", "price": 1200000, "price_min": null, "price_max": null, "price_unit": "bulan", "area_land_m2": null, "area_building_m2": null, "price_per_m2": null, "listing_type": "rent", "sale_or_rent": "sewa", "bedroom": null, "bathroom": null, "floor": null, "property_status": "index", "date_listed": "2026-06", "date_updated": "2026-09-13", "data_timestamp": "2026-09-13", "confidence_score": "MEDIUM", "geometry_source": "NEIGHBORHOOD_CENTROID", "corridor_id": "tj-k11", "corridor_type": "existing", "distance_to_corridor": 232.1, "distance_to_station": 234.7, "nearest_station": "Pulo Gebang", "existing_corridor_id": "tj-k11", "existing_distance_m": 232.1, "masterplan_corridor_id": "MRT_3", "masterplan_distance_m": 2858.4, "cascade_corridor_id": "CASTJ15", "cascade_distance_m": 350.9, "price_label": "ESTIMATED MARKET RANGE", "note": "Sewa bulanan kisaran publik, bukan asking unit tertentu", "cell_id": "106.960:-6.220", "outlier_flag": 0, "price_class": "MURAH", "local_price_index": 0.923}, "geometry": {"type": "Point", "coordinates": [106.9544, -6.2105]}}, {"type": "Feature", "id": "P-c0ddc15b47ea", "properties": {"property_id": "P-c0ddc15b47ea", "source": "indeks publik 2026", "source_url": "https://rumatemu.com/blog/harga-rumah-jakarta-2026-2/", "source_type": "PUBLIC_INDEX", "category": "APARTEMEN/KOS", "sub_category": "apartemen", "title": "Apartemen/kos Pinang Ranti", "property_name": "Apartemen/kos Pinang Ranti", "latitude": -6.291, "longitude": 106.8872, "address": "Makasar, Jakarta Timur", "district": "Makasar", "city": "Jakarta Timur", "price": 1000000000.0, "price_min": 800000000, "price_max": 1500000000, "price_unit": "total", "area_land_m2": null, "area_building_m2": 50.0, "price_per_m2": 20000000, "listing_type": "sale", "sale_or_rent": "jual", "bedroom": null, "bathroom": null, "floor": null, "property_status": "index", "date_listed": "2026-06", "date_updated": "2026-09-13", "data_timestamp": "2026-09-13", "confidence_score": "MEDIUM", "geometry_source": "NEIGHBORHOOD_CENTROID", "corridor_id": "tj-k9", "corridor_type": "existing", "distance_to_corridor": 102.2, "distance_to_station": 95.6, "nearest_station": "Pinang Ranti", "existing_corridor_id": "tj-k9", "existing_distance_m": 102.2, "masterplan_corridor_id": "MRT_4", "masterplan_distance_m": 761.9, "cascade_corridor_id": "CASTJ17", "cascade_distance_m": 143.1, "price_label": "ESTIMATED MARKET RANGE", "note": "Rumatemu Jaktim", "cell_id": "106.880:-6.300", "outlier_flag": 0, "price_class": "MAHAL", "local_price_index": 1.143}, "geometry": {"type": "Point", "coordinates": [106.8872, -6.291]}}, {"type": "Feature", "id": "P-9fbe213c0b6d", "properties": {"property_id": "P-9fbe213c0b6d", "source": "indeks publik 2026", "source_url": "https://rumatemu.com/blog/harga-rumah-jakarta-2026-2/", "source_type": "PUBLIC_INDEX", "category": "RUKO", "sub_category": "ruko", "title": "Ruko Pinang Ranti", "property_name": "Ruko Pinang Ranti", "latitude": -6.2902, "longitude": 106.8849, "address": "Makasar, Jakarta Timur", "district": "Makasar", "city": "Jakarta Timur", "price": 2100000000, "price_min": 1470000000.0, "price_max": 2940000000.0, "price_unit": "total", "area_land_m2": null, "area_building_m2": 120.0, "price_per_m2": 17500000.0, "listing_type": "sale", "sale_or_rent": "jual", "bedroom": null, "bathroom": null, "floor": null, "property_status": "index", "date_listed": "2026-06", "date_updated": "2026-09-13", "data_timestamp": "2026-09-13", "confidence_score": "MEDIUM", "geometry_source": "NEIGHBORHOOD_CENTROID", "corridor_id": "tj-k9", "corridor_type": "existing", "distance_to_corridor": 95.7, "distance_to_station": 186.4, "nearest_station": "Pinang Ranti", "existing_corridor_id": "tj-k9", "existing_distance_m": 95.7, "masterplan_corridor_id": "MRT_4", "masterplan_distance_m": 564.5, "cascade_corridor_id": "CASTJ16", "cascade_distance_m": 194.4, "price_label": "ESTIMATED MARKET RANGE", "note": "Rumatemu Jaktim", "cell_id": "106.880:-6.300", "outlier_flag": 0, "price_class": "SEDANG", "local_price_index": 1.0}, "geometry": {"type": "Point", "coordinates": [106.8849, -6.2902]}}, {"type": "Feature", "id": "P-bb3eca36ddae", "properties": {"property_id": "P-bb3eca36ddae", "source": "indeks publik 2026", "source_url": "https://rumatemu.com/blog/harga-rumah-jakarta-2026-2/", "source_type": "PUBLIC_INDEX", "category": "TANAH", "sub_category": "tanah kosong", "title": "Tanah Pinang Ranti", "property_name": "Tanah Pinang Ranti", "latitude": -6.292, "longitude": 106.8864, "address": "Makasar, Jakarta Timur", "district": "Makasar", "city": "Jakarta Timur", "price": 2000000000.0, "price_min": 1200000000, "price_max": 4000000000, "price_unit": "total", "area_land_m2": 200.0, "area_building_m2": null, "price_per_m2": 10000000, "listing_type": "sale", "sale_or_rent": "jual", "bedroom": null, "bathroom": null, "floor": null, "property_status": "index", "date_listed": "2026-06", "date_updated": "2026-09-13", "data_timestamp": "2026-09-13", "confidence_score": "MEDIUM", "geometry_source": "NEIGHBORHOOD_CENTROID", "corridor_id": "CASTJ17", "corridor_type": "cascade", "distance_to_corridor": 57.8, "distance_to_station": 57.8, "nearest_station": "Pinang Ranti", "existing_corridor_id": "tj-k9", "existing_distance_m": 99.1, "masterplan_corridor_id": "MRT_4", "masterplan_distance_m": 651.3, "cascade_corridor_id": "CASTJ17", "cascade_distance_m": 57.8, "price_label": "ESTIMATED MARKET RANGE", "note": "Rumatemu Jaktim", "cell_id": "106.880:-6.300", "outlier_flag": 0, "price_class": "MURAH", "local_price_index": 0.571}, "geometry": {"type": "Point", "coordinates": [106.8864, -6.292]}}, {"type": "Feature", "id": "P-792184cc7b97", "properties": {"property_id": "P-792184cc7b97", "source": "indeks publik 2026", "source_url": "https://rumatemu.com/blog/harga-rumah-jakarta-2026-2/", "source_type": "PUBLIC_INDEX", "category": "APARTEMEN/KOS", "sub_category": "kos", "title": "Kos Pinang Ranti", "property_name": "Kos Pinang Ranti", "latitude": -6.2915, "longitude": 106.8854, "address": "Makasar, Jakarta Timur", "district": "Makasar", "city": "Jakarta Timur", "price": 1300000, "price_min": null, "price_max": null, "price_unit": "bulan", "area_land_m2": null, "area_building_m2": null, "price_per_m2": null, "listing_type": "rent", "sale_or_rent": "sewa", "bedroom": null, "bathroom": null, "floor": null, "property_status": "index", "date_listed": "2026-06", "date_updated": "2026-09-13", "data_timestamp": "2026-09-13", "confidence_score": "MEDIUM", "geometry_source": "NEIGHBORHOOD_CENTROID", "corridor_id": "CASTJ18", "corridor_type": "cascade", "distance_to_corridor": 56.6, "distance_to_station": 56.6, "nearest_station": "Pinang Ranti", "existing_corridor_id": "tj-k9", "existing_distance_m": 70.6, "masterplan_corridor_id": "MRT_4", "masterplan_distance_m": 555.4, "cascade_corridor_id": "CASTJ18", "cascade_distance_m": 56.6, "price_label": "ESTIMATED MARKET RANGE", "note": "Sewa bulanan kisaran publik, bukan asking unit tertentu", "cell_id": "106.880:-6.300", "outlier_flag": 0, "price_class": "SEDANG", "local_price_index": 1.0}, "geometry": {"type": "Point", "coordinates": [106.8854, -6.2915]}}, {"type": "Feature", "id": "P-324caa2c105a", "properties": {"property_id": "P-324caa2c105a", "source": "indeks publik 2026", "source_url": "https://bambooroutes.com/blogs/news/jakarta-how-much-apartment", "source_type": "PUBLIC_INDEX", "category": "APARTEMEN/KOS", "sub_category": "apartemen", "title": "Apartemen/kos Kuningan", "property_name": "Apartemen/kos Kuningan", "latitude": -6.229, "longitude": 106.8312, "address": "Setiabudi, Jakarta Selatan", "district": "Setiabudi", "city": "Jakarta Selatan", "price": 2672000000.0, "price_min": 2137600000, "price_max": 4008000000, "price_unit": "total", "area_land_m2": null, "area_building_m2": 50.0, "price_per_m2": 53440000, "listing_type": "sale", "sale_or_rent": "jual", "bedroom": null, "bathroom": null, "floor": null, "property_status": "index", "date_listed": "2026-06", "date_updated": "2026-09-13", "data_timestamp": "2026-09-13", "confidence_score": "MEDIUM", "geometry_source": "NEIGHBORHOOD_CENTROID", "corridor_id": "tj-k6", "corridor_type": "existing", "distance_to_corridor": 219.0, "distance_to_station": 222.8, "nearest_station": "Kuningan", "existing_corridor_id": "tj-k6", "existing_distance_m": 219.0, "masterplan_corridor_id": "LRT_JKT_1C", "masterplan_distance_m": 2530.3, "cascade_corridor_id": "CASTJ15", "cascade_distance_m": 375.2, "price_label": "ESTIMATED MARKET RANGE", "note": "Bamboo Routes — Kuningan/SCBD Rp45–75 jt/m²", "cell_id": "106.840:-6.220", "outlier_flag": 0, "price_class": "MAHAL", "local_price_index": 3.34}, "geometry": {"type": "Point", "coordinates": [106.8312, -6.229]}}, {"type": "Feature", "id": "P-cc5d399a50ae", "properties": {"property_id": "P-cc5d399a50ae", "source": "indeks publik 2026", "source_url": "https://bambooroutes.com/blogs/news/jakarta-how-much-apartment", "source_type": "PUBLIC_INDEX", "category": "RUKO", "sub_category": "ruko", "title": "Ruko Kuningan", "property_name": "Ruko Kuningan", "latitude": -6.2282, "longitude": 106.8289, "address": "Setiabudi, Jakarta Selatan", "district": "Setiabudi", "city": "Jakarta Selatan", "price": 10000000000, "price_min": 7000000000.0, "price_max": 14000000000.0, "price_unit": "total", "area_land_m2": null, "area_building_m2": 120.0, "price_per_m2": 83333333.33333333, "listing_type": "sale", "sale_or_rent": "jual", "bedroom": null, "bathroom": null, "floor": null, "property_status": "index", "date_listed": "2026-06", "date_updated": "2026-09-13", "data_timestamp": "2026-09-13", "confidence_score": "MEDIUM", "geometry_source": "NEIGHBORHOOD_CENTROID", "corridor_id": "CASTJ15", "corridor_type": "cascade", "distance_to_corridor": 471.1, "distance_to_station": 346.1, "nearest_station": "Kuningan", "existing_corridor_id": "tj-k6", "existing_distance_m": 478.1, "masterplan_corridor_id": "LRT_JKT_1C", "masterplan_distance_m": 2514.5, "cascade_corridor_id": "CASTJ15", "cascade_distance_m": 471.1, "price_label": "ESTIMATED MARKET RANGE", "note": "Bamboo Routes — Kuningan/SCBD Rp45–75 jt/m²", "cell_id": "106.820:-6.220", "outlier_flag": 1, "price_class": "MAHAL", "local_price_index": 5.208}, "geometry": {"type": "Point", "coordinates": [106.8289, -6.2282]}}, {"type": "Feature", "id": "P-2df5cb42cd69", "properties": {"property_id": "P-2df5cb42cd69", "source": "indeks publik 2026", "source_url": "https://bambooroutes.com/blogs/news/jakarta-how-much-apartment", "source_type": "PUBLIC_INDEX", "category": "TANAH", "sub_category": "tanah kosong", "title": "Tanah Kuningan", "property_name": "Tanah Kuningan", "latitude": -6.23, "longitude": 106.8304, "address": "Setiabudi, Jakarta Selatan", "district": "Setiabudi", "city": "Jakarta Selatan", "price": 10000000000.0, "price_min": 6000000000, "price_max": 20000000000, "price_unit": "total", "area_land_m2": 200.0, "area_building_m2": null, "price_per_m2": 50000000, "listing_type": "sale", "sale_or_rent": "jual", "bedroom": null, "bathroom": null, "floor": null, "property_status": "index", "date_listed": "2026-06", "date_updated": "2026-09-13", "data_timestamp": "2026-09-13", "confidence_score": "MEDIUM", "geometry_source": "NEIGHBORHOOD_CENTROID", "corridor_id": "lrt-network", "corridor_type": "existing", "distance_to_corridor": 306.5, "distance_to_station": 337.8, "nearest_station": "Kuningan", "existing_corridor_id": "lrt-network", "existing_distance_m": 306.5, "masterplan_corridor_id": "LRT_JKT_1C", "masterplan_distance_m": 2659.1, "cascade_corridor_id": "CASTJ15", "cascade_distance_m": 512.9, "price_label": "ESTIMATED MARKET RANGE", "note": "Bamboo Routes — Kuningan/SCBD Rp45–75 jt/m²", "cell_id": "106.840:-6.240", "outlier_flag": 0, "price_class": "MAHAL", "local_price_index": 3.125}, "geometry": {"type": "Point", "coordinates": [106.8304, -6.23]}}, {"type": "Feature", "id": "P-19375b84be39", "properties": {"property_id": "P-19375b84be39", "source": "indeks publik 2026", "source_url": "https://bambooroutes.com/blogs/news/jakarta-how-much-apartment", "source_type": "PUBLIC_INDEX", "category": "APARTEMEN/KOS", "sub_category": "kos", "title": "Kos Kuningan", "property_name": "Kos Kuningan", "latitude": -6.2295, "longitude": 106.8294, "address": "Setiabudi, Jakarta Selatan", "district": "Setiabudi", "city": "Jakarta Selatan", "price": 3200000, "price_min": null, "price_max": null, "price_unit": "bulan", "area_land_m2": null, "area_building_m2": null, "price_per_m2": null, "listing_type": "rent", "sale_or_rent": "sewa", "bedroom": null, "bathroom": null, "floor": null, "property_status": "index", "date_listed": "2026-06", "date_updated": "2026-09-13", "data_timestamp": "2026-09-13", "confidence_score": "MEDIUM", "geometry_source": "NEIGHBORHOOD_CENTROID", "corridor_id": "tj-k6", "corridor_type": "existing", "distance_to_corridor": 419.2, "distance_to_station": 427.9, "nearest_station": "Kuningan", "existing_corridor_id": "tj-k6", "existing_distance_m": 419.2, "masterplan_corridor_id": "LRT_JKT_1C", "masterplan_distance_m": 2635.0, "cascade_corridor_id": "CASTJ15", "cascade_distance_m": 526.8, "price_label": "ESTIMATED MARKET RANGE", "note": "Sewa bulanan kisaran publik, bukan asking unit tertentu", "cell_id": "106.820:-6.220", "outlier_flag": 0, "price_class": "MAHAL", "local_price_index": 2.462}, "geometry": {"type": "Point", "coordinates": [106.8294, -6.2295]}}]}